ISO-10303-21;
HEADER;
FILE_DESCRIPTION (( 'STEP AP214' ),
    '1' );
FILE_NAME ('PEC16SADN.STEP',
    '2024-09-03T18:20:04',
    ( '' ),
    ( '' ),
    'SwSTEP 2.0',
    'SolidWorks 2021',
    '' );
FILE_SCHEMA (( 'AUTOMOTIVE_DESIGN' ));
ENDSEC;

DATA;
#1 = CARTESIAN_POINT ( 'NONE',  ( -0.3809999999999993947, 0.000000000000000000, 1.270000000000002904 ) ) ;
#2 = ORIENTED_EDGE ( 'NONE', *, *, #290, .T. ) ;
#3 = VECTOR ( 'NONE', #4340, 1000.000000000000000 ) ;
#4 = LINE ( 'NONE', #2383, #4828 ) ;
#5 = CLOSED_SHELL ( 'NONE', ( #1128, #1795, #4019, #4543, #6018, #7172, #6696, #2568, #282, #5360, #3967, #1187, #6598, #607 ) ) ;
#6 = CARTESIAN_POINT ( 'NONE',  ( -6.667499999999997762, 0.000000000000000000, -0.3174999999999983946 ) ) ;
#7 = PRODUCT_DEFINITION_SHAPE ( 'NONE', 'NONE',  #7701 ) ;
#8 = CARTESIAN_POINT ( 'NONE',  ( -0.9524999999999984590, 0.000000000000000000, 0.3175000000000017808 ) ) ;
#9 = DIRECTION ( 'NONE',  ( 1.000000000000000000, 0.000000000000000000, -2.439149994343089694E-16 ) ) ;
#10 = EDGE_LOOP ( 'NONE', ( #6821, #7618, #2082, #6624 ) ) ;
#11 = PLANE ( 'NONE',  #5531 ) ;
#12 = ORIENTED_EDGE ( 'NONE', *, *, #578, .T. ) ;
#13 = FACE_OUTER_BOUND ( 'NONE', #7656, .T. ) ;
#14 = FACE_OUTER_BOUND ( 'NONE', #5015, .T. ) ;
#15 = VECTOR ( 'NONE', #2995, 1000.000000000000000 ) ;
#16 = LINE ( 'NONE', #3037, #5482 ) ;
#17 = FACE_OUTER_BOUND ( 'NONE', #1972, .T. ) ;
#18 = VERTEX_POINT ( 'NONE', #4560 ) ;
#19 = VECTOR ( 'NONE', #3830, 1000.000000000000114 ) ;
#20 = ADVANCED_FACE ( 'NONE', ( #5862 ), #1554, .T. ) ;
#21 = VERTEX_POINT ( 'NONE', #3480 ) ;
#22 = LINE ( 'NONE', #5933, #3519 ) ;
#23 = DIRECTION ( 'NONE',  ( 0.000000000000000000, -0.000000000000000000, 1.000000000000000000 ) ) ;
#24 = LINE ( 'NONE', #6552, #4709 ) ;
#25 = CARTESIAN_POINT ( 'NONE',  ( 6.667500000000003091, 2.540000000000000036, 0.3175000000000017808 ) ) ;
#26 = DIRECTION ( 'NONE',  ( 0.000000000000000000, -0.000000000000000000, 1.000000000000000000 ) ) ;
#27 = DIRECTION ( 'NONE',  ( 0.2035585949527758676, -0.9576678948579738782, -0.2035585949527758676 ) ) ;
#28 = EDGE_CURVE ( 'NONE', #602, #746, #4682, .T. ) ;
#29 = ORIENTED_EDGE ( 'NONE', *, *, #7547, .T. ) ;
#30 = EDGE_CURVE ( 'NONE', #594, #5680, #6285, .T. ) ;
#31 = ORIENTED_EDGE ( 'NONE', *, *, #1273, .F. ) ;
#32 = CARTESIAN_POINT ( 'NONE',  ( 0.9525000000000019007, 2.540000000000000036, -0.3174999999999983946 ) ) ;
#33 = ADVANCED_FACE ( 'NONE', ( #388 ), #1045, .T. ) ;
#34 = SURFACE_SIDE_STYLE ('',( #1286 ) ) ;
#35 = ORIENTED_EDGE ( 'NONE', *, *, #6529, .F. ) ;
#36 = CARTESIAN_POINT ( 'NONE',  ( -11.11249999999999893, 0.000000000000000000, -0.3174999999999983946 ) ) ;
#37 = PLANE ( 'NONE',  #2947 ) ;
#38 = PLANE ( 'NONE',  #2841 ) ;
#39 = ADVANCED_FACE ( 'NONE', ( #1668 ), #1078, .F. ) ;
#40 = CARTESIAN_POINT ( 'NONE',  ( 10.54099999999999859, 0.000000000000000000, -1.269999999999996909 ) ) ;
#41 = ORIENTED_EDGE ( 'NONE', *, *, #945, .F. ) ;
#42 = EDGE_CURVE ( 'NONE', #2473, #6817, #98, .T. ) ;
#43 = CARTESIAN_POINT ( 'NONE',  ( 11.11250000000000071, 2.540000000000000036, 0.3175000000000017808 ) ) ;
#44 = ORIENTED_EDGE ( 'NONE', *, *, #2264, .F. ) ;
#45 = DIRECTION ( 'NONE',  ( 0.2035585949527758676, 0.9576678948579738782, -0.2035585949527758676 ) ) ;
#46 = CARTESIAN_POINT ( 'NONE',  ( 12.69999999999999929, 0.000000000000000000, -0.8889999999999981251 ) ) ;
#47 = LINE ( 'NONE', #1149, #1260 ) ;
#48 =( NAMED_UNIT ( * ) PLANE_ANGLE_UNIT ( ) SI_UNIT ( $, .RADIAN. ) );
#49 = EDGE_CURVE ( 'NONE', #917, #4948, #6633, .T. ) ;
#50 = ORIENTED_EDGE ( 'NONE', *, *, #2272, .T. ) ;
#51 = FACE_OUTER_BOUND ( 'NONE', #4777, .T. ) ;
#52 = ORIENTED_EDGE ( 'NONE', *, *, #424, .T. ) ;
#53 = CARTESIAN_POINT ( 'NONE',  ( -2.159000000000001140, 0.000000000000000000, 1.270000000000003348 ) ) ;
#54 = DIRECTION ( 'NONE',  ( 1.000000000000000000, 0.000000000000000000, -2.439149994343089694E-16 ) ) ;
#55 = CARTESIAN_POINT ( 'NONE',  ( -16.82749999999999702, 0.000000000000000000, 0.3175000000000017808 ) ) ;
#56 = CARTESIAN_POINT ( 'NONE',  ( -18.16100000000000136, 0.000000000000000000, -1.269999999999997353 ) ) ;
#57 = ORIENTED_EDGE ( 'NONE', *, *, #6869, .T. ) ;
#58 = VERTEX_POINT ( 'NONE', #2968 ) ;
#59 = EDGE_LOOP ( 'NONE', ( #2041, #6886, #1714, #3221 ) ) ;
#60 = DIRECTION ( 'NONE',  ( 0.000000000000000000, 0.000000000000000000, 1.000000000000000000 ) ) ;
#61 = VECTOR ( 'NONE', #3534, 1000.000000000000000 ) ;
#62 = FACE_OUTER_BOUND ( 'NONE', #2940, .T. ) ;
#63 = LINE ( 'NONE', #6600, #7435 ) ;
#64 = FACE_BOUND ( 'NONE', #1181, .T. ) ;
#65 = DIRECTION ( 'NONE',  ( 0.000000000000000000, 0.000000000000000000, 1.000000000000000000 ) ) ;
#66 = ORIENTED_EDGE ( 'NONE', *, *, #5731, .T. ) ;
#67 = ORIENTED_EDGE ( 'NONE', *, *, #1377, .F. ) ;
#68 = CARTESIAN_POINT ( 'NONE',  ( -4.127499999999999503, 0.000000000000000000, 0.3175000000000017808 ) ) ;
#69 = DIRECTION ( 'NONE',  ( 0.000000000000000000, 1.000000000000000000, 0.000000000000000000 ) ) ;
#70 = AXIS2_PLACEMENT_3D ( 'NONE', #4922, #6704, #3035 ) ;
#71 = EDGE_LOOP ( 'NONE', ( #1613, #4814, #2436, #5054 ) ) ;
#72 = CARTESIAN_POINT ( 'NONE',  ( 17.78000000000000114, 2.540000000000000036, 0.8890000000000015667 ) ) ;
#73 = CARTESIAN_POINT ( 'NONE',  ( -4.127499999999999503, 0.000000000000000000, 0.3175000000000017808 ) ) ;
#74 = VECTOR ( 'NONE', #471, 1000.000000000000000 ) ;
#75 = CARTESIAN_POINT ( 'NONE',  ( -0.3174999999999999489, 2.540000000000000036, -0.3174999999999999489 ) ) ;
#76 = EDGE_CURVE ( 'NONE', #1544, #4025, #1902, .T. ) ;
#77 = EDGE_CURVE ( 'NONE', #5161, #21, #3005, .T. ) ;
#78 = PLANE ( 'NONE',  #253 ) ;
#79 = DIRECTION ( 'NONE',  ( -1.000000000000000000, -0.000000000000000000, 2.439149994343089694E-16 ) ) ;
#80 = ORIENTED_EDGE ( 'NONE', *, *, #801, .F. ) ;
#81 = DIRECTION ( 'NONE',  ( -1.000000000000000000, 0.000000000000000000, 0.000000000000000000 ) ) ;
#82 = LINE ( 'NONE', #4953, #2350 ) ;
#83 = EDGE_CURVE ( 'NONE', #4739, #4410, #1312, .T. ) ;
#84 = DIRECTION ( 'NONE',  ( 0.000000000000000000, 1.000000000000000000, 0.000000000000000000 ) ) ;
#85 = DIRECTION ( 'NONE',  ( 0.000000000000000000, 0.000000000000000000, 1.000000000000000000 ) ) ;
#86 = ORIENTED_EDGE ( 'NONE', *, *, #5261, .F. ) ;
#87 = CARTESIAN_POINT ( 'NONE',  ( -17.78000000000000114, 2.540000000000000036, 0.8890000000000022329 ) ) ;
#88 = ORIENTED_EDGE ( 'NONE', *, *, #4640, .T. ) ;
#89 = CARTESIAN_POINT ( 'NONE',  ( 0.2446143550033490766, 8.382000000000001450, -0.3174999999999999489 ) ) ;
#90 = FACE_OUTER_BOUND ( 'NONE', #1448, .T. ) ;
#91 = EDGE_CURVE ( 'NONE', #820, #6868, #2438, .T. ) ;
#92 = DIRECTION ( 'NONE',  ( 0.000000000000000000, 1.000000000000000000, 0.000000000000000000 ) ) ;
#93 = FACE_OUTER_BOUND ( 'NONE', #6374, .T. ) ;
#94 = EDGE_LOOP ( 'NONE', ( #625, #6893, #5828, #831 ) ) ;
#95 = ORIENTED_EDGE ( 'NONE', *, *, #5749, .F. ) ;
#96 = ORIENTED_EDGE ( 'NONE', *, *, #5684, .T. ) ;
#97 = DIRECTION ( 'NONE',  ( -0.7071067811865474617, -0.000000000000000000, 0.7071067811865474617 ) ) ;
#98 = LINE ( 'NONE', #1276, #2978 ) ;
#99 = PLANE ( 'NONE',  #2361 ) ;
#100 = CARTESIAN_POINT ( 'NONE',  ( 2.540000000000000480, 0.000000000000000000, -0.8889999999999981251 ) ) ;
#101 = VECTOR ( 'NONE', #3572, 1000.000000000000000 ) ;
#102 = DIRECTION ( 'NONE',  ( 1.000000000000000000, 0.000000000000000000, -0.000000000000000000 ) ) ;
#103 = DIRECTION ( 'NONE',  ( 0.000000000000000000, 1.000000000000000000, 0.000000000000000000 ) ) ;
#104 = ORIENTED_EDGE ( 'NONE', *, *, #7147, .T. ) ;
#105 = VECTOR ( 'NONE', #496, 1000.000000000000000 ) ;
#106 = ORIENTED_EDGE ( 'NONE', *, *, #321, .T. ) ;
#107 = DIRECTION ( 'NONE',  ( 1.000000000000000000, 0.000000000000000000, 0.000000000000000000 ) ) ;
#109 =( LENGTH_UNIT ( ) NAMED_UNIT ( * ) SI_UNIT ( .MILLI., .METRE. ) );
#108 = VECTOR ( 'NONE', #1768, 1000.000000000000000 ) ;
#110 = EDGE_LOOP ( 'NONE', ( #1272, #1443, #6139, #1065 ) ) ;
#111 = CARTESIAN_POINT ( 'NONE',  ( -5.460999999999998522, 0.000000000000000000, 1.270000000000002904 ) ) ;
#112 = CARTESIAN_POINT ( 'NONE',  ( 4.127500000000003055, 0.000000000000000000, 0.3175000000000017808 ) ) ;
#113 = DIRECTION ( 'NONE',  ( 0.000000000000000000, 0.000000000000000000, -1.000000000000000000 ) ) ;
#114 = VECTOR ( 'NONE', #4055, 1000.000000000000000 ) ;
#115 = FACE_OUTER_BOUND ( 'NONE', #7501, .T. ) ;
#116 = VECTOR ( 'NONE', #2466, 1000.000000000000000 ) ;
#117 = DIRECTION ( 'NONE',  ( 0.000000000000000000, 1.000000000000000000, 0.000000000000000000 ) ) ;
#118 = EDGE_CURVE ( 'NONE', #4948, #6198, #5431, .T. ) ;
#119 = PRESENTATION_LAYER_ASSIGNMENT (  '', '', ( #2122 ) ) ;
#120 = EDGE_LOOP ( 'NONE', ( #4691, #2722, #537, #3968 ) ) ;
#121 = DIRECTION ( 'NONE',  ( 0.000000000000000000, 1.000000000000000000, 0.000000000000000000 ) ) ;
#122 = CARTESIAN_POINT ( 'NONE',  ( 7.620000000000001883, 2.540000000000000036, -0.8889999999999974589 ) ) ;
#123 = AXIS2_PLACEMENT_3D ( 'NONE', #2707, #5055, #5093 ) ;
#124 = DIRECTION ( 'NONE',  ( 0.000000000000000000, 0.000000000000000000, -1.000000000000000000 ) ) ;
#125 = VECTOR ( 'NONE', #5929, 1000.000000000000000 ) ;
#126 = EDGE_CURVE ( 'NONE', #1565, #2373, #3671, .T. ) ;
#127 = CARTESIAN_POINT ( 'NONE',  ( -19.05000000000000071, 0.000000000000000000, 1.788933584601082316E-15 ) ) ;
#128 = ORIENTED_EDGE ( 'NONE', *, *, #434, .T. ) ;
#129 = MECHANICAL_DESIGN_GEOMETRIC_PRESENTATION_REPRESENTATION (  '', ( #6833 ), #1254 ) ;
#130 = AXIS2_PLACEMENT_3D ( 'NONE', #7448, #2195, #6932 ) ;
#131 = DIRECTION ( 'NONE',  ( -0.7071067811865477948, -0.000000000000000000, -0.7071067811865473507 ) ) ;
#132 = EDGE_CURVE ( 'NONE', #6183, #1728, #5392, .T. ) ;
#133 = ORIENTED_EDGE ( 'NONE', *, *, #5731, .F. ) ;
#134 = ADVANCED_FACE ( 'NONE', ( #3593 ), #7054, .F. ) ;
#135 = FACE_OUTER_BOUND ( 'NONE', #3368, .T. ) ;
#136 = CARTESIAN_POINT ( 'NONE',  ( 3.492500000000002380, 2.540000000000000036, -0.3174999999999983946 ) ) ;
#137 = AXIS2_PLACEMENT_3D ( 'NONE', #6038, #85, #2459 ) ;
#138 = AXIS2_PLACEMENT_3D ( 'NONE', #5084, #302, #4416 ) ;
#139 =( NAMED_UNIT ( * ) SI_UNIT ( $, .STERADIAN. ) SOLID_ANGLE_UNIT ( ) );
#140 = VECTOR ( 'NONE', #2447, 1000.000000000000000 ) ;
#141 = ADVANCED_FACE ( 'NONE', ( #1159, #4767 ), #5318, .T. ) ;
#142 = DIRECTION ( 'NONE',  ( -0.7071067811865474617, 0.000000000000000000, 0.7071067811865474617 ) ) ;
#143 = AXIS2_PLACEMENT_3D ( 'NONE', #3891, #402, #1601 ) ;
#144 = VERTEX_POINT ( 'NONE', #7171 ) ;
#145 = VERTEX_POINT ( 'NONE', #1854 ) ;
#146 = EDGE_CURVE ( 'NONE', #183, #3667, #4260, .T. ) ;
#147 = VECTOR ( 'NONE', #7596, 1000.000000000000000 ) ;
#148 = ORIENTED_EDGE ( 'NONE', *, *, #6738, .F. ) ;
#149 = FILL_AREA_STYLE ('',( #774 ) ) ;
#150 = PLANE ( 'NONE',  #2618 ) ;
#151 = CARTESIAN_POINT ( 'NONE',  ( 5.080000000000000959, 2.540000000000000036, -0.8889999999999981251 ) ) ;
#152 = DIRECTION ( 'NONE',  ( 0.000000000000000000, 0.000000000000000000, -1.000000000000000000 ) ) ;
#153 = PLANE ( 'NONE',  #2001 ) ;
#154 = LINE ( 'NONE', #4186, #5735 ) ;
#155 = VECTOR ( 'NONE', #1202, 1000.000000000000000 ) ;
#156 = VERTEX_POINT ( 'NONE', #5358 ) ;
#157 = ORIENTED_EDGE ( 'NONE', *, *, #5686, .F. ) ;
#158 = DIRECTION ( 'NONE',  ( 0.000000000000000000, 0.000000000000000000, 1.000000000000000000 ) ) ;
#159 = ORIENTED_EDGE ( 'NONE', *, *, #7633, .T. ) ;
#160 = DIRECTION ( 'NONE',  ( -2.439149994343089694E-16, 0.000000000000000000, -1.000000000000000000 ) ) ;
#161 = DIRECTION ( 'NONE',  ( 0.000000000000000000, 1.000000000000000000, 0.000000000000000000 ) ) ;
#162 = CARTESIAN_POINT ( 'NONE',  ( -13.65249999999999808, 0.000000000000000000, 0.3175000000000017808 ) ) ;
#163 = DIRECTION ( 'NONE',  ( 0.7071067811865459074, 0.000000000000000000, 0.7071067811865491270 ) ) ;
#164 = CARTESIAN_POINT ( 'NONE',  ( -1.587499999999998579, 2.540000000000000036, -0.3174999999999983946 ) ) ;
#165 = ORIENTED_EDGE ( 'NONE', *, *, #4697, .F. ) ;
#166 = FACE_OUTER_BOUND ( 'NONE', #683, .T. ) ;
#167 =( GEOMETRIC_REPRESENTATION_CONTEXT ( 3 ) GLOBAL_UNCERTAINTY_ASSIGNED_CONTEXT ( ( #3857 ) ) GLOBAL_UNIT_ASSIGNED_CONTEXT ( ( #1119, #7097, #3396 ) ) REPRESENTATION_CONTEXT ( 'NONE', 'WORKASPACE' ) );
#168 = DIRECTION ( 'NONE',  ( -0.7071067811865491270, 0.000000000000000000, 0.7071067811865459074 ) ) ;
#169 = LINE ( 'NONE', #1962, #4367 ) ;
#170 = COLOUR_RGB ( '',0.2509803921568627416, 0.2509803921568627416, 0.2509803921568627416 ) ;
#171 = ORIENTED_EDGE ( 'NONE', *, *, #223, .F. ) ;
#172 = DIRECTION ( 'NONE',  ( -0.7071067811865475727, 0.000000000000000000, -0.7071067811865475727 ) ) ;
#173 = ORIENTED_EDGE ( 'NONE', *, *, #3003, .F. ) ;
#174 = PLANE ( 'NONE',  #3989 ) ;
#175 = DIRECTION ( 'NONE',  ( -1.000000000000000000, -0.000000000000000000, -0.000000000000000000 ) ) ;
#176 = CARTESIAN_POINT ( 'NONE',  ( -2.159000000000001140, 2.540000000000000036, 1.270000000000003348 ) ) ;
#177 = ADVANCED_FACE ( 'NONE', ( #6051 ), #150, .F. ) ;
#178 = EDGE_CURVE ( 'NONE', #4748, #1617, #2518, .T. ) ;
#179 = CARTESIAN_POINT ( 'NONE',  ( 7.620000000000001883, 0.000000000000000000, -0.8889999999999981251 ) ) ;
#180 = VECTOR ( 'NONE', #4977, 1000.000000000000000 ) ;
#181 = EDGE_LOOP ( 'NONE', ( #3681, #4169, #1826, #3940 ) ) ;
#182 = ORIENTED_EDGE ( 'NONE', *, *, #5875, .T. ) ;
#183 = VERTEX_POINT ( 'NONE', #6551 ) ;
#184 = DIRECTION ( 'NONE',  ( -1.000000000000000000, 0.000000000000000000, 2.439149994343089694E-16 ) ) ;
#185 = CARTESIAN_POINT ( 'NONE',  ( -16.82749999999999702, 2.540000000000000036, 0.3175000000000017808 ) ) ;
#186 = DIRECTION ( 'NONE',  ( -1.000000000000000000, -0.000000000000000000, -0.000000000000000000 ) ) ;
#187 = PLANE ( 'NONE',  #1855 ) ;
#188 = CARTESIAN_POINT ( 'NONE',  ( -6.667499999999997762, 2.540000000000000036, -0.3174999999999983946 ) ) ;
#189 = EDGE_CURVE ( 'NONE', #5915, #1034, #2930, .T. ) ;
#190 = LINE ( 'NONE', #6515, #2749 ) ;
#191 = ORIENTED_EDGE ( 'NONE', *, *, #6834, .F. ) ;
#192 = ORIENTED_EDGE ( 'NONE', *, *, #3927, .F. ) ;
#193 = VECTOR ( 'NONE', #211, 1000.000000000000000 ) ;
#194 = CARTESIAN_POINT ( 'NONE',  ( 0.9525000000000019007, 0.000000000000000000, -0.3174999999999983946 ) ) ;
#195 = CARTESIAN_POINT ( 'NONE',  ( -0.9524999999999984590, 0.000000000000000000, -0.3174999999999983946 ) ) ;
#196 = VERTEX_POINT ( 'NONE', #6511 ) ;
#197 = CARTESIAN_POINT ( 'NONE',  ( 7.620000000000001883, 0.000000000000000000, 0.8890000000000015667 ) ) ;
#198 = PLANE ( 'NONE',  #7056 ) ;
#199 = CARTESIAN_POINT ( 'NONE',  ( -5.080000000000000959, 0.000000000000000000, 0.8890000000000022329 ) ) ;
#200 = EDGE_CURVE ( 'NONE', #3501, #338, #4218, .T. ) ;
#201 = CARTESIAN_POINT ( 'NONE',  ( -16.82749999999999702, 0.000000000000000000, -0.3174999999999983946 ) ) ;
#202 = ORIENTED_EDGE ( 'NONE', *, *, #3346, .F. ) ;
#203 = CARTESIAN_POINT ( 'NONE',  ( -15.24000000000000021, 0.000000000000000000, -0.8889999999999974589 ) ) ;
#204 = ORIENTED_EDGE ( 'NONE', *, *, #6746, .F. ) ;
#205 = VECTOR ( 'NONE', #3956, 1000.000000000000000 ) ;
#206 = LINE ( 'NONE', #1880, #3573 ) ;
#207 = CARTESIAN_POINT ( 'NONE',  ( 17.39900000000000091, 0.000000000000000000, -1.269999999999997353 ) ) ;
#208 = DIRECTION ( 'NONE',  ( 1.000000000000000000, 0.000000000000000000, 0.000000000000000000 ) ) ;
#209 = AXIS2_PLACEMENT_3D ( 'NONE', #4655, #2209, #5292 ) ;
#210 =( NAMED_UNIT ( * ) SI_UNIT ( $, .STERADIAN. ) SOLID_ANGLE_UNIT ( ) );
#211 = DIRECTION ( 'NONE',  ( 1.000000000000000000, 0.000000000000000000, 0.000000000000000000 ) ) ;
#212 = ORIENTED_EDGE ( 'NONE', *, *, #567, .F. ) ;
#213 = PLANE ( 'NONE',  #70 ) ;
#214 = DIRECTION ( 'NONE',  ( -0.7071067811865491270, 0.000000000000000000, 0.7071067811865459074 ) ) ;
#215 = DIRECTION ( 'NONE',  ( 0.000000000000000000, 1.000000000000000000, 0.000000000000000000 ) ) ;
#216 = PLANE ( 'NONE',  #2239 ) ;
#217 = EDGE_LOOP ( 'NONE', ( #1012, #3763, #4048, #6364, #2533, #897, #96, #1165 ) ) ;
#218 = VERTEX_POINT ( 'NONE', #888 ) ;
#219 = EDGE_LOOP ( 'NONE', ( #7524, #3651, #7313, #3782, #5889, #327, #2179, #2919 ) ) ;
#220 = DIRECTION ( 'NONE',  ( 0.000000000000000000, 1.000000000000000000, 0.000000000000000000 ) ) ;
#221 = CARTESIAN_POINT ( 'NONE',  ( -15.24000000000000021, 0.000000000000000000, -0.8889999999999974589 ) ) ;
#222 = ADVANCED_FACE ( 'NONE', ( #4296 ), #6671, .T. ) ;
#223 = EDGE_CURVE ( 'NONE', #681, #6421, #7375, .T. ) ;
#224 = CARTESIAN_POINT ( 'NONE',  ( 17.39900000000000091, 2.540000000000000036, -1.269999999999997353 ) ) ;
#225 = DIRECTION ( 'NONE',  ( -0.000000000000000000, -0.000000000000000000, 1.000000000000000000 ) ) ;
#226 = ORIENTED_EDGE ( 'NONE', *, *, #1462, .T. ) ;
#227 = ADVANCED_FACE ( 'NONE', ( #3871, #5667 ), #4931, .T. ) ;
#228 = ORIENTED_EDGE ( 'NONE', *, *, #4491, .T. ) ;
#229 = DIRECTION ( 'NONE',  ( 0.7071067811865459074, 0.000000000000000000, 0.7071067811865491270 ) ) ;
#230 = ORIENTED_EDGE ( 'NONE', *, *, #2774, .F. ) ;
#231 = EDGE_CURVE ( 'NONE', #5774, #7392, #339, .T. ) ;
#232 = ADVANCED_FACE ( 'NONE', ( #7337, #6243 ), #6135, .T. ) ;
#233 = PLANE ( 'NONE',  #2487 ) ;
#234 = CARTESIAN_POINT ( 'NONE',  ( -10.54100000000000037, 0.000000000000000000, 1.270000000000002904 ) ) ;
#235 = DIRECTION ( 'NONE',  ( 0.000000000000000000, 0.000000000000000000, 1.000000000000000000 ) ) ;
#236 =( NAMED_UNIT ( * ) SI_UNIT ( $, .STERADIAN. ) SOLID_ANGLE_UNIT ( ) );
#237 = VECTOR ( 'NONE', #974, 1000.000000000000000 ) ;
#238 = ORIENTED_EDGE ( 'NONE', *, *, #4155, .T. ) ;
#239 = LINE ( 'NONE', #1293, #1327 ) ;
#240 = EDGE_LOOP ( 'NONE', ( #437, #4284, #2824, #5672 ) ) ;
#241 = ADVANCED_FACE ( 'NONE', ( #1350 ), #2665, .T. ) ;
#242 = PLANE ( 'NONE',  #1476 ) ;
#243 = AXIS2_PLACEMENT_3D ( 'NONE', #618, #1743, #7685 ) ;
#244 = DIRECTION ( 'NONE',  ( 0.7071067811865456854, 0.000000000000000000, -0.7071067811865493491 ) ) ;
#245 = DIRECTION ( 'NONE',  ( -0.000000000000000000, -0.000000000000000000, 1.000000000000000000 ) ) ;
#246 = FILL_AREA_STYLE ('',( #2578 ) ) ;
#247 = VECTOR ( 'NONE', #6740, 1000.000000000000114 ) ;
#248 = CARTESIAN_POINT ( 'NONE',  ( -7.239000000000000767, 2.540000000000000036, -1.269999999999996909 ) ) ;
#249 = EDGE_LOOP ( 'NONE', ( #2559, #7263, #4874, #3467 ) ) ;
#250 = AXIS2_PLACEMENT_3D ( 'NONE', #2286, #1631, #2325 ) ;
#251 = CARTESIAN_POINT ( 'NONE',  ( -5.080000000000000959, 2.540000000000000036, -0.8889999999999974589 ) ) ;
#252 = DIRECTION ( 'NONE',  ( 0.7071067811865459074, 0.000000000000000000, 0.7071067811865491270 ) ) ;
#253 = AXIS2_PLACEMENT_3D ( 'NONE', #1918, #1208, #6066 ) ;
#254 = PLANE ( 'NONE',  #2135 ) ;
#255 = AXIS2_PLACEMENT_3D ( 'NONE', #3020, #5407, #6026 ) ;
#256 = LINE ( 'NONE', #6781, #1624 ) ;
#257 = CLOSED_SHELL ( 'NONE', ( #4746, #1036, #5075, #6635, #1150, #2002, #7419, #7258, #1461, #3919, #4638, #1663, #753, #6203 ) ) ;
#258 = ORIENTED_EDGE ( 'NONE', *, *, #7354, .T. ) ;
#259 = AXIS2_PLACEMENT_3D ( 'NONE', #6537, #1104, #1215 ) ;
#260 = ORIENTED_EDGE ( 'NONE', *, *, #5834, .T. ) ;
#261 = ORIENTED_EDGE ( 'NONE', *, *, #4353, .F. ) ;
#262 = DIRECTION ( 'NONE',  ( 0.000000000000000000, 1.000000000000000000, 0.000000000000000000 ) ) ;
#263 =( GEOMETRIC_REPRESENTATION_CONTEXT ( 3 ) GLOBAL_UNCERTAINTY_ASSIGNED_CONTEXT ( ( #5286 ) ) GLOBAL_UNIT_ASSIGNED_CONTEXT ( ( #2557, #852, #926 ) ) REPRESENTATION_CONTEXT ( 'NONE', 'WORKASPACE' ) );
#264 = FACE_OUTER_BOUND ( 'NONE', #586, .T. ) ;
#265 = AXIS2_PLACEMENT_3D ( 'NONE', #4967, #6200, #1936 ) ;
#266 = PRODUCT ( 'PEC16SADN', 'PEC16SADN', '', ( #2071 ) ) ;
#267 = AXIS2_PLACEMENT_3D ( 'NONE', #1569, #6189, #2792 ) ;
#268 = DIRECTION ( 'NONE',  ( 0.000000000000000000, 1.000000000000000000, 0.000000000000000000 ) ) ;
#269 = EDGE_CURVE ( 'NONE', #1341, #6866, #3711, .T. ) ;
#270 = VERTEX_POINT ( 'NONE', #3825 ) ;
#271 = VECTOR ( 'NONE', #1179, 1000.000000000000000 ) ;
#272 = VERTEX_POINT ( 'NONE', #2085 ) ;
#273 = DIRECTION ( 'NONE',  ( -1.000000000000000000, -0.000000000000000000, -0.000000000000000000 ) ) ;
#274 = CARTESIAN_POINT ( 'NONE',  ( 0.3174999999999999489, 2.540000000000000036, 0.3174999999999999489 ) ) ;
#275 = ORIENTED_EDGE ( 'NONE', *, *, #461, .T. ) ;
#276 = DIRECTION ( 'NONE',  ( -0.7071067811865476838, 0.000000000000000000, -0.7071067811865473507 ) ) ;
#277 = LINE ( 'NONE', #3254, #1357 ) ;
#278 = VECTOR ( 'NONE', #6936, 1000.000000000000114 ) ;
#279 = CARTESIAN_POINT ( 'NONE',  ( -2.540000000000000480, 0.000000000000000000, 0.8890000000000022329 ) ) ;
#280 = DIRECTION ( 'NONE',  ( -0.000000000000000000, 1.000000000000000000, 0.000000000000000000 ) ) ;
#281 = EDGE_CURVE ( 'NONE', #7384, #446, #6093, .T. ) ;
#282 = ADVANCED_FACE ( 'NONE', ( #7255, #4448 ), #3244, .F. ) ;
#283 = VERTEX_POINT ( 'NONE', #2552 ) ;
#284 = DIRECTION ( 'NONE',  ( 1.000000000000000000, 0.000000000000000000, 0.000000000000000000 ) ) ;
#285 = ORIENTED_EDGE ( 'NONE', *, *, #3390, .F. ) ;
#286 = LINE ( 'NONE', #2034, #1353 ) ;
#287 = CARTESIAN_POINT ( 'NONE',  ( 8.572500000000003340, 0.000000000000000000, 0.3175000000000017808 ) ) ;
#288 = EDGE_CURVE ( 'NONE', #1054, #2303, #4892, .T. ) ;
#289 = LINE ( 'NONE', #3187, #5356 ) ;
#290 = EDGE_CURVE ( 'NONE', #2294, #7022, #3131, .T. ) ;
#291 = FACE_OUTER_BOUND ( 'NONE', #2867, .T. ) ;
#292 = VERTEX_POINT ( 'NONE', #925 ) ;
#293 = LINE ( 'NONE', #2114, #3402 ) ;
#294 = CARTESIAN_POINT ( 'NONE',  ( -6.667499999999997762, 0.000000000000000000, 0.3175000000000017808 ) ) ;
#295 = ADVANCED_FACE ( 'NONE', ( #1974 ), #3166, .T. ) ;
#296 = CARTESIAN_POINT ( 'NONE',  ( -8.572499999999998010, 0.000000000000000000, 0.3175000000000017808 ) ) ;
#297 = ORIENTED_EDGE ( 'NONE', *, *, #2215, .T. ) ;
#298 = ORIENTED_EDGE ( 'NONE', *, *, #6452, .T. ) ;
#299 = ORIENTED_EDGE ( 'NONE', *, *, #6074, .F. ) ;
#300 = CARTESIAN_POINT ( 'NONE',  ( -14.85899999999999999, 0.000000000000000000, -1.269999999999996909 ) ) ;
#301 = AXIS2_PLACEMENT_3D ( 'NONE', #5317, #7681, #6980 ) ;
#302 = DIRECTION ( 'NONE',  ( 0.000000000000000000, 0.000000000000000000, -1.000000000000000000 ) ) ;
#303 = LINE ( 'NONE', #927, #2511 ) ;
#304 = ORIENTED_EDGE ( 'NONE', *, *, #5563, .F. ) ;
#305 = ORIENTED_EDGE ( 'NONE', *, *, #6916, .T. ) ;
#306 = DIRECTION ( 'NONE',  ( 1.000000000000000000, 0.000000000000000000, -2.439149994343089694E-16 ) ) ;
#307 =( LENGTH_UNIT ( ) NAMED_UNIT ( * ) SI_UNIT ( .MILLI., .METRE. ) );
#308 = ORIENTED_EDGE ( 'NONE', *, *, #2403, .F. ) ;
#309 = CARTESIAN_POINT ( 'NONE',  ( -17.78000000000000114, 2.540000000000000036, -0.8889999999999974589 ) ) ;
#310 = LINE ( 'NONE', #347, #6811 ) ;
#311 = FACE_OUTER_BOUND ( 'NONE', #5940, .T. ) ;
#312 = AXIS2_PLACEMENT_3D ( 'NONE', #5925, #1107, #3508 ) ;
#313 = ORIENTED_EDGE ( 'NONE', *, *, #4622, .T. ) ;
#314 = ORIENTED_EDGE ( 'NONE', *, *, #4498, .T. ) ;
#315 = VECTOR ( 'NONE', #4287, 1000.000000000000114 ) ;
#316 = FACE_OUTER_BOUND ( 'NONE', #3408, .T. ) ;
#317 = VERTEX_POINT ( 'NONE', #3197 ) ;
#318 = DIRECTION ( 'NONE',  ( 0.7071067811865456854, 0.000000000000000000, -0.7071067811865493491 ) ) ;
#319 = ADVANCED_FACE ( 'NONE', ( #5515 ), #2018, .F. ) ;
#320 = VECTOR ( 'NONE', #4084, 1000.000000000000000 ) ;
#321 = EDGE_CURVE ( 'NONE', #1739, #846, #5589, .T. ) ;
#322 = CARTESIAN_POINT ( 'NONE',  ( -16.82749999999999702, 2.540000000000000036, 0.3175000000000017808 ) ) ;
#323 = DIRECTION ( 'NONE',  ( -0.7071067811865477948, -0.000000000000000000, -0.7071067811865473507 ) ) ;
#324 = VECTOR ( 'NONE', #3139, 1000.000000000000000 ) ;
#325 = ADVANCED_FACE ( 'NONE', ( #4490 ), #2807, .F. ) ;
#326 = DIRECTION ( 'NONE',  ( 0.7071067811865456854, 0.000000000000000000, -0.7071067811865493491 ) ) ;
#327 = ORIENTED_EDGE ( 'NONE', *, *, #2985, .T. ) ;
#328 = CARTESIAN_POINT ( 'NONE',  ( 17.39900000000000091, 2.540000000000000036, -1.269999999999997353 ) ) ;
#329 = ADVANCED_FACE ( 'NONE', ( #6863 ), #1546, .T. ) ;
#330 =( REPRESENTATION_RELATIONSHIP ('NONE','NONE', #6526, #1223 ) REPRESENTATION_RELATIONSHIP_WITH_TRANSFORMATION ( #7114 )SHAPE_REPRESENTATION_RELATIONSHIP( ) );
#331 = CARTESIAN_POINT ( 'NONE',  ( 0.3174999999999999489, 2.540000000000000036, 0.3174999999999999489 ) ) ;
#332 = VECTOR ( 'NONE', #6616, 1000.000000000000000 ) ;
#333 = FACE_BOUND ( 'NONE', #991, .T. ) ;
#334 = CARTESIAN_POINT ( 'NONE',  ( -15.24000000000000021, 0.000000000000000000, 0.8890000000000022329 ) ) ;
#335 = ORIENTED_EDGE ( 'NONE', *, *, #3301, .F. ) ;
#336 = ORIENTED_EDGE ( 'NONE', *, *, #3258, .F. ) ;
#337 = VECTOR ( 'NONE', #465, 1000.000000000000000 ) ;
#338 = VERTEX_POINT ( 'NONE', #413 ) ;
#339 = LINE ( 'NONE', #3758, #1872 ) ;
#340 = EDGE_CURVE ( 'NONE', #4163, #2269, #959, .T. ) ;
#341 = PLANE ( 'NONE',  #138 ) ;
#342 = CARTESIAN_POINT ( 'NONE',  ( 7.620000000000001883, 0.000000000000000000, -0.8889999999999974589 ) ) ;
#343 = ORIENTED_EDGE ( 'NONE', *, *, #3553, .F. ) ;
#344 = ORIENTED_EDGE ( 'NONE', *, *, #1531, .F. ) ;
#345 = ORIENTED_EDGE ( 'NONE', *, *, #132, .F. ) ;
#346 = DIRECTION ( 'NONE',  ( 0.000000000000000000, 1.000000000000000000, 0.000000000000000000 ) ) ;
#347 = CARTESIAN_POINT ( 'NONE',  ( -19.93900000000000361, 0.000000000000000000, -1.269999999999996909 ) ) ;
#348 = LINE ( 'NONE', #3881, #6094 ) ;
#349 = CARTESIAN_POINT ( 'NONE',  ( -14.28749999999999787, 2.540000000000000036, 0.3175000000000017808 ) ) ;
#350 = ORIENTED_EDGE ( 'NONE', *, *, #5546, .F. ) ;
#351 = EDGE_LOOP ( 'NONE', ( #6009, #2271, #466, #5293 ) ) ;
#352 = CARTESIAN_POINT ( 'NONE',  ( -17.78000000000000114, 0.000000000000000000, -0.8889999999999974589 ) ) ;
#353 = EDGE_LOOP ( 'NONE', ( #4597, #35, #1840, #427 ) ) ;
#354 = CARTESIAN_POINT ( 'NONE',  ( 3.492500000000002380, 0.000000000000000000, 0.3175000000000017808 ) ) ;
#355 = AXIS2_PLACEMENT_3D ( 'NONE', #6693, #4164, #81 ) ;
#356 = CARTESIAN_POINT ( 'NONE',  ( 8.001000000000001222, 0.000000000000000000, 1.270000000000003348 ) ) ;
#357 = UNCERTAINTY_MEASURE_WITH_UNIT (LENGTH_MEASURE( 1.000000000000000082E-05 ), #3489, 'distance_accuracy_value', 'NONE');
#358 = CONTEXT_DEPENDENT_SHAPE_REPRESENTATION ( #1568, #5544 ) ;
#359 = EDGE_CURVE ( 'NONE', #3884, #3136, #7519, .T. ) ;
#360 = DIRECTION ( 'NONE',  ( 0.000000000000000000, 1.000000000000000000, 0.000000000000000000 ) ) ;
#361 = VECTOR ( 'NONE', #6287, 1000.000000000000000 ) ;
#362 = ORIENTED_EDGE ( 'NONE', *, *, #5823, .T. ) ;
#363 = LINE ( 'NONE', #878, #365 ) ;
#364 = DIRECTION ( 'NONE',  ( 0.7071067811865493491, -0.000000000000000000, 0.7071067811865456854 ) ) ;
#365 = VECTOR ( 'NONE', #3933, 1000.000000000000000 ) ;
#366 = EDGE_CURVE ( 'NONE', #7005, #5571, #7010, .T. ) ;
#367 = LINE ( 'NONE', #6858, #6471 ) ;
#368 = AXIS2_PLACEMENT_3D ( 'NONE', #1062, #5882, #2835 ) ;
#369 = DIRECTION ( 'NONE',  ( 0.000000000000000000, 0.000000000000000000, -1.000000000000000000 ) ) ;
#370 = EDGE_CURVE ( 'NONE', #1024, #3042, #3312, .T. ) ;
#371 = ADVANCED_FACE ( 'NONE', ( #1035 ), #2769, .T. ) ;
#372 = ORIENTED_EDGE ( 'NONE', *, *, #3835, .T. ) ;
#373 = VECTOR ( 'NONE', #2489, 1000.000000000000000 ) ;
#374 = ORIENTED_EDGE ( 'NONE', *, *, #1737, .T. ) ;
#375 = APPLICATION_CONTEXT ( 'automotive_design' ) ;
#376 = EDGE_LOOP ( 'NONE', ( #1934, #1853, #2444, #285 ) ) ;
#377 = CARTESIAN_POINT ( 'NONE',  ( -2.540000000000000480, 2.540000000000000036, 0.8890000000000022329 ) ) ;
#378 = VECTOR ( 'NONE', #4144, 1000.000000000000000 ) ;
#379 = ADVANCED_FACE ( 'NONE', ( #447 ), #3468, .T. ) ;
#380 = VECTOR ( 'NONE', #6142, 1000.000000000000000 ) ;
#381 = CARTESIAN_POINT ( 'NONE',  ( -10.16000000000000014, 0.000000000000000000, 0.8890000000000022329 ) ) ;
#382 = VECTOR ( 'NONE', #5184, 1000.000000000000000 ) ;
#383 = EDGE_CURVE ( 'NONE', #845, #4653, #2161, .T. ) ;
#384 = ORIENTED_EDGE ( 'NONE', *, *, #4951, .F. ) ;
#385 = ORIENTED_EDGE ( 'NONE', *, *, #4213, .T. ) ;
#386 = VECTOR ( 'NONE', #5095, 1000.000000000000000 ) ;
#387 = VECTOR ( 'NONE', #3044, 1000.000000000000000 ) ;
#388 = FACE_OUTER_BOUND ( 'NONE', #5187, .T. ) ;
#389 = CARTESIAN_POINT ( 'NONE',  ( -2.920999999999999819, 0.000000000000000000, -1.269999999999997353 ) ) ;
#390 = CARTESIAN_POINT ( 'NONE',  ( -2.540000000000000480, 0.000000000000000000, -0.8889999999999974589 ) ) ;
#391 = AXIS2_PLACEMENT_3D ( 'NONE', #1536, #7541, #3333 ) ;
#392 = CARTESIAN_POINT ( 'NONE',  ( 7.620000000000001883, 0.000000000000000000, 0.8890000000000015667 ) ) ;
#393 = ORIENTED_EDGE ( 'NONE', *, *, #3390, .T. ) ;
#394 = VERTEX_POINT ( 'NONE', #1696 ) ;
#395 = DIRECTION ( 'NONE',  ( 0.7071067811865493491, -0.000000000000000000, 0.7071067811865456854 ) ) ;
#396 = ORIENTED_EDGE ( 'NONE', *, *, #3498, .T. ) ;
#397 = ORIENTED_EDGE ( 'NONE', *, *, #1422, .T. ) ;
#398 = VECTOR ( 'NONE', #871, 1000.000000000000000 ) ;
#399 = PLANE ( 'NONE',  #768 ) ;
#400 = FACE_OUTER_BOUND ( 'NONE', #3603, .T. ) ;
#401 = VECTOR ( 'NONE', #853, 1000.000000000000000 ) ;
#402 = DIRECTION ( 'NONE',  ( 0.000000000000000000, 0.000000000000000000, 1.000000000000000000 ) ) ;
#403 = FACE_OUTER_BOUND ( 'NONE', #219, .T. ) ;
#404 = EDGE_LOOP ( 'NONE', ( #4557, #1158, #6970, #467 ) ) ;
#405 = CARTESIAN_POINT ( 'NONE',  ( -7.620000000000000107, 2.540000000000000036, -0.8889999999999981251 ) ) ;
#406 = CARTESIAN_POINT ( 'NONE',  ( 6.032500000000003304, 0.000000000000000000, 0.3175000000000017808 ) ) ;
#407 = CARTESIAN_POINT ( 'NONE',  ( -11.11249999999999893, 2.540000000000000036, 0.3175000000000017808 ) ) ;
#408 = CARTESIAN_POINT ( 'NONE',  ( 5.080000000000000959, 0.000000000000000000, -0.8889999999999981251 ) ) ;
#409 = ORIENTED_EDGE ( 'NONE', *, *, #2036, .T. ) ;
#410 = ORIENTED_EDGE ( 'NONE', *, *, #4010, .F. ) ;
#411 = PRODUCT_RELATED_PRODUCT_CATEGORY ( 'part', '', ( #4990 ) ) ;
#412 = ORIENTED_EDGE ( 'NONE', *, *, #3739, .T. ) ;
#413 = CARTESIAN_POINT ( 'NONE',  ( -4.699000000000001620, 2.540000000000000036, 1.270000000000003348 ) ) ;
#414 = EDGE_CURVE ( 'NONE', #2992, #5107, #5190, .T. ) ;
#415 = ADVANCED_FACE ( 'NONE', ( #4600 ), #2736, .T. ) ;
#416 = DIRECTION ( 'NONE',  ( -0.000000000000000000, -0.000000000000000000, 1.000000000000000000 ) ) ;
#417 = PLANE ( 'NONE',  #2990 ) ;
#418 = VERTEX_POINT ( 'NONE', #4522 ) ;
#419 = ORIENTED_EDGE ( 'NONE', *, *, #4932, .F. ) ;
#420 = VECTOR ( 'NONE', #4295, 1000.000000000000000 ) ;
#421 = EDGE_LOOP ( 'NONE', ( #2663, #924, #5089, #544 ) ) ;
#422 = LINE ( 'NONE', #7566, #6318 ) ;
#423 = CARTESIAN_POINT ( 'NONE',  ( 12.31900000000000084, 0.000000000000000000, 1.270000000000002904 ) ) ;
#424 = EDGE_CURVE ( 'NONE', #7608, #4733, #4018, .T. ) ;
#425 = DIRECTION ( 'NONE',  ( 0.000000000000000000, 1.000000000000000000, 0.000000000000000000 ) ) ;
#426 = VERTEX_POINT ( 'NONE', #5770 ) ;
#427 = ORIENTED_EDGE ( 'NONE', *, *, #2643, .T. ) ;
#428 = DIRECTION ( 'NONE',  ( -0.000000000000000000, -0.000000000000000000, 1.000000000000000000 ) ) ;
#429 = LINE ( 'NONE', #4991, #3179 ) ;
#430 = ORIENTED_EDGE ( 'NONE', *, *, #6113, .T. ) ;
#431 = ORIENTED_EDGE ( 'NONE', *, *, #946, .F. ) ;
#432 = FACE_OUTER_BOUND ( 'NONE', #59, .T. ) ;
#433 = LINE ( 'NONE', #7624, #7178 ) ;
#434 = EDGE_CURVE ( 'NONE', #156, #4333, #6386, .T. ) ;
#435 = APPLICATION_PROTOCOL_DEFINITION ( 'draft international standard', 'automotive_design', 1998, #1671 ) ;
#436 = DIRECTION ( 'NONE',  ( -0.000000000000000000, 1.000000000000000000, 0.000000000000000000 ) ) ;
#437 = ORIENTED_EDGE ( 'NONE', *, *, #2217, .T. ) ;
#438 = CARTESIAN_POINT ( 'NONE',  ( 15.24000000000000021, 0.000000000000000000, -0.8889999999999974589 ) ) ;
#439 = DIRECTION ( 'NONE',  ( -0.7071067811865476838, 0.000000000000000000, -0.7071067811865473507 ) ) ;
#440 = LINE ( 'NONE', #1802, #644 ) ;
#441 = CARTESIAN_POINT ( 'NONE',  ( -11.74749999999999872, 0.000000000000000000, 0.3175000000000017808 ) ) ;
#442 = ORIENTED_EDGE ( 'NONE', *, *, #83, .T. ) ;
#443 = DIRECTION ( 'NONE',  ( 0.000000000000000000, 0.000000000000000000, -1.000000000000000000 ) ) ;
#444 = ORIENTED_EDGE ( 'NONE', *, *, #2966, .T. ) ;
#445 = LINE ( 'NONE', #4016, #6438 ) ;
#446 = VERTEX_POINT ( 'NONE', #5152 ) ;
#447 = FACE_OUTER_BOUND ( 'NONE', #4190, .T. ) ;
#448 = LINE ( 'NONE', #4801, #5846 ) ;
#449 = DIRECTION ( 'NONE',  ( 0.000000000000000000, 1.000000000000000000, 0.000000000000000000 ) ) ;
#450 = VERTEX_POINT ( 'NONE', #1618 ) ;
#451 = ADVANCED_FACE ( 'NONE', ( #3984, #1070 ), #3425, .F. ) ;
#452 = ORIENTED_EDGE ( 'NONE', *, *, #6486, .F. ) ;
#453 = EDGE_CURVE ( 'NONE', #6541, #4378, #7604, .T. ) ;
#454 = SURFACE_STYLE_USAGE ( .BOTH. , #1044 ) ;
#455 = ORIENTED_EDGE ( 'NONE', *, *, #3788, .T. ) ;
#456 = PLANE ( 'NONE',  #4094 ) ;
#457 = PLANE ( 'NONE',  #1604 ) ;
#458 = DIRECTION ( 'NONE',  ( 0.000000000000000000, 1.000000000000000000, 0.000000000000000000 ) ) ;
#459 = EDGE_CURVE ( 'NONE', #4163, #1457, #5966, .T. ) ;
#460 = VERTEX_POINT ( 'NONE', #649 ) ;
#461 = EDGE_CURVE ( 'NONE', #2514, #1043, #2314, .T. ) ;
#462 = ORIENTED_EDGE ( 'NONE', *, *, #3676, .T. ) ;
#463 = LINE ( 'NONE', #4118, #990 ) ;
#464 = ADVANCED_FACE ( 'NONE', ( #14 ), #1846, .F. ) ;
#465 = DIRECTION ( 'NONE',  ( 0.000000000000000000, 1.000000000000000000, 0.000000000000000000 ) ) ;
#466 = ORIENTED_EDGE ( 'NONE', *, *, #5623, .T. ) ;
#467 = ORIENTED_EDGE ( 'NONE', *, *, #5086, .T. ) ;
#468 = PLANE ( 'NONE',  #6081 ) ;
#469 = LINE ( 'NONE', #7581, #2216 ) ;
#470 = EDGE_CURVE ( 'NONE', #5635, #907, #2349, .T. ) ;
#471 = DIRECTION ( 'NONE',  ( 0.7071067811865456854, 0.000000000000000000, -0.7071067811865493491 ) ) ;
#472 = EDGE_LOOP ( 'NONE', ( #5755, #6174, #6330, #7106, #1748, #2734, #847, #4453 ) ) ;
#473 = PLANE ( 'NONE',  #4793 ) ;
#474 = CARTESIAN_POINT ( 'NONE',  ( -13.65249999999999808, 2.540000000000000036, -0.3174999999999983946 ) ) ;
#475 = DIRECTION ( 'NONE',  ( -0.000000000000000000, -0.000000000000000000, 1.000000000000000000 ) ) ;
#476 = DIRECTION ( 'NONE',  ( -1.000000000000000000, 0.000000000000000000, 0.000000000000000000 ) ) ;
#477 = AXIS2_PLACEMENT_3D ( 'NONE', #2132, #705, #3019 ) ;
#478 = ORIENTED_EDGE ( 'NONE', *, *, #7493, .F. ) ;
#479 = DIRECTION ( 'NONE',  ( 0.7071067811865456854, 0.000000000000000000, -0.7071067811865493491 ) ) ;
#480 = ORIENTED_EDGE ( 'NONE', *, *, #7645, .F. ) ;
#481 = LINE ( 'NONE', #1808, #490 ) ;
#482 = ORIENTED_EDGE ( 'NONE', *, *, #3160, .F. ) ;
#483 = DIRECTION ( 'NONE',  ( -0.000000000000000000, -0.000000000000000000, -1.000000000000000000 ) ) ;
#484 = VECTOR ( 'NONE', #5762, 1000.000000000000000 ) ;
#485 = DIRECTION ( 'NONE',  ( 1.000000000000000000, 0.000000000000000000, -0.000000000000000000 ) ) ;
#486 = DIRECTION ( 'NONE',  ( 0.000000000000000000, 1.000000000000000000, 0.000000000000000000 ) ) ;
#487 = VECTOR ( 'NONE', #7163, 1000.000000000000000 ) ;
#488 = DIRECTION ( 'NONE',  ( 0.7071067811865473507, 0.000000000000000000, -0.7071067811865476838 ) ) ;
#489 = ORIENTED_EDGE ( 'NONE', *, *, #1427, .F. ) ;
#490 = VECTOR ( 'NONE', #5307, 1000.000000000000000 ) ;
#491 = ORIENTED_EDGE ( 'NONE', *, *, #718, .T. ) ;
#492 = DIRECTION ( 'NONE',  ( -1.000000000000000000, 0.000000000000000000, 2.439149994343089694E-16 ) ) ;
#493 = DIRECTION ( 'NONE',  ( 0.7071067811865473507, 0.000000000000000000, -0.7071067811865476838 ) ) ;
#494 = VECTOR ( 'NONE', #3685, 1000.000000000000000 ) ;
#495 = PLANE ( 'NONE',  #3092 ) ;
#496 = DIRECTION ( 'NONE',  ( -1.000000000000000000, -0.000000000000000000, -0.000000000000000000 ) ) ;
#497 = DIRECTION ( 'NONE',  ( 0.7071067811865459074, 0.000000000000000000, 0.7071067811865491270 ) ) ;
#498 = VECTOR ( 'NONE', #5492, 1000.000000000000000 ) ;
#499 = DIRECTION ( 'NONE',  ( 0.000000000000000000, 0.000000000000000000, -1.000000000000000000 ) ) ;
#500 = ORIENTED_EDGE ( 'NONE', *, *, #3391, .F. ) ;
#501 = VECTOR ( 'NONE', #2028, 1000.000000000000000 ) ;
#502 = VECTOR ( 'NONE', #4143, 1000.000000000000000 ) ;
#503 = ORIENTED_EDGE ( 'NONE', *, *, #3635, .T. ) ;
#504 = LINE ( 'NONE', #2865, #4910 ) ;
#505 = FACE_OUTER_BOUND ( 'NONE', #5671, .T. ) ;
#506 = ORIENTED_EDGE ( 'NONE', *, *, #1608, .T. ) ;
#507 = VERTEX_POINT ( 'NONE', #7674 ) ;
#508 = LINE ( 'NONE', #2904, #3110 ) ;
#509 = LINE ( 'NONE', #1020, #3070 ) ;
#510 = MECHANICAL_DESIGN_GEOMETRIC_PRESENTATION_REPRESENTATION (  '', ( #7584 ), #1509 ) ;
#511 = VECTOR ( 'NONE', #6106, 1000.000000000000000 ) ;
#512 = EDGE_CURVE ( 'NONE', #5664, #4496, #6504, .T. ) ;
#513 = ADVANCED_FACE ( 'NONE', ( #4715 ), #4251, .F. ) ;
#514 = AXIS2_PLACEMENT_3D ( 'NONE', #2110, #977, #5177 ) ;
#515 = AXIS2_PLACEMENT_3D ( 'NONE', #6966, #4549, #5183 ) ;
#516 = LINE ( 'NONE', #4162, #7020 ) ;
#517 = EDGE_LOOP ( 'NONE', ( #3803, #165, #1264, #1640 ) ) ;
#518 = EDGE_CURVE ( 'NONE', #7333, #4468, #2887, .T. ) ;
#519 = DIRECTION ( 'NONE',  ( 0.000000000000000000, 0.000000000000000000, -1.000000000000000000 ) ) ;
#520 = DIRECTION ( 'NONE',  ( 0.7071067811865473507, 0.000000000000000000, -0.7071067811865476838 ) ) ;
#521 = EDGE_CURVE ( 'NONE', #5867, #7005, #1266, .T. ) ;
#522 = VECTOR ( 'NONE', #6603, 1000.000000000000000 ) ;
#523 = DIRECTION ( 'NONE',  ( -0.7071067811865474617, -0.000000000000000000, 0.7071067811865474617 ) ) ;
#524 = CARTESIAN_POINT ( 'NONE',  ( 17.39900000000000091, 0.000000000000000000, 1.270000000000002904 ) ) ;
#525 = ORIENTED_EDGE ( 'NONE', *, *, #5158, .T. ) ;
#526 = CARTESIAN_POINT ( 'NONE',  ( 0.2446143550033490766, 8.382000000000001450, 0.2446143550033490766 ) ) ;
#527 = ORIENTED_EDGE ( 'NONE', *, *, #7531, .T. ) ;
#528 = CARTESIAN_POINT ( 'NONE',  ( 14.85899999999999999, 2.540000000000000036, -1.269999999999997353 ) ) ;
#529 = ORIENTED_EDGE ( 'NONE', *, *, #6656, .T. ) ;
#530 = DIRECTION ( 'NONE',  ( 0.000000000000000000, 1.000000000000000000, 0.000000000000000000 ) ) ;
#531 = EDGE_CURVE ( 'NONE', #5230, #2125, #1304, .T. ) ;
#532 = DIRECTION ( 'NONE',  ( 2.439149994343089694E-16, -0.000000000000000000, 1.000000000000000000 ) ) ;
#533 =( LENGTH_UNIT ( ) NAMED_UNIT ( * ) SI_UNIT ( .MILLI., .METRE. ) );
#534 = ORIENTED_EDGE ( 'NONE', *, *, #6016, .T. ) ;
#535 = ORIENTED_EDGE ( 'NONE', *, *, #3498, .F. ) ;
#536 = FACE_OUTER_BOUND ( 'NONE', #5204, .T. ) ;
#537 = ORIENTED_EDGE ( 'NONE', *, *, #5595, .T. ) ;
#538 = FACE_OUTER_BOUND ( 'NONE', #6530, .T. ) ;
#539 = LINE ( 'NONE', #4684, #6564 ) ;
#540 = LINE ( 'NONE', #1672, #6213 ) ;
#541 = DIRECTION ( 'NONE',  ( 1.000000000000000000, 0.000000000000000000, -2.439149994343089694E-16 ) ) ;
#542 = UNCERTAINTY_MEASURE_WITH_UNIT (LENGTH_MEASURE( 1.000000000000000082E-05 ), #5013, 'distance_accuracy_value', 'NONE');
#543 = UNCERTAINTY_MEASURE_WITH_UNIT (LENGTH_MEASURE( 1.000000000000000082E-05 ), #533, 'distance_accuracy_value', 'NONE');
#544 = ORIENTED_EDGE ( 'NONE', *, *, #7493, .T. ) ;
#545 = ORIENTED_EDGE ( 'NONE', *, *, #2817, .F. ) ;
#546 = CARTESIAN_POINT ( 'NONE',  ( -19.36749999999999972, 2.540000000000000036, 0.3175000000000017808 ) ) ;
#547 = DIRECTION ( 'NONE',  ( 0.000000000000000000, 1.000000000000000000, 0.000000000000000000 ) ) ;
#548 = ORIENTED_EDGE ( 'NONE', *, *, #3595, .T. ) ;
#549 = VERTEX_POINT ( 'NONE', #3627 ) ;
#550 = DIRECTION ( 'NONE',  ( 1.000000000000000000, -0.000000000000000000, 0.000000000000000000 ) ) ;
#551 = CARTESIAN_POINT ( 'NONE',  ( -8.000999999999999446, 0.000000000000000000, -1.269999999999997353 ) ) ;
#552 = CONTEXT_DEPENDENT_SHAPE_REPRESENTATION ( #4686, #7404 ) ;
#553 = CARTESIAN_POINT ( 'NONE',  ( 14.28750000000000142, 0.000000000000000000, 0.3175000000000017808 ) ) ;
#554 = ADVANCED_FACE ( 'NONE', ( #90 ), #4136, .T. ) ;
#555 = ORIENTED_EDGE ( 'NONE', *, *, #7465, .F. ) ;
#556 = EDGE_CURVE ( 'NONE', #910, #917, #3548, .T. ) ;
#557 = DIRECTION ( 'NONE',  ( 0.000000000000000000, -0.000000000000000000, 1.000000000000000000 ) ) ;
#558 = VECTOR ( 'NONE', #601, 1000.000000000000000 ) ;
#559 = LINE ( 'NONE', #1178, #7441 ) ;
#560 = VECTOR ( 'NONE', #1089, 1000.000000000000000 ) ;
#561 = CARTESIAN_POINT ( 'NONE',  ( -17.78000000000000114, 2.540000000000000036, 0.8890000000000015667 ) ) ;
#562 =( NAMED_UNIT ( * ) SI_UNIT ( $, .STERADIAN. ) SOLID_ANGLE_UNIT ( ) );
#563 = VECTOR ( 'NONE', #2152, 1000.000000000000000 ) ;
#564 = ORIENTED_EDGE ( 'NONE', *, *, #1411, .T. ) ;
#565 = PLANE ( 'NONE',  #6643 ) ;
#566 = VERTEX_POINT ( 'NONE', #3000 ) ;
#567 = EDGE_CURVE ( 'NONE', #58, #1013, #4174, .T. ) ;
#568 = CARTESIAN_POINT ( 'NONE',  ( -5.080000000000000959, 0.000000000000000000, -0.8889999999999974589 ) ) ;
#569 = ORIENTED_EDGE ( 'NONE', *, *, #6590, .F. ) ;
#570 = CARTESIAN_POINT ( 'NONE',  ( 18.73250000000000171, 0.000000000000000000, 0.3175000000000017808 ) ) ;
#571 = PRESENTATION_LAYER_ASSIGNMENT (  '', '', ( #6516 ) ) ;
#572 = PRODUCT_DEFINITION_CONTEXT ( 'detailed design', #1671, 'design' ) ;
#573 = FACE_OUTER_BOUND ( 'NONE', #2668, .T. ) ;
#574 = PRESENTATION_LAYER_ASSIGNMENT (  '', '', ( #3906 ) ) ;
#575 = CARTESIAN_POINT ( 'NONE',  ( -13.08099999999999952, 0.000000000000000000, 1.270000000000002904 ) ) ;
#576 = VERTEX_POINT ( 'NONE', #685 ) ;
#577 = ORIENTED_EDGE ( 'NONE', *, *, #718, .F. ) ;
#578 = EDGE_CURVE ( 'NONE', #2485, #1675, #3036, .T. ) ;
#579 = LINE ( 'NONE', #7563, #1547 ) ;
#580 = CARTESIAN_POINT ( 'NONE',  ( -19.36749999999999972, 2.540000000000000036, 0.3175000000000017808 ) ) ;
#581 = CARTESIAN_POINT ( 'NONE',  ( -0.2446143550033490766, 8.382000000000001450, 0.2446143550033490766 ) ) ;
#582 = LINE ( 'NONE', #1785, #6311 ) ;
#583 = LINE ( 'NONE', #6984, #4346 ) ;
#584 = AXIS2_PLACEMENT_3D ( 'NONE', #7274, #793, #2573 ) ;
#585 = CARTESIAN_POINT ( 'NONE',  ( 0.3174999999999999489, 2.540000000000000036, 0.3174999999999999489 ) ) ;
#586 = EDGE_LOOP ( 'NONE', ( #6090, #2664, #336, #1016, #3581, #3337, #7038, #6832 ) ) ;
#587 = VERTEX_POINT ( 'NONE', #7127 ) ;
#588 = CARTESIAN_POINT ( 'NONE',  ( -19.36749999999999972, 0.000000000000000000, -0.3174999999999983946 ) ) ;
#589 = FILL_AREA_STYLE ('',( #5907 ) ) ;
#590 = VERTEX_POINT ( 'NONE', #1809 ) ;
#591 = DIRECTION ( 'NONE',  ( -0.000000000000000000, -0.000000000000000000, 1.000000000000000000 ) ) ;
#592 = LINE ( 'NONE', #3566, #4198 ) ;
#593 = CARTESIAN_POINT ( 'NONE',  ( 0.000000000000000000, 0.000000000000000000, -0.8889999999999974589 ) ) ;
#594 = VERTEX_POINT ( 'NONE', #6544 ) ;
#595 = FACE_BOUND ( 'NONE', #6407, .T. ) ;
#596 = DIRECTION ( 'NONE',  ( 0.000000000000000000, 1.000000000000000000, 0.000000000000000000 ) ) ;
#597 = CARTESIAN_POINT ( 'NONE',  ( 0.000000000000000000, 2.540000000000000036, -0.8889999999999974589 ) ) ;
#598 = EDGE_CURVE ( 'NONE', #6299, #5308, #4841, .T. ) ;
#599 = DIRECTION ( 'NONE',  ( 0.000000000000000000, 0.000000000000000000, 1.000000000000000000 ) ) ;
#600 = ORIENTED_EDGE ( 'NONE', *, *, #5968, .F. ) ;
#601 = DIRECTION ( 'NONE',  ( -0.000000000000000000, -0.000000000000000000, 1.000000000000000000 ) ) ;
#602 = VERTEX_POINT ( 'NONE', #7639 ) ;
#603 = DIRECTION ( 'NONE',  ( -1.000000000000000000, 0.000000000000000000, 0.000000000000000000 ) ) ;
#604 = CARTESIAN_POINT ( 'NONE',  ( -19.36749999999999972, 0.000000000000000000, -0.3174999999999983946 ) ) ;
#605 = EDGE_CURVE ( 'NONE', #6951, #1220, #7048, .T. ) ;
#606 = CARTESIAN_POINT ( 'NONE',  ( -0.3809999999999993947, 2.540000000000000036, 1.270000000000002904 ) ) ;
#607 = ADVANCED_FACE ( 'NONE', ( #4099 ), #3512, .F. ) ;
#608 = VECTOR ( 'NONE', #121, 1000.000000000000000 ) ;
#609 = EDGE_CURVE ( 'NONE', #4445, #7085, #6778, .T. ) ;
#610 = CARTESIAN_POINT ( 'NONE',  ( 3.492500000000002380, 0.000000000000000000, 0.3175000000000017808 ) ) ;
#611 = ORIENTED_EDGE ( 'NONE', *, *, #6884, .T. ) ;
#612 = ORIENTED_EDGE ( 'NONE', *, *, #6342, .F. ) ;
#613 =( LENGTH_UNIT ( ) NAMED_UNIT ( * ) SI_UNIT ( .MILLI., .METRE. ) );
#614 = CARTESIAN_POINT ( 'NONE',  ( 7.620000000000001883, 2.540000000000000036, -0.8889999999999974589 ) ) ;
#615 = VECTOR ( 'NONE', #5321, 1000.000000000000000 ) ;
#616 = EDGE_CURVE ( 'NONE', #7564, #6283, #7506, .T. ) ;
#617 = CARTESIAN_POINT ( 'NONE',  ( 4.699000000000001620, 2.540000000000000036, -1.269999999999997353 ) ) ;
#618 = CARTESIAN_POINT ( 'NONE',  ( -2.540000000000000480, 0.000000000000000000, -0.8889999999999974589 ) ) ;
#619 = FACE_OUTER_BOUND ( 'NONE', #1913, .T. ) ;
#620 = VECTOR ( 'NONE', #3955, 1000.000000000000000 ) ;
#621 = ADVANCED_FACE ( 'NONE', ( #1343 ), #806, .F. ) ;
#622 = FACE_OUTER_BOUND ( 'NONE', #4377, .T. ) ;
#623 = AXIS2_PLACEMENT_3D ( 'NONE', #287, #2650, #7395 ) ;
#624 = EDGE_LOOP ( 'NONE', ( #159, #5486, #5784, #455, #4964, #4411, #7239, #5487 ) ) ;
#625 = ORIENTED_EDGE ( 'NONE', *, *, #5238, .F. ) ;
#626 = DIRECTION ( 'NONE',  ( -1.000000000000000000, -0.000000000000000000, 2.439149994343089694E-16 ) ) ;
#627 = VECTOR ( 'NONE', #186, 1000.000000000000000 ) ;
#628 = FILL_AREA_STYLE ('',( #1912 ) ) ;
#629 = ORIENTED_EDGE ( 'NONE', *, *, #2455, .T. ) ;
#630 = PLANE ( 'NONE',  #6826 ) ;
#631 = CARTESIAN_POINT ( 'NONE',  ( 0.000000000000000000, 0.000000000000000000, -0.8889999999999981251 ) ) ;
#632 = MECHANICAL_DESIGN_GEOMETRIC_PRESENTATION_REPRESENTATION (  '', ( #2122 ), #3590 ) ;
#633 = CARTESIAN_POINT ( 'NONE',  ( -1.587499999999998579, 0.000000000000000000, -0.3174999999999983946 ) ) ;
#634 = AXIS2_PLACEMENT_3D ( 'NONE', #1633, #5200, #4612 ) ;
#635 = DIRECTION ( 'NONE',  ( -1.000000000000000000, 0.000000000000000000, -0.000000000000000000 ) ) ;
#636 = PRODUCT_DEFINITION_SHAPE ( 'NONE', 'NONE',  #7702 ) ;
#637 = FACE_OUTER_BOUND ( 'NONE', #2164, .T. ) ;
#638 = ORIENTED_EDGE ( 'NONE', *, *, #5225, .T. ) ;
#639 = STYLED_ITEM ( 'NONE', ( #1305 ), #2293 ) ;
#640 = CARTESIAN_POINT ( 'NONE',  ( 0.9525000000000019007, 0.000000000000000000, 0.3175000000000017808 ) ) ;
#641 = CLOSED_SHELL ( 'NONE', ( #7306, #4441, #5310, #2599, #6602, #1652, #6687, #3198, #1644, #4011, #819, #6444, #513, #4451 ) ) ;
#642 = LINE ( 'NONE', #6999, #5590 ) ;
#643 = DIRECTION ( 'NONE',  ( 2.439149994343089694E-16, -0.000000000000000000, 1.000000000000000000 ) ) ;
#644 = VECTOR ( 'NONE', #84, 1000.000000000000000 ) ;
#645 = ORIENTED_EDGE ( 'NONE', *, *, #6549, .T. ) ;
#646 = CARTESIAN_POINT ( 'NONE',  ( -19.93900000000000361, 0.000000000000000000, -1.269999999999996909 ) ) ;
#647 = VERTEX_POINT ( 'NONE', #3925 ) ;
#648 = DIRECTION ( 'NONE',  ( 0.000000000000000000, 1.000000000000000000, 0.000000000000000000 ) ) ;
#649 = CARTESIAN_POINT ( 'NONE',  ( -14.28749999999999787, 0.000000000000000000, -0.3174999999999983946 ) ) ;
#650 = VECTOR ( 'NONE', #2277, 1000.000000000000000 ) ;
#651 =( NAMED_UNIT ( * ) PLANE_ANGLE_UNIT ( ) SI_UNIT ( $, .RADIAN. ) );
#652 = ORIENTED_EDGE ( 'NONE', *, *, #3932, .F. ) ;
#653 = EDGE_CURVE ( 'NONE', #3564, #4140, #4327, .T. ) ;
#654 = ORIENTED_EDGE ( 'NONE', *, *, #2642, .F. ) ;
#655 = SURFACE_STYLE_FILL_AREA ( #149 ) ;
#656 = CARTESIAN_POINT ( 'NONE',  ( 16.19250000000000256, 0.000000000000000000, -0.3174999999999983946 ) ) ;
#657 = EDGE_CURVE ( 'NONE', #5218, #6702, #2180, .T. ) ;
#658 = EDGE_CURVE ( 'NONE', #4918, #6908, #2757, .T. ) ;
#659 = LINE ( 'NONE', #4894, #1376 ) ;
#660 = LINE ( 'NONE', #2399, #4202 ) ;
#661 = CARTESIAN_POINT ( 'NONE',  ( -20.32000000000000028, 0.000000000000000000, -0.8889999999999974589 ) ) ;
#662 = DIRECTION ( 'NONE',  ( 0.7071067811865473507, 0.000000000000000000, -0.7071067811865476838 ) ) ;
#663 = ORIENTED_EDGE ( 'NONE', *, *, #288, .F. ) ;
#664 = ORIENTED_EDGE ( 'NONE', *, *, #1903, .F. ) ;
#665 = DIRECTION ( 'NONE',  ( -0.000000000000000000, -0.000000000000000000, -1.000000000000000000 ) ) ;
#666 = SURFACE_STYLE_USAGE ( .BOTH. , #34 ) ;
#667 = ORIENTED_EDGE ( 'NONE', *, *, #7104, .F. ) ;
#668 = ADVANCED_FACE ( 'NONE', ( #4540 ), #1459, .T. ) ;
#669 = LINE ( 'NONE', #3725, #511 ) ;
#670 = CARTESIAN_POINT ( 'NONE',  ( -8.000999999999999446, 0.000000000000000000, -1.269999999999997353 ) ) ;
#671 = CARTESIAN_POINT ( 'NONE',  ( -0.2446143550033492986, -10.66799999999999926, -0.2446143550033492986 ) ) ;
#672 = CARTESIAN_POINT ( 'NONE',  ( 17.39900000000000091, 0.000000000000000000, -1.269999999999997353 ) ) ;
#673 = DIRECTION ( 'NONE',  ( 1.000000000000000000, 0.000000000000000000, -2.439149994343089694E-16 ) ) ;
#674 = ORIENTED_EDGE ( 'NONE', *, *, #6437, .F. ) ;
#675 = EDGE_CURVE ( 'NONE', #2804, #418, #7368, .T. ) ;
#676 = CARTESIAN_POINT ( 'NONE',  ( 3.492500000000002380, 0.000000000000000000, -0.3174999999999983946 ) ) ;
#677 = CARTESIAN_POINT ( 'NONE',  ( 20.32000000000000028, 2.540000000000000036, -0.8889999999999981251 ) ) ;
#678 = AXIS2_PLACEMENT_3D ( 'NONE', #68, #158, #7264 ) ;
#679 = CARTESIAN_POINT ( 'NONE',  ( -1.587499999999998579, 0.000000000000000000, 0.3175000000000017808 ) ) ;
#680 = DIRECTION ( 'NONE',  ( 1.000000000000000000, 0.000000000000000000, 0.000000000000000000 ) ) ;
#681 = VERTEX_POINT ( 'NONE', #6293 ) ;
#682 = DIRECTION ( 'NONE',  ( -1.000000000000000000, -0.000000000000000000, 2.439149994343089694E-16 ) ) ;
#683 = EDGE_LOOP ( 'NONE', ( #6804, #1719, #3560, #1192 ) ) ;
#684 = LINE ( 'NONE', #89, #6365 ) ;
#685 = CARTESIAN_POINT ( 'NONE',  ( -10.54100000000000037, 0.000000000000000000, 1.270000000000002904 ) ) ;
#686 = DIRECTION ( 'NONE',  ( 1.000000000000000000, 0.000000000000000000, 0.000000000000000000 ) ) ;
#687 = LINE ( 'NONE', #56, #125 ) ;
#688 = ORIENTED_EDGE ( 'NONE', *, *, #3928, .F. ) ;
#689 = ORIENTED_EDGE ( 'NONE', *, *, #178, .F. ) ;
#690 = VERTEX_POINT ( 'NONE', #764 ) ;
#691 = LINE ( 'NONE', #3043, #1666 ) ;
#692 = CARTESIAN_POINT ( 'NONE',  ( 15.24000000000000021, 0.000000000000000000, 0.8890000000000022329 ) ) ;
#693 = DIRECTION ( 'NONE',  ( 1.000000000000000000, 0.000000000000000000, 0.000000000000000000 ) ) ;
#694 = CARTESIAN_POINT ( 'NONE',  ( 12.69999999999999929, 0.000000000000000000, 0.8890000000000022329 ) ) ;
#695 = DIRECTION ( 'NONE',  ( 0.7071067811865456854, 0.000000000000000000, -0.7071067811865493491 ) ) ;
#696 = DIRECTION ( 'NONE',  ( -0.7071067811865476838, 0.000000000000000000, -0.7071067811865473507 ) ) ;
#697 = PRESENTATION_LAYER_ASSIGNMENT (  '', '', ( #1064 ) ) ;
#698 = EDGE_CURVE ( 'NONE', #1590, #21, #2043, .T. ) ;
#699 = ADVANCED_FACE ( 'NONE', ( #973 ), #1967, .F. ) ;
#700 = EDGE_LOOP ( 'NONE', ( #5760, #6946, #1432, #6419 ) ) ;
#701 = VERTEX_POINT ( 'NONE', #6745 ) ;
#702 = DIRECTION ( 'NONE',  ( 0.000000000000000000, 1.000000000000000000, 0.000000000000000000 ) ) ;
#703 = ORIENTED_EDGE ( 'NONE', *, *, #6355, .T. ) ;
#704 = LINE ( 'NONE', #1244, #373 ) ;
#705 = DIRECTION ( 'NONE',  ( 2.439149994343089694E-16, -0.000000000000000000, 1.000000000000000000 ) ) ;
#706 = AXIS2_PLACEMENT_3D ( 'NONE', #6767, #284, #4430 ) ;
#707 = EDGE_CURVE ( 'NONE', #4733, #6255, #5718, .T. ) ;
#708 = LINE ( 'NONE', #5375, #3728 ) ;
#709 = DIRECTION ( 'NONE',  ( -0.7071067811865491270, 0.000000000000000000, 0.7071067811865459074 ) ) ;
#710 = ADVANCED_FACE ( 'NONE', ( #1595 ), #399, .T. ) ;
#711 = EDGE_CURVE ( 'NONE', #1271, #1850, #5139, .T. ) ;
#712 = VECTOR ( 'NONE', #5061, 1000.000000000000000 ) ;
#713 = LINE ( 'NONE', #4823, #5670 ) ;
#714 = ORIENTED_EDGE ( 'NONE', *, *, #4737, .F. ) ;
#715 = DIRECTION ( 'NONE',  ( -2.439149994343089694E-16, 0.000000000000000000, -1.000000000000000000 ) ) ;
#716 = DIRECTION ( 'NONE',  ( 0.000000000000000000, 0.000000000000000000, 1.000000000000000000 ) ) ;
#717 = CARTESIAN_POINT ( 'NONE',  ( -18.16100000000000136, 0.000000000000000000, -1.269999999999997353 ) ) ;
#718 = EDGE_CURVE ( 'NONE', #3501, #3184, #6914, .T. ) ;
#719 = CARTESIAN_POINT ( 'NONE',  ( -8.890000000000000568, 0.000000000000000000, 1.788933584601082316E-15 ) ) ;
#720 = ORIENTED_EDGE ( 'NONE', *, *, #3497, .T. ) ;
#721 = DIRECTION ( 'NONE',  ( 0.000000000000000000, 1.000000000000000000, 0.000000000000000000 ) ) ;
#722 = ORIENTED_EDGE ( 'NONE', *, *, #2051, .T. ) ;
#723 = CARTESIAN_POINT ( 'NONE',  ( 5.461000000000000298, 2.540000000000000036, -1.269999999999996909 ) ) ;
#724 = DIRECTION ( 'NONE',  ( 1.000000000000000000, 0.000000000000000000, -2.439149994343089694E-16 ) ) ;
#725 = CARTESIAN_POINT ( 'NONE',  ( 2.920999999999999819, 0.000000000000000000, 1.270000000000003348 ) ) ;
#726 = ORIENTED_EDGE ( 'NONE', *, *, #4987, .F. ) ;
#727 = ORIENTED_EDGE ( 'NONE', *, *, #6261, .T. ) ;
#728 = VERTEX_POINT ( 'NONE', #4883 ) ;
#729 = DIRECTION ( 'NONE',  ( -1.000000000000000000, 0.000000000000000000, 0.000000000000000000 ) ) ;
#730 = CARTESIAN_POINT ( 'NONE',  ( -0.3174999999999999489, 2.540000000000000036, 0.3174999999999999489 ) ) ;
#731 = PLANE ( 'NONE',  #4329 ) ;
#732 = VECTOR ( 'NONE', #2535, 1000.000000000000000 ) ;
#733 = CARTESIAN_POINT ( 'NONE',  ( 3.492500000000002380, 0.000000000000000000, 0.3175000000000017808 ) ) ;
#734 = CARTESIAN_POINT ( 'NONE',  ( 5.461000000000000298, 2.540000000000000036, 1.270000000000003348 ) ) ;
#735 = ORIENTED_EDGE ( 'NONE', *, *, #6878, .T. ) ;
#736 = VECTOR ( 'NONE', #5022, 1000.000000000000000 ) ;
#737 = ORIENTED_EDGE ( 'NONE', *, *, #2224, .F. ) ;
#738 = FACE_OUTER_BOUND ( 'NONE', #6402, .T. ) ;
#739 = ORIENTED_EDGE ( 'NONE', *, *, #4165, .T. ) ;
#740 = VECTOR ( 'NONE', #1052, 1000.000000000000000 ) ;
#741 = LINE ( 'NONE', #197, #4107 ) ;
#742 = CARTESIAN_POINT ( 'NONE',  ( 2.920999999999999819, 0.000000000000000000, -1.269999999999996909 ) ) ;
#743 = CARTESIAN_POINT ( 'NONE',  ( 17.78000000000000114, 0.000000000000000000, -0.8889999999999974589 ) ) ;
#744 = AXIS2_PLACEMENT_3D ( 'NONE', #1688, #7594, #7118 ) ;
#745 = DIRECTION ( 'NONE',  ( -1.000000000000000000, 0.000000000000000000, 0.000000000000000000 ) ) ;
#746 = VERTEX_POINT ( 'NONE', #2010 ) ;
#747 = AXIS2_PLACEMENT_3D ( 'NONE', #4637, #6974, #5697 ) ;
#748 = VECTOR ( 'NONE', #3444, 1000.000000000000000 ) ;
#749 = CARTESIAN_POINT ( 'NONE',  ( -5.080000000000000959, 0.000000000000000000, -0.8889999999999974589 ) ) ;
#750 = ORIENTED_EDGE ( 'NONE', *, *, #2651, .F. ) ;
#751 = DIRECTION ( 'NONE',  ( -0.000000000000000000, -0.000000000000000000, 1.000000000000000000 ) ) ;
#752 = ADVANCED_FACE ( 'NONE', ( #7247 ), #6083, .T. ) ;
#753 = ADVANCED_FACE ( 'NONE', ( #5582 ), #5756, .F. ) ;
#754 = CARTESIAN_POINT ( 'NONE',  ( -2.540000000000000480, 2.540000000000000036, -0.8889999999999974589 ) ) ;
#755 = VECTOR ( 'NONE', #1792, 1000.000000000000000 ) ;
#756 = DIRECTION ( 'NONE',  ( 0.000000000000000000, 0.000000000000000000, -1.000000000000000000 ) ) ;
#757 = AXIS2_PLACEMENT_3D ( 'NONE', #6575, #4246, #680 ) ;
#758 = DIRECTION ( 'NONE',  ( 0.000000000000000000, 0.000000000000000000, 1.000000000000000000 ) ) ;
#759 = ORIENTED_EDGE ( 'NONE', *, *, #4165, .F. ) ;
#760 = AXIS2_PLACEMENT_3D ( 'NONE', #3995, #1707, #4111 ) ;
#761 = FACE_OUTER_BOUND ( 'NONE', #1713, .T. ) ;
#762 = VERTEX_POINT ( 'NONE', #2213 ) ;
#763 = DIRECTION ( 'NONE',  ( 0.000000000000000000, 1.000000000000000000, 0.000000000000000000 ) ) ;
#764 = CARTESIAN_POINT ( 'NONE',  ( 5.080000000000000959, 2.540000000000000036, -0.8889999999999981251 ) ) ;
#765 = EDGE_CURVE ( 'NONE', #5447, #820, #3410, .T. ) ;
#766 = VECTOR ( 'NONE', #485, 1000.000000000000000 ) ;
#767 = FACE_OUTER_BOUND ( 'NONE', #4652, .T. ) ;
#768 = AXIS2_PLACEMENT_3D ( 'NONE', #1386, #214, #7328 ) ;
#769 = DIRECTION ( 'NONE',  ( -0.000000000000000000, 1.000000000000000000, 0.000000000000000000 ) ) ;
#770 = ORIENTED_EDGE ( 'NONE', *, *, #1993, .F. ) ;
#771 = EDGE_LOOP ( 'NONE', ( #128, #6518, #1585, #6276 ) ) ;
#772 = AXIS2_PLACEMENT_3D ( 'NONE', #1063, #985, #6343 ) ;
#773 = EDGE_LOOP ( 'NONE', ( #6428, #4816, #1781, #6430 ) ) ;
#774 = FILL_AREA_STYLE_COLOUR ( '', #4759 ) ;
#775 = DIRECTION ( 'NONE',  ( 1.000000000000000000, 0.000000000000000000, -2.439149994343089694E-16 ) ) ;
#776 = ADVANCED_FACE ( 'NONE', ( #6371 ), #7660, .F. ) ;
#777 = DIRECTION ( 'NONE',  ( -1.000000000000000000, 0.000000000000000000, 0.000000000000000000 ) ) ;
#778 = DIRECTION ( 'NONE',  ( 1.000000000000000000, 0.000000000000000000, -0.000000000000000000 ) ) ;
#779 = LINE ( 'NONE', #3354, #7209 ) ;
#780 = FACE_OUTER_BOUND ( 'NONE', #6396, .T. ) ;
#781 = APPLICATION_CONTEXT ( 'automotive_design' ) ;
#782 = VECTOR ( 'NONE', #6722, 1000.000000000000000 ) ;
#783 = ORIENTED_EDGE ( 'NONE', *, *, #269, .F. ) ;
#784 = ORIENTED_EDGE ( 'NONE', *, *, #6429, .F. ) ;
#785 = PLANE ( 'NONE',  #678 ) ;
#786 = CARTESIAN_POINT ( 'NONE',  ( -13.08099999999999952, 0.000000000000000000, -1.269999999999997353 ) ) ;
#787 = ORIENTED_EDGE ( 'NONE', *, *, #7532, .T. ) ;
#788 = CARTESIAN_POINT ( 'NONE',  ( -9.207499999999997797, 0.000000000000000000, 0.3175000000000017808 ) ) ;
#789 = CARTESIAN_POINT ( 'NONE',  ( 10.16000000000000192, 0.000000000000000000, -0.8889999999999981251 ) ) ;
#790 = LINE ( 'NONE', #4193, #5602 ) ;
#791 = CARTESIAN_POINT ( 'NONE',  ( -0.3174999999999999489, 8.039099999999994139, 0.3174999999999999489 ) ) ;
#792 = ORIENTED_EDGE ( 'NONE', *, *, #91, .T. ) ;
#793 = DIRECTION ( 'NONE',  ( 1.000000000000000000, 0.000000000000000000, 0.000000000000000000 ) ) ;
#794 = VERTEX_POINT ( 'NONE', #4122 ) ;
#795 = LINE ( 'NONE', #4788, #6927 ) ;
#796 = AXIS2_PLACEMENT_3D ( 'NONE', #4559, #3520, #7610 ) ;
#797 = CARTESIAN_POINT ( 'NONE',  ( 9.779000000000003467, 0.000000000000000000, -1.269999999999997353 ) ) ;
#798 = FACE_OUTER_BOUND ( 'NONE', #4141, .T. ) ;
#799 = DIRECTION ( 'NONE',  ( 1.000000000000000000, 0.000000000000000000, 0.000000000000000000 ) ) ;
#800 = ADVANCED_FACE ( 'NONE', ( #4080, #2335 ), #4695, .F. ) ;
#801 = EDGE_CURVE ( 'NONE', #6241, #2198, #7623, .T. ) ;
#802 = ORIENTED_EDGE ( 'NONE', *, *, #1717, .F. ) ;
#803 = CARTESIAN_POINT ( 'NONE',  ( 0.3809999999999993947, 2.540000000000000036, 1.270000000000003348 ) ) ;
#804 = ORIENTED_EDGE ( 'NONE', *, *, #7655, .T. ) ;
#805 = DIRECTION ( 'NONE',  ( -1.000000000000000000, 0.000000000000000000, 0.000000000000000000 ) ) ;
#806 = PLANE ( 'NONE',  #3231 ) ;
#807 = EDGE_CURVE ( 'NONE', #6282, #1438, #2870, .T. ) ;
#808 = CARTESIAN_POINT ( 'NONE',  ( 9.779000000000003467, 0.000000000000000000, -1.269999999999997353 ) ) ;
#809 = DIRECTION ( 'NONE',  ( 0.7071067811865493491, -0.000000000000000000, 0.7071067811865456854 ) ) ;
#810 = EDGE_CURVE ( 'NONE', #7005, #4437, #1642, .T. ) ;
#811 = ORIENTED_EDGE ( 'NONE', *, *, #5457, .T. ) ;
#812 = VERTEX_POINT ( 'NONE', #6993 ) ;
#813 = COLOUR_RGB ( '',0.2509803921568627416, 0.2509803921568627416, 0.2509803921568627416 ) ;
#814 = VERTEX_POINT ( 'NONE', #7580 ) ;
#815 = CARTESIAN_POINT ( 'NONE',  ( -16.19249999999999901, 0.000000000000000000, 0.3175000000000017808 ) ) ;
#816 = CARTESIAN_POINT ( 'NONE',  ( 33.02000000000000313, 0.000000000000000000, 0.000000000000000000 ) ) ;
#817 = LINE ( 'NONE', #7297, #5707 ) ;
#818 = CARTESIAN_POINT ( 'NONE',  ( 8.572500000000003340, 2.540000000000000036, 0.3175000000000017808 ) ) ;
#819 = ADVANCED_FACE ( 'NONE', ( #5873 ), #468, .F. ) ;
#820 = VERTEX_POINT ( 'NONE', #2299 ) ;
#821 = VERTEX_POINT ( 'NONE', #7035 ) ;
#822 = AXIS2_PLACEMENT_3D ( 'NONE', #1603, #5109, #326 ) ;
#823 = DIRECTION ( 'NONE',  ( 0.000000000000000000, 1.000000000000000000, 0.000000000000000000 ) ) ;
#824 = CARTESIAN_POINT ( 'NONE',  ( 15.24000000000000021, 0.000000000000000000, 0.8890000000000022329 ) ) ;
#825 = ORIENTED_EDGE ( 'NONE', *, *, #4734, .F. ) ;
#826 = CARTESIAN_POINT ( 'NONE',  ( 3.492500000000002380, 0.000000000000000000, 0.3175000000000017808 ) ) ;
#827 = CARTESIAN_POINT ( 'NONE',  ( -9.207499999999997797, 0.000000000000000000, 0.3175000000000017808 ) ) ;
#828 = DIRECTION ( 'NONE',  ( -1.000000000000000000, -0.000000000000000000, 2.439149994343089694E-16 ) ) ;
#829 =( GEOMETRIC_REPRESENTATION_CONTEXT ( 3 ) GLOBAL_UNCERTAINTY_ASSIGNED_CONTEXT ( ( #5288 ) ) GLOBAL_UNIT_ASSIGNED_CONTEXT ( ( #109, #3016, #6645 ) ) REPRESENTATION_CONTEXT ( 'NONE', 'WORKASPACE' ) );
#830 = DIRECTION ( 'NONE',  ( -0.7071067811865476838, 0.000000000000000000, -0.7071067811865473507 ) ) ;
#831 = ORIENTED_EDGE ( 'NONE', *, *, #2130, .T. ) ;
#832 = LINE ( 'NONE', #4195, #4929 ) ;
#833 = ORIENTED_EDGE ( 'NONE', *, *, #6171, .F. ) ;
#834 = CARTESIAN_POINT ( 'NONE',  ( 9.207500000000003126, 0.000000000000000000, 0.3175000000000017808 ) ) ;
#835 = CARTESIAN_POINT ( 'NONE',  ( -10.54100000000000037, 0.000000000000000000, -1.269999999999997353 ) ) ;
#836 = CARTESIAN_POINT ( 'NONE',  ( -8.000999999999999446, 2.540000000000000036, 1.270000000000002904 ) ) ;
#837 = AXIS2_PLACEMENT_3D ( 'NONE', #2254, #4693, #6950 ) ;
#838 = CARTESIAN_POINT ( 'NONE',  ( 16.82750000000000057, 2.540000000000000036, -0.3174999999999983946 ) ) ;
#839 = VERTEX_POINT ( 'NONE', #2258 ) ;
#840 = DIRECTION ( 'NONE',  ( -1.000000000000000000, 0.000000000000000000, 0.000000000000000000 ) ) ;
#841 = DIRECTION ( 'NONE',  ( -1.000000000000000000, 0.000000000000000000, -0.000000000000000000 ) ) ;
#842 = EDGE_CURVE ( 'NONE', #5871, #7122, #508, .T. ) ;
#843 = CARTESIAN_POINT ( 'NONE',  ( 5.080000000000000959, 2.540000000000000036, -0.8889999999999974589 ) ) ;
#844 = DIRECTION ( 'NONE',  ( 0.000000000000000000, 0.000000000000000000, -1.000000000000000000 ) ) ;
#845 = VERTEX_POINT ( 'NONE', #1758 ) ;
#846 = VERTEX_POINT ( 'NONE', #6487 ) ;
#847 = ORIENTED_EDGE ( 'NONE', *, *, #6217, .T. ) ;
#848 = DIRECTION ( 'NONE',  ( 0.000000000000000000, -0.000000000000000000, 1.000000000000000000 ) ) ;
#849 = LINE ( 'NONE', #5516, #4211 ) ;
#850 = EDGE_CURVE ( 'NONE', #812, #5399, #7071, .T. ) ;
#851 = EDGE_CURVE ( 'NONE', #7366, #4134, #1169, .T. ) ;
#852 =( NAMED_UNIT ( * ) PLANE_ANGLE_UNIT ( ) SI_UNIT ( $, .RADIAN. ) );
#853 = DIRECTION ( 'NONE',  ( -0.7071067811865477948, -0.000000000000000000, -0.7071067811865473507 ) ) ;
#854 = VERTEX_POINT ( 'NONE', #5330 ) ;
#855 = VERTEX_POINT ( 'NONE', #1681 ) ;
#856 = DIRECTION ( 'NONE',  ( 1.000000000000000000, 0.000000000000000000, 0.000000000000000000 ) ) ;
#857 = ORIENTED_EDGE ( 'NONE', *, *, #3452, .T. ) ;
#858 = DIRECTION ( 'NONE',  ( 1.000000000000000000, 0.000000000000000000, 0.000000000000000000 ) ) ;
#859 = DIRECTION ( 'NONE',  ( 1.000000000000000000, 0.000000000000000000, 0.000000000000000000 ) ) ;
#860 = ADVANCED_FACE ( 'NONE', ( #2374 ), #2376, .T. ) ;
#861 = CARTESIAN_POINT ( 'NONE',  ( -20.32000000000000028, 2.540000000000000036, 0.8890000000000022329 ) ) ;
#862 =( LENGTH_UNIT ( ) NAMED_UNIT ( * ) SI_UNIT ( .MILLI., .METRE. ) );
#863 = VECTOR ( 'NONE', #3888, 1000.000000000000000 ) ;
#864 = ORIENTED_EDGE ( 'NONE', *, *, #4442, .F. ) ;
#865 = LINE ( 'NONE', #6257, #5789 ) ;
#866 = ORIENTED_EDGE ( 'NONE', *, *, #4998, .T. ) ;
#867 = DIRECTION ( 'NONE',  ( -1.000000000000000000, -0.000000000000000000, -0.000000000000000000 ) ) ;
#868 = VECTOR ( 'NONE', #2188, 1000.000000000000000 ) ;
#869 = ADVANCED_FACE ( 'NONE', ( #432 ), #6409, .T. ) ;
#870 = DIRECTION ( 'NONE',  ( 0.000000000000000000, 1.000000000000000000, 0.000000000000000000 ) ) ;
#871 = DIRECTION ( 'NONE',  ( -0.000000000000000000, -0.000000000000000000, -1.000000000000000000 ) ) ;
#872 = VECTOR ( 'NONE', #6949, 1000.000000000000000 ) ;
#873 = DIRECTION ( 'NONE',  ( 1.000000000000000000, 0.000000000000000000, 0.000000000000000000 ) ) ;
#874 = AXIS2_PLACEMENT_3D ( 'NONE', #3466, #3547, #3582 ) ;
#875 = DIRECTION ( 'NONE',  ( 0.000000000000000000, 1.000000000000000000, 0.000000000000000000 ) ) ;
#876 = ORIENTED_EDGE ( 'NONE', *, *, #707, .T. ) ;
#877 = VECTOR ( 'NONE', #6837, 1000.000000000000000 ) ;
#878 = CARTESIAN_POINT ( 'NONE',  ( 4.699000000000001620, 0.000000000000000000, 1.270000000000002904 ) ) ;
#879 = APPLICATION_CONTEXT ( 'automotive_design' ) ;
#880 = CARTESIAN_POINT ( 'NONE',  ( 12.69999999999999929, 0.000000000000000000, -0.8889999999999981251 ) ) ;
#881 = AXIS2_PLACEMENT_3D ( 'NONE', #733, #3086, #102 ) ;
#882 = DIRECTION ( 'NONE',  ( 0.000000000000000000, 0.000000000000000000, 1.000000000000000000 ) ) ;
#883 = AXIS2_PLACEMENT_3D ( 'NONE', #6752, #5632, #2589 ) ;
#884 = ORIENTED_EDGE ( 'NONE', *, *, #6505, .F. ) ;
#885 = VECTOR ( 'NONE', #6196, 1000.000000000000000 ) ;
#886 = VERTEX_POINT ( 'NONE', #5830 ) ;
#887 = VERTEX_POINT ( 'NONE', #5257 ) ;
#888 = CARTESIAN_POINT ( 'NONE',  ( 6.667500000000003091, 2.540000000000000036, 0.3175000000000017808 ) ) ;
#889 = VECTOR ( 'NONE', #1733, 1000.000000000000000 ) ;
#890 = LINE ( 'NONE', #2632, #4339 ) ;
#891 = AXIS2_PLACEMENT_3D ( 'NONE', #7538, #4572, #6953 ) ;
#892 = PRODUCT_DEFINITION_SHAPE ( 'NONE', 'NONE',  #7693 ) ;
#893 = LINE ( 'NONE', #7379, #1524 ) ;
#894 = ORIENTED_EDGE ( 'NONE', *, *, #6253, .F. ) ;
#895 = AXIS2_PLACEMENT_3D ( 'NONE', #6697, #7242, #6659 ) ;
#896 = EDGE_CURVE ( 'NONE', #1043, #2228, #704, .T. ) ;
#897 = ORIENTED_EDGE ( 'NONE', *, *, #7529, .T. ) ;
#898 = CARTESIAN_POINT ( 'NONE',  ( -10.16000000000000014, 0.000000000000000000, 0.8890000000000022329 ) ) ;
#899 = EDGE_CURVE ( 'NONE', #7151, #549, #1325, .T. ) ;
#900 =( NAMED_UNIT ( * ) SI_UNIT ( $, .STERADIAN. ) SOLID_ANGLE_UNIT ( ) );
#901 = ORIENTED_EDGE ( 'NONE', *, *, #616, .T. ) ;
#902 = PLANE ( 'NONE',  #7326 ) ;
#903 = LINE ( 'NONE', #6729, #3705 ) ;
#904 = VECTOR ( 'NONE', #268, 1000.000000000000000 ) ;
#905 = DIRECTION ( 'NONE',  ( -0.000000000000000000, 1.000000000000000000, 0.000000000000000000 ) ) ;
#906 = DIRECTION ( 'NONE',  ( -1.000000000000000000, 0.000000000000000000, 0.000000000000000000 ) ) ;
#907 = VERTEX_POINT ( 'NONE', #1867 ) ;
#908 = EDGE_CURVE ( 'NONE', #3589, #3552, #6649, .T. ) ;
#909 = CARTESIAN_POINT ( 'NONE',  ( 0.3174999999999999489, 8.382000000000001450, 0.3174999999999999489 ) ) ;
#910 = VERTEX_POINT ( 'NONE', #5991 ) ;
#911 = CARTESIAN_POINT ( 'NONE',  ( -7.620000000000000107, 0.000000000000000000, -0.8889999999999974589 ) ) ;
#912 = CARTESIAN_POINT ( 'NONE',  ( -15.24000000000000021, 2.540000000000000036, 0.8890000000000022329 ) ) ;
#913 = DIRECTION ( 'NONE',  ( 1.000000000000000000, 0.000000000000000000, -2.439149994343089694E-16 ) ) ;
#914 = DIRECTION ( 'NONE',  ( 1.000000000000000000, 0.000000000000000000, 0.000000000000000000 ) ) ;
#915 = EDGE_CURVE ( 'NONE', #5044, #7621, #5404, .T. ) ;
#916 = LINE ( 'NONE', #6337, #4283 ) ;
#917 = VERTEX_POINT ( 'NONE', #4779 ) ;
#918 = CARTESIAN_POINT ( 'NONE',  ( 0.3174999999999999489, 8.382000000000001450, 0.2446143550033490766 ) ) ;
#919 = DIRECTION ( 'NONE',  ( -0.7071067811865477948, -0.000000000000000000, -0.7071067811865473507 ) ) ;
#920 = PLANE ( 'NONE',  #2378 ) ;
#921 = LINE ( 'NONE', #1501, #2726 ) ;
#922 = ORIENTED_EDGE ( 'NONE', *, *, #6684, .F. ) ;
#923 = ORIENTED_EDGE ( 'NONE', *, *, #1040, .T. ) ;
#924 = ORIENTED_EDGE ( 'NONE', *, *, #6216, .T. ) ;
#925 = CARTESIAN_POINT ( 'NONE',  ( -10.54100000000000037, 2.540000000000000036, 1.270000000000002904 ) ) ;
#926 =( NAMED_UNIT ( * ) SI_UNIT ( $, .STERADIAN. ) SOLID_ANGLE_UNIT ( ) );
#927 = CARTESIAN_POINT ( 'NONE',  ( 1.587500000000002132, 0.000000000000000000, 0.3175000000000017808 ) ) ;
#928 = VERTEX_POINT ( 'NONE', #72 ) ;
#929 = EDGE_LOOP ( 'NONE', ( #2394, #1543, #1505, #2207 ) ) ;
#930 = EDGE_LOOP ( 'NONE', ( #5116, #1665, #192, #6802, #7079, #4331, #7219, #3116 ) ) ;
#931 = DIRECTION ( 'NONE',  ( -0.7071067811865476838, 0.000000000000000000, -0.7071067811865473507 ) ) ;
#932 = CARTESIAN_POINT ( 'NONE',  ( 10.16000000000000192, 0.000000000000000000, 0.8890000000000015667 ) ) ;
#933 = ADVANCED_BREP_SHAPE_REPRESENTATION ( '', ( #4754, #4744, #2086, #7214, #4699, #7278, #4919, #2101, #4820, #2293, #2131, #4770, #4647, #2252, #4711, #4660, #259 ), #5967 ) ;
#934 = CARTESIAN_POINT ( 'NONE',  ( 27.94000000000000128, 0.000000000000000000, 0.000000000000000000 ) ) ;
#935 = EDGE_CURVE ( 'NONE', #1544, #3945, #4867, .T. ) ;
#936 = CARTESIAN_POINT ( 'NONE',  ( -15.24000000000000021, 0.000000000000000000, 0.8890000000000015667 ) ) ;
#937 = ORIENTED_EDGE ( 'NONE', *, *, #2879, .T. ) ;
#938 = ORIENTED_EDGE ( 'NONE', *, *, #1039, .T. ) ;
#939 = VECTOR ( 'NONE', #220, 1000.000000000000000 ) ;
#940 = FACE_OUTER_BOUND ( 'NONE', #2899, .T. ) ;
#941 = ORIENTED_EDGE ( 'NONE', *, *, #6355, .F. ) ;
#942 = EDGE_CURVE ( 'NONE', #4378, #3564, #669, .T. ) ;
#943 = CARTESIAN_POINT ( 'NONE',  ( -19.36749999999999972, 2.540000000000000036, -0.3174999999999983946 ) ) ;
#944 = DIRECTION ( 'NONE',  ( 0.000000000000000000, 1.000000000000000000, 0.000000000000000000 ) ) ;
#945 = EDGE_CURVE ( 'NONE', #7417, #1042, #3018, .T. ) ;
#946 = EDGE_CURVE ( 'NONE', #6973, #821, #1205, .T. ) ;
#947 = CARTESIAN_POINT ( 'NONE',  ( 11.11250000000000071, 0.000000000000000000, 0.3175000000000017808 ) ) ;
#948 = CARTESIAN_POINT ( 'NONE',  ( 11.74750000000000050, 2.540000000000000036, -0.3174999999999983946 ) ) ;
#949 = ORIENTED_EDGE ( 'NONE', *, *, #2873, .F. ) ;
#950 = EDGE_CURVE ( 'NONE', #7228, #6299, #5488, .T. ) ;
#951 = CARTESIAN_POINT ( 'NONE',  ( 12.69999999999999929, 0.000000000000000000, -0.8889999999999974589 ) ) ;
#952 = PLANE ( 'NONE',  #7062 ) ;
#953 = EDGE_CURVE ( 'NONE', #2331, #2421, #3097, .T. ) ;
#954 = DIRECTION ( 'NONE',  ( 1.000000000000000000, 0.000000000000000000, 0.000000000000000000 ) ) ;
#955 = CARTESIAN_POINT ( 'NONE',  ( 10.54099999999999859, 2.540000000000000036, 1.270000000000003348 ) ) ;
#956 = ORIENTED_EDGE ( 'NONE', *, *, #470, .T. ) ;
#957 = ORIENTED_EDGE ( 'NONE', *, *, #461, .F. ) ;
#958 = ORIENTED_EDGE ( 'NONE', *, *, #6084, .F. ) ;
#959 = LINE ( 'NONE', #6424, #3226 ) ;
#960 = CARTESIAN_POINT ( 'NONE',  ( -4.127499999999999503, 2.540000000000000036, 0.3175000000000017808 ) ) ;
#961 = CARTESIAN_POINT ( 'NONE',  ( 2.159000000000001140, 2.540000000000000036, 1.270000000000002904 ) ) ;
#962 = ORIENTED_EDGE ( 'NONE', *, *, #5695, .T. ) ;
#963 = ORIENTED_EDGE ( 'NONE', *, *, #5030, .F. ) ;
#964 = DIRECTION ( 'NONE',  ( -1.000000000000000000, 0.000000000000000000, 0.000000000000000000 ) ) ;
#965 = VERTEX_POINT ( 'NONE', #7234 ) ;
#966 = CARTESIAN_POINT ( 'NONE',  ( -11.11249999999999893, 0.000000000000000000, 0.3175000000000017808 ) ) ;
#967 = DIRECTION ( 'NONE',  ( 0.000000000000000000, 0.000000000000000000, -1.000000000000000000 ) ) ;
#968 = DIRECTION ( 'NONE',  ( 0.7071067811865493491, -0.000000000000000000, 0.7071067811865456854 ) ) ;
#969 = EDGE_LOOP ( 'NONE', ( #2594, #2112, #629, #297 ) ) ;
#970 = ORIENTED_EDGE ( 'NONE', *, *, #5651, .T. ) ;
#971 = CARTESIAN_POINT ( 'NONE',  ( 18.16100000000000136, 2.540000000000000036, 1.270000000000003348 ) ) ;
#972 = ORIENTED_EDGE ( 'NONE', *, *, #4079, .F. ) ;
#973 = FACE_OUTER_BOUND ( 'NONE', #1551, .T. ) ;
#974 = DIRECTION ( 'NONE',  ( 0.000000000000000000, 1.000000000000000000, 0.000000000000000000 ) ) ;
#975 = VECTOR ( 'NONE', #2680, 1000.000000000000000 ) ;
#976 = EDGE_CURVE ( 'NONE', #2902, #4975, #3141, .T. ) ;
#977 = DIRECTION ( 'NONE',  ( 0.000000000000000000, 0.000000000000000000, 1.000000000000000000 ) ) ;
#978 = PLANE ( 'NONE',  #2910 ) ;
#979 = EDGE_CURVE ( 'NONE', #1739, #2752, #741, .T. ) ;
#980 = AXIS2_PLACEMENT_3D ( 'NONE', #5817, #2814, #5130 ) ;
#981 = ORIENTED_EDGE ( 'NONE', *, *, #1002, .T. ) ;
#982 = EDGE_CURVE ( 'NONE', #2049, #5185, #3055, .T. ) ;
#983 = LINE ( 'NONE', #3895, #1214 ) ;
#984 = CARTESIAN_POINT ( 'NONE',  ( 8.572500000000003340, 0.000000000000000000, 0.3175000000000017808 ) ) ;
#985 = DIRECTION ( 'NONE',  ( -1.000000000000000000, 0.000000000000000000, 0.000000000000000000 ) ) ;
#986 = VECTOR ( 'NONE', #6850, 1000.000000000000000 ) ;
#987 = LINE ( 'NONE', #441, #3099 ) ;
#988 = ORIENTED_EDGE ( 'NONE', *, *, #2141, .F. ) ;
#989 = AXIS2_PLACEMENT_3D ( 'NONE', #3794, #777, #6170 ) ;
#990 = VECTOR ( 'NONE', #3528, 1000.000000000000000 ) ;
#991 = EDGE_LOOP ( 'NONE', ( #3901, #1238, #4702, #534 ) ) ;
#992 = EDGE_CURVE ( 'NONE', #3678, #2864, #7268, .T. ) ;
#993 = ORIENTED_EDGE ( 'NONE', *, *, #4464, .T. ) ;
#994 = DIRECTION ( 'NONE',  ( 0.000000000000000000, 1.000000000000000000, 0.000000000000000000 ) ) ;
#995 = AXIS2_PLACEMENT_3D ( 'NONE', #4871, #709, #163 ) ;
#996 = VECTOR ( 'NONE', #425, 1000.000000000000000 ) ;
#997 = DIRECTION ( 'NONE',  ( 0.000000000000000000, 0.000000000000000000, -1.000000000000000000 ) ) ;
#998 = CARTESIAN_POINT ( 'NONE',  ( 10.15999999999999837, 0.000000000000000000, 0.8890000000000022329 ) ) ;
#999 = AXIS2_PLACEMENT_3D ( 'NONE', #4832, #1886, #1338 ) ;
#1000 = ORIENTED_EDGE ( 'NONE', *, *, #4213, .F. ) ;
#1001 = ORIENTED_EDGE ( 'NONE', *, *, #842, .F. ) ;
#1002 = EDGE_CURVE ( 'NONE', #854, #5573, #1914, .T. ) ;
#1003 = VECTOR ( 'NONE', #416, 1000.000000000000000 ) ;
#1004 = CLOSED_SHELL ( 'NONE', ( #2235, #4743, #3059, #415, #2307, #7120, #6411, #4800, #2044, #227, #2740, #6531, #2737, #7490 ) ) ;
#1005 = FILL_AREA_STYLE ('',( #4681 ) ) ;
#1006 = ORIENTED_EDGE ( 'NONE', *, *, #7064, .F. ) ;
#1007 = CARTESIAN_POINT ( 'NONE',  ( -20.32000000000000028, 0.000000000000000000, 0.8890000000000022329 ) ) ;
#1008 = CARTESIAN_POINT ( 'NONE',  ( 17.39900000000000091, 2.540000000000000036, 1.270000000000002904 ) ) ;
#1009 = DIRECTION ( 'NONE',  ( -0.000000000000000000, -0.000000000000000000, -1.000000000000000000 ) ) ;
#1010 = VECTOR ( 'NONE', #6780, 1000.000000000000000 ) ;
#1011 = COLOUR_RGB ( '',0.2509803921568627416, 0.2509803921568627416, 0.2509803921568627416 ) ;
#1012 = ORIENTED_EDGE ( 'NONE', *, *, #4408, .T. ) ;
#1013 = VERTEX_POINT ( 'NONE', #6061 ) ;
#1014 = PRESENTATION_STYLE_ASSIGNMENT (( #7619 ) ) ;
#1015 = CARTESIAN_POINT ( 'NONE',  ( 4.127500000000003055, 0.000000000000000000, 0.3175000000000017808 ) ) ;
#1016 = ORIENTED_EDGE ( 'NONE', *, *, #7675, .F. ) ;
#1017 = EDGE_LOOP ( 'NONE', ( #2548, #4599, #6630, #2854 ) ) ;
#1018 = VECTOR ( 'NONE', #6238, 1000.000000000000114 ) ;
#1019 = DIRECTION ( 'NONE',  ( -1.000000000000000000, -0.000000000000000000, 2.439149994343089694E-16 ) ) ;
#1020 = CARTESIAN_POINT ( 'NONE',  ( 0.000000000000000000, 0.000000000000000000, -0.8889999999999974589 ) ) ;
#1021 = VECTOR ( 'NONE', #4972, 1000.000000000000000 ) ;
#1022 = SHAPE_DEFINITION_REPRESENTATION ( #1875, #1223 ) ;
#1023 = DIRECTION ( 'NONE',  ( -0.7071067811865477948, -0.000000000000000000, -0.7071067811865473507 ) ) ;
#1024 = VERTEX_POINT ( 'NONE', #7145 ) ;
#1025 = CARTESIAN_POINT ( 'NONE',  ( 17.78000000000000114, 0.000000000000000000, -0.8889999999999981251 ) ) ;
#1026 = DIRECTION ( 'NONE',  ( 0.000000000000000000, 1.000000000000000000, 0.000000000000000000 ) ) ;
#1027 = CARTESIAN_POINT ( 'NONE',  ( 18.16100000000000136, 0.000000000000000000, 1.270000000000003348 ) ) ;
#1028 = ADVANCED_FACE ( 'NONE', ( #5946 ), #630, .T. ) ;
#1029 = EDGE_CURVE ( 'NONE', #3095, #5894, #1952, .T. ) ;
#1030 = DIRECTION ( 'NONE',  ( -0.7071067811865474617, -0.000000000000000000, 0.7071067811865474617 ) ) ;
#1031 = ORIENTED_EDGE ( 'NONE', *, *, #707, .F. ) ;
#1032 = CARTESIAN_POINT ( 'NONE',  ( -9.779000000000001691, 2.540000000000000036, -1.269999999999996909 ) ) ;
#1033 = ORIENTED_EDGE ( 'NONE', *, *, #5551, .T. ) ;
#1034 = VERTEX_POINT ( 'NONE', #1362 ) ;
#1035 = FACE_OUTER_BOUND ( 'NONE', #5193, .T. ) ;
#1036 = ADVANCED_FACE ( 'NONE', ( #1827 ), #4191, .T. ) ;
#1037 = PRESENTATION_LAYER_ASSIGNMENT (  '', '', ( #2419 ) ) ;
#1038 = CARTESIAN_POINT ( 'NONE',  ( -2.159000000000001140, 0.000000000000000000, 1.270000000000003348 ) ) ;
#1039 = EDGE_CURVE ( 'NONE', #6556, #6006, #5674, .T. ) ;
#1040 = EDGE_CURVE ( 'NONE', #1850, #4041, #1556, .T. ) ;
#1041 = LINE ( 'NONE', #4556, #5859 ) ;
#1042 = VERTEX_POINT ( 'NONE', #6144 ) ;
#1043 = VERTEX_POINT ( 'NONE', #4981 ) ;
#1044 = SURFACE_SIDE_STYLE ('',( #5280 ) ) ;
#1045 = PLANE ( 'NONE',  #4474 ) ;
#1046 = DIRECTION ( 'NONE',  ( -0.9781476007338062439, -0.2079116908177565115, -0.000000000000000000 ) ) ;
#1047 = LINE ( 'NONE', #1587, #4833 ) ;
#1048 = DIRECTION ( 'NONE',  ( -0.000000000000000000, -0.000000000000000000, 1.000000000000000000 ) ) ;
#1049 = ADVANCED_FACE ( 'NONE', ( #6218 ), #3839, .T. ) ;
#1050 = ORIENTED_EDGE ( 'NONE', *, *, #1127, .F. ) ;
#1051 = ORIENTED_EDGE ( 'NONE', *, *, #6163, .T. ) ;
#1052 = DIRECTION ( 'NONE',  ( 0.7071067811865459074, 0.000000000000000000, 0.7071067811865491270 ) ) ;
#1053 = DIRECTION ( 'NONE',  ( 0.000000000000000000, 0.000000000000000000, -1.000000000000000000 ) ) ;
#1054 = VERTEX_POINT ( 'NONE', #3879 ) ;
#1055 = ORIENTED_EDGE ( 'NONE', *, *, #77, .F. ) ;
#1056 = CARTESIAN_POINT ( 'NONE',  ( 6.032500000000003304, 0.000000000000000000, -0.3174999999999983946 ) ) ;
#1057 = CARTESIAN_POINT ( 'NONE',  ( -10.16000000000000014, 2.540000000000000036, 0.8890000000000022329 ) ) ;
#1058 = VECTOR ( 'NONE', #721, 1000.000000000000000 ) ;
#1059 = LINE ( 'NONE', #7078, #4662 ) ;
#1060 = ORIENTED_EDGE ( 'NONE', *, *, #4079, .T. ) ;
#1061 = DIRECTION ( 'NONE',  ( -0.000000000000000000, 1.000000000000000000, 0.000000000000000000 ) ) ;
#1062 = CARTESIAN_POINT ( 'NONE',  ( 13.65250000000000163, 0.000000000000000000, 0.3175000000000017808 ) ) ;
#1063 = CARTESIAN_POINT ( 'NONE',  ( 2.540000000000000480, 0.000000000000000000, -0.8889999999999974589 ) ) ;
#1064 = STYLED_ITEM ( 'NONE', ( #4738 ), #4647 ) ;
#1065 = ORIENTED_EDGE ( 'NONE', *, *, #4175, .T. ) ;
#1066 = LINE ( 'NONE', #3173, #2416 ) ;
#1067 = EDGE_LOOP ( 'NONE', ( #1925, #3137, #2427, #3755, #6256, #1814, #6199, #1033 ) ) ;
#1068 = LINE ( 'NONE', #6972, #5455 ) ;
#1069 = EDGE_LOOP ( 'NONE', ( #7316, #4503, #4391, #3709 ) ) ;
#1070 = FACE_OUTER_BOUND ( 'NONE', #1331, .T. ) ;
#1071 = EDGE_CURVE ( 'NONE', #6931, #5801, #2095, .T. ) ;
#1072 = VECTOR ( 'NONE', #4359, 1000.000000000000000 ) ;
#1073 = DIRECTION ( 'NONE',  ( 0.7071067811865456854, 0.000000000000000000, -0.7071067811865493491 ) ) ;
#1074 = DIRECTION ( 'NONE',  ( -2.439149994343089694E-16, 0.000000000000000000, -1.000000000000000000 ) ) ;
#1075 = EDGE_LOOP ( 'NONE', ( #5854, #3811, #3875, #1563 ) ) ;
#1076 = ORIENTED_EDGE ( 'NONE', *, *, #7314, .F. ) ;
#1077 = LINE ( 'NONE', #1901, #4628 ) ;
#1078 = PLANE ( 'NONE',  #5603 ) ;
#1079 = EDGE_CURVE ( 'NONE', #2228, #6939, #6178, .T. ) ;
#1080 = ADVANCED_FACE ( 'NONE', ( #4460 ), #6249, .T. ) ;
#1081 = DIRECTION ( 'NONE',  ( -0.000000000000000000, -0.000000000000000000, 1.000000000000000000 ) ) ;
#1082 = CARTESIAN_POINT ( 'NONE',  ( 0.3174999999999999489, 8.039099999999994139, -0.3174999999999999489 ) ) ;
#1083 = CARTESIAN_POINT ( 'NONE',  ( 10.15999999999999837, 0.000000000000000000, -0.8889999999999974589 ) ) ;
#1084 = DIRECTION ( 'NONE',  ( 0.000000000000000000, 0.000000000000000000, -1.000000000000000000 ) ) ;
#1085 = UNCERTAINTY_MEASURE_WITH_UNIT (LENGTH_MEASURE( 1.000000000000000082E-05 ), #4719, 'distance_accuracy_value', 'NONE');
#1086 = ORIENTED_EDGE ( 'NONE', *, *, #6128, .F. ) ;
#1087 = EDGE_CURVE ( 'NONE', #1617, #4689, #2139, .T. ) ;
#1088 = ORIENTED_EDGE ( 'NONE', *, *, #2818, .T. ) ;
#1089 = DIRECTION ( 'NONE',  ( -0.000000000000000000, -0.000000000000000000, -1.000000000000000000 ) ) ;
#1090 = CARTESIAN_POINT ( 'NONE',  ( 6.667500000000003091, 0.000000000000000000, 0.3175000000000017808 ) ) ;
#1091 = VERTEX_POINT ( 'NONE', #5708 ) ;
#1092 = ORIENTED_EDGE ( 'NONE', *, *, #1531, .T. ) ;
#1093 = ADVANCED_FACE ( 'NONE', ( #5605 ), #902, .F. ) ;
#1094 = DIRECTION ( 'NONE',  ( 0.000000000000000000, 0.2079116908177560674, -0.9781476007338063550 ) ) ;
#1095 = LINE ( 'NONE', #5258, #6557 ) ;
#1096 = ITEM_DEFINED_TRANSFORMATION ( 'NONE', 'NONE', #1140,  #259 ) ;
#1097 = CARTESIAN_POINT ( 'NONE',  ( 5.080000000000000071, 0.000000000000000000, 0.000000000000000000 ) ) ;
#1098 = ORIENTED_EDGE ( 'NONE', *, *, #1273, .T. ) ;
#1099 = EDGE_CURVE ( 'NONE', #3089, #814, #1477, .T. ) ;
#1100 = LINE ( 'NONE', #4703, #4791 ) ;
#1101 = VECTOR ( 'NONE', #5140, 1000.000000000000000 ) ;
#1102 = CARTESIAN_POINT ( 'NONE',  ( 12.69999999999999929, 0.000000000000000000, -0.8889999999999981251 ) ) ;
#1103 = DIRECTION ( 'NONE',  ( 0.000000000000000000, 0.000000000000000000, 1.000000000000000000 ) ) ;
#1104 = DIRECTION ( 'NONE',  ( 0.000000000000000000, 0.000000000000000000, 1.000000000000000000 ) ) ;
#1105 = VECTOR ( 'NONE', #3950, 1000.000000000000000 ) ;
#1106 = ORIENTED_EDGE ( 'NONE', *, *, #1653, .T. ) ;
#1107 = DIRECTION ( 'NONE',  ( 1.000000000000000000, 0.000000000000000000, 0.000000000000000000 ) ) ;
#1108 = EDGE_LOOP ( 'NONE', ( #6902, #5194, #1994, #2253 ) ) ;
#1109 = LINE ( 'NONE', #2885, #2106 ) ;
#1110 = ORIENTED_EDGE ( 'NONE', *, *, #5557, .T. ) ;
#1111 = DIRECTION ( 'NONE',  ( 0.7071067811865459074, 0.000000000000000000, 0.7071067811865491270 ) ) ;
#1112 = UNCERTAINTY_MEASURE_WITH_UNIT (LENGTH_MEASURE( 1.000000000000000082E-05 ), #3778, 'distance_accuracy_value', 'NONE');
#1113 = VECTOR ( 'NONE', #3224, 1000.000000000000000 ) ;
#1114 = DIRECTION ( 'NONE',  ( -1.000000000000000000, 0.000000000000000000, 2.439149994343089694E-16 ) ) ;
#1115 = VECTOR ( 'NONE', #2582, 1000.000000000000000 ) ;
#1116 = ORIENTED_EDGE ( 'NONE', *, *, #7494, .T. ) ;
#1117 = VECTOR ( 'NONE', #4254, 1000.000000000000000 ) ;
#1118 = ORIENTED_EDGE ( 'NONE', *, *, #4491, .F. ) ;
#1119 =( LENGTH_UNIT ( ) NAMED_UNIT ( * ) SI_UNIT ( .MILLI., .METRE. ) );
#1120 = ORIENTED_EDGE ( 'NONE', *, *, #2609, .T. ) ;
#1121 = AXIS2_PLACEMENT_3D ( 'NONE', #5282, #1046, #3398 ) ;
#1122 = FACE_OUTER_BOUND ( 'NONE', #7177, .T. ) ;
#1123 = DIRECTION ( 'NONE',  ( -0.000000000000000000, -0.000000000000000000, -1.000000000000000000 ) ) ;
#1124 = APPLICATION_CONTEXT ( 'automotive_design' ) ;
#1125 = DIRECTION ( 'NONE',  ( -1.000000000000000000, -0.000000000000000000, -0.000000000000000000 ) ) ;
#1126 = CARTESIAN_POINT ( 'NONE',  ( -11.74749999999999872, 0.000000000000000000, 0.3175000000000017808 ) ) ;
#1127 = EDGE_CURVE ( 'NONE', #4566, #1910, #1986, .T. ) ;
#1128 = ADVANCED_FACE ( 'NONE', ( #1406 ), #233, .T. ) ;
#1129 = ORIENTED_EDGE ( 'NONE', *, *, #5171, .F. ) ;
#1130 = COLOUR_RGB ( '',0.2509803921568627416, 0.2509803921568627416, 0.2509803921568627416 ) ;
#1131 = VERTEX_POINT ( 'NONE', #309 ) ;
#1132 = CARTESIAN_POINT ( 'NONE',  ( 16.82750000000000057, 2.540000000000000036, 0.3175000000000017808 ) ) ;
#1133 = CARTESIAN_POINT ( 'NONE',  ( -2.159000000000001140, 2.540000000000000036, 1.270000000000003348 ) ) ;
#1134 = ORIENTED_EDGE ( 'NONE', *, *, #3156, .F. ) ;
#1135 = ORIENTED_EDGE ( 'NONE', *, *, #1427, .T. ) ;
#1136 = DIRECTION ( 'NONE',  ( -1.000000000000000000, -0.000000000000000000, -0.000000000000000000 ) ) ;
#1137 = FACE_OUTER_BOUND ( 'NONE', #2488, .T. ) ;
#1138 = VECTOR ( 'NONE', #1661, 1000.000000000000114 ) ;
#1139 = VECTOR ( 'NONE', #5373, 1000.000000000000000 ) ;
#1140 = AXIS2_PLACEMENT_3D ( 'NONE', #5142, #3229, #873 ) ;
#1141 = EDGE_CURVE ( 'NONE', #4134, #6057, #7385, .T. ) ;
#1142 = ITEM_DEFINED_TRANSFORMATION ( 'NONE', 'NONE', #3236,  #259 ) ;
#1143 = VECTOR ( 'NONE', #3820, 1000.000000000000000 ) ;
#1144 = CARTESIAN_POINT ( 'NONE',  ( 13.08099999999999952, 0.000000000000000000, -1.269999999999996909 ) ) ;
#1145 = ORIENTED_EDGE ( 'NONE', *, *, #1938, .T. ) ;
#1146 = CARTESIAN_POINT ( 'NONE',  ( 35.56000000000000227, 0.000000000000000000, 0.000000000000000000 ) ) ;
#1147 = DIRECTION ( 'NONE',  ( -0.7071067811865491270, 0.000000000000000000, 0.7071067811865459074 ) ) ;
#1148 = VECTOR ( 'NONE', #3639, 1000.000000000000000 ) ;
#1149 = CARTESIAN_POINT ( 'NONE',  ( 5.080000000000000959, 0.000000000000000000, -0.8889999999999974589 ) ) ;
#1150 = ADVANCED_FACE ( 'NONE', ( #5640 ), #7308, .T. ) ;
#1151 = ORIENTED_EDGE ( 'NONE', *, *, #1470, .T. ) ;
#1152 = FACE_OUTER_BOUND ( 'NONE', #3571, .T. ) ;
#1153 = ORIENTED_EDGE ( 'NONE', *, *, #4166, .F. ) ;
#1154 = PLANE ( 'NONE',  #6567 ) ;
#1155 = VERTEX_POINT ( 'NONE', #3768 ) ;
#1156 = CARTESIAN_POINT ( 'NONE',  ( 13.08099999999999952, 0.000000000000000000, 1.270000000000003348 ) ) ;
#1157 = ORIENTED_EDGE ( 'NONE', *, *, #4314, .T. ) ;
#1158 = ORIENTED_EDGE ( 'NONE', *, *, #1801, .F. ) ;
#1159 = FACE_BOUND ( 'NONE', #7609, .T. ) ;
#1160 = CARTESIAN_POINT ( 'NONE',  ( -11.74749999999999872, 0.000000000000000000, 0.3175000000000017808 ) ) ;
#1161 = CARTESIAN_POINT ( 'NONE',  ( 10.15999999999999837, 0.000000000000000000, -0.8889999999999974589 ) ) ;
#1162 = CARTESIAN_POINT ( 'NONE',  ( -12.69999999999999929, 0.000000000000000000, -0.8889999999999981251 ) ) ;
#1163 = PLANE ( 'NONE',  #6847 ) ;
#1164 = PRESENTATION_LAYER_ASSIGNMENT (  '', '', ( #5758 ) ) ;
#1165 = ORIENTED_EDGE ( 'NONE', *, *, #6161, .T. ) ;
#1166 = ORIENTED_EDGE ( 'NONE', *, *, #5690, .T. ) ;
#1167 = CARTESIAN_POINT ( 'NONE',  ( 0.3809999999999993947, 2.540000000000000036, -1.269999999999996909 ) ) ;
#1168 = ORIENTED_EDGE ( 'NONE', *, *, #7676, .T. ) ;
#1169 = LINE ( 'NONE', #5294, #7067 ) ;
#1170 = CARTESIAN_POINT ( 'NONE',  ( 13.08099999999999952, 0.000000000000000000, -1.269999999999996909 ) ) ;
#1171 = ADVANCED_FACE ( 'NONE', ( #2060 ), #2602, .F. ) ;
#1172 = EDGE_CURVE ( 'NONE', #144, #4928, #5566, .T. ) ;
#1173 = LINE ( 'NONE', #7589, #320 ) ;
#1174 = ORIENTED_EDGE ( 'NONE', *, *, #3222, .T. ) ;
#1175 = DIRECTION ( 'NONE',  ( 0.000000000000000000, 1.000000000000000000, 0.000000000000000000 ) ) ;
#1176 = ADVANCED_FACE ( 'NONE', ( #6433, #1122 ), #495, .T. ) ;
#1177 = EDGE_CURVE ( 'NONE', #7122, #3720, #5899, .T. ) ;
#1178 = CARTESIAN_POINT ( 'NONE',  ( 16.82750000000000057, 2.540000000000000036, 0.3175000000000017808 ) ) ;
#1179 = DIRECTION ( 'NONE',  ( 0.000000000000000000, 1.000000000000000000, 0.000000000000000000 ) ) ;
#1180 = CARTESIAN_POINT ( 'NONE',  ( -10.16000000000000014, 2.540000000000000036, -0.8889999999999974589 ) ) ;
#1181 = EDGE_LOOP ( 'NONE', ( #981, #5495, #548, #5524 ) ) ;
#1182 = EDGE_CURVE ( 'NONE', #2125, #4713, #422, .T. ) ;
#1183 = CARTESIAN_POINT ( 'NONE',  ( 10.54099999999999859, 2.540000000000000036, -1.269999999999996909 ) ) ;
#1184 = VERTEX_POINT ( 'NONE', #3993 ) ;
#1185 = DIRECTION ( 'NONE',  ( 0.000000000000000000, 0.000000000000000000, -1.000000000000000000 ) ) ;
#1186 = DIRECTION ( 'NONE',  ( -1.000000000000000000, -0.000000000000000000, 2.439149994343089694E-16 ) ) ;
#1187 = ADVANCED_FACE ( 'NONE', ( #538 ), #2244, .F. ) ;
#1188 = FILL_AREA_STYLE ('',( #5191 ) ) ;
#1189 = LINE ( 'NONE', #2890, #5836 ) ;
#1190 = ORIENTED_EDGE ( 'NONE', *, *, #3128, .F. ) ;
#1191 = AXIS2_PLACEMENT_3D ( 'NONE', #2042, #6269, #3783 ) ;
#1192 = ORIENTED_EDGE ( 'NONE', *, *, #5939, .T. ) ;
#1193 = VECTOR ( 'NONE', #3261, 1000.000000000000000 ) ;
#1194 = SURFACE_SIDE_STYLE ('',( #2396 ) ) ;
#1195 = DIRECTION ( 'NONE',  ( 0.000000000000000000, 1.000000000000000000, 0.000000000000000000 ) ) ;
#1196 = DIRECTION ( 'NONE',  ( 0.000000000000000000, -1.000000000000000000, 0.000000000000000000 ) ) ;
#1197 = DIRECTION ( 'NONE',  ( 0.000000000000000000, 0.000000000000000000, -1.000000000000000000 ) ) ;
#1198 = FACE_OUTER_BOUND ( 'NONE', #4605, .T. ) ;
#1199 = CARTESIAN_POINT ( 'NONE',  ( 0.000000000000000000, 0.000000000000000000, -0.8889999999999974589 ) ) ;
#1200 = ORIENTED_EDGE ( 'NONE', *, *, #3181, .T. ) ;
#1201 = ORIENTED_EDGE ( 'NONE', *, *, #4732, .F. ) ;
#1202 = DIRECTION ( 'NONE',  ( 0.000000000000000000, 1.000000000000000000, 0.000000000000000000 ) ) ;
#1203 = DIRECTION ( 'NONE',  ( -1.000000000000000000, 0.000000000000000000, 2.439149994343089694E-16 ) ) ;
#1204 = VERTEX_POINT ( 'NONE', #4109 ) ;
#1205 = LINE ( 'NONE', #6611, #4478 ) ;
#1206 = DIRECTION ( 'NONE',  ( 0.000000000000000000, 1.000000000000000000, 0.000000000000000000 ) ) ;
#1207 = DIRECTION ( 'NONE',  ( 0.000000000000000000, 1.000000000000000000, 0.000000000000000000 ) ) ;
#1208 = DIRECTION ( 'NONE',  ( -2.439149994343089694E-16, 0.000000000000000000, -1.000000000000000000 ) ) ;
#1209 = DIRECTION ( 'NONE',  ( 1.000000000000000000, 0.000000000000000000, 0.000000000000000000 ) ) ;
#1210 = ORIENTED_EDGE ( 'NONE', *, *, #4161, .T. ) ;
#1211 = CARTESIAN_POINT ( 'NONE',  ( 13.65250000000000163, 0.000000000000000000, 0.3175000000000017808 ) ) ;
#1212 = DIRECTION ( 'NONE',  ( 0.000000000000000000, 0.000000000000000000, -1.000000000000000000 ) ) ;
#1213 = FACE_OUTER_BOUND ( 'NONE', #4624, .T. ) ;
#1214 = VECTOR ( 'NONE', #5111, 1000.000000000000000 ) ;
#1215 = DIRECTION ( 'NONE',  ( 1.000000000000000000, 0.000000000000000000, 0.000000000000000000 ) ) ;
#1216 = ADVANCED_FACE ( 'NONE', ( #5863 ), #1704, .T. ) ;
#1217 = ADVANCED_FACE ( 'NONE', ( #5816 ), #4683, .T. ) ;
#1218 = ORIENTED_EDGE ( 'NONE', *, *, #5511, .F. ) ;
#1219 = DIRECTION ( 'NONE',  ( 0.000000000000000000, 1.000000000000000000, 0.000000000000000000 ) ) ;
#1220 = VERTEX_POINT ( 'NONE', #5779 ) ;
#1221 = CARTESIAN_POINT ( 'NONE',  ( -8.572499999999998010, 0.000000000000000000, 0.3175000000000017808 ) ) ;
#1222 = CARTESIAN_POINT ( 'NONE',  ( -5.080000000000000959, 0.000000000000000000, -0.8889999999999974589 ) ) ;
#1223 = SHAPE_REPRESENTATION ( 'Pin - Tin_AD', ( #259 ), #4859 ) ;
#1224 = DIRECTION ( 'NONE',  ( -0.7071067811865491270, 0.000000000000000000, 0.7071067811865459074 ) ) ;
#1225 = VECTOR ( 'NONE', #1999, 1000.000000000000114 ) ;
#1226 = DIRECTION ( 'NONE',  ( 0.7071067811865473507, 0.000000000000000000, -0.7071067811865476838 ) ) ;
#1227 = ADVANCED_FACE ( 'NONE', ( #6319 ), #456, .F. ) ;
#1228 = ORIENTED_EDGE ( 'NONE', *, *, #2137, .T. ) ;
#1229 = ORIENTED_EDGE ( 'NONE', *, *, #5410, .T. ) ;
#1230 = DIRECTION ( 'NONE',  ( -0.000000000000000000, -1.000000000000000000, -0.000000000000000000 ) ) ;
#1231 = VECTOR ( 'NONE', #3177, 1000.000000000000000 ) ;
#1232 = LINE ( 'NONE', #1313, #4577 ) ;
#1233 = CARTESIAN_POINT ( 'NONE',  ( -0.3174999999999999489, 2.540000000000000036, 0.3174999999999999489 ) ) ;
#1234 = DIRECTION ( 'NONE',  ( 0.7071067811865456854, 0.000000000000000000, -0.7071067811865493491 ) ) ;
#1235 = LINE ( 'NONE', #1282, #1148 ) ;
#1236 = VECTOR ( 'NONE', #7361, 1000.000000000000000 ) ;
#1237 = ADVANCED_FACE ( 'NONE', ( #4528 ), #7058, .F. ) ;
#1238 = ORIENTED_EDGE ( 'NONE', *, *, #6971, .T. ) ;
#1239 = ORIENTED_EDGE ( 'NONE', *, *, #3065, .T. ) ;
#1240 = FACE_OUTER_BOUND ( 'NONE', #1862, .T. ) ;
#1241 = VECTOR ( 'NONE', #693, 1000.000000000000000 ) ;
#1242 = SURFACE_STYLE_FILL_AREA ( #7142 ) ;
#1243 = ORIENTED_EDGE ( 'NONE', *, *, #5730, .T. ) ;
#1244 = CARTESIAN_POINT ( 'NONE',  ( 14.85899999999999999, 0.000000000000000000, 1.270000000000002904 ) ) ;
#1245 = CARTESIAN_POINT ( 'NONE',  ( -9.207499999999997797, 0.000000000000000000, -0.3174999999999983946 ) ) ;
#1246 = VECTOR ( 'NONE', #2414, 1000.000000000000000 ) ;
#1247 = CARTESIAN_POINT ( 'NONE',  ( 17.39900000000000091, 0.000000000000000000, 1.270000000000002904 ) ) ;
#1248 = VECTOR ( 'NONE', #5057, 1000.000000000000000 ) ;
#1249 = VECTOR ( 'NONE', #262, 1000.000000000000000 ) ;
#1250 = CARTESIAN_POINT ( 'NONE',  ( 12.69999999999999929, 0.000000000000000000, -0.8889999999999974589 ) ) ;
#1251 = PRODUCT_DEFINITION_SHAPE ( 'NONE', 'NONE',  #7690 ) ;
#1252 = DIRECTION ( 'NONE',  ( -0.7071067811865477948, -0.000000000000000000, -0.7071067811865473507 ) ) ;
#1253 = ORIENTED_EDGE ( 'NONE', *, *, #7227, .F. ) ;
#1254 =( GEOMETRIC_REPRESENTATION_CONTEXT ( 3 ) GLOBAL_UNCERTAINTY_ASSIGNED_CONTEXT ( ( #542 ) ) GLOBAL_UNIT_ASSIGNED_CONTEXT ( ( #5013, #2666, #7378 ) ) REPRESENTATION_CONTEXT ( 'NONE', 'WORKASPACE' ) );
#1255 = LINE ( 'NONE', #2575, #2463 ) ;
#1256 = VECTOR ( 'NONE', #5855, 1000.000000000000000 ) ;
#1257 = DIRECTION ( 'NONE',  ( 0.7071067811865456854, 0.000000000000000000, -0.7071067811865493491 ) ) ;
#1258 =( GEOMETRIC_REPRESENTATION_CONTEXT ( 3 ) GLOBAL_UNCERTAINTY_ASSIGNED_CONTEXT ( ( #1580 ) ) GLOBAL_UNIT_ASSIGNED_CONTEXT ( ( #1491, #2182, #4544 ) ) REPRESENTATION_CONTEXT ( 'NONE', 'WORKASPACE' ) );
#1259 = DIRECTION ( 'NONE',  ( 0.000000000000000000, 1.000000000000000000, 0.000000000000000000 ) ) ;
#1260 = VECTOR ( 'NONE', #3575, 1000.000000000000000 ) ;
#1261 = SHAPE_REPRESENTATION_RELATIONSHIP ( 'NONE' , 'NONE' ,  #2566, #933 ) ;
#1262 = ORIENTED_EDGE ( 'NONE', *, *, #4908, .F. ) ;
#1263 = DIRECTION ( 'NONE',  ( 2.439149994343089694E-16, -0.000000000000000000, 1.000000000000000000 ) ) ;
#1264 = ORIENTED_EDGE ( 'NONE', *, *, #269, .T. ) ;
#1265 = DIRECTION ( 'NONE',  ( 0.000000000000000000, 0.000000000000000000, 1.000000000000000000 ) ) ;
#1266 = LINE ( 'NONE', #7090, #5229 ) ;
#1267 = VECTOR ( 'NONE', #5438, 1000.000000000000000 ) ;
#1268 = EDGE_CURVE ( 'NONE', #5504, #1736, #2894, .T. ) ;
#1269 = EDGE_CURVE ( 'NONE', #3171, #5795, #4610, .T. ) ;
#1270 = CARTESIAN_POINT ( 'NONE',  ( 19.93900000000000361, 2.540000000000000036, -1.269999999999997353 ) ) ;
#1271 = VERTEX_POINT ( 'NONE', #1160 ) ;
#1272 = ORIENTED_EDGE ( 'NONE', *, *, #908, .F. ) ;
#1273 = EDGE_CURVE ( 'NONE', #3317, #1798, #3522, .T. ) ;
#1274 = VERTEX_POINT ( 'NONE', #581 ) ;
#1275 = CARTESIAN_POINT ( 'NONE',  ( -11.74749999999999872, 2.540000000000000036, 0.3175000000000017808 ) ) ;
#1276 = CARTESIAN_POINT ( 'NONE',  ( 20.32000000000000028, 2.540000000000000036, -0.8889999999999981251 ) ) ;
#1277 = CARTESIAN_POINT ( 'NONE',  ( 0.000000000000000000, -10.66799999999999926, 0.000000000000000000 ) ) ;
#1278 = LINE ( 'NONE', #3637, #3578 ) ;
#1279 = EDGE_CURVE ( 'NONE', #594, #3867, #7495, .T. ) ;
#1280 = EDGE_CURVE ( 'NONE', #3939, #426, #3363, .T. ) ;
#1281 = LINE ( 'NONE', #3638, #6457 ) ;
#1282 = CARTESIAN_POINT ( 'NONE',  ( -10.16000000000000014, 0.000000000000000000, 0.8890000000000015667 ) ) ;
#1283 = EDGE_LOOP ( 'NONE', ( #4671, #5355, #6143, #1899 ) ) ;
#1284 = ORIENTED_EDGE ( 'NONE', *, *, #7014, .T. ) ;
#1285 = CARTESIAN_POINT ( 'NONE',  ( 0.000000000000000000, 0.000000000000000000, 0.8890000000000015667 ) ) ;
#1286 = SURFACE_STYLE_FILL_AREA ( #628 ) ;
#1287 = ORIENTED_EDGE ( 'NONE', *, *, #4849, .F. ) ;
#1288 = CARTESIAN_POINT ( 'NONE',  ( 16.19250000000000256, 2.540000000000000036, 0.3175000000000017808 ) ) ;
#1289 = CARTESIAN_POINT ( 'NONE',  ( 15.24000000000000021, 0.000000000000000000, -0.8889999999999974589 ) ) ;
#1290 = ADVANCED_FACE ( 'NONE', ( #5162 ), #5198, .T. ) ;
#1291 = PLANE ( 'NONE',  #6947 ) ;
#1292 = DIRECTION ( 'NONE',  ( 0.7071067811865473507, 0.000000000000000000, -0.7071067811865476838 ) ) ;
#1293 = CARTESIAN_POINT ( 'NONE',  ( 6.032500000000003304, 0.000000000000000000, 0.3175000000000017808 ) ) ;
#1294 = ORIENTED_EDGE ( 'NONE', *, *, #605, .F. ) ;
#1295 = AXIS2_PLACEMENT_3D ( 'NONE', #5357, #6050, #1349 ) ;
#1296 = LINE ( 'NONE', #3653, #7677 ) ;
#1297 = DIRECTION ( 'NONE',  ( -1.000000000000000000, 0.000000000000000000, 2.439149994343089694E-16 ) ) ;
#1298 = CARTESIAN_POINT ( 'NONE',  ( -10.54100000000000037, 0.000000000000000000, -1.269999999999997353 ) ) ;
#1299 =( LENGTH_UNIT ( ) NAMED_UNIT ( * ) SI_UNIT ( .MILLI., .METRE. ) );
#1300 = EDGE_LOOP ( 'NONE', ( #3791, #202, #1116, #1701 ) ) ;
#1301 = CARTESIAN_POINT ( 'NONE',  ( -7.239000000000000767, 0.000000000000000000, -1.269999999999996909 ) ) ;
#1302 = ORIENTED_EDGE ( 'NONE', *, *, #3222, .F. ) ;
#1303 = LINE ( 'NONE', #4840, #2054 ) ;
#1304 = LINE ( 'NONE', #5928, #4459 ) ;
#1305 = PRESENTATION_STYLE_ASSIGNMENT (( #2432 ) ) ;
#1306 = VECTOR ( 'NONE', #7006, 1000.000000000000000 ) ;
#1307 = DIRECTION ( 'NONE',  ( 0.000000000000000000, 1.000000000000000000, 0.000000000000000000 ) ) ;
#1308 = ORIENTED_EDGE ( 'NONE', *, *, #6739, .F. ) ;
#1309 = ORIENTED_EDGE ( 'NONE', *, *, #5077, .F. ) ;
#1310 = EDGE_LOOP ( 'NONE', ( #2767, #2186, #6920, #4179 ) ) ;
#1311 = CARTESIAN_POINT ( 'NONE',  ( 5.461000000000000298, 0.000000000000000000, -1.269999999999996909 ) ) ;
#1312 = LINE ( 'NONE', #692, #2237 ) ;
#1313 = CARTESIAN_POINT ( 'NONE',  ( -9.207499999999997797, 2.540000000000000036, -0.3174999999999983946 ) ) ;
#1314 = CARTESIAN_POINT ( 'NONE',  ( 15.24000000000000021, 0.000000000000000000, 0.8890000000000015667 ) ) ;
#1315 = VECTOR ( 'NONE', #1966, 1000.000000000000000 ) ;
#1316 = PLANE ( 'NONE',  #7200 ) ;
#1317 = DIRECTION ( 'NONE',  ( -0.7071067811865477948, -0.000000000000000000, -0.7071067811865473507 ) ) ;
#1318 = ORIENTED_EDGE ( 'NONE', *, *, #556, .T. ) ;
#1319 = EDGE_CURVE ( 'NONE', #5795, #6677, #3435, .T. ) ;
#1320 = ORIENTED_EDGE ( 'NONE', *, *, #3118, .F. ) ;
#1321 = DIRECTION ( 'NONE',  ( 0.7071067811865459074, 0.000000000000000000, 0.7071067811865491270 ) ) ;
#1322 = ADVANCED_FACE ( 'NONE', ( #4261 ), #4183, .F. ) ;
#1323 =( NAMED_UNIT ( * ) SI_UNIT ( $, .STERADIAN. ) SOLID_ANGLE_UNIT ( ) );
#1324 = VERTEX_POINT ( 'NONE', #6672 ) ;
#1325 = LINE ( 'NONE', #36, #1369 ) ;
#1326 = LINE ( 'NONE', #7183, #2341 ) ;
#1327 = VECTOR ( 'NONE', #5572, 1000.000000000000000 ) ;
#1328 = DIRECTION ( 'NONE',  ( -0.7071067811865491270, 0.000000000000000000, 0.7071067811865459074 ) ) ;
#1329 = EDGE_CURVE ( 'NONE', #4376, #156, #1232, .T. ) ;
#1330 = CARTESIAN_POINT ( 'NONE',  ( 12.69999999999999929, 0.000000000000000000, -0.8889999999999974589 ) ) ;
#1331 = EDGE_LOOP ( 'NONE', ( #1334, #4958, #2927, #5895, #6448, #7304, #1866, #2241 ) ) ;
#1332 = ADVANCED_FACE ( 'NONE', ( #4297 ), #7256, .T. ) ;
#1333 = CARTESIAN_POINT ( 'NONE',  ( 18.73250000000000171, 0.000000000000000000, -0.3174999999999983946 ) ) ;
#1334 = ORIENTED_EDGE ( 'NONE', *, *, #2872, .F. ) ;
#1335 = FACE_OUTER_BOUND ( 'NONE', #2928, .T. ) ;
#1336 = DIRECTION ( 'NONE',  ( -0.7071067811865474617, -0.000000000000000000, 0.7071067811865474617 ) ) ;
#1337 = PLANE ( 'NONE',  #5365 ) ;
#1338 = DIRECTION ( 'NONE',  ( 1.000000000000000000, 0.000000000000000000, 0.000000000000000000 ) ) ;
#1339 = ORIENTED_EDGE ( 'NONE', *, *, #366, .T. ) ;
#1340 = CARTESIAN_POINT ( 'NONE',  ( -5.460999999999998522, 0.000000000000000000, 1.270000000000002904 ) ) ;
#1341 = VERTEX_POINT ( 'NONE', #3672 ) ;
#1342 = CARTESIAN_POINT ( 'NONE',  ( -0.3174999999999999489, -10.32509999999999373, 0.3174999999999999489 ) ) ;
#1343 = FACE_OUTER_BOUND ( 'NONE', #1983, .T. ) ;
#1344 = CARTESIAN_POINT ( 'NONE',  ( -17.78000000000000114, 0.000000000000000000, 0.8890000000000022329 ) ) ;
#1345 = FACE_OUTER_BOUND ( 'NONE', #969, .T. ) ;
#1346 = EDGE_LOOP ( 'NONE', ( #3443, #3631, #5180, #442 ) ) ;
#1347 = ORIENTED_EDGE ( 'NONE', *, *, #6913, .T. ) ;
#1348 = VERTEX_POINT ( 'NONE', #3596 ) ;
#1349 = DIRECTION ( 'NONE',  ( 0.000000000000000000, -0.000000000000000000, 1.000000000000000000 ) ) ;
#1350 = FACE_OUTER_BOUND ( 'NONE', #5630, .T. ) ;
#1351 = DIRECTION ( 'NONE',  ( 2.439149994343089694E-16, -0.000000000000000000, 1.000000000000000000 ) ) ;
#1352 = CARTESIAN_POINT ( 'NONE',  ( 15.62099999999999866, 2.540000000000000036, -1.269999999999996909 ) ) ;
#1353 = VECTOR ( 'NONE', #2649, 1000.000000000000000 ) ;
#1354 = CARTESIAN_POINT ( 'NONE',  ( 17.78000000000000114, 0.000000000000000000, 0.000000000000000000 ) ) ;
#1355 = DIRECTION ( 'NONE',  ( 0.000000000000000000, 0.000000000000000000, -1.000000000000000000 ) ) ;
#1356 = ORIENTED_EDGE ( 'NONE', *, *, #5047, .T. ) ;
#1357 = VECTOR ( 'NONE', #3880, 1000.000000000000000 ) ;
#1358 = ORIENTED_EDGE ( 'NONE', *, *, #1697, .F. ) ;
#1359 = CARTESIAN_POINT ( 'NONE',  ( -10.16000000000000014, 0.000000000000000000, -0.8889999999999981251 ) ) ;
#1360 =( NAMED_UNIT ( * ) PLANE_ANGLE_UNIT ( ) SI_UNIT ( $, .RADIAN. ) );
#1361 = ORIENTED_EDGE ( 'NONE', *, *, #4321, .F. ) ;
#1362 = CARTESIAN_POINT ( 'NONE',  ( 0.3174999999999999489, -10.32509999999999373, -0.3174999999999999489 ) ) ;
#1363 = CARTESIAN_POINT ( 'NONE',  ( 2.159000000000001140, 0.000000000000000000, -1.269999999999997353 ) ) ;
#1364 = CARTESIAN_POINT ( 'NONE',  ( -19.36749999999999972, 0.000000000000000000, 0.3175000000000017808 ) ) ;
#1365 = EDGE_CURVE ( 'NONE', #21, #5894, #5979, .T. ) ;
#1366 = AXIS2_PLACEMENT_3D ( 'NONE', #4338, #7298, #1497 ) ;
#1367 = ADVANCED_FACE ( 'NONE', ( #4808 ), #5320, .T. ) ;
#1368 = CARTESIAN_POINT ( 'NONE',  ( -9.207499999999997797, 2.540000000000000036, 0.3175000000000017808 ) ) ;
#1369 = VECTOR ( 'NONE', #4235, 1000.000000000000000 ) ;
#1370 = LINE ( 'NONE', #2610, #3668 ) ;
#1371 = AXIS2_PLACEMENT_3D ( 'NONE', #5973, #1226, #2925 ) ;
#1372 = ORIENTED_EDGE ( 'NONE', *, *, #5449, .T. ) ;
#1373 = EDGE_CURVE ( 'NONE', #4938, #2093, #3006, .T. ) ;
#1374 = PLANE ( 'NONE',  #355 ) ;
#1375 = CARTESIAN_POINT ( 'NONE',  ( 5.461000000000000298, 0.000000000000000000, 1.270000000000003348 ) ) ;
#1376 = VECTOR ( 'NONE', #3713, 1000.000000000000000 ) ;
#1377 = EDGE_CURVE ( 'NONE', #549, #1324, #24, .T. ) ;
#1378 = DIRECTION ( 'NONE',  ( 0.000000000000000000, 1.000000000000000000, 0.000000000000000000 ) ) ;
#1379 = PRESENTATION_LAYER_ASSIGNMENT (  '', '', ( #4983 ) ) ;
#1380 = ORIENTED_EDGE ( 'NONE', *, *, #5166, .T. ) ;
#1381 = AXIS2_PLACEMENT_3D ( 'NONE', #743, #2530, #4238 ) ;
#1382 = AXIS2_PLACEMENT_3D ( 'NONE', #5046, #4414, #1433 ) ;
#1383 = LINE ( 'NONE', #5503, #4029 ) ;
#1384 = ORIENTED_EDGE ( 'NONE', *, *, #657, .F. ) ;
#1385 = LINE ( 'NONE', #6581, #5277 ) ;
#1386 = CARTESIAN_POINT ( 'NONE',  ( -7.620000000000000107, 0.000000000000000000, 0.8890000000000022329 ) ) ;
#1387 = EDGE_CURVE ( 'NONE', #7392, #3050, #5432, .T. ) ;
#1388 = AXIS2_PLACEMENT_3D ( 'NONE', #1778, #4138, #2924 ) ;
#1389 = PLANE ( 'NONE',  #6336 ) ;
#1390 = VECTOR ( 'NONE', #6043, 1000.000000000000000 ) ;
#1391 = CARTESIAN_POINT ( 'NONE',  ( 17.78000000000000114, 2.540000000000000036, -0.8889999999999981251 ) ) ;
#1392 = ORIENTED_EDGE ( 'NONE', *, *, #1071, .F. ) ;
#1393 = VERTEX_POINT ( 'NONE', #2478 ) ;
#1394 = AXIS2_PLACEMENT_3D ( 'NONE', #1416, #5453, #5538 ) ;
#1395 = VERTEX_POINT ( 'NONE', #2362 ) ;
#1396 = DIRECTION ( 'NONE',  ( 0.9781476007338063550, 0.2079116908177560674, -0.000000000000000000 ) ) ;
#1397 = DIRECTION ( 'NONE',  ( -0.000000000000000000, -0.000000000000000000, 1.000000000000000000 ) ) ;
#1398 = CARTESIAN_POINT ( 'NONE',  ( 3.492500000000002380, 0.000000000000000000, 0.3175000000000017808 ) ) ;
#1399 = SURFACE_SIDE_STYLE ('',( #6720 ) ) ;
#1400 = LINE ( 'NONE', #3797, #401 ) ;
#1401 = AXIS2_PLACEMENT_3D ( 'NONE', #2522, #65, #4898 ) ;
#1402 = ORIENTED_EDGE ( 'NONE', *, *, #4951, .T. ) ;
#1403 = ORIENTED_EDGE ( 'NONE', *, *, #6201, .T. ) ;
#1404 = CARTESIAN_POINT ( 'NONE',  ( 3.492500000000002380, 2.540000000000000036, 0.3175000000000017808 ) ) ;
#1405 = VERTEX_POINT ( 'NONE', #6512 ) ;
#1406 = FACE_OUTER_BOUND ( 'NONE', #6393, .T. ) ;
#1407 = DIRECTION ( 'NONE',  ( 0.000000000000000000, 0.000000000000000000, 1.000000000000000000 ) ) ;
#1408 = FACE_OUTER_BOUND ( 'NONE', #2551, .T. ) ;
#1409 = VERTEX_POINT ( 'NONE', #5393 ) ;
#1410 = DIRECTION ( 'NONE',  ( 0.000000000000000000, -0.000000000000000000, 1.000000000000000000 ) ) ;
#1411 = EDGE_CURVE ( 'NONE', #5824, #7428, #5475, .T. ) ;
#1412 = VERTEX_POINT ( 'NONE', #617 ) ;
#1413 = CARTESIAN_POINT ( 'NONE',  ( -10.54100000000000037, 2.540000000000000036, 1.270000000000002904 ) ) ;
#1414 = CARTESIAN_POINT ( 'NONE',  ( 15.24000000000000021, 0.000000000000000000, -0.8889999999999974589 ) ) ;
#1415 =( GEOMETRIC_REPRESENTATION_CONTEXT ( 3 ) GLOBAL_UNCERTAINTY_ASSIGNED_CONTEXT ( ( #7616 ) ) GLOBAL_UNIT_ASSIGNED_CONTEXT ( ( #5638, #4979, #900 ) ) REPRESENTATION_CONTEXT ( 'NONE', 'WORKASPACE' ) );
#1416 = CARTESIAN_POINT ( 'NONE',  ( 8.572500000000003340, 0.000000000000000000, 0.3175000000000017808 ) ) ;
#1417 = EDGE_CURVE ( 'NONE', #5036, #5774, #659, .T. ) ;
#1418 =( NAMED_UNIT ( * ) PLANE_ANGLE_UNIT ( ) SI_UNIT ( $, .RADIAN. ) );
#1419 = DIRECTION ( 'NONE',  ( -0.9781476007338063550, 0.2079116908177560674, 0.000000000000000000 ) ) ;
#1420 = ADVANCED_FACE ( 'NONE', ( #62 ), #4854, .T. ) ;
#1421 = ORIENTED_EDGE ( 'NONE', *, *, #7164, .F. ) ;
#1422 = EDGE_CURVE ( 'NONE', #5059, #1054, #7684, .T. ) ;
#1423 = DIRECTION ( 'NONE',  ( 0.000000000000000000, 0.000000000000000000, 1.000000000000000000 ) ) ;
#1424 = DIRECTION ( 'NONE',  ( 0.000000000000000000, 0.000000000000000000, -1.000000000000000000 ) ) ;
#1425 = VECTOR ( 'NONE', #4384, 1000.000000000000000 ) ;
#1426 = CARTESIAN_POINT ( 'NONE',  ( 8.001000000000001222, 2.540000000000000036, 1.270000000000003348 ) ) ;
#1427 = EDGE_CURVE ( 'NONE', #7470, #690, #1856, .T. ) ;
#1428 = FACE_OUTER_BOUND ( 'NONE', #6258, .T. ) ;
#1429 = ORIENTED_EDGE ( 'NONE', *, *, #5086, .F. ) ;
#1430 = EDGE_LOOP ( 'NONE', ( #7348, #3062, #3385, #57 ) ) ;
#1431 = ADVANCED_FACE ( 'NONE', ( #2519 ), #99, .T. ) ;
#1432 = ORIENTED_EDGE ( 'NONE', *, *, #1674, .T. ) ;
#1433 = DIRECTION ( 'NONE',  ( 1.000000000000000000, 0.000000000000000000, -2.439149994343089694E-16 ) ) ;
#1434 = CARTESIAN_POINT ( 'NONE',  ( 16.82750000000000057, 0.000000000000000000, -0.3174999999999983946 ) ) ;
#1435 = AXIS2_PLACEMENT_3D ( 'NONE', #5186, #7551, #4171 ) ;
#1436 = CARTESIAN_POINT ( 'NONE',  ( -14.28749999999999787, 0.000000000000000000, -0.3174999999999983946 ) ) ;
#1437 = EDGE_LOOP ( 'NONE', ( #739, #6467, #4360, #3172 ) ) ;
#1438 = VERTEX_POINT ( 'NONE', #3636 ) ;
#1439 = AXIS2_PLACEMENT_3D ( 'NONE', #6234, #4545, #5143 ) ;
#1440 = FACE_OUTER_BOUND ( 'NONE', #7105, .T. ) ;
#1441 = EDGE_CURVE ( 'NONE', #58, #5903, #2931, .T. ) ;
#1442 = CARTESIAN_POINT ( 'NONE',  ( -17.78000000000000114, 2.540000000000000036, 0.8890000000000022329 ) ) ;
#1443 = ORIENTED_EDGE ( 'NONE', *, *, #4131, .F. ) ;
#1444 = DIRECTION ( 'NONE',  ( 1.000000000000000000, 0.000000000000000000, 0.000000000000000000 ) ) ;
#1445 = LINE ( 'NONE', #3289, #6072 ) ;
#1446 = FACE_OUTER_BOUND ( 'NONE', #6713, .T. ) ;
#1447 = PLANE ( 'NONE',  #3220 ) ;
#1448 = EDGE_LOOP ( 'NONE', ( #2713, #7679, #4401, #7510 ) ) ;
#1449 = DIRECTION ( 'NONE',  ( 0.000000000000000000, 0.000000000000000000, -1.000000000000000000 ) ) ;
#1450 = VERTEX_POINT ( 'NONE', #1975 ) ;
#1451 = DIRECTION ( 'NONE',  ( -0.7071067811865477948, -0.000000000000000000, -0.7071067811865473507 ) ) ;
#1452 = DIRECTION ( 'NONE',  ( 1.000000000000000000, 0.000000000000000000, 0.000000000000000000 ) ) ;
#1453 = FACE_OUTER_BOUND ( 'NONE', #2030, .T. ) ;
#1454 = VECTOR ( 'NONE', #2032, 1000.000000000000000 ) ;
#1455 = DIRECTION ( 'NONE',  ( 1.000000000000000000, 0.000000000000000000, 0.000000000000000000 ) ) ;
#1456 = LINE ( 'NONE', #6002, #7394 ) ;
#1457 = VERTEX_POINT ( 'NONE', #6717 ) ;
#1458 = DIRECTION ( 'NONE',  ( -0.7071067811865474617, -0.000000000000000000, 0.7071067811865474617 ) ) ;
#1459 = PLANE ( 'NONE',  #4229 ) ;
#1460 = LINE ( 'NONE', #176, #4361 ) ;
#1461 = ADVANCED_FACE ( 'NONE', ( #4969, #264 ), #6136, .F. ) ;
#1462 = EDGE_CURVE ( 'NONE', #5232, #7096, #817, .T. ) ;
#1463 = PLANE ( 'NONE',  #1869 ) ;
#1464 = ORIENTED_EDGE ( 'NONE', *, *, #5614, .F. ) ;
#1465 = VERTEX_POINT ( 'NONE', #6204 ) ;
#1466 = APPLICATION_CONTEXT ( 'automotive_design' ) ;
#1467 = EDGE_LOOP ( 'NONE', ( #2083, #2982, #106, #6710 ) ) ;
#1468 = CARTESIAN_POINT ( 'NONE',  ( -15.24000000000000021, 0.000000000000000000, -0.8889999999999981251 ) ) ;
#1469 = LINE ( 'NONE', #4380, #5215 ) ;
#1470 = EDGE_CURVE ( 'NONE', #5120, #2804, #890, .T. ) ;
#1471 = LINE ( 'NONE', #342, #19 ) ;
#1472 = ORIENTED_EDGE ( 'NONE', *, *, #4373, .F. ) ;
#1473 = ORIENTED_EDGE ( 'NONE', *, *, #7547, .F. ) ;
#1474 = LINE ( 'NONE', #2670, #3654 ) ;
#1475 = ORIENTED_EDGE ( 'NONE', *, *, #4306, .T. ) ;
#1476 = AXIS2_PLACEMENT_3D ( 'NONE', #4952, #7429, #5063 ) ;
#1477 = LINE ( 'NONE', #5021, #1495 ) ;
#1478 = LINE ( 'NONE', #5527, #4565 ) ;
#1479 = DIRECTION ( 'NONE',  ( -1.000000000000000000, -0.000000000000000000, 2.439149994343089694E-16 ) ) ;
#1480 = ADVANCED_FACE ( 'NONE', ( #2553 ), #3167, .T. ) ;
#1481 = SURFACE_SIDE_STYLE ('',( #4428 ) ) ;
#1482 = VECTOR ( 'NONE', #867, 1000.000000000000000 ) ;
#1483 = VERTEX_POINT ( 'NONE', #5012 ) ;
#1484 = PLANE ( 'NONE',  #4532 ) ;
#1485 = ORIENTED_EDGE ( 'NONE', *, *, #2523, .T. ) ;
#1486 = CARTESIAN_POINT ( 'NONE',  ( 7.620000000000001883, 2.540000000000000036, -0.8889999999999981251 ) ) ;
#1487 = VECTOR ( 'NONE', #2203, 1000.000000000000000 ) ;
#1488 = DIRECTION ( 'NONE',  ( 0.000000000000000000, 0.000000000000000000, 1.000000000000000000 ) ) ;
#1489 = VECTOR ( 'NONE', #2957, 1000.000000000000000 ) ;
#1490 = CARTESIAN_POINT ( 'NONE',  ( 17.39900000000000091, 0.000000000000000000, -1.269999999999997353 ) ) ;
#1491 =( LENGTH_UNIT ( ) NAMED_UNIT ( * ) SI_UNIT ( .MILLI., .METRE. ) );
#1492 = AXIS2_PLACEMENT_3D ( 'NONE', #7155, #1836, #3621 ) ;
#1493 = CARTESIAN_POINT ( 'NONE',  ( 17.78000000000000114, 0.000000000000000000, -0.8889999999999981251 ) ) ;
#1494 = VERTEX_POINT ( 'NONE', #1398 ) ;
#1495 = VECTOR ( 'NONE', #6872, 1000.000000000000000 ) ;
#1496 = DIRECTION ( 'NONE',  ( -0.000000000000000000, 1.000000000000000000, 0.000000000000000000 ) ) ;
#1497 = DIRECTION ( 'NONE',  ( 1.000000000000000000, 0.000000000000000000, -0.000000000000000000 ) ) ;
#1498 = AXIS2_PLACEMENT_3D ( 'NONE', #7149, #1292, #3649 ) ;
#1499 = LINE ( 'NONE', #4406, #1010 ) ;
#1500 = AXIS2_PLACEMENT_3D ( 'NONE', #1858, #4223, #6601 ) ;
#1501 = CARTESIAN_POINT ( 'NONE',  ( -18.73249999999999815, 2.540000000000000036, 0.3175000000000017808 ) ) ;
#1502 = CLOSED_SHELL ( 'NONE', ( #6676, #3733, #3789, #2697, #1764, #7642, #6824, #5319, #7442, #5279, #2184, #2319, #2888, #7112 ) ) ;
#1503 = ORIENTED_EDGE ( 'NONE', *, *, #3537, .F. ) ;
#1504 = PRESENTATION_LAYER_ASSIGNMENT (  '', '', ( #5350 ) ) ;
#1505 = ORIENTED_EDGE ( 'NONE', *, *, #609, .F. ) ;
#1506 = ORIENTED_EDGE ( 'NONE', *, *, #1842, .F. ) ;
#1507 = CARTESIAN_POINT ( 'NONE',  ( 18.16100000000000136, 0.000000000000000000, 1.270000000000003348 ) ) ;
#1508 = EDGE_CURVE ( 'NONE', #6866, #5447, #4934, .T. ) ;
#1509 =( GEOMETRIC_REPRESENTATION_CONTEXT ( 3 ) GLOBAL_UNCERTAINTY_ASSIGNED_CONTEXT ( ( #2683 ) ) GLOBAL_UNIT_ASSIGNED_CONTEXT ( ( #6506, #1894, #6045 ) ) REPRESENTATION_CONTEXT ( 'NONE', 'WORKASPACE' ) );
#1510 = AXIS2_PLACEMENT_3D ( 'NONE', #1056, #1715, #2941 ) ;
#1511 = DIRECTION ( 'NONE',  ( 0.000000000000000000, 0.000000000000000000, -1.000000000000000000 ) ) ;
#1512 = ITEM_DEFINED_TRANSFORMATION ( 'NONE', 'NONE', #143,  #259 ) ;
#1513 = DIRECTION ( 'NONE',  ( -2.439149994343089694E-16, 0.000000000000000000, -1.000000000000000000 ) ) ;
#1514 = ORIENTED_EDGE ( 'NONE', *, *, #118, .F. ) ;
#1515 = VECTOR ( 'NONE', #3506, 1000.000000000000000 ) ;
#1516 = EDGE_CURVE ( 'NONE', #1091, #6001, #3760, .T. ) ;
#1517 = EDGE_LOOP ( 'NONE', ( #2580, #5975, #5429, #6899 ) ) ;
#1518 = ORIENTED_EDGE ( 'NONE', *, *, #5030, .T. ) ;
#1519 = EDGE_CURVE ( 'NONE', #7447, #5169, #6789, .T. ) ;
#1520 = EDGE_CURVE ( 'NONE', #7228, #1450, #849, .T. ) ;
#1521 = CARTESIAN_POINT ( 'NONE',  ( 3.492500000000002380, 2.540000000000000036, 0.3175000000000017808 ) ) ;
#1522 = DIRECTION ( 'NONE',  ( 0.000000000000000000, 1.000000000000000000, 0.000000000000000000 ) ) ;
#1523 = AXIS2_PLACEMENT_3D ( 'NONE', #1146, #2797, #7039 ) ;
#1524 = VECTOR ( 'NONE', #5700, 1000.000000000000000 ) ;
#1525 = CARTESIAN_POINT ( 'NONE',  ( -18.16100000000000136, 2.540000000000000036, -1.269999999999997353 ) ) ;
#1526 = EDGE_LOOP ( 'NONE', ( #7029, #2211, #735, #6952 ) ) ;
#1527 = ORIENTED_EDGE ( 'NONE', *, *, #7154, .T. ) ;
#1528 =( REPRESENTATION_RELATIONSHIP ('NONE','NONE', #6526, #1223 ) REPRESENTATION_RELATIONSHIP_WITH_TRANSFORMATION ( #5912 )SHAPE_REPRESENTATION_RELATIONSHIP( ) );
#1529 = DIRECTION ( 'NONE',  ( -0.7071067811865474617, -0.000000000000000000, 0.7071067811865474617 ) ) ;
#1530 = ORIENTED_EDGE ( 'NONE', *, *, #281, .F. ) ;
#1531 = EDGE_CURVE ( 'NONE', #4527, #3250, #1469, .T. ) ;
#1532 = CARTESIAN_POINT ( 'NONE',  ( -17.39900000000000091, 2.540000000000000036, -1.269999999999996909 ) ) ;
#1533 = LINE ( 'NONE', #2614, #2959 ) ;
#1534 = LINE ( 'NONE', #3484, #1885 ) ;
#1535 = UNCERTAINTY_MEASURE_WITH_UNIT (LENGTH_MEASURE( 1.000000000000000082E-05 ), #4232, 'distance_accuracy_value', 'NONE');
#1536 = CARTESIAN_POINT ( 'NONE',  ( 11.42999999999999972, 0.000000000000000000, 1.788933584601082316E-15 ) ) ;
#1537 = CARTESIAN_POINT ( 'NONE',  ( 3.492500000000002380, 0.000000000000000000, 0.3175000000000017808 ) ) ;
#1538 = ORIENTED_EDGE ( 'NONE', *, *, #4203, .T. ) ;
#1539 = DIRECTION ( 'NONE',  ( 0.000000000000000000, 0.000000000000000000, -1.000000000000000000 ) ) ;
#1540 = CARTESIAN_POINT ( 'NONE',  ( -15.62099999999999866, 0.000000000000000000, -1.269999999999997353 ) ) ;
#1541 = LINE ( 'NONE', #1689, #2011 ) ;
#1542 = LINE ( 'NONE', #7408, #6089 ) ;
#1543 = ORIENTED_EDGE ( 'NONE', *, *, #3120, .F. ) ;
#1544 = VERTEX_POINT ( 'NONE', #1434 ) ;
#1545 = ORIENTED_EDGE ( 'NONE', *, *, #6684, .T. ) ;
#1546 = PLANE ( 'NONE',  #130 ) ;
#1547 = VECTOR ( 'NONE', #6358, 1000.000000000000000 ) ;
#1548 = STYLED_ITEM ( 'NONE', ( #4063 ), #4754 ) ;
#1549 = VECTOR ( 'NONE', #823, 1000.000000000000000 ) ;
#1550 = DIRECTION ( 'NONE',  ( -1.000000000000000000, -0.000000000000000000, -0.000000000000000000 ) ) ;
#1551 = EDGE_LOOP ( 'NONE', ( #3526, #5787, #4889, #4764 ) ) ;
#1552 = VERTEX_POINT ( 'NONE', #3245 ) ;
#1553 = DIRECTION ( 'NONE',  ( -1.000000000000000000, -0.000000000000000000, 2.439149994343089694E-16 ) ) ;
#1554 = PLANE ( 'NONE',  #4718 ) ;
#1555 = VECTOR ( 'NONE', #1841, 1000.000000000000000 ) ;
#1556 = LINE ( 'NONE', #966, #3588 ) ;
#1557 = DIRECTION ( 'NONE',  ( 0.000000000000000000, 1.000000000000000000, 0.000000000000000000 ) ) ;
#1558 = DIRECTION ( 'NONE',  ( 0.000000000000000000, 0.000000000000000000, -1.000000000000000000 ) ) ;
#1559 = EDGE_CURVE ( 'NONE', #270, #2761, #2492, .T. ) ;
#1560 = VECTOR ( 'NONE', #6528, 1000.000000000000000 ) ;
#1561 = EDGE_CURVE ( 'NONE', #5107, #3259, #6613, .T. ) ;
#1562 = ORIENTED_EDGE ( 'NONE', *, *, #3345, .F. ) ;
#1563 = ORIENTED_EDGE ( 'NONE', *, *, #2874, .T. ) ;
#1564 = DIRECTION ( 'NONE',  ( 0.000000000000000000, 0.000000000000000000, 1.000000000000000000 ) ) ;
#1565 = VERTEX_POINT ( 'NONE', #5442 ) ;
#1566 = LINE ( 'NONE', #5652, #4561 ) ;
#1567 = ADVANCED_FACE ( 'NONE', ( #6685, #3100 ), #38, .T. ) ;
#1568 =( REPRESENTATION_RELATIONSHIP ('NONE','NONE', #6526, #2566 ) REPRESENTATION_RELATIONSHIP_WITH_TRANSFORMATION ( #6265 )SHAPE_REPRESENTATION_RELATIONSHIP( ) );
#1569 = CARTESIAN_POINT ( 'NONE',  ( 1.270000000000000240, 0.000000000000000000, 1.788933584601082316E-15 ) ) ;
#1570 = CARTESIAN_POINT ( 'NONE',  ( -9.779000000000001691, 0.000000000000000000, -1.269999999999996909 ) ) ;
#1571 = ORIENTED_EDGE ( 'NONE', *, *, #2687, .T. ) ;
#1572 = LINE ( 'NONE', #251, #3540 ) ;
#1573 = CARTESIAN_POINT ( 'NONE',  ( 11.74750000000000050, 2.540000000000000036, 0.3175000000000017808 ) ) ;
#1574 = DIRECTION ( 'NONE',  ( 0.000000000000000000, 1.000000000000000000, 0.000000000000000000 ) ) ;
#1575 = CARTESIAN_POINT ( 'NONE',  ( -5.080000000000000959, 2.540000000000000036, -0.8889999999999974589 ) ) ;
#1576 = VERTEX_POINT ( 'NONE', #6563 ) ;
#1577 = VERTEX_POINT ( 'NONE', #671 ) ;
#1578 = ORIENTED_EDGE ( 'NONE', *, *, #7104, .T. ) ;
#1579 = CARTESIAN_POINT ( 'NONE',  ( 10.15999999999999837, 0.000000000000000000, -0.8889999999999974589 ) ) ;
#1580 = UNCERTAINTY_MEASURE_WITH_UNIT (LENGTH_MEASURE( 1.000000000000000082E-05 ), #1491, 'distance_accuracy_value', 'NONE');
#1581 = CARTESIAN_POINT ( 'NONE',  ( 16.19250000000000256, 2.540000000000000036, -0.3174999999999983946 ) ) ;
#1582 = ORIENTED_EDGE ( 'NONE', *, *, #3835, .F. ) ;
#1583 = ORIENTED_EDGE ( 'NONE', *, *, #6132, .F. ) ;
#1584 = FACE_OUTER_BOUND ( 'NONE', #3127, .T. ) ;
#1585 = ORIENTED_EDGE ( 'NONE', *, *, #6016, .F. ) ;
#1586 = CARTESIAN_POINT ( 'NONE',  ( -8.000999999999999446, 0.000000000000000000, -1.269999999999997353 ) ) ;
#1587 = CARTESIAN_POINT ( 'NONE',  ( 12.69999999999999929, 2.540000000000000036, -0.8889999999999981251 ) ) ;
#1588 = LINE ( 'NONE', #3951, #4219 ) ;
#1589 = ORIENTED_EDGE ( 'NONE', *, *, #453, .T. ) ;
#1590 = VERTEX_POINT ( 'NONE', #75 ) ;
#1591 = SURFACE_STYLE_FILL_AREA ( #6367 ) ;
#1592 = CARTESIAN_POINT ( 'NONE',  ( -0.3809999999999993947, 0.000000000000000000, -1.269999999999997353 ) ) ;
#1593 = ORIENTED_EDGE ( 'NONE', *, *, #5006, .T. ) ;
#1594 = ORIENTED_EDGE ( 'NONE', *, *, #6689, .T. ) ;
#1595 = FACE_OUTER_BOUND ( 'NONE', #3347, .T. ) ;
#1596 = FACE_OUTER_BOUND ( 'NONE', #3126, .T. ) ;
#1597 = EDGE_CURVE ( 'NONE', #7626, #4256, #4275, .T. ) ;
#1598 = EDGE_CURVE ( 'NONE', #4056, #3619, #708, .T. ) ;
#1599 = AXIS2_PLACEMENT_3D ( 'NONE', #640, #6569, #3692 ) ;
#1600 = VECTOR ( 'NONE', #2621, 1000.000000000000000 ) ;
#1601 = DIRECTION ( 'NONE',  ( 1.000000000000000000, 0.000000000000000000, 0.000000000000000000 ) ) ;
#1602 = ADVANCED_FACE ( 'NONE', ( #2450 ), #1291, .T. ) ;
#1603 = CARTESIAN_POINT ( 'NONE',  ( 14.85899999999999999, 0.000000000000000000, 1.270000000000002904 ) ) ;
#1604 = AXIS2_PLACEMENT_3D ( 'NONE', #2326, #967, #3399 ) ;
#1605 = ORIENTED_EDGE ( 'NONE', *, *, #6039, .T. ) ;
#1606 = LINE ( 'NONE', #5415, #101 ) ;
#1607 = EDGE_CURVE ( 'NONE', #5050, #3415, #3614, .T. ) ;
#1608 = EDGE_CURVE ( 'NONE', #701, #394, #5994, .T. ) ;
#1609 = FACE_OUTER_BOUND ( 'NONE', #2574, .T. ) ;
#1610 = DIRECTION ( 'NONE',  ( -0.7071067811865474617, -0.000000000000000000, 0.7071067811865474617 ) ) ;
#1611 = VECTOR ( 'NONE', #244, 1000.000000000000000 ) ;
#1612 = PLANE ( 'NONE',  #5102 ) ;
#1613 = ORIENTED_EDGE ( 'NONE', *, *, #5551, .F. ) ;
#1614 = VECTOR ( 'NONE', #1207, 1000.000000000000000 ) ;
#1615 = CARTESIAN_POINT ( 'NONE',  ( 7.239000000000002544, 0.000000000000000000, -1.269999999999997353 ) ) ;
#1616 = ORIENTED_EDGE ( 'NONE', *, *, #5166, .F. ) ;
#1617 = VERTEX_POINT ( 'NONE', #7148 ) ;
#1618 = CARTESIAN_POINT ( 'NONE',  ( 8.001000000000001222, 2.540000000000000036, 1.270000000000003348 ) ) ;
#1619 = MECHANICAL_DESIGN_GEOMETRIC_PRESENTATION_REPRESENTATION (  '', ( #5464 ), #3965 ) ;
#1620 = ADVANCED_FACE ( 'NONE', ( #3727 ), #3648, .T. ) ;
#1621 = VECTOR ( 'NONE', #4462, 1000.000000000000000 ) ;
#1622 = CARTESIAN_POINT ( 'NONE',  ( 0.3174999999999999489, -10.66799999999999926, -0.2446143550033492986 ) ) ;
#1623 = CARTESIAN_POINT ( 'NONE',  ( 14.28750000000000142, 0.000000000000000000, -0.3174999999999983946 ) ) ;
#1624 = VECTOR ( 'NONE', #1307, 1000.000000000000000 ) ;
#1625 = ORIENTED_EDGE ( 'NONE', *, *, #1660, .T. ) ;
#1626 = ORIENTED_EDGE ( 'NONE', *, *, #3645, .T. ) ;
#1627 =( GEOMETRIC_REPRESENTATION_CONTEXT ( 3 ) GLOBAL_UNCERTAINTY_ASSIGNED_CONTEXT ( ( #3807 ) ) GLOBAL_UNIT_ASSIGNED_CONTEXT ( ( #6790, #5699, #3471 ) ) REPRESENTATION_CONTEXT ( 'NONE', 'WORKASPACE' ) );
#1628 = VECTOR ( 'NONE', #1783, 1000.000000000000000 ) ;
#1629 = CARTESIAN_POINT ( 'NONE',  ( 6.032500000000003304, 0.000000000000000000, -0.3174999999999983946 ) ) ;
#1630 = DIRECTION ( 'NONE',  ( 0.000000000000000000, 1.000000000000000000, 0.000000000000000000 ) ) ;
#1631 = DIRECTION ( 'NONE',  ( -1.000000000000000000, 0.000000000000000000, 0.000000000000000000 ) ) ;
#1632 = LINE ( 'NONE', #4611, #1982 ) ;
#1633 = CARTESIAN_POINT ( 'NONE',  ( 20.32000000000000028, 0.000000000000000000, 0.000000000000000000 ) ) ;
#1634 = AXIS2_PLACEMENT_3D ( 'NONE', #6572, #643, #5301 ) ;
#1635 = ORIENTED_EDGE ( 'NONE', *, *, #3595, .F. ) ;
#1636 = EDGE_LOOP ( 'NONE', ( #5580, #5714, #478, #802 ) ) ;
#1637 = LINE ( 'NONE', #3998, #740 ) ;
#1638 = CARTESIAN_POINT ( 'NONE',  ( 2.540000000000000480, 2.540000000000000036, -0.8889999999999974589 ) ) ;
#1639 = ORIENTED_EDGE ( 'NONE', *, *, #1177, .F. ) ;
#1640 = ORIENTED_EDGE ( 'NONE', *, *, #1508, .T. ) ;
#1641 = VECTOR ( 'NONE', #1662, 1000.000000000000000 ) ;
#1642 = LINE ( 'NONE', #2825, #3478 ) ;
#1643 = CARTESIAN_POINT ( 'NONE',  ( -16.82749999999999702, 0.000000000000000000, -0.3174999999999983946 ) ) ;
#1644 = ADVANCED_FACE ( 'NONE', ( #2413, #4946 ), #6524, .F. ) ;
#1645 = CARTESIAN_POINT ( 'NONE',  ( 2.540000000000000480, 0.000000000000000000, -0.8889999999999981251 ) ) ;
#1646 = ORIENTED_EDGE ( 'NONE', *, *, #5684, .F. ) ;
#1647 = LINE ( 'NONE', #438, #1849 ) ;
#1648 = DIRECTION ( 'NONE',  ( 1.000000000000000000, 0.000000000000000000, -2.439149994343089694E-16 ) ) ;
#1649 = EDGE_CURVE ( 'NONE', #1675, #1395, #5529, .T. ) ;
#1650 = CARTESIAN_POINT ( 'NONE',  ( 12.31900000000000084, 0.000000000000000000, -1.269999999999997353 ) ) ;
#1651 = CARTESIAN_POINT ( 'NONE',  ( -0.3174999999999999489, 8.382000000000001450, -0.2446143550033490766 ) ) ;
#1652 = ADVANCED_FACE ( 'NONE', ( #3057 ), #6109, .T. ) ;
#1653 = EDGE_CURVE ( 'NONE', #6006, #4733, #790, .T. ) ;
#1654 = VERTEX_POINT ( 'NONE', #4870 ) ;
#1655 = CARTESIAN_POINT ( 'NONE',  ( -11.74749999999999872, 0.000000000000000000, -0.3174999999999983946 ) ) ;
#1656 = VERTEX_POINT ( 'NONE', #7236 ) ;
#1657 = CARTESIAN_POINT ( 'NONE',  ( 6.667500000000003091, 0.000000000000000000, 0.3175000000000017808 ) ) ;
#1658 = EDGE_LOOP ( 'NONE', ( #5612, #5997, #3921, #1950 ) ) ;
#1659 = DIRECTION ( 'NONE',  ( 1.000000000000000000, 0.000000000000000000, -2.439149994343089694E-16 ) ) ;
#1660 = EDGE_CURVE ( 'NONE', #1054, #576, #6063, .T. ) ;
#1661 = DIRECTION ( 'NONE',  ( -0.7071067811865474617, -0.000000000000000000, 0.7071067811865474617 ) ) ;
#1662 = DIRECTION ( 'NONE',  ( -1.000000000000000000, -0.000000000000000000, -0.000000000000000000 ) ) ;
#1663 = ADVANCED_FACE ( 'NONE', ( #1954 ), #1794, .F. ) ;
#1664 = ORIENTED_EDGE ( 'NONE', *, *, #2651, .T. ) ;
#1665 = ORIENTED_EDGE ( 'NONE', *, *, #616, .F. ) ;
#1666 = VECTOR ( 'NONE', #3670, 1000.000000000000000 ) ;
#1667 = SURFACE_STYLE_FILL_AREA ( #5813 ) ;
#1668 = FACE_OUTER_BOUND ( 'NONE', #7094, .T. ) ;
#1669 = DIRECTION ( 'NONE',  ( 0.7071067811865473507, 0.000000000000000000, -0.7071067811865476838 ) ) ;
#1670 = CARTESIAN_POINT ( 'NONE',  ( -0.3809999999999993947, 0.000000000000000000, -1.269999999999997353 ) ) ;
#1671 = APPLICATION_CONTEXT ( 'automotive_design' ) ;
#1672 = CARTESIAN_POINT ( 'NONE',  ( -11.74749999999999872, 2.540000000000000036, 0.3175000000000017808 ) ) ;
#1673 = CARTESIAN_POINT ( 'NONE',  ( -10.54100000000000037, 0.000000000000000000, -1.269999999999997353 ) ) ;
#1674 = EDGE_CURVE ( 'NONE', #2804, #5693, #6800, .T. ) ;
#1675 = VERTEX_POINT ( 'NONE', #1525 ) ;
#1676 = ORIENTED_EDGE ( 'NONE', *, *, #3932, .T. ) ;
#1677 = LINE ( 'NONE', #4720, #6640 ) ;
#1678 = DIRECTION ( 'NONE',  ( 2.439149994343089694E-16, -0.000000000000000000, 1.000000000000000000 ) ) ;
#1679 = EDGE_LOOP ( 'NONE', ( #7647, #6606, #5306, #3152 ) ) ;
#1680 = VERTEX_POINT ( 'NONE', #1989 ) ;
#1681 = CARTESIAN_POINT ( 'NONE',  ( 12.69999999999999929, 0.000000000000000000, 0.8890000000000022329 ) ) ;
#1682 = DIRECTION ( 'NONE',  ( 1.000000000000000000, 0.000000000000000000, -2.439149994343089694E-16 ) ) ;
#1683 = VECTOR ( 'NONE', #7365, 1000.000000000000000 ) ;
#1684 = FACE_BOUND ( 'NONE', #2635, .T. ) ;
#1685 = ORIENTED_EDGE ( 'NONE', *, *, #2513, .T. ) ;
#1686 = VECTOR ( 'NONE', #3816, 1000.000000000000000 ) ;
#1687 = CARTESIAN_POINT ( 'NONE',  ( -3.492499999999999272, 2.540000000000000036, 0.3175000000000017808 ) ) ;
#1688 = CARTESIAN_POINT ( 'NONE',  ( 5.080000000000000071, 2.540000000000000036, 0.000000000000000000 ) ) ;
#1689 = CARTESIAN_POINT ( 'NONE',  ( 13.65250000000000163, 2.540000000000000036, 0.3175000000000017808 ) ) ;
#1690 = COLOUR_RGB ( '',0.2509803921568627416, 0.2509803921568627416, 0.2509803921568627416 ) ;
#1691 = VERTEX_POINT ( 'NONE', #2674 ) ;
#1692 = LINE ( 'NONE', #4095, #558 ) ;
#1693 = EDGE_LOOP ( 'NONE', ( #1676, #7533, #1166, #7410, #5087, #5588, #6042, #3162 ) ) ;
#1694 = CARTESIAN_POINT ( 'NONE',  ( -10.16000000000000014, 0.000000000000000000, -0.8889999999999974589 ) ) ;
#1695 = ORIENTED_EDGE ( 'NONE', *, *, #5546, .T. ) ;
#1696 = CARTESIAN_POINT ( 'NONE',  ( -1.587499999999998579, 2.540000000000000036, -0.3174999999999983946 ) ) ;
#1697 = EDGE_CURVE ( 'NONE', #590, #2198, #2604, .T. ) ;
#1698 = EDGE_CURVE ( 'NONE', #4447, #4302, #4352, .T. ) ;
#1699 = DIRECTION ( 'NONE',  ( 0.000000000000000000, 0.000000000000000000, -1.000000000000000000 ) ) ;
#1700 = EDGE_LOOP ( 'NONE', ( #5650, #6592, #3799, #2627 ) ) ;
#1701 = ORIENTED_EDGE ( 'NONE', *, *, #979, .T. ) ;
#1702 = FACE_OUTER_BOUND ( 'NONE', #1909, .T. ) ;
#1703 = ORIENTED_EDGE ( 'NONE', *, *, #3158, .T. ) ;
#1704 = PLANE ( 'NONE',  #250 ) ;
#1705 = CARTESIAN_POINT ( 'NONE',  ( 13.08099999999999952, 2.540000000000000036, 1.270000000000003348 ) ) ;
#1706 = EDGE_CURVE ( 'NONE', #5036, #5316, #7424, .T. ) ;
#1707 = DIRECTION ( 'NONE',  ( -0.000000000000000000, 1.000000000000000000, 0.000000000000000000 ) ) ;
#1708 = DIRECTION ( 'NONE',  ( -2.439149994343089694E-16, 0.000000000000000000, -1.000000000000000000 ) ) ;
#1709 = ORIENTED_EDGE ( 'NONE', *, *, #1754, .T. ) ;
#1710 = ORIENTED_EDGE ( 'NONE', *, *, #5601, .T. ) ;
#1711 = DIRECTION ( 'NONE',  ( 0.000000000000000000, 1.000000000000000000, 0.000000000000000000 ) ) ;
#1712 = PLANE ( 'NONE',  #837 ) ;
#1713 = EDGE_LOOP ( 'NONE', ( #1356, #7262, #1695, #1583 ) ) ;
#1714 = ORIENTED_EDGE ( 'NONE', *, *, #5047, .F. ) ;
#1715 = DIRECTION ( 'NONE',  ( 0.000000000000000000, 0.000000000000000000, -1.000000000000000000 ) ) ;
#1716 = DIRECTION ( 'NONE',  ( -1.000000000000000000, 0.000000000000000000, 2.439149994343089694E-16 ) ) ;
#1717 = EDGE_CURVE ( 'NONE', #5894, #5270, #3842, .T. ) ;
#1718 = FACE_OUTER_BOUND ( 'NONE', #3491, .T. ) ;
#1719 = ORIENTED_EDGE ( 'NONE', *, *, #4497, .F. ) ;
#1720 = DIRECTION ( 'NONE',  ( -2.439149994343089694E-16, 0.000000000000000000, -1.000000000000000000 ) ) ;
#1721 = AXIS2_PLACEMENT_3D ( 'NONE', #1289, #1828, #2377 ) ;
#1722 = LINE ( 'NONE', #6964, #7561 ) ;
#1723 = LINE ( 'NONE', #6535, #4237 ) ;
#1724 =( LENGTH_UNIT ( ) NAMED_UNIT ( * ) SI_UNIT ( .MILLI., .METRE. ) );
#1725 = AXIS2_PLACEMENT_3D ( 'NONE', #73, #2448, #4818 ) ;
#1726 = ORIENTED_EDGE ( 'NONE', *, *, #3892, .T. ) ;
#1727 = DIRECTION ( 'NONE',  ( 0.000000000000000000, 0.000000000000000000, 1.000000000000000000 ) ) ;
#1728 = VERTEX_POINT ( 'NONE', #3323 ) ;
#1729 = PLANE ( 'NONE',  #874 ) ;
#1730 = ORIENTED_EDGE ( 'NONE', *, *, #6389, .T. ) ;
#1731 = DIRECTION ( 'NONE',  ( 0.000000000000000000, 0.000000000000000000, 1.000000000000000000 ) ) ;
#1732 = AXIS2_PLACEMENT_3D ( 'NONE', #5537, #3029, #1961 ) ;
#1733 = DIRECTION ( 'NONE',  ( 0.000000000000000000, 1.000000000000000000, 0.000000000000000000 ) ) ;
#1734 = VECTOR ( 'NONE', #4658, 1000.000000000000000 ) ;
#1735 = DIRECTION ( 'NONE',  ( 0.000000000000000000, 1.000000000000000000, 0.000000000000000000 ) ) ;
#1736 = VERTEX_POINT ( 'NONE', #5710 ) ;
#1737 = EDGE_CURVE ( 'NONE', #5367, #5370, #5608, .T. ) ;
#1738 = VECTOR ( 'NONE', #7273, 1000.000000000000000 ) ;
#1739 = VERTEX_POINT ( 'NONE', #392 ) ;
#1740 = CARTESIAN_POINT ( 'NONE',  ( -15.24000000000000021, 2.540000000000000036, -0.8889999999999974589 ) ) ;
#1741 = VECTOR ( 'NONE', #3914, 1000.000000000000000 ) ;
#1742 = CARTESIAN_POINT ( 'NONE',  ( 13.65250000000000163, 0.000000000000000000, 0.3175000000000017808 ) ) ;
#1743 = DIRECTION ( 'NONE',  ( -0.7071067811865475727, 0.000000000000000000, -0.7071067811865475727 ) ) ;
#1744 = CARTESIAN_POINT ( 'NONE',  ( 6.667500000000003091, 0.000000000000000000, 0.3175000000000017808 ) ) ;
#1745 = VECTOR ( 'NONE', #4794, 1000.000000000000000 ) ;
#1746 = CARTESIAN_POINT ( 'NONE',  ( 0.2344784897417124814, 8.429685496895514163, 0.2344784897417124814 ) ) ;
#1747 = EDGE_CURVE ( 'NONE', #4025, #6215, #348, .T. ) ;
#1748 = ORIENTED_EDGE ( 'NONE', *, *, #3546, .T. ) ;
#1749 = VECTOR ( 'NONE', #695, 1000.000000000000000 ) ;
#1750 = CLOSED_SHELL ( 'NONE', ( #7210, #3412, #5264, #5876, #7070, #2778, #371, #6820, #2080, #7215, #3819, #1227, #3688, #621 ) ) ;
#1751 = ADVANCED_FACE ( 'NONE', ( #5569, #311 ), #6252, .F. ) ;
#1752 = ORIENTED_EDGE ( 'NONE', *, *, #5686, .T. ) ;
#1753 = LINE ( 'NONE', #6483, #7075 ) ;
#1754 = EDGE_CURVE ( 'NONE', #1412, #6991, #2709, .T. ) ;
#1755 = CARTESIAN_POINT ( 'NONE',  ( -3.492499999999999272, 0.000000000000000000, 0.3175000000000017808 ) ) ;
#1756 = ORIENTED_EDGE ( 'NONE', *, *, #6030, .T. ) ;
#1757 = VECTOR ( 'NONE', #3716, 1000.000000000000000 ) ;
#1758 = CARTESIAN_POINT ( 'NONE',  ( -2.540000000000000480, 2.540000000000000036, 0.8890000000000022329 ) ) ;
#1759 = CARTESIAN_POINT ( 'NONE',  ( -1.587499999999998579, 0.000000000000000000, 0.3175000000000017808 ) ) ;
#1760 = VECTOR ( 'NONE', #7299, 1000.000000000000000 ) ;
#1761 = AXIS2_PLACEMENT_3D ( 'NONE', #5121, #2699, #1659 ) ;
#1762 = VECTOR ( 'NONE', #1265, 1000.000000000000000 ) ;
#1763 = EDGE_CURVE ( 'NONE', #7428, #4382, #6731, .T. ) ;
#1764 = ADVANCED_FACE ( 'NONE', ( #1408 ), #3770, .T. ) ;
#1765 = VECTOR ( 'NONE', #7156, 1000.000000000000114 ) ;
#1766 = DIRECTION ( 'NONE',  ( 1.000000000000000000, 0.000000000000000000, -2.439149994343089694E-16 ) ) ;
#1767 = ORIENTED_EDGE ( 'NONE', *, *, #3305, .F. ) ;
#1768 = DIRECTION ( 'NONE',  ( 0.000000000000000000, 1.000000000000000000, 0.000000000000000000 ) ) ;
#1769 = DIRECTION ( 'NONE',  ( 0.000000000000000000, 1.000000000000000000, 0.000000000000000000 ) ) ;
#1770 = AXIS2_PLACEMENT_3D ( 'NONE', #6099, #5396, #1943 ) ;
#1771 = LINE ( 'NONE', #4130, #4602 ) ;
#1772 = LINE ( 'NONE', #1803, #7077 ) ;
#1773 = VERTEX_POINT ( 'NONE', #6874 ) ;
#1774 = DIRECTION ( 'NONE',  ( 0.7071067811865493491, -0.000000000000000000, 0.7071067811865456854 ) ) ;
#1775 = ORIENTED_EDGE ( 'NONE', *, *, #5623, .F. ) ;
#1776 = CARTESIAN_POINT ( 'NONE',  ( 10.16000000000000192, 0.000000000000000000, -0.8889999999999981251 ) ) ;
#1777 = DIRECTION ( 'NONE',  ( -1.000000000000000000, 0.000000000000000000, 0.000000000000000000 ) ) ;
#1778 = CARTESIAN_POINT ( 'NONE',  ( 10.16000000000000014, 2.540000000000000036, 0.000000000000000000 ) ) ;
#1779 = FILL_AREA_STYLE_COLOUR ( '', #4342 ) ;
#1780 = ORIENTED_EDGE ( 'NONE', *, *, #3114, .F. ) ;
#1781 = ORIENTED_EDGE ( 'NONE', *, *, #1607, .F. ) ;
#1782 = PLANE ( 'NONE',  #2534 ) ;
#1783 = DIRECTION ( 'NONE',  ( -0.000000000000000000, -1.000000000000000000, -0.000000000000000000 ) ) ;
#1784 = CARTESIAN_POINT ( 'NONE',  ( 0.3809999999999993947, 0.000000000000000000, -1.269999999999996909 ) ) ;
#1785 = CARTESIAN_POINT ( 'NONE',  ( 17.78000000000000114, 0.000000000000000000, -0.8889999999999974589 ) ) ;
#1786 = DIRECTION ( 'NONE',  ( -0.000000000000000000, 1.000000000000000000, 0.000000000000000000 ) ) ;
#1787 = LINE ( 'NONE', #4147, #2869 ) ;
#1788 = ORIENTED_EDGE ( 'NONE', *, *, #935, .F. ) ;
#1789 = ORIENTED_EDGE ( 'NONE', *, *, #698, .T. ) ;
#1790 = CARTESIAN_POINT ( 'NONE',  ( 10.16000000000000192, 0.000000000000000000, -0.8889999999999981251 ) ) ;
#1791 = ORIENTED_EDGE ( 'NONE', *, *, #2872, .T. ) ;
#1792 = DIRECTION ( 'NONE',  ( 1.000000000000000000, 0.000000000000000000, 0.000000000000000000 ) ) ;
#1793 = FACE_OUTER_BOUND ( 'NONE', #3792, .T. ) ;
#1794 = PLANE ( 'NONE',  #2236 ) ;
#1795 = ADVANCED_FACE ( 'NONE', ( #4389 ), #2143, .T. ) ;
#1796 = ADVANCED_FACE ( 'NONE', ( #1446 ), #3917, .T. ) ;
#1797 = CARTESIAN_POINT ( 'NONE',  ( 9.207500000000003126, 2.540000000000000036, -0.3174999999999983946 ) ) ;
#1798 = VERTEX_POINT ( 'NONE', #861 ) ;
#1799 = FACE_BOUND ( 'NONE', #1017, .T. ) ;
#1800 = DIRECTION ( 'NONE',  ( 1.000000000000000000, 0.000000000000000000, -2.439149994343089694E-16 ) ) ;
#1801 = EDGE_CURVE ( 'NONE', #6646, #845, #3214, .T. ) ;
#1802 = CARTESIAN_POINT ( 'NONE',  ( 16.82750000000000057, 0.000000000000000000, 0.3175000000000017808 ) ) ;
#1803 = CARTESIAN_POINT ( 'NONE',  ( -19.93900000000000361, 0.000000000000000000, 1.270000000000003348 ) ) ;
#1804 = VECTOR ( 'NONE', #131, 1000.000000000000000 ) ;
#1805 = ORIENTED_EDGE ( 'NONE', *, *, #2513, .F. ) ;
#1806 = CARTESIAN_POINT ( 'NONE',  ( 15.24000000000000021, 0.000000000000000000, -0.8889999999999981251 ) ) ;
#1807 = EDGE_LOOP ( 'NONE', ( #3487, #133, #1791, #7292 ) ) ;
#1808 = CARTESIAN_POINT ( 'NONE',  ( 0.3174999999999999489, 8.039099999999994139, 0.3174999999999999489 ) ) ;
#1809 = CARTESIAN_POINT ( 'NONE',  ( 19.36750000000000327, 2.540000000000000036, 0.3175000000000017808 ) ) ;
#1810 = EDGE_CURVE ( 'NONE', #5156, #2965, #2062, .T. ) ;
#1811 = DIRECTION ( 'NONE',  ( 0.7071067811865459074, 0.000000000000000000, 0.7071067811865491270 ) ) ;
#1812 = CARTESIAN_POINT ( 'NONE',  ( -5.079999999999999183, 0.000000000000000000, -0.8889999999999981251 ) ) ;
#1813 =( REPRESENTATION_RELATIONSHIP ('NONE','NONE', #6526, #1223 ) REPRESENTATION_RELATIONSHIP_WITH_TRANSFORMATION ( #2943 )SHAPE_REPRESENTATION_RELATIONSHIP( ) );
#1814 = ORIENTED_EDGE ( 'NONE', *, *, #6263, .T. ) ;
#1815 = EDGE_LOOP ( 'NONE', ( #4571, #2688, #6681, #6060 ) ) ;
#1816 = DIRECTION ( 'NONE',  ( -0.000000000000000000, -0.000000000000000000, 1.000000000000000000 ) ) ;
#1817 = DIRECTION ( 'NONE',  ( -1.000000000000000000, 0.000000000000000000, -0.000000000000000000 ) ) ;
#1818 = DIRECTION ( 'NONE',  ( -1.000000000000000000, -0.000000000000000000, 2.439149994343089694E-16 ) ) ;
#1819 = LINE ( 'NONE', #6553, #5203 ) ;
#1820 = LINE ( 'NONE', #7101, #5344 ) ;
#1821 = PLANE ( 'NONE',  #3869 ) ;
#1822 = ORIENTED_EDGE ( 'NONE', *, *, #2648, .F. ) ;
#1823 = ORIENTED_EDGE ( 'NONE', *, *, #5568, .T. ) ;
#1824 = CARTESIAN_POINT ( 'NONE',  ( -4.699000000000001620, 0.000000000000000000, 1.270000000000003348 ) ) ;
#1825 = SURFACE_SIDE_STYLE ('',( #1242 ) ) ;
#1826 = ORIENTED_EDGE ( 'NONE', *, *, #5777, .T. ) ;
#1827 = FACE_OUTER_BOUND ( 'NONE', #1700, .T. ) ;
#1828 = DIRECTION ( 'NONE',  ( -1.000000000000000000, 0.000000000000000000, 0.000000000000000000 ) ) ;
#1829 = CARTESIAN_POINT ( 'NONE',  ( -19.93900000000000361, 2.540000000000000036, -1.269999999999996909 ) ) ;
#1830 = PLANE ( 'NONE',  #5596 ) ;
#1831 = DIRECTION ( 'NONE',  ( 0.000000000000000000, 1.000000000000000000, 0.000000000000000000 ) ) ;
#1832 = EDGE_CURVE ( 'NONE', #3310, #3953, #7025, .T. ) ;
#1833 = ORIENTED_EDGE ( 'NONE', *, *, #6960, .T. ) ;
#1834 = EDGE_CURVE ( 'NONE', #7608, #5428, #6321, .T. ) ;
#1835 = CARTESIAN_POINT ( 'NONE',  ( 2.920999999999999819, 0.000000000000000000, -1.269999999999996909 ) ) ;
#1836 = DIRECTION ( 'NONE',  ( -0.000000000000000000, 1.000000000000000000, 0.000000000000000000 ) ) ;
#1837 = FACE_OUTER_BOUND ( 'NONE', #7603, .T. ) ;
#1838 = EDGE_CURVE ( 'NONE', #762, #5932, #6905, .T. ) ;
#1839 = DIRECTION ( 'NONE',  ( 0.000000000000000000, 1.000000000000000000, 0.000000000000000000 ) ) ;
#1840 = ORIENTED_EDGE ( 'NONE', *, *, #2555, .T. ) ;
#1841 = DIRECTION ( 'NONE',  ( -1.000000000000000000, -0.000000000000000000, 2.439149994343089694E-16 ) ) ;
#1842 = EDGE_CURVE ( 'NONE', #7122, #2756, #2327, .T. ) ;
#1843 = EDGE_LOOP ( 'NONE', ( #2153, #148, #901, #4096 ) ) ;
#1844 = ADVANCED_FACE ( 'NONE', ( #4564, #4648 ), #4687, .T. ) ;
#1845 = CARTESIAN_POINT ( 'NONE',  ( -10.16000000000000014, 2.540000000000000036, 0.8890000000000015667 ) ) ;
#1846 = PLANE ( 'NONE',  #2108 ) ;
#1847 = CARTESIAN_POINT ( 'NONE',  ( 7.620000000000001883, 0.000000000000000000, -0.8889999999999974589 ) ) ;
#1848 = VECTOR ( 'NONE', #2304, 1000.000000000000000 ) ;
#1849 = VECTOR ( 'NONE', #4007, 1000.000000000000000 ) ;
#1850 = VERTEX_POINT ( 'NONE', #2896 ) ;
#1851 = ORIENTED_EDGE ( 'NONE', *, *, #2221, .T. ) ;
#1852 = EDGE_CURVE ( 'NONE', #1204, #6642, #6435, .T. ) ;
#1853 = ORIENTED_EDGE ( 'NONE', *, *, #5141, .F. ) ;
#1854 = CARTESIAN_POINT ( 'NONE',  ( -17.78000000000000114, 0.000000000000000000, 0.8890000000000015667 ) ) ;
#1855 = AXIS2_PLACEMENT_3D ( 'NONE', #3863, #6673, #5727 ) ;
#1856 = LINE ( 'NONE', #151, #5713 ) ;
#1857 = LINE ( 'NONE', #694, #5584 ) ;
#1858 = CARTESIAN_POINT ( 'NONE',  ( 30.48000000000000043, 0.000000000000000000, 0.000000000000000000 ) ) ;
#1859 = CARTESIAN_POINT ( 'NONE',  ( -6.032499999999997975, 2.540000000000000036, 0.3175000000000017808 ) ) ;
#1860 = AXIS2_PLACEMENT_3D ( 'NONE', #5917, #2912, #7083 ) ;
#1861 = ORIENTED_EDGE ( 'NONE', *, *, #4651, .T. ) ;
#1862 = EDGE_LOOP ( 'NONE', ( #2471, #7636, #3981, #529 ) ) ;
#1863 = FACE_OUTER_BOUND ( 'NONE', #5080, .T. ) ;
#1864 = VECTOR ( 'NONE', #6651, 1000.000000000000000 ) ;
#1865 = DIRECTION ( 'NONE',  ( 0.7071067811865459074, 0.000000000000000000, 0.7071067811865491270 ) ) ;
#1866 = ORIENTED_EDGE ( 'NONE', *, *, #4124, .F. ) ;
#1867 = CARTESIAN_POINT ( 'NONE',  ( -9.779000000000001691, 2.540000000000000036, 1.270000000000003348 ) ) ;
#1868 = LINE ( 'NONE', #4236, #7185 ) ;
#1869 = AXIS2_PLACEMENT_3D ( 'NONE', #1897, #3125, #4290 ) ;
#1870 = DIRECTION ( 'NONE',  ( -1.000000000000000000, -0.000000000000000000, 2.439149994343089694E-16 ) ) ;
#1871 = VECTOR ( 'NONE', #6944, 1000.000000000000000 ) ;
#1872 = VECTOR ( 'NONE', #2050, 1000.000000000000000 ) ;
#1873 = LINE ( 'NONE', #7311, #1738 ) ;
#1874 = ORIENTED_EDGE ( 'NONE', *, *, #178, .T. ) ;
#1875 = PRODUCT_DEFINITION_SHAPE ( 'NONE', 'NONE',  #3584 ) ;
#1876 = VECTOR ( 'NONE', #5800, 1000.000000000000000 ) ;
#1877 = DIRECTION ( 'NONE',  ( -0.000000000000000000, 1.000000000000000000, 0.000000000000000000 ) ) ;
#1878 = EDGE_LOOP ( 'NONE', ( #4348, #5838, #6047, #3527 ) ) ;
#1879 = VECTOR ( 'NONE', #997, 1000.000000000000000 ) ;
#1880 = CARTESIAN_POINT ( 'NONE',  ( -0.2344784897417124814, 8.429685496895514163, 0.2344784897417124814 ) ) ;
#1881 = AXIS2_PLACEMENT_3D ( 'NONE', #3372, #3495, #6449 ) ;
#1882 = CARTESIAN_POINT ( 'NONE',  ( -5.079999999999999183, 0.000000000000000000, 0.8890000000000015667 ) ) ;
#1883 = EDGE_CURVE ( 'NONE', #1184, #3370, #7157, .T. ) ;
#1884 = CARTESIAN_POINT ( 'NONE',  ( -4.699000000000001620, 0.000000000000000000, -1.269999999999996909 ) ) ;
#1885 = VECTOR ( 'NONE', #7061, 1000.000000000000000 ) ;
#1886 = DIRECTION ( 'NONE',  ( 0.000000000000000000, 0.000000000000000000, 1.000000000000000000 ) ) ;
#1887 = VERTEX_POINT ( 'NONE', #1744 ) ;
#1888 = CARTESIAN_POINT ( 'NONE',  ( -14.85899999999999999, 2.540000000000000036, 1.270000000000003348 ) ) ;
#1889 = ORIENTED_EDGE ( 'NONE', *, *, #6739, .T. ) ;
#1890 = LINE ( 'NONE', #6744, #1315 ) ;
#1891 = CARTESIAN_POINT ( 'NONE',  ( -5.460999999999998522, 2.540000000000000036, -1.269999999999997353 ) ) ;
#1892 = VECTOR ( 'NONE', #7180, 1000.000000000000000 ) ;
#1893 = EDGE_CURVE ( 'NONE', #5354, #7384, #2781, .T. ) ;
#1894 =( NAMED_UNIT ( * ) PLANE_ANGLE_UNIT ( ) SI_UNIT ( $, .RADIAN. ) );
#1895 = EDGE_CURVE ( 'NONE', #6646, #2201, #583, .T. ) ;
#1896 = EDGE_CURVE ( 'NONE', #2198, #965, #3483, .T. ) ;
#1897 = CARTESIAN_POINT ( 'NONE',  ( 0.000000000000000000, 0.000000000000000000, -0.8889999999999974589 ) ) ;
#1898 = VERTEX_POINT ( 'NONE', #5865 ) ;
#1899 = ORIENTED_EDGE ( 'NONE', *, *, #3169, .T. ) ;
#1900 = VERTEX_POINT ( 'NONE', #7530 ) ;
#1901 = CARTESIAN_POINT ( 'NONE',  ( 18.16100000000000136, 0.000000000000000000, -1.269999999999996909 ) ) ;
#1902 = LINE ( 'NONE', #656, #502 ) ;
#1903 = EDGE_CURVE ( 'NONE', #3287, #3171, #5748, .T. ) ;
#1904 = CARTESIAN_POINT ( 'NONE',  ( -9.779000000000001691, 0.000000000000000000, -1.269999999999996909 ) ) ;
#1905 = DIRECTION ( 'NONE',  ( 0.000000000000000000, 0.000000000000000000, -1.000000000000000000 ) ) ;
#1906 = CARTESIAN_POINT ( 'NONE',  ( 10.16000000000000192, 2.540000000000000036, 0.8890000000000015667 ) ) ;
#1907 = EDGE_CURVE ( 'NONE', #1324, #4863, #540, .T. ) ;
#1908 = LINE ( 'NONE', #6675, #5621 ) ;
#1909 = EDGE_LOOP ( 'NONE', ( #2251, #304, #2089, #4038 ) ) ;
#1910 = VERTEX_POINT ( 'NONE', #6362 ) ;
#1911 = CARTESIAN_POINT ( 'NONE',  ( -7.620000000000000107, 0.000000000000000000, -0.8889999999999974589 ) ) ;
#1912 = FILL_AREA_STYLE_COLOUR ( '', #5287 ) ;
#1913 = EDGE_LOOP ( 'NONE', ( #7657, #4536, #645, #1098 ) ) ;
#1914 = LINE ( 'NONE', #4944, #755 ) ;
#1915 = LINE ( 'NONE', #1363, #5326 ) ;
#1916 = DIRECTION ( 'NONE',  ( -0.000000000000000000, 1.000000000000000000, 0.000000000000000000 ) ) ;
#1917 = EDGE_CURVE ( 'NONE', #5693, #762, #3437, .T. ) ;
#1918 = CARTESIAN_POINT ( 'NONE',  ( -7.239000000000000767, 0.000000000000000000, -1.269999999999996909 ) ) ;
#1919 = ORIENTED_EDGE ( 'NONE', *, *, #5771, .F. ) ;
#1920 = CARTESIAN_POINT ( 'NONE',  ( 8.572500000000003340, 2.540000000000000036, 0.3175000000000017808 ) ) ;
#1921 = VERTEX_POINT ( 'NONE', #5164 ) ;
#1922 = PLANE ( 'NONE',  #4690 ) ;
#1923 = PLANE ( 'NONE',  #3961 ) ;
#1924 = FACE_OUTER_BOUND ( 'NONE', #2882, .T. ) ;
#1925 = ORIENTED_EDGE ( 'NONE', *, *, #7057, .T. ) ;
#1926 = DIRECTION ( 'NONE',  ( -1.000000000000000000, -0.000000000000000000, 2.439149994343089694E-16 ) ) ;
#1927 = VERTEX_POINT ( 'NONE', #7614 ) ;
#1928 = LINE ( 'NONE', #3702, #1949 ) ;
#1929 = DIRECTION ( 'NONE',  ( 0.000000000000000000, 0.000000000000000000, -1.000000000000000000 ) ) ;
#1930 = DIRECTION ( 'NONE',  ( -0.000000000000000000, 1.000000000000000000, 0.000000000000000000 ) ) ;
#1931 = VECTOR ( 'NONE', #3834, 1000.000000000000114 ) ;
#1932 = DIRECTION ( 'NONE',  ( -0.7071067811865477948, -0.000000000000000000, -0.7071067811865473507 ) ) ;
#1933 = ORIENTED_EDGE ( 'NONE', *, *, #6118, .T. ) ;
#1934 = ORIENTED_EDGE ( 'NONE', *, *, #7353, .T. ) ;
#1935 = ORIENTED_EDGE ( 'NONE', *, *, #1945, .F. ) ;
#1936 = DIRECTION ( 'NONE',  ( 0.7071067811865456854, 0.000000000000000000, -0.7071067811865493491 ) ) ;
#1937 = ADVANCED_FACE ( 'NONE', ( #3524 ), #5132, .T. ) ;
#1938 = EDGE_CURVE ( 'NONE', #3310, #5156, #2172, .T. ) ;
#1939 = DIRECTION ( 'NONE',  ( 1.000000000000000000, -0.000000000000000000, 0.000000000000000000 ) ) ;
#1940 = CARTESIAN_POINT ( 'NONE',  ( 18.16100000000000136, 0.000000000000000000, -1.269999999999996909 ) ) ;
#1941 = CARTESIAN_POINT ( 'NONE',  ( -8.000999999999999446, 2.540000000000000036, 1.270000000000002904 ) ) ;
#1942 = PRODUCT_DEFINITION_SHAPE ( 'NONE', 'NONE',  #4884 ) ;
#1943 = DIRECTION ( 'NONE',  ( -0.7071067811865474617, 0.000000000000000000, 0.7071067811865474617 ) ) ;
#1944 = ORIENTED_EDGE ( 'NONE', *, *, #4824, .F. ) ;
#1945 = EDGE_CURVE ( 'NONE', #317, #4948, #1588, .T. ) ;
#1946 = ORIENTED_EDGE ( 'NONE', *, *, #6210, .T. ) ;
#1947 = CARTESIAN_POINT ( 'NONE',  ( 2.540000000000000480, 0.000000000000000000, -0.8889999999999981251 ) ) ;
#1948 = DIRECTION ( 'NONE',  ( 1.000000000000000000, 0.000000000000000000, -2.439149994343089694E-16 ) ) ;
#1949 = VECTOR ( 'NONE', #648, 1000.000000000000000 ) ;
#1950 = ORIENTED_EDGE ( 'NONE', *, *, #4580, .T. ) ;
#1951 = ADVANCED_FACE ( 'NONE', ( #4032, #2816 ), #5818, .F. ) ;
#1952 = LINE ( 'NONE', #2983, #6703 ) ;
#1953 = LINE ( 'NONE', #4192, #1977 ) ;
#1954 = FACE_OUTER_BOUND ( 'NONE', #5159, .T. ) ;
#1955 = DIRECTION ( 'NONE',  ( -0.7071067811865474617, -0.000000000000000000, 0.7071067811865474617 ) ) ;
#1956 = ORIENTED_EDGE ( 'NONE', *, *, #2550, .T. ) ;
#1957 = CARTESIAN_POINT ( 'NONE',  ( 10.16000000000000192, 0.000000000000000000, 0.8890000000000015667 ) ) ;
#1958 = ORIENTED_EDGE ( 'NONE', *, *, #1893, .F. ) ;
#1959 = EDGE_CURVE ( 'NONE', #1910, #2638, #5249, .T. ) ;
#1960 = DIRECTION ( 'NONE',  ( 0.000000000000000000, 1.000000000000000000, 0.000000000000000000 ) ) ;
#1961 = DIRECTION ( 'NONE',  ( -0.7071067811865474617, 0.000000000000000000, 0.7071067811865474617 ) ) ;
#1962 = CARTESIAN_POINT ( 'NONE',  ( -16.19249999999999901, 0.000000000000000000, -0.3174999999999983946 ) ) ;
#1963 = ORIENTED_EDGE ( 'NONE', *, *, #4893, .F. ) ;
#1964 = LINE ( 'NONE', #1888, #1683 ) ;
#1965 = ORIENTED_EDGE ( 'NONE', *, *, #1597, .T. ) ;
#1966 = DIRECTION ( 'NONE',  ( 0.000000000000000000, 1.000000000000000000, 0.000000000000000000 ) ) ;
#1967 = PLANE ( 'NONE',  #6842 ) ;
#1968 = CARTESIAN_POINT ( 'NONE',  ( -15.62099999999999866, 0.000000000000000000, -1.269999999999997353 ) ) ;
#1969 = DIRECTION ( 'NONE',  ( 1.000000000000000000, 0.000000000000000000, -2.439149994343089694E-16 ) ) ;
#1970 = VERTEX_POINT ( 'NONE', #6721 ) ;
#1971 = EDGE_LOOP ( 'NONE', ( #2472, #5025, #5060, #6641 ) ) ;
#1972 = EDGE_LOOP ( 'NONE', ( #4976, #4837, #993, #3249 ) ) ;
#1973 = FACE_OUTER_BOUND ( 'NONE', #5167, .T. ) ;
#1974 = FACE_OUTER_BOUND ( 'NONE', #1069, .T. ) ;
#1975 = CARTESIAN_POINT ( 'NONE',  ( -15.24000000000000021, 2.540000000000000036, 0.8890000000000015667 ) ) ;
#1976 = PLANE ( 'NONE',  #1366 ) ;
#1977 = VECTOR ( 'NONE', #4273, 1000.000000000000000 ) ;
#1978 = FILL_AREA_STYLE ('',( #3134 ) ) ;
#1979 = CARTESIAN_POINT ( 'NONE',  ( -11.11249999999999893, 0.000000000000000000, 0.3175000000000017808 ) ) ;
#1980 = ADVANCED_FACE ( 'NONE', ( #6554 ), #4896, .F. ) ;
#1981 = ORIENTED_EDGE ( 'NONE', *, *, #4826, .T. ) ;
#1982 = VECTOR ( 'NONE', #6943, 1000.000000000000000 ) ;
#1983 = EDGE_LOOP ( 'NONE', ( #6307, #2090, #1635, #4992 ) ) ;
#1984 = DIRECTION ( 'NONE',  ( 0.000000000000000000, 1.000000000000000000, 0.000000000000000000 ) ) ;
#1985 = ORIENTED_EDGE ( 'NONE', *, *, #5445, .F. ) ;
#1986 = LINE ( 'NONE', #3321, #4467 ) ;
#1987 = DIRECTION ( 'NONE',  ( 0.000000000000000000, 0.000000000000000000, -1.000000000000000000 ) ) ;
#1988 = EDGE_CURVE ( 'NONE', #5635, #4505, #5363, .T. ) ;
#1989 = CARTESIAN_POINT ( 'NONE',  ( -0.3174999999999999489, -10.32509999999999373, -0.3174999999999999489 ) ) ;
#1990 = VECTOR ( 'NONE', #716, 1000.000000000000000 ) ;
#1991 = DIRECTION ( 'NONE',  ( -0.000000000000000000, -0.000000000000000000, 1.000000000000000000 ) ) ;
#1992 = EDGE_CURVE ( 'NONE', #794, #2485, #1820, .T. ) ;
#1993 = EDGE_CURVE ( 'NONE', #1393, #5270, #4146, .T. ) ;
#1994 = ORIENTED_EDGE ( 'NONE', *, *, #434, .F. ) ;
#1995 = VECTOR ( 'NONE', #5440, 1000.000000000000000 ) ;
#1996 = CARTESIAN_POINT ( 'NONE',  ( -9.207499999999997797, 0.000000000000000000, 0.3175000000000017808 ) ) ;
#1997 = VECTOR ( 'NONE', #4059, 1000.000000000000000 ) ;
#1998 = ORIENTED_EDGE ( 'NONE', *, *, #5644, .T. ) ;
#1999 = DIRECTION ( 'NONE',  ( -0.7071067811865474617, -0.000000000000000000, 0.7071067811865474617 ) ) ;
#2000 = LINE ( 'NONE', #122, #247 ) ;
#2001 = AXIS2_PLACEMENT_3D ( 'NONE', #6098, #2933, #1234 ) ;
#2002 = ADVANCED_FACE ( 'NONE', ( #619 ), #1316, .T. ) ;
#2003 = CARTESIAN_POINT ( 'NONE',  ( 15.24000000000000021, 0.000000000000000000, 0.000000000000000000 ) ) ;
#2004 = COLOUR_RGB ( '',0.7921568627450980005, 0.8196078431372548767, 0.9333333333333333481 ) ;
#2005 = EDGE_CURVE ( 'NONE', #4505, #2788, #7260, .T. ) ;
#2006 = CLOSED_SHELL ( 'NONE', ( #4722, #7001, #6345, #2124, #6962, #1420, #860, #5178, #1217, #3684 ) ) ;
#2007 = DIRECTION ( 'NONE',  ( -0.000000000000000000, 1.000000000000000000, 0.000000000000000000 ) ) ;
#2008 = ORIENTED_EDGE ( 'NONE', *, *, #1470, .F. ) ;
#2009 = LINE ( 'NONE', #5461, #7279 ) ;
#2010 = CARTESIAN_POINT ( 'NONE',  ( -3.492499999999999272, 2.540000000000000036, 0.3175000000000017808 ) ) ;
#2011 = VECTOR ( 'NONE', #475, 1000.000000000000000 ) ;
#2012 = CARTESIAN_POINT ( 'NONE',  ( -2.540000000000000480, 0.000000000000000000, 0.8890000000000015667 ) ) ;
#2013 = CARTESIAN_POINT ( 'NONE',  ( 0.3174999999999999489, 2.540000000000000036, -0.3174999999999999489 ) ) ;
#2014 = EDGE_LOOP ( 'NONE', ( #7144, #4325, #5860, #2773 ) ) ;
#2015 = ORIENTED_EDGE ( 'NONE', *, *, #6296, .T. ) ;
#2016 = VECTOR ( 'NONE', #4730, 1000.000000000000000 ) ;
#2017 = ORIENTED_EDGE ( 'NONE', *, *, #1838, .T. ) ;
#2018 = PLANE ( 'NONE',  #3598 ) ;
#2019 = CARTESIAN_POINT ( 'NONE',  ( 18.73250000000000171, 0.000000000000000000, 0.3175000000000017808 ) ) ;
#2020 = CARTESIAN_POINT ( 'NONE',  ( -17.39900000000000091, 0.000000000000000000, 1.270000000000003348 ) ) ;
#2021 = CARTESIAN_POINT ( 'NONE',  ( -2.920999999999999819, 0.000000000000000000, 1.270000000000002904 ) ) ;
#2022 = ORIENTED_EDGE ( 'NONE', *, *, #675, .T. ) ;
#2023 = ORIENTED_EDGE ( 'NONE', *, *, #4087, .F. ) ;
#2024 = CARTESIAN_POINT ( 'NONE',  ( 8.572500000000003340, 2.540000000000000036, -0.3174999999999983946 ) ) ;
#2025 = VERTEX_POINT ( 'NONE', #2521 ) ;
#2026 = DIRECTION ( 'NONE',  ( 0.000000000000000000, 0.000000000000000000, -1.000000000000000000 ) ) ;
#2027 = DIRECTION ( 'NONE',  ( -0.000000000000000000, -0.000000000000000000, 1.000000000000000000 ) ) ;
#2028 = DIRECTION ( 'NONE',  ( -0.000000000000000000, -0.000000000000000000, 1.000000000000000000 ) ) ;
#2029 = CARTESIAN_POINT ( 'NONE',  ( 1.587500000000002132, 2.540000000000000036, -0.3174999999999983946 ) ) ;
#2030 = EDGE_LOOP ( 'NONE', ( #4846, #95, #3545, #3078 ) ) ;
#2031 = EDGE_CURVE ( 'NONE', #2788, #3194, #7224, .T. ) ;
#2032 = DIRECTION ( 'NONE',  ( 0.000000000000000000, 1.000000000000000000, 0.000000000000000000 ) ) ;
#2033 = ORIENTED_EDGE ( 'NONE', *, *, #91, .F. ) ;
#2034 = CARTESIAN_POINT ( 'NONE',  ( 12.69999999999999929, 0.000000000000000000, 0.8890000000000022329 ) ) ;
#2035 = EDGE_CURVE ( 'NONE', #576, #292, #6054, .T. ) ;
#2036 = EDGE_CURVE ( 'NONE', #6299, #5867, #4729, .T. ) ;
#2037 = CARTESIAN_POINT ( 'NONE',  ( -9.207499999999997797, 0.000000000000000000, -0.3174999999999983946 ) ) ;
#2038 = CARTESIAN_POINT ( 'NONE',  ( 7.239000000000002544, 2.540000000000000036, -1.269999999999997353 ) ) ;
#2039 = DIRECTION ( 'NONE',  ( 1.000000000000000000, 0.000000000000000000, 0.000000000000000000 ) ) ;
#2040 = CARTESIAN_POINT ( 'NONE',  ( -0.3809999999999993947, 0.000000000000000000, -1.269999999999997353 ) ) ;
#2041 = ORIENTED_EDGE ( 'NONE', *, *, #3074, .T. ) ;
#2042 = CARTESIAN_POINT ( 'NONE',  ( 12.31900000000000084, 0.000000000000000000, 1.270000000000002904 ) ) ;
#2043 = LINE ( 'NONE', #5462, #4593 ) ;
#2044 = ADVANCED_FACE ( 'NONE', ( #7175, #1198 ), #4185, .F. ) ;
#2045 = CARTESIAN_POINT ( 'NONE',  ( -0.3174999999999999489, 2.540000000000000036, -0.3174999999999999489 ) ) ;
#2046 = CARTESIAN_POINT ( 'NONE',  ( -6.667499999999997762, 2.540000000000000036, 0.3175000000000017808 ) ) ;
#2047 = EDGE_LOOP ( 'NONE', ( #2453, #3405, #4642, #3731 ) ) ;
#2048 = ORIENTED_EDGE ( 'NONE', *, *, #6634, .F. ) ;
#2049 = VERTEX_POINT ( 'NONE', #1906 ) ;
#2050 = DIRECTION ( 'NONE',  ( -0.000000000000000000, -0.000000000000000000, 1.000000000000000000 ) ) ;
#2051 = EDGE_CURVE ( 'NONE', #6868, #1552, #3008, .T. ) ;
#2052 = CARTESIAN_POINT ( 'NONE',  ( 13.65250000000000163, 2.540000000000000036, -0.3174999999999983946 ) ) ;
#2053 = FACE_OUTER_BOUND ( 'NONE', #7307, .T. ) ;
#2054 = VECTOR ( 'NONE', #7287, 1000.000000000000000 ) ;
#2055 = ORIENTED_EDGE ( 'NONE', *, *, #2382, .T. ) ;
#2056 = ORIENTED_EDGE ( 'NONE', *, *, #578, .F. ) ;
#2057 = CARTESIAN_POINT ( 'NONE',  ( -5.080000000000000959, 0.000000000000000000, -0.8889999999999974589 ) ) ;
#2058 = SURFACE_SIDE_STYLE ('',( #3208 ) ) ;
#2059 = ORIENTED_EDGE ( 'NONE', *, *, #49, .F. ) ;
#2060 = FACE_OUTER_BOUND ( 'NONE', #5078, .T. ) ;
#2061 = CARTESIAN_POINT ( 'NONE',  ( -0.2446143550033490766, 8.382000000000001450, 0.3174999999999999489 ) ) ;
#2062 = LINE ( 'NONE', #4427, #5839 ) ;
#2063 = MECHANICAL_DESIGN_GEOMETRIC_PRESENTATION_REPRESENTATION (  '', ( #1064 ), #2675 ) ;
#2064 = FILL_AREA_STYLE ('',( #5570 ) ) ;
#2065 = EDGE_LOOP ( 'NONE', ( #5436, #80, #4989, #6844 ) ) ;
#2066 = CARTESIAN_POINT ( 'NONE',  ( 2.540000000000000480, 0.000000000000000000, -0.8889999999999974589 ) ) ;
#2067 = ORIENTED_EDGE ( 'NONE', *, *, #5500, .F. ) ;
#2068 = DIRECTION ( 'NONE',  ( 0.000000000000000000, 1.000000000000000000, 0.000000000000000000 ) ) ;
#2069 = LINE ( 'NONE', #3298, #1236 ) ;
#2070 = LINE ( 'NONE', #3741, #398 ) ;
#2071 = PRODUCT_CONTEXT ( 'NONE', #375, 'mechanical' ) ;
#2072 = EDGE_CURVE ( 'NONE', #602, #5824, #4771, .T. ) ;
#2073 = ADVANCED_FACE ( 'NONE', ( #6638 ), #153, .T. ) ;
#2074 = CARTESIAN_POINT ( 'NONE',  ( 12.69999999999999929, 0.000000000000000000, -0.8889999999999974589 ) ) ;
#2075 = ORIENTED_EDGE ( 'NONE', *, *, #2703, .F. ) ;
#2076 = FACE_OUTER_BOUND ( 'NONE', #624, .T. ) ;
#2077 = EDGE_CURVE ( 'NONE', #5678, #4196, #5322, .T. ) ;
#2078 = DIRECTION ( 'NONE',  ( -1.000000000000000000, -0.000000000000000000, -0.000000000000000000 ) ) ;
#2079 = DIRECTION ( 'NONE',  ( -0.000000000000000000, -0.000000000000000000, 1.000000000000000000 ) ) ;
#2080 = ADVANCED_FACE ( 'NONE', ( #64, #2441 ), #4811, .F. ) ;
#2081 = EDGE_CURVE ( 'NONE', #5573, #2539, #1281, .T. ) ;
#2082 = ORIENTED_EDGE ( 'NONE', *, *, #4737, .T. ) ;
#2083 = ORIENTED_EDGE ( 'NONE', *, *, #4831, .F. ) ;
#2084 = ORIENTED_EDGE ( 'NONE', *, *, #3441, .T. ) ;
#2085 = CARTESIAN_POINT ( 'NONE',  ( 12.69999999999999929, 0.000000000000000000, 0.8890000000000015667 ) ) ;
#2086 = MANIFOLD_SOLID_BREP ( 'LPattern1[2]', #4856 ) ;
#2087 = LINE ( 'NONE', #2133, #6474 ) ;
#2088 = EDGE_CURVE ( 'NONE', #1654, #1204, #4971, .T. ) ;
#2089 = ORIENTED_EDGE ( 'NONE', *, *, #414, .T. ) ;
#2090 = ORIENTED_EDGE ( 'NONE', *, *, #4630, .F. ) ;
#2091 = LINE ( 'NONE', #7418, #2288 ) ;
#2092 = FACE_OUTER_BOUND ( 'NONE', #5829, .T. ) ;
#2093 = VERTEX_POINT ( 'NONE', #6244 ) ;
#2094 = VECTOR ( 'NONE', #3185, 1000.000000000000000 ) ;
#2095 = LINE ( 'NONE', #7422, #5833 ) ;
#2096 = CARTESIAN_POINT ( 'NONE',  ( 12.69999999999999929, 0.000000000000000000, 0.8890000000000022329 ) ) ;
#2097 = DIRECTION ( 'NONE',  ( 0.000000000000000000, 1.000000000000000000, 0.000000000000000000 ) ) ;
#2098 = FILL_AREA_STYLE_COLOUR ( '', #4579 ) ;
#2099 = VECTOR ( 'NONE', #4110, 1000.000000000000000 ) ;
#2100 = ORIENTED_EDGE ( 'NONE', *, *, #2354, .T. ) ;
#2101 = MANIFOLD_SOLID_BREP ( 'LPattern1[7]', #1004 ) ;
#2102 = EDGE_LOOP ( 'NONE', ( #2527, #2585, #7483, #1475 ) ) ;
#2103 = DIRECTION ( 'NONE',  ( 0.000000000000000000, 1.000000000000000000, 0.000000000000000000 ) ) ;
#2104 = ORIENTED_EDGE ( 'NONE', *, *, #1182, .F. ) ;
#2105 = CARTESIAN_POINT ( 'NONE',  ( 16.82750000000000057, 0.000000000000000000, 0.3175000000000017808 ) ) ;
#2106 = VECTOR ( 'NONE', #6468, 1000.000000000000000 ) ;
#2107 = DIRECTION ( 'NONE',  ( -1.000000000000000000, -0.000000000000000000, 2.439149994343089694E-16 ) ) ;
#2108 = AXIS2_PLACEMENT_3D ( 'NONE', #5274, #2922, #6470 ) ;
#2109 = CARTESIAN_POINT ( 'NONE',  ( -2.920999999999999819, 0.000000000000000000, -1.269999999999997353 ) ) ;
#2110 = CARTESIAN_POINT ( 'NONE',  ( 3.810000000000000941, 0.000000000000000000, 1.788933584601082316E-15 ) ) ;
#2111 = FACE_OUTER_BOUND ( 'NONE', #6469, .T. ) ;
#2112 = ORIENTED_EDGE ( 'NONE', *, *, #2005, .F. ) ;
#2113 = AXIS2_PLACEMENT_3D ( 'NONE', #6561, #858, #2672 ) ;
#2114 = CARTESIAN_POINT ( 'NONE',  ( -14.28749999999999787, 0.000000000000000000, 0.3175000000000017808 ) ) ;
#2115 = CARTESIAN_POINT ( 'NONE',  ( 17.39900000000000091, 0.000000000000000000, 1.270000000000002904 ) ) ;
#2116 = VECTOR ( 'NONE', #3977, 1000.000000000000000 ) ;
#2117 = CARTESIAN_POINT ( 'NONE',  ( 16.19250000000000256, 0.000000000000000000, 0.3175000000000017808 ) ) ;
#2118 = VECTOR ( 'NONE', #4265, 1000.000000000000000 ) ;
#2119 = CARTESIAN_POINT ( 'NONE',  ( -2.540000000000000480, 0.000000000000000000, -0.8889999999999981251 ) ) ;
#2120 = VECTOR ( 'NONE', #4108, 1000.000000000000000 ) ;
#2121 = ORIENTED_EDGE ( 'NONE', *, *, #6007, .F. ) ;
#2122 = STYLED_ITEM ( 'NONE', ( #5645 ), #7278 ) ;
#2123 = EDGE_LOOP ( 'NONE', ( #2806, #1429, #2840, #4834 ) ) ;
#2124 = ADVANCED_FACE ( 'NONE', ( #4936 ), #341, .F. ) ;
#2125 = VERTEX_POINT ( 'NONE', #3168 ) ;
#2126 = DIRECTION ( 'NONE',  ( 0.000000000000000000, 0.000000000000000000, -1.000000000000000000 ) ) ;
#2127 = VECTOR ( 'NONE', #92, 1000.000000000000000 ) ;
#2128 = VECTOR ( 'NONE', #175, 1000.000000000000000 ) ;
#2129 = EDGE_CURVE ( 'NONE', #1728, #5774, #6864, .T. ) ;
#2130 = EDGE_CURVE ( 'NONE', #3171, #18, #3905, .T. ) ;
#2131 = MANIFOLD_SOLID_BREP ( 'LPattern1[10]', #4356 ) ;
#2132 = CARTESIAN_POINT ( 'NONE',  ( 10.54099999999999859, 0.000000000000000000, 1.270000000000003348 ) ) ;
#2133 = CARTESIAN_POINT ( 'NONE',  ( -12.31900000000000261, 0.000000000000000000, -1.269999999999996909 ) ) ;
#2134 = EDGE_LOOP ( 'NONE', ( #489, #1076, #7034, #66 ) ) ;
#2135 = AXIS2_PLACEMENT_3D ( 'NONE', #808, #4961, #7330 ) ;
#2136 = VERTEX_POINT ( 'NONE', #2808 ) ;
#2137 = EDGE_CURVE ( 'NONE', #3303, #1091, #779, .T. ) ;
#2138 = ORIENTED_EDGE ( 'NONE', *, *, #1660, .F. ) ;
#2139 = LINE ( 'NONE', #4499, #1741 ) ;
#2140 = FACE_OUTER_BOUND ( 'NONE', #5954, .T. ) ;
#2141 = EDGE_CURVE ( 'NONE', #1577, #2833, #3426, .T. ) ;
#2142 = VECTOR ( 'NONE', #5943, 1000.000000000000000 ) ;
#2143 = PLANE ( 'NONE',  #5720 ) ;
#2144 = CARTESIAN_POINT ( 'NONE',  ( 2.920999999999999819, 0.000000000000000000, -1.269999999999996909 ) ) ;
#2145 = VERTEX_POINT ( 'NONE', #2849 ) ;
#2146 = ORIENTED_EDGE ( 'NONE', *, *, #6251, .T. ) ;
#2147 = LINE ( 'NONE', #1015, #2567 ) ;
#2148 = EDGE_LOOP ( 'NONE', ( #4753, #6509, #4052, #7426, #5733, #2100, #385, #2233 ) ) ;
#2149 = CARTESIAN_POINT ( 'NONE',  ( -12.69999999999999929, 0.000000000000000000, -0.8889999999999981251 ) ) ;
#2150 = ADVANCED_FACE ( 'NONE', ( #6425 ), #5239, .T. ) ;
#2151 = DIRECTION ( 'NONE',  ( 0.000000000000000000, 0.000000000000000000, 1.000000000000000000 ) ) ;
#2152 = DIRECTION ( 'NONE',  ( 0.000000000000000000, 1.000000000000000000, 0.000000000000000000 ) ) ;
#2153 = ORIENTED_EDGE ( 'NONE', *, *, #5875, .F. ) ;
#2154 = LINE ( 'NONE', #2187, #1600 ) ;
#2155 = CARTESIAN_POINT ( 'NONE',  ( 2.540000000000000480, 0.000000000000000000, 0.8890000000000015667 ) ) ;
#2156 = PLANE ( 'NONE',  #2249 ) ;
#2157 = CARTESIAN_POINT ( 'NONE',  ( 0.9525000000000019007, 2.540000000000000036, 0.3175000000000017808 ) ) ;
#2158 = ORIENTED_EDGE ( 'NONE', *, *, #2972, .T. ) ;
#2159 = ORIENTED_EDGE ( 'NONE', *, *, #6124, .T. ) ;
#2160 = VERTEX_POINT ( 'NONE', #7557 ) ;
#2161 = LINE ( 'NONE', #377, #4862 ) ;
#2162 = DIRECTION ( 'NONE',  ( 0.000000000000000000, 1.000000000000000000, 0.000000000000000000 ) ) ;
#2163 = FACE_OUTER_BOUND ( 'NONE', #930, .T. ) ;
#2164 = EDGE_LOOP ( 'NONE', ( #1503, #7047, #6473, #4480 ) ) ;
#2165 = EDGE_CURVE ( 'NONE', #2733, #2784, #4020, .T. ) ;
#2166 = EDGE_LOOP ( 'NONE', ( #937, #4825, #350, #3004 ) ) ;
#2167 = ADVANCED_FACE ( 'NONE', ( #6975 ), #5739, .T. ) ;
#2168 = CARTESIAN_POINT ( 'NONE',  ( -5.080000000000000959, 2.540000000000000036, 0.8890000000000022329 ) ) ;
#2169 = VERTEX_POINT ( 'NONE', #5275 ) ;
#2170 = CARTESIAN_POINT ( 'NONE',  ( 17.78000000000000114, 0.000000000000000000, -0.8889999999999974589 ) ) ;
#2171 = DIRECTION ( 'NONE',  ( 0.000000000000000000, 1.000000000000000000, 0.000000000000000000 ) ) ;
#2172 = LINE ( 'NONE', #2247, #3343 ) ;
#2173 = AXIS2_PLACEMENT_3D ( 'NONE', #4436, #436, #6919 ) ;
#2174 = ORIENTED_EDGE ( 'NONE', *, *, #556, .F. ) ;
#2175 = EDGE_LOOP ( 'NONE', ( #1956, #6785, #7109, #923 ) ) ;
#2176 = EDGE_CURVE ( 'NONE', #728, #5120, #3942, .T. ) ;
#2177 = CARTESIAN_POINT ( 'NONE',  ( -2.920999999999999819, 2.540000000000000036, 1.270000000000002904 ) ) ;
#2178 = EDGE_LOOP ( 'NONE', ( #7336, #664, #6209, #6394, #6277, #5665, #3034, #3294 ) ) ;
#2179 = ORIENTED_EDGE ( 'NONE', *, *, #5171, .T. ) ;
#2180 = LINE ( 'NONE', #5004, #6445 ) ;
#2181 = DIRECTION ( 'NONE',  ( -0.7071067811865475727, 0.000000000000000000, -0.7071067811865475727 ) ) ;
#2182 =( NAMED_UNIT ( * ) PLANE_ANGLE_UNIT ( ) SI_UNIT ( $, .RADIAN. ) );
#2183 = VECTOR ( 'NONE', #6691, 1000.000000000000000 ) ;
#2184 = ADVANCED_FACE ( 'NONE', ( #7643 ), #2739, .F. ) ;
#2185 = DIRECTION ( 'NONE',  ( 0.000000000000000000, 1.000000000000000000, 0.000000000000000000 ) ) ;
#2186 = ORIENTED_EDGE ( 'NONE', *, *, #5359, .F. ) ;
#2187 = CARTESIAN_POINT ( 'NONE',  ( 6.667500000000003091, 0.000000000000000000, 0.3175000000000017808 ) ) ;
#2188 = DIRECTION ( 'NONE',  ( 0.000000000000000000, 0.000000000000000000, -1.000000000000000000 ) ) ;
#2189 = LINE ( 'NONE', #2117, #6594 ) ;
#2190 = FACE_OUTER_BOUND ( 'NONE', #1300, .T. ) ;
#2191 = ORIENTED_EDGE ( 'NONE', *, *, #1959, .T. ) ;
#2192 = ORIENTED_EDGE ( 'NONE', *, *, #2687, .F. ) ;
#2193 = VECTOR ( 'NONE', #1865, 1000.000000000000000 ) ;
#2194 = ORIENTED_EDGE ( 'NONE', *, *, #7494, .F. ) ;
#2195 = DIRECTION ( 'NONE',  ( -0.7071067811865475727, 0.000000000000000000, -0.7071067811865475727 ) ) ;
#2196 = PLANE ( 'NONE',  #3230 ) ;
#2197 = LINE ( 'NONE', #1581, #650 ) ;
#2198 = VERTEX_POINT ( 'NONE', #5772 ) ;
#2199 = VERTEX_POINT ( 'NONE', #7487 ) ;
#2200 = PRESENTATION_STYLE_ASSIGNMENT (( #454 ) ) ;
#2201 = VERTEX_POINT ( 'NONE', #1038 ) ;
#2202 = DIRECTION ( 'NONE',  ( -1.000000000000000000, 0.000000000000000000, 0.000000000000000000 ) ) ;
#2203 = DIRECTION ( 'NONE',  ( 0.7071067811865456854, 0.000000000000000000, -0.7071067811865493491 ) ) ;
#2204 =( REPRESENTATION_RELATIONSHIP ('NONE','NONE', #6526, #1223 ) REPRESENTATION_RELATIONSHIP_WITH_TRANSFORMATION ( #7076 )SHAPE_REPRESENTATION_RELATIONSHIP( ) );
#2205 = CARTESIAN_POINT ( 'NONE',  ( -4.699000000000001620, 0.000000000000000000, -1.269999999999996909 ) ) ;
#2206 = EDGE_CURVE ( 'NONE', #5694, #4376, #2317, .T. ) ;
#2207 = ORIENTED_EDGE ( 'NONE', *, *, #2774, .T. ) ;
#2208 = ORIENTED_EDGE ( 'NONE', *, *, #4442, .T. ) ;
#2209 = DIRECTION ( 'NONE',  ( 0.000000000000000000, 0.000000000000000000, 1.000000000000000000 ) ) ;
#2210 = ORIENTED_EDGE ( 'NONE', *, *, #5419, .F. ) ;
#2211 = ORIENTED_EDGE ( 'NONE', *, *, #126, .F. ) ;
#2212 = PRODUCT_RELATED_PRODUCT_CATEGORY ( 'part', '', ( #5613 ) ) ;
#2213 = CARTESIAN_POINT ( 'NONE',  ( -12.69999999999999929, 2.540000000000000036, -0.8889999999999981251 ) ) ;
#2214 = DIRECTION ( 'NONE',  ( 1.000000000000000000, 0.000000000000000000, 0.000000000000000000 ) ) ;
#2215 = EDGE_CURVE ( 'NONE', #3287, #3194, #2771, .T. ) ;
#2216 = VECTOR ( 'NONE', #1682, 1000.000000000000000 ) ;
#2217 = EDGE_CURVE ( 'NONE', #3209, #6725, #6279, .T. ) ;
#2218 = FACE_OUTER_BOUND ( 'NONE', #1075, .T. ) ;
#2219 = VECTOR ( 'NONE', #4310, 1000.000000000000000 ) ;
#2220 = ORIENTED_EDGE ( 'NONE', *, *, #6007, .T. ) ;
#2221 = EDGE_CURVE ( 'NONE', #886, #1910, #4603, .T. ) ;
#2222 = DIRECTION ( 'NONE',  ( 0.7071067811865493491, -0.000000000000000000, 0.7071067811865456854 ) ) ;
#2223 = DIRECTION ( 'NONE',  ( -0.7071067811865476838, 0.000000000000000000, -0.7071067811865473507 ) ) ;
#2224 = EDGE_CURVE ( 'NONE', #6385, #3309, #5154, .T. ) ;
#2225 = DIRECTION ( 'NONE',  ( 1.000000000000000000, 0.000000000000000000, -0.000000000000000000 ) ) ;
#2226 = VECTOR ( 'NONE', #2107, 1000.000000000000000 ) ;
#2227 = DIRECTION ( 'NONE',  ( 0.000000000000000000, 1.000000000000000000, 0.000000000000000000 ) ) ;
#2228 = VERTEX_POINT ( 'NONE', #4523 ) ;
#2229 = VECTOR ( 'NONE', #7377, 1000.000000000000000 ) ;
#2230 = CARTESIAN_POINT ( 'NONE',  ( 11.11250000000000071, 0.000000000000000000, -0.3174999999999983946 ) ) ;
#2231 = EDGE_LOOP ( 'NONE', ( #5768, #5427, #6350, #1228 ) ) ;
#2232 = FACE_OUTER_BOUND ( 'NONE', #5725, .T. ) ;
#2233 = ORIENTED_EDGE ( 'NONE', *, *, #6084, .T. ) ;
#2234 = CARTESIAN_POINT ( 'NONE',  ( 15.62099999999999866, 0.000000000000000000, 1.270000000000003348 ) ) ;
#2235 = ADVANCED_FACE ( 'NONE', ( #6896 ), #2196, .T. ) ;
#2236 = AXIS2_PLACEMENT_3D ( 'NONE', #1364, #235, #5642 ) ;
#2237 = VECTOR ( 'NONE', #2475, 1000.000000000000000 ) ;
#2238 = LINE ( 'NONE', #6976, #1641 ) ;
#2239 = AXIS2_PLACEMENT_3D ( 'NONE', #6046, #5466, #2512 ) ;
#2240 = ORIENTED_EDGE ( 'NONE', *, *, #3829, .F. ) ;
#2241 = ORIENTED_EDGE ( 'NONE', *, *, #2815, .F. ) ;
#2242 = AXIS2_PLACEMENT_3D ( 'NONE', #5349, #3662, #5387 ) ;
#2243 = DIRECTION ( 'NONE',  ( 1.000000000000000000, 0.000000000000000000, -2.439149994343089694E-16 ) ) ;
#2244 = PLANE ( 'NONE',  #3332 ) ;
#2245 = LINE ( 'NONE', #1082, #1105 ) ;
#2246 = AXIS2_PLACEMENT_3D ( 'NONE', #5000, #3815, #1455 ) ;
#2247 = CARTESIAN_POINT ( 'NONE',  ( -2.920999999999999819, 0.000000000000000000, -1.269999999999997353 ) ) ;
#2248 = CARTESIAN_POINT ( 'NONE',  ( -5.460999999999998522, 2.540000000000000036, 1.270000000000002904 ) ) ;
#2249 = AXIS2_PLACEMENT_3D ( 'NONE', #5689, #5729, #4590 ) ;
#2250 = UNCERTAINTY_MEASURE_WITH_UNIT (LENGTH_MEASURE( 1.000000000000000082E-05 ), #307, 'distance_accuracy_value', 'NONE');
#2251 = ORIENTED_EDGE ( 'NONE', *, *, #4685, .F. ) ;
#2252 = MANIFOLD_SOLID_BREP ( 'LPattern1[13]', #5 ) ;
#2253 = ORIENTED_EDGE ( 'NONE', *, *, #1329, .F. ) ;
#2254 = CARTESIAN_POINT ( 'NONE',  ( 15.24000000000000021, 0.000000000000000000, 0.8890000000000022329 ) ) ;
#2255 = ORIENTED_EDGE ( 'NONE', *, *, #77, .T. ) ;
#2256 = VERTEX_POINT ( 'NONE', #3001 ) ;
#2257 = VECTOR ( 'NONE', #626, 1000.000000000000000 ) ;
#2258 = CARTESIAN_POINT ( 'NONE',  ( 12.69999999999999929, 2.540000000000000036, 0.8890000000000022329 ) ) ;
#2259 = DIRECTION ( 'NONE',  ( -1.000000000000000000, 0.000000000000000000, -0.000000000000000000 ) ) ;
#2260 = CONTEXT_DEPENDENT_SHAPE_REPRESENTATION ( #4439, #3235 ) ;
#2261 = LINE ( 'NONE', #7115, #4914 ) ;
#2262 = EDGE_CURVE ( 'NONE', #1034, #2833, #448, .T. ) ;
#2263 = EDGE_LOOP ( 'NONE', ( #1347, #1262, #1134, #430 ) ) ;
#2264 = EDGE_CURVE ( 'NONE', #7579, #5812, #3515, .T. ) ;
#2265 = PLANE ( 'NONE',  #3975 ) ;
#2266 = DIRECTION ( 'NONE',  ( 2.439149994343089694E-16, -0.000000000000000000, 1.000000000000000000 ) ) ;
#2267 = CARTESIAN_POINT ( 'NONE',  ( 11.74750000000000050, 0.000000000000000000, -0.3174999999999983946 ) ) ;
#2268 = CARTESIAN_POINT ( 'NONE',  ( -10.54100000000000037, 2.540000000000000036, -1.269999999999997353 ) ) ;
#2269 = VERTEX_POINT ( 'NONE', #606 ) ;
#2270 = DIRECTION ( 'NONE',  ( -0.2035585949527762561, -0.9576678948579737671, -0.2035585949527762561 ) ) ;
#2271 = ORIENTED_EDGE ( 'NONE', *, *, #1561, .F. ) ;
#2272 = EDGE_CURVE ( 'NONE', #3939, #183, #3628, .T. ) ;
#2273 = CARTESIAN_POINT ( 'NONE',  ( 5.080000000000000959, 0.000000000000000000, -0.8889999999999981251 ) ) ;
#2274 = ORIENTED_EDGE ( 'NONE', *, *, #3118, .T. ) ;
#2275 = CARTESIAN_POINT ( 'NONE',  ( 8.572500000000003340, 0.000000000000000000, 0.3175000000000017808 ) ) ;
#2276 = DIRECTION ( 'NONE',  ( 1.000000000000000000, 0.000000000000000000, -2.439149994343089694E-16 ) ) ;
#2277 = DIRECTION ( 'NONE',  ( -1.000000000000000000, -0.000000000000000000, -0.000000000000000000 ) ) ;
#2278 = FACE_OUTER_BOUND ( 'NONE', #1658, .T. ) ;
#2279 = VECTOR ( 'NONE', #5485, 1000.000000000000114 ) ;
#2280 = ORIENTED_EDGE ( 'NONE', *, *, #3204, .F. ) ;
#2281 = EDGE_LOOP ( 'NONE', ( #1200, #2347, #5008, #5514 ) ) ;
#2282 = STYLED_ITEM ( 'NONE', ( #3554 ), #4820 ) ;
#2283 = EDGE_CURVE ( 'NONE', #7096, #839, #16, .T. ) ;
#2284 = FILL_AREA_STYLE ('',( #3433 ) ) ;
#2285 = ORIENTED_EDGE ( 'NONE', *, *, #2652, .F. ) ;
#2286 = CARTESIAN_POINT ( 'NONE',  ( -15.24000000000000021, 0.000000000000000000, -0.8889999999999974589 ) ) ;
#2287 = CARTESIAN_POINT ( 'NONE',  ( -17.78000000000000114, 0.000000000000000000, -0.8889999999999974589 ) ) ;
#2288 = VECTOR ( 'NONE', #306, 1000.000000000000000 ) ;
#2289 = CARTESIAN_POINT ( 'NONE',  ( -16.82749999999999702, 2.540000000000000036, -0.3174999999999983946 ) ) ;
#2290 = VECTOR ( 'NONE', #7295, 1000.000000000000000 ) ;
#2291 = DIRECTION ( 'NONE',  ( 0.000000000000000000, 1.000000000000000000, 0.000000000000000000 ) ) ;
#2292 = EDGE_LOOP ( 'NONE', ( #2892, #4001, #7484, #2893 ) ) ;
#2293 = MANIFOLD_SOLID_BREP ( 'LPattern1[9]', #2732 ) ;
#2294 = VERTEX_POINT ( 'NONE', #7249 ) ;
#2295 = CARTESIAN_POINT ( 'NONE',  ( 10.15999999999999837, 2.540000000000000036, -0.8889999999999974589 ) ) ;
#2296 = DIRECTION ( 'NONE',  ( 0.7071067811865459074, 0.000000000000000000, 0.7071067811865491270 ) ) ;
#2297 = ORIENTED_EDGE ( 'NONE', *, *, #5919, .T. ) ;
#2298 = ORIENTED_EDGE ( 'NONE', *, *, #4021, .T. ) ;
#2299 = CARTESIAN_POINT ( 'NONE',  ( -15.24000000000000021, 2.540000000000000036, -0.8889999999999974589 ) ) ;
#2300 = DIRECTION ( 'NONE',  ( 0.7071067811865493491, -0.000000000000000000, 0.7071067811865456854 ) ) ;
#2301 = CONTEXT_DEPENDENT_SHAPE_REPRESENTATION ( #2204, #6224 ) ;
#2302 = FACE_OUTER_BOUND ( 'NONE', #5887, .T. ) ;
#2303 = VERTEX_POINT ( 'NONE', #4761 ) ;
#2304 = DIRECTION ( 'NONE',  ( 1.000000000000000000, 0.000000000000000000, 0.000000000000000000 ) ) ;
#2305 = CARTESIAN_POINT ( 'NONE',  ( -9.779000000000001691, 0.000000000000000000, -1.269999999999996909 ) ) ;
#2306 = CARTESIAN_POINT ( 'NONE',  ( -16.19249999999999901, 2.540000000000000036, 0.3175000000000017808 ) ) ;
#2307 = ADVANCED_FACE ( 'NONE', ( #4885 ), #4102, .T. ) ;
#2308 = CARTESIAN_POINT ( 'NONE',  ( -19.93900000000000361, 0.000000000000000000, 1.270000000000003348 ) ) ;
#2309 = ORIENTED_EDGE ( 'NONE', *, *, #3024, .F. ) ;
#2310 = CARTESIAN_POINT ( 'NONE',  ( 0.000000000000000000, 2.540000000000000036, 0.8890000000000022329 ) ) ;
#2311 = ORIENTED_EDGE ( 'NONE', *, *, #1441, .T. ) ;
#2312 = DIRECTION ( 'NONE',  ( 0.000000000000000000, 0.000000000000000000, -1.000000000000000000 ) ) ;
#2313 = EDGE_LOOP ( 'NONE', ( #2587, #6192, #3026, #970 ) ) ;
#2314 = LINE ( 'NONE', #1156, #6221 ) ;
#2315 = VECTOR ( 'NONE', #3650, 1000.000000000000000 ) ;
#2316 = ADVANCED_FACE ( 'NONE', ( #2468, #573 ), #7092, .T. ) ;
#2317 = LINE ( 'NONE', #5124, #1879 ) ;
#2318 = ADVANCED_FACE ( 'NONE', ( #4176 ), #6545, .F. ) ;
#2319 = ADVANCED_FACE ( 'NONE', ( #3157 ), #920, .F. ) ;
#2320 = VECTOR ( 'NONE', #1529, 1000.000000000000114 ) ;
#2321 = ORIENTED_EDGE ( 'NONE', *, *, #2176, .F. ) ;
#2322 = ORIENTED_EDGE ( 'NONE', *, *, #3296, .F. ) ;
#2323 = ORIENTED_EDGE ( 'NONE', *, *, #4072, .T. ) ;
#2324 = EDGE_CURVE ( 'NONE', #4664, #4748, #5627, .T. ) ;
#2325 = DIRECTION ( 'NONE',  ( 0.000000000000000000, 0.000000000000000000, 1.000000000000000000 ) ) ;
#2326 = CARTESIAN_POINT ( 'NONE',  ( -19.36749999999999972, 0.000000000000000000, -0.3174999999999983946 ) ) ;
#2327 = LINE ( 'NONE', #1083, #2730 ) ;
#2328 = EDGE_CURVE ( 'NONE', #3317, #7664, #3865, .T. ) ;
#2329 = LINE ( 'NONE', #1746, #6229 ) ;
#2330 = EDGE_LOOP ( 'NONE', ( #173, #949, #1086, #577, #6485, #1294, #4242, #5439 ) ) ;
#2331 = VERTEX_POINT ( 'NONE', #3704 ) ;
#2332 = CARTESIAN_POINT ( 'NONE',  ( -19.36749999999999972, 0.000000000000000000, 0.3175000000000017808 ) ) ;
#2333 = FACE_OUTER_BOUND ( 'NONE', #4921, .T. ) ;
#2334 = ORIENTED_EDGE ( 'NONE', *, *, #7154, .F. ) ;
#2335 = FACE_OUTER_BOUND ( 'NONE', #5281, .T. ) ;
#2336 = CARTESIAN_POINT ( 'NONE',  ( -13.65249999999999808, 2.540000000000000036, 0.3175000000000017808 ) ) ;
#2337 = CONTEXT_DEPENDENT_SHAPE_REPRESENTATION ( #5648, #5348 ) ;
#2338 = DIRECTION ( 'NONE',  ( 0.000000000000000000, 1.000000000000000000, 0.000000000000000000 ) ) ;
#2339 = ORIENTED_EDGE ( 'NONE', *, *, #3275, .F. ) ;
#2340 = CARTESIAN_POINT ( 'NONE',  ( 22.86000000000000298, 2.540000000000000036, 0.000000000000000000 ) ) ;
#2341 = VECTOR ( 'NONE', #2490, 1000.000000000000000 ) ;
#2342 = FACE_OUTER_BOUND ( 'NONE', #6775, .T. ) ;
#2343 = LINE ( 'NONE', #1884, #6108 ) ;
#2344 = VECTOR ( 'NONE', #4855, 1000.000000000000000 ) ;
#2345 = ORIENTED_EDGE ( 'NONE', *, *, #807, .F. ) ;
#2346 = PLANE ( 'NONE',  #6268 ) ;
#2347 = ORIENTED_EDGE ( 'NONE', *, *, #453, .F. ) ;
#2348 = PLANE ( 'NONE',  #6815 ) ;
#2349 = LINE ( 'NONE', #5309, #487 ) ;
#2350 = VECTOR ( 'NONE', #7319, 1000.000000000000114 ) ;
#2351 =( LENGTH_UNIT ( ) NAMED_UNIT ( * ) SI_UNIT ( .MILLI., .METRE. ) );
#2352 = VECTOR ( 'NONE', #6477, 1000.000000000000000 ) ;
#2353 = ORIENTED_EDGE ( 'NONE', *, *, #7500, .F. ) ;
#2354 = EDGE_CURVE ( 'NONE', #4653, #2269, #1460, .T. ) ;
#2355 = AXIS2_PLACEMENT_3D ( 'NONE', #6525, #3060, #635 ) ;
#2356 = EDGE_LOOP ( 'NONE', ( #6242, #5383, #2015, #396 ) ) ;
#2357 =( NAMED_UNIT ( * ) SI_UNIT ( $, .STERADIAN. ) SOLID_ANGLE_UNIT ( ) );
#2358 = CARTESIAN_POINT ( 'NONE',  ( -0.3174999999999999489, 8.382000000000001450, 0.3174999999999999489 ) ) ;
#2359 = EDGE_CURVE ( 'NONE', #5316, #7491, #6707, .T. ) ;
#2360 = EDGE_CURVE ( 'NONE', #5915, #196, #4440, .T. ) ;
#2361 = AXIS2_PLACEMENT_3D ( 'NONE', #1784, #4220, #6599 ) ;
#2362 = CARTESIAN_POINT ( 'NONE',  ( -19.93900000000000361, 2.540000000000000036, -1.269999999999996909 ) ) ;
#2363 = LINE ( 'NONE', #1161, #4082 ) ;
#2364 = DIRECTION ( 'NONE',  ( 1.000000000000000000, 0.000000000000000000, -2.439149994343089694E-16 ) ) ;
#2365 = VECTOR ( 'NONE', #882, 1000.000000000000000 ) ;
#2366 = CARTESIAN_POINT ( 'NONE',  ( 15.62099999999999866, 0.000000000000000000, -1.269999999999996909 ) ) ;
#2367 = ORIENTED_EDGE ( 'NONE', *, *, #2221, .F. ) ;
#2368 = VECTOR ( 'NONE', #3401, 1000.000000000000000 ) ;
#2369 = CLOSED_SHELL ( 'NONE', ( #4676, #3982, #7411, #4201, #3248, #4065, #3874, #6585, #2415, #2316, #4227, #3012, #319, #4996 ) ) ;
#2370 = VERTEX_POINT ( 'NONE', #880 ) ;
#2371 = DIRECTION ( 'NONE',  ( -1.000000000000000000, -0.000000000000000000, 2.439149994343089694E-16 ) ) ;
#2372 = SURFACE_STYLE_USAGE ( .BOTH. , #2939 ) ;
#2373 = VERTEX_POINT ( 'NONE', #6814 ) ;
#2374 = FACE_OUTER_BOUND ( 'NONE', #3357, .T. ) ;
#2375 = EDGE_CURVE ( 'NONE', #6308, #3845, #5005, .T. ) ;
#2376 = PLANE ( 'NONE',  #2856 ) ;
#2377 = DIRECTION ( 'NONE',  ( 0.000000000000000000, 0.000000000000000000, 1.000000000000000000 ) ) ;
#2378 = AXIS2_PLACEMENT_3D ( 'NONE', #4328, #2660, #3238 ) ;
#2379 = VECTOR ( 'NONE', #756, 1000.000000000000000 ) ;
#2380 = LINE ( 'NONE', #553, #5408 ) ;
#2381 = ORIENTED_EDGE ( 'NONE', *, *, #5411, .F. ) ;
#2382 = EDGE_CURVE ( 'NONE', #6510, #5872, #1499, .T. ) ;
#2383 = CARTESIAN_POINT ( 'NONE',  ( -4.127499999999999503, 2.540000000000000036, 0.3175000000000017808 ) ) ;
#2384 = LINE ( 'NONE', #5300, #6077 ) ;
#2385 = VECTOR ( 'NONE', #4812, 1000.000000000000000 ) ;
#2386 = DIRECTION ( 'NONE',  ( 1.000000000000000000, -0.000000000000000000, 0.000000000000000000 ) ) ;
#2387 = LINE ( 'NONE', #3461, #1745 ) ;
#2388 = ORIENTED_EDGE ( 'NONE', *, *, #512, .T. ) ;
#2389 = CARTESIAN_POINT ( 'NONE',  ( 18.73250000000000171, 0.000000000000000000, 0.3175000000000017808 ) ) ;
#2390 = ORIENTED_EDGE ( 'NONE', *, *, #5778, .T. ) ;
#2391 = DIRECTION ( 'NONE',  ( 0.000000000000000000, 0.000000000000000000, -1.000000000000000000 ) ) ;
#2392 = DIRECTION ( 'NONE',  ( -0.7071067811865477948, -0.000000000000000000, -0.7071067811865473507 ) ) ;
#2393 = SURFACE_STYLE_USAGE ( .BOTH. , #5353 ) ;
#2394 = ORIENTED_EDGE ( 'NONE', *, *, #1893, .T. ) ;
#2395 = ORIENTED_EDGE ( 'NONE', *, *, #945, .T. ) ;
#2396 = SURFACE_STYLE_FILL_AREA ( #2284 ) ;
#2397 = CARTESIAN_POINT ( 'NONE',  ( 8.572500000000003340, 0.000000000000000000, -0.3174999999999983946 ) ) ;
#2398 = CARTESIAN_POINT ( 'NONE',  ( 5.461000000000000298, 0.000000000000000000, 1.270000000000003348 ) ) ;
#2399 = CARTESIAN_POINT ( 'NONE',  ( -12.70000000000000107, 2.540000000000000036, 0.8890000000000022329 ) ) ;
#2400 = CARTESIAN_POINT ( 'NONE',  ( -15.24000000000000021, 2.540000000000000036, 0.8890000000000022329 ) ) ;
#2401 = CARTESIAN_POINT ( 'NONE',  ( 19.93900000000000361, 2.540000000000000036, -1.269999999999997353 ) ) ;
#2402 = EDGE_CURVE ( 'NONE', #2093, #4552, #5662, .T. ) ;
#2403 = EDGE_CURVE ( 'NONE', #5867, #3395, #7290, .T. ) ;
#2404 = EDGE_LOOP ( 'NONE', ( #5597, #2508, #2, #2297 ) ) ;
#2405 = MECHANICAL_DESIGN_GEOMETRIC_PRESENTATION_REPRESENTATION (  '', ( #1548 ), #5528 ) ;
#2406 = ORIENTED_EDGE ( 'NONE', *, *, #3586, .T. ) ;
#2407 = CARTESIAN_POINT ( 'NONE',  ( 11.11250000000000071, 2.540000000000000036, -0.3174999999999983946 ) ) ;
#2408 =( NAMED_UNIT ( * ) PLANE_ANGLE_UNIT ( ) SI_UNIT ( $, .RADIAN. ) );
#2409 = ORIENTED_EDGE ( 'NONE', *, *, #6772, .T. ) ;
#2410 = CARTESIAN_POINT ( 'NONE',  ( 0.000000000000000000, 2.540000000000000036, -0.8889999999999974589 ) ) ;
#2411 = DIRECTION ( 'NONE',  ( -0.000000000000000000, -0.000000000000000000, -1.000000000000000000 ) ) ;
#2412 = EDGE_CURVE ( 'NONE', #5144, #2820, #6194, .T. ) ;
#2413 = FACE_BOUND ( 'NONE', #5484, .T. ) ;
#2414 = DIRECTION ( 'NONE',  ( 0.000000000000000000, 1.000000000000000000, 0.000000000000000000 ) ) ;
#2415 = ADVANCED_FACE ( 'NONE', ( #333, #5073 ), #1389, .F. ) ;
#2416 = VECTOR ( 'NONE', #7346, 1000.000000000000000 ) ;
#2417 = EDGE_CURVE ( 'NONE', #1927, #7216, #6665, .T. ) ;
#2418 = ORIENTED_EDGE ( 'NONE', *, *, #4314, .F. ) ;
#2419 = STYLED_ITEM ( 'NONE', ( #2200 ), #4770 ) ;
#2420 = LINE ( 'NONE', #5877, #5898 ) ;
#2421 = VERTEX_POINT ( 'NONE', #2583 ) ;
#2422 = CARTESIAN_POINT ( 'NONE',  ( -7.620000000000000107, 0.000000000000000000, -0.8889999999999974589 ) ) ;
#2423 = FACE_BOUND ( 'NONE', #6660, .T. ) ;
#2424 = DIRECTION ( 'NONE',  ( -1.000000000000000000, -0.000000000000000000, 2.439149994343089694E-16 ) ) ;
#2425 = ADVANCED_FACE ( 'NONE', ( #767 ), #254, .T. ) ;
#2426 =( LENGTH_UNIT ( ) NAMED_UNIT ( * ) SI_UNIT ( .MILLI., .METRE. ) );
#2427 = ORIENTED_EDGE ( 'NONE', *, *, #2467, .T. ) ;
#2428 = LINE ( 'NONE', #3580, #5765 ) ;
#2429 = ORIENTED_EDGE ( 'NONE', *, *, #1608, .F. ) ;
#2430 = LINE ( 'NONE', #7205, #315 ) ;
#2431 = CARTESIAN_POINT ( 'NONE',  ( -18.16100000000000136, 2.540000000000000036, -1.269999999999997353 ) ) ;
#2432 = SURFACE_STYLE_USAGE ( .BOTH. , #3549 ) ;
#2433 = LINE ( 'NONE', #7167, #4974 ) ;
#2434 = VERTEX_POINT ( 'NONE', #2012 ) ;
#2435 = EDGE_LOOP ( 'NONE', ( #3947, #4493, #6131, #5961 ) ) ;
#2436 = ORIENTED_EDGE ( 'NONE', *, *, #2224, .T. ) ;
#2437 = LINE ( 'NONE', #5471, #420 ) ;
#2438 = LINE ( 'NONE', #1740, #2120 ) ;
#2439 = CARTESIAN_POINT ( 'NONE',  ( -12.70000000000000107, 0.000000000000000000, 0.8890000000000022329 ) ) ;
#2440 = LINE ( 'NONE', #3046, #2344 ) ;
#2441 = FACE_OUTER_BOUND ( 'NONE', #3233, .T. ) ;
#2442 = DIRECTION ( 'NONE',  ( 1.000000000000000000, 0.000000000000000000, -2.439149994343089694E-16 ) ) ;
#2443 = ORIENTED_EDGE ( 'NONE', *, *, #6536, .T. ) ;
#2444 = ORIENTED_EDGE ( 'NONE', *, *, #3341, .F. ) ;
#2445 = CARTESIAN_POINT ( 'NONE',  ( 12.69999999999999929, 0.000000000000000000, -0.8889999999999981251 ) ) ;
#2446 = ORIENTED_EDGE ( 'NONE', *, *, #6310, .F. ) ;
#2447 = DIRECTION ( 'NONE',  ( 0.000000000000000000, 1.000000000000000000, 0.000000000000000000 ) ) ;
#2448 = DIRECTION ( 'NONE',  ( -1.000000000000000000, 0.000000000000000000, 0.000000000000000000 ) ) ;
#2449 = EDGE_CURVE ( 'NONE', #450, #3079, #3124, .T. ) ;
#2450 = FACE_OUTER_BOUND ( 'NONE', #4656, .T. ) ;
#2451 = DIRECTION ( 'NONE',  ( 0.000000000000000000, 1.000000000000000000, 0.000000000000000000 ) ) ;
#2452 = CARTESIAN_POINT ( 'NONE',  ( -7.239000000000000767, 2.540000000000000036, -1.269999999999996909 ) ) ;
#2453 = ORIENTED_EDGE ( 'NONE', *, *, #7632, .T. ) ;
#2454 = DIRECTION ( 'NONE',  ( -0.7071067811865474617, -0.000000000000000000, 0.7071067811865474617 ) ) ;
#2455 = EDGE_CURVE ( 'NONE', #4505, #3287, #3786, .T. ) ;
#2456 = EDGE_CURVE ( 'NONE', #6908, #7204, #5583, .T. ) ;
#2457 = CARTESIAN_POINT ( 'NONE',  ( 5.080000000000000959, 0.000000000000000000, 0.8890000000000022329 ) ) ;
#2458 = CARTESIAN_POINT ( 'NONE',  ( 20.32000000000000028, 0.000000000000000000, -0.8889999999999981251 ) ) ;
#2459 = DIRECTION ( 'NONE',  ( 1.000000000000000000, 0.000000000000000000, 0.000000000000000000 ) ) ;
#2460 = VERTEX_POINT ( 'NONE', #6417 ) ;
#2461 = ADVANCED_FACE ( 'NONE', ( #5114 ), #3418, .F. ) ;
#2462 = DIRECTION ( 'NONE',  ( 0.000000000000000000, 1.000000000000000000, 0.000000000000000000 ) ) ;
#2463 = VECTOR ( 'NONE', #7117, 1000.000000000000000 ) ;
#2464 = ORIENTED_EDGE ( 'NONE', *, *, #2129, .T. ) ;
#2465 = CARTESIAN_POINT ( 'NONE',  ( -9.207499999999997797, 0.000000000000000000, 0.3175000000000017808 ) ) ;
#2466 = DIRECTION ( 'NONE',  ( 1.000000000000000000, 0.000000000000000000, 0.000000000000000000 ) ) ;
#2467 = EDGE_CURVE ( 'NONE', #647, #7096, #367, .T. ) ;
#2468 = FACE_BOUND ( 'NONE', #1108, .T. ) ;
#2469 = AXIS2_PLACEMENT_3D ( 'NONE', #4895, #7136, #4809 ) ;
#2470 = CARTESIAN_POINT ( 'NONE',  ( -0.3809999999999993947, 2.540000000000000036, -1.269999999999997353 ) ) ;
#2471 = ORIENTED_EDGE ( 'NONE', *, *, #6161, .F. ) ;
#2472 = ORIENTED_EDGE ( 'NONE', *, *, #2359, .T. ) ;
#2473 = VERTEX_POINT ( 'NONE', #3974 ) ;
#2474 = LINE ( 'NONE', #4259, #2290 ) ;
#2475 = DIRECTION ( 'NONE',  ( 0.000000000000000000, 1.000000000000000000, 0.000000000000000000 ) ) ;
#2476 = VECTOR ( 'NONE', #2763, 1000.000000000000000 ) ;
#2477 = ADVANCED_FACE ( 'NONE', ( #6890 ), #2156, .T. ) ;
#2478 = CARTESIAN_POINT ( 'NONE',  ( 0.3174999999999999489, 8.039099999999994139, -0.3174999999999999489 ) ) ;
#2479 = DIRECTION ( 'NONE',  ( 0.7071067811865459074, 0.000000000000000000, 0.7071067811865491270 ) ) ;
#2480 = VECTOR ( 'NONE', #530, 1000.000000000000000 ) ;
#2481 = CARTESIAN_POINT ( 'NONE',  ( 0.3174999999999999489, 8.382000000000001450, -0.3174999999999999489 ) ) ;
#2482 = LINE ( 'NONE', #7225, #6734 ) ;
#2483 = VECTOR ( 'NONE', #5272, 1000.000000000000000 ) ;
#2484 = ORIENTED_EDGE ( 'NONE', *, *, #6064, .T. ) ;
#2485 = VERTEX_POINT ( 'NONE', #5799 ) ;
#2486 = CARTESIAN_POINT ( 'NONE',  ( -18.73249999999999815, 0.000000000000000000, -0.3174999999999983946 ) ) ;
#2487 = AXIS2_PLACEMENT_3D ( 'NONE', #2639, #2747, #276 ) ;
#2488 = EDGE_LOOP ( 'NONE', ( #5701, #6019, #7130, #305 ) ) ;
#2489 = DIRECTION ( 'NONE',  ( 0.000000000000000000, 1.000000000000000000, 0.000000000000000000 ) ) ;
#2490 = DIRECTION ( 'NONE',  ( 0.000000000000000000, 1.000000000000000000, 0.000000000000000000 ) ) ;
#2491 = MECHANICAL_DESIGN_GEOMETRIC_PRESENTATION_REPRESENTATION (  '', ( #3848 ), #6574 ) ;
#2492 = LINE ( 'NONE', #3567, #1614 ) ;
#2493 = VECTOR ( 'NONE', #5284, 1000.000000000000000 ) ;
#2494 = CLOSED_SHELL ( 'NONE', ( #1080, #2796, #1049, #3601, #1602, #1480, #329, #1028, #2770, #232, #4631, #3494, #5981, #6295 ) ) ;
#2495 = LINE ( 'NONE', #4785, #4847 ) ;
#2496 = CARTESIAN_POINT ( 'NONE',  ( -11.74749999999999872, 0.000000000000000000, -0.3174999999999983946 ) ) ;
#2497 = ORIENTED_EDGE ( 'NONE', *, *, #5123, .T. ) ;
#2498 = LINE ( 'NONE', #4875, #5692 ) ;
#2499 = VECTOR ( 'NONE', #1424, 1000.000000000000000 ) ;
#2500 = DIRECTION ( 'NONE',  ( -0.7071067811865474617, 0.000000000000000000, 0.7071067811865474617 ) ) ;
#2501 = FACE_BOUND ( 'NONE', #4086, .T. ) ;
#2502 = VECTOR ( 'NONE', #541, 1000.000000000000000 ) ;
#2503 = DIRECTION ( 'NONE',  ( 0.000000000000000000, 0.000000000000000000, 1.000000000000000000 ) ) ;
#2504 = EDGE_CURVE ( 'NONE', #6001, #283, #1541, .T. ) ;
#2505 = EDGE_CURVE ( 'NONE', #1900, #6292, #3897, .T. ) ;
#2506 = ORIENTED_EDGE ( 'NONE', *, *, #5695, .F. ) ;
#2507 = LINE ( 'NONE', #1340, #4157 ) ;
#2508 = ORIENTED_EDGE ( 'NONE', *, *, #5371, .F. ) ;
#2509 = LINE ( 'NONE', #4882, #4661 ) ;
#2510 = CARTESIAN_POINT ( 'NONE',  ( -11.74749999999999872, 0.000000000000000000, 0.3175000000000017808 ) ) ;
#2511 = VECTOR ( 'NONE', #2667, 1000.000000000000000 ) ;
#2512 = DIRECTION ( 'NONE',  ( -1.000000000000000000, 0.000000000000000000, -0.000000000000000000 ) ) ;
#2513 = EDGE_CURVE ( 'NONE', #2855, #2145, #2189, .T. ) ;
#2514 = VERTEX_POINT ( 'NONE', #2727 ) ;
#2515 = ORIENTED_EDGE ( 'NONE', *, *, #1519, .F. ) ;
#2516 = ORIENTED_EDGE ( 'NONE', *, *, #6132, .T. ) ;
#2517 =( NAMED_UNIT ( * ) PLANE_ANGLE_UNIT ( ) SI_UNIT ( $, .RADIAN. ) );
#2518 = LINE ( 'NONE', #2397, #6956 ) ;
#2519 = FACE_OUTER_BOUND ( 'NONE', #10, .T. ) ;
#2520 = CARTESIAN_POINT ( 'NONE',  ( -17.78000000000000114, 0.000000000000000000, 0.8890000000000022329 ) ) ;
#2521 = CARTESIAN_POINT ( 'NONE',  ( 11.11250000000000071, 0.000000000000000000, -0.3174999999999983946 ) ) ;
#2522 = CARTESIAN_POINT ( 'NONE',  ( -9.207499999999997797, 0.000000000000000000, 0.3175000000000017808 ) ) ;
#2523 = EDGE_CURVE ( 'NONE', #2370, #5871, #5226, .T. ) ;
#2524 = VERTEX_POINT ( 'NONE', #7546 ) ;
#2525 = ORIENTED_EDGE ( 'NONE', *, *, #459, .T. ) ;
#2526 = CARTESIAN_POINT ( 'NONE',  ( 13.08099999999999952, 2.540000000000000036, -1.269999999999996909 ) ) ;
#2527 = ORIENTED_EDGE ( 'NONE', *, *, #3788, .F. ) ;
#2528 = DIRECTION ( 'NONE',  ( 1.000000000000000000, 0.000000000000000000, 0.000000000000000000 ) ) ;
#2529 = DIRECTION ( 'NONE',  ( 0.000000000000000000, 1.000000000000000000, 0.000000000000000000 ) ) ;
#2530 = DIRECTION ( 'NONE',  ( -1.000000000000000000, 0.000000000000000000, 0.000000000000000000 ) ) ;
#2531 = DIRECTION ( 'NONE',  ( -1.000000000000000000, 0.000000000000000000, 0.000000000000000000 ) ) ;
#2532 = LINE ( 'NONE', #6654, #3041 ) ;
#2533 = ORIENTED_EDGE ( 'NONE', *, *, #2402, .T. ) ;
#2534 = AXIS2_PLACEMENT_3D ( 'NONE', #1311, #6010, #184 ) ;
#2535 = DIRECTION ( 'NONE',  ( 0.000000000000000000, 1.000000000000000000, 0.000000000000000000 ) ) ;
#2536 = CARTESIAN_POINT ( 'NONE',  ( -4.127499999999999503, 2.540000000000000036, 0.3175000000000017808 ) ) ;
#2537 = DIRECTION ( 'NONE',  ( 0.000000000000000000, 0.000000000000000000, -1.000000000000000000 ) ) ;
#2538 = DIRECTION ( 'NONE',  ( 1.000000000000000000, 0.000000000000000000, 0.000000000000000000 ) ) ;
#2539 = VERTEX_POINT ( 'NONE', #2267 ) ;
#2540 = LINE ( 'NONE', #3745, #3281 ) ;
#2541 = ORIENTED_EDGE ( 'NONE', *, *, #3841, .T. ) ;
#2542 = CARTESIAN_POINT ( 'NONE',  ( -6.667499999999997762, 0.000000000000000000, -0.3174999999999983946 ) ) ;
#2543 = DIRECTION ( 'NONE',  ( -1.000000000000000000, -0.000000000000000000, -0.000000000000000000 ) ) ;
#2544 = VECTOR ( 'NONE', #6663, 1000.000000000000000 ) ;
#2545 = EDGE_CURVE ( 'NONE', #6991, #4619, #2800, .T. ) ;
#2546 = DIRECTION ( 'NONE',  ( 1.000000000000000000, 0.000000000000000000, -0.000000000000000000 ) ) ;
#2547 = CARTESIAN_POINT ( 'NONE',  ( 2.540000000000000480, 0.000000000000000000, 0.8890000000000022329 ) ) ;
#2548 = ORIENTED_EDGE ( 'NONE', *, *, #6389, .F. ) ;
#2549 = ORIENTED_EDGE ( 'NONE', *, *, #1039, .F. ) ;
#2550 = EDGE_CURVE ( 'NONE', #4041, #549, #3459, .T. ) ;
#2551 = EDGE_LOOP ( 'NONE', ( #784, #6617, #397, #6157 ) ) ;
#2552 = CARTESIAN_POINT ( 'NONE',  ( 13.65250000000000163, 2.540000000000000036, 0.3175000000000017808 ) ) ;
#2553 = FACE_OUTER_BOUND ( 'NONE', #4538, .T. ) ;
#2554 = CARTESIAN_POINT ( 'NONE',  ( 15.62099999999999866, 0.000000000000000000, -1.269999999999996909 ) ) ;
#2555 = EDGE_CURVE ( 'NONE', #5636, #4803, #3936, .T. ) ;
#2556 = EDGE_CURVE ( 'NONE', #7664, #4566, #2764, .T. ) ;
#2557 =( LENGTH_UNIT ( ) NAMED_UNIT ( * ) SI_UNIT ( .MILLI., .METRE. ) );
#2558 = PLANE ( 'NONE',  #1401 ) ;
#2559 = ORIENTED_EDGE ( 'NONE', *, *, #3738, .T. ) ;
#2560 = ORIENTED_EDGE ( 'NONE', *, *, #3963, .T. ) ;
#2561 = LINE ( 'NONE', #2598, #1549 ) ;
#2562 = EDGE_CURVE ( 'NONE', #5680, #4431, #7480, .T. ) ;
#2563 = VERTEX_POINT ( 'NONE', #7513 ) ;
#2564 = DIRECTION ( 'NONE',  ( 1.000000000000000000, 0.000000000000000000, 0.000000000000000000 ) ) ;
#2565 = DIRECTION ( 'NONE',  ( 0.7071067811865459074, 0.000000000000000000, 0.7071067811865491270 ) ) ;
#2566 = SHAPE_REPRESENTATION ( 'GBC36SAAN_GC16S', ( #259 ), #5967 ) ;
#2567 = VECTOR ( 'NONE', #7390, 1000.000000000000000 ) ;
#2568 = ADVANCED_FACE ( 'NONE', ( #7439 ), #4484, .T. ) ;
#2569 = DIRECTION ( 'NONE',  ( 0.000000000000000000, 1.000000000000000000, 0.000000000000000000 ) ) ;
#2570 = CARTESIAN_POINT ( 'NONE',  ( -2.540000000000000480, 0.000000000000000000, -0.8889999999999974589 ) ) ;
#2571 = ORIENTED_EDGE ( 'NONE', *, *, #6163, .F. ) ;
#2572 = AXIS2_PLACEMENT_3D ( 'NONE', #3407, #1678, #3490 ) ;
#2573 = DIRECTION ( 'NONE',  ( 0.000000000000000000, 0.000000000000000000, -1.000000000000000000 ) ) ;
#2574 = EDGE_LOOP ( 'NONE', ( #652, #7482, #409, #4293 ) ) ;
#2575 = CARTESIAN_POINT ( 'NONE',  ( 15.24000000000000021, 2.540000000000000036, -0.8889999999999981251 ) ) ;
#2576 = LINE ( 'NONE', #4364, #3082 ) ;
#2577 = CARTESIAN_POINT ( 'NONE',  ( -14.28749999999999787, 0.000000000000000000, 0.3175000000000017808 ) ) ;
#2578 = FILL_AREA_STYLE_COLOUR ( '', #2004 ) ;
#2579 = LINE ( 'NONE', #6079, #3286 ) ;
#2580 = ORIENTED_EDGE ( 'NONE', *, *, #518, .F. ) ;
#2581 = LINE ( 'NONE', #5386, #5668 ) ;
#2582 = DIRECTION ( 'NONE',  ( -0.000000000000000000, -0.000000000000000000, -1.000000000000000000 ) ) ;
#2583 = CARTESIAN_POINT ( 'NONE',  ( -7.620000000000000107, 0.000000000000000000, 0.8890000000000022329 ) ) ;
#2584 = FACE_OUTER_BOUND ( 'NONE', #5751, .T. ) ;
#2585 = ORIENTED_EDGE ( 'NONE', *, *, #2456, .F. ) ;
#2586 = EDGE_LOOP ( 'NONE', ( #4657, #1946, #7301, #1210, #6140, #727, #1243, #7372 ) ) ;
#2587 = ORIENTED_EDGE ( 'NONE', *, *, #653, .T. ) ;
#2588 = FILL_AREA_STYLE_COLOUR ( '', #6270 ) ;
#2589 = DIRECTION ( 'NONE',  ( 0.000000000000000000, -0.000000000000000000, 1.000000000000000000 ) ) ;
#2590 = DIRECTION ( 'NONE',  ( -0.7071067811865477948, -0.000000000000000000, -0.7071067811865473507 ) ) ;
#2591 = VECTOR ( 'NONE', #2454, 1000.000000000000114 ) ;
#2592 = FILL_AREA_STYLE ('',( #4450 ) ) ;
#2593 = LINE ( 'NONE', #818, #1021 ) ;
#2594 = ORIENTED_EDGE ( 'NONE', *, *, #2031, .F. ) ;
#2595 = ADVANCED_FACE ( 'NONE', ( #4516 ), #4009, .T. ) ;
#2596 = VECTOR ( 'NONE', #2171, 1000.000000000000000 ) ;
#2597 = ORIENTED_EDGE ( 'NONE', *, *, #3634, .T. ) ;
#2598 = CARTESIAN_POINT ( 'NONE',  ( 8.001000000000001222, 0.000000000000000000, -1.269999999999996909 ) ) ;
#2599 = ADVANCED_FACE ( 'NONE', ( #3342 ), #6925, .T. ) ;
#2600 = LINE ( 'NONE', #1442, #4710 ) ;
#2601 = ORIENTED_EDGE ( 'NONE', *, *, #2729, .T. ) ;
#2602 = PLANE ( 'NONE',  #3463 ) ;
#2603 = DIRECTION ( 'NONE',  ( 0.7071067811865456854, 0.000000000000000000, -0.7071067811865493491 ) ) ;
#2604 = LINE ( 'NONE', #3180, #4978 ) ;
#2605 = AXIS2_PLACEMENT_3D ( 'NONE', #1657, #6384, #2312 ) ;
#2606 = LINE ( 'NONE', #2710, #5342 ) ;
#2607 = ORIENTED_EDGE ( 'NONE', *, *, #189, .T. ) ;
#2608 = AXIS2_PLACEMENT_3D ( 'NONE', #6052, #3556, #6636 ) ;
#2609 = EDGE_CURVE ( 'NONE', #2145, #4975, #440, .T. ) ;
#2610 = CARTESIAN_POINT ( 'NONE',  ( -17.39900000000000091, 2.540000000000000036, 1.270000000000003348 ) ) ;
#2611 = AXIS2_PLACEMENT_3D ( 'NONE', #725, #4888, #1969 ) ;
#2612 = ORIENTED_EDGE ( 'NONE', *, *, #5651, .F. ) ;
#2613 = CARTESIAN_POINT ( 'NONE',  ( 17.78000000000000114, 2.540000000000000036, -0.8889999999999974589 ) ) ;
#2614 = CARTESIAN_POINT ( 'NONE',  ( 1.587500000000002132, 0.000000000000000000, -0.3174999999999983946 ) ) ;
#2615 = VECTOR ( 'NONE', #5395, 1000.000000000000000 ) ;
#2616 = CARTESIAN_POINT ( 'NONE',  ( 16.19250000000000256, 0.000000000000000000, 0.3175000000000017808 ) ) ;
#2617 = COLOUR_RGB ( '',0.2509803921568627416, 0.2509803921568627416, 0.2509803921568627416 ) ;
#2618 = AXIS2_PLACEMENT_3D ( 'NONE', #5472, #23, #6011 ) ;
#2619 = CARTESIAN_POINT ( 'NONE',  ( -11.74749999999999872, 2.540000000000000036, 0.3175000000000017808 ) ) ;
#2620 = ORIENTED_EDGE ( 'NONE', *, *, #1883, .F. ) ;
#2621 = DIRECTION ( 'NONE',  ( 0.000000000000000000, 0.000000000000000000, -1.000000000000000000 ) ) ;
#2622 = PRODUCT_DEFINITION_SHAPE ( 'NONE', 'NONE',  #7689 ) ;
#2623 = DIRECTION ( 'NONE',  ( -0.7071067811865474617, -0.000000000000000000, 0.7071067811865474617 ) ) ;
#2624 = VECTOR ( 'NONE', #2913, 1000.000000000000000 ) ;
#2625 = CARTESIAN_POINT ( 'NONE',  ( -12.70000000000000107, 0.000000000000000000, -0.8889999999999974589 ) ) ;
#2626 = LINE ( 'NONE', #179, #885 ) ;
#2627 = ORIENTED_EDGE ( 'NONE', *, *, #1992, .T. ) ;
#2628 = ORIENTED_EDGE ( 'NONE', *, *, #4182, .F. ) ;
#2629 = AXIS2_PLACEMENT_3D ( 'NONE', #1911, #6644, #3052 ) ;
#2630 = ORIENTED_EDGE ( 'NONE', *, *, #7369, .F. ) ;
#2631 = DIRECTION ( 'NONE',  ( 1.000000000000000000, 0.000000000000000000, 0.000000000000000000 ) ) ;
#2632 = CARTESIAN_POINT ( 'NONE',  ( -13.08099999999999952, 0.000000000000000000, 1.270000000000002904 ) ) ;
#2633 = DIRECTION ( 'NONE',  ( 0.7071067811865456854, 0.000000000000000000, -0.7071067811865493491 ) ) ;
#2634 = ORIENTED_EDGE ( 'NONE', *, *, #6497, .F. ) ;
#2635 = EDGE_LOOP ( 'NONE', ( #1088, #6033, #1703, #3689 ) ) ;
#2636 = CARTESIAN_POINT ( 'NONE',  ( 1.587500000000002132, 0.000000000000000000, 0.3175000000000017808 ) ) ;
#2637 = SURFACE_STYLE_USAGE ( .BOTH. , #3877 ) ;
#2638 = VERTEX_POINT ( 'NONE', #561 ) ;
#2639 = CARTESIAN_POINT ( 'NONE',  ( 14.85899999999999999, 0.000000000000000000, -1.269999999999997353 ) ) ;
#2640 = CARTESIAN_POINT ( 'NONE',  ( -2.920999999999999819, 0.000000000000000000, 1.270000000000002904 ) ) ;
#2641 = DIRECTION ( 'NONE',  ( 0.000000000000000000, 1.000000000000000000, 0.000000000000000000 ) ) ;
#2642 = EDGE_CURVE ( 'NONE', #4713, #5251, #6462, .T. ) ;
#2643 = EDGE_CURVE ( 'NONE', #4803, #2820, #47, .T. ) ;
#2644 = CARTESIAN_POINT ( 'NONE',  ( -20.32000000000000028, 0.000000000000000000, -0.8889999999999974589 ) ) ;
#2645 = ORIENTED_EDGE ( 'NONE', *, *, #6124, .F. ) ;
#2646 = CARTESIAN_POINT ( 'NONE',  ( 19.93900000000000361, 0.000000000000000000, -1.269999999999997353 ) ) ;
#2647 = EDGE_LOOP ( 'NONE', ( #3429, #5315, #6928, #6357 ) ) ;
#2648 = EDGE_CURVE ( 'NONE', #6700, #6521, #1771, .T. ) ;
#2649 = DIRECTION ( 'NONE',  ( 0.000000000000000000, 1.000000000000000000, 0.000000000000000000 ) ) ;
#2650 = DIRECTION ( 'NONE',  ( -1.000000000000000000, 0.000000000000000000, 0.000000000000000000 ) ) ;
#2651 = EDGE_CURVE ( 'NONE', #2563, #3589, #4792, .T. ) ;
#2652 = EDGE_CURVE ( 'NONE', #7428, #3209, #5417, .T. ) ;
#2653 = PLANE ( 'NONE',  #6958 ) ;
#2654 = AXIS2_PLACEMENT_3D ( 'NONE', #3946, #6395, #492 ) ;
#2655 = PLANE ( 'NONE',  #2173 ) ;
#2656 = ORIENTED_EDGE ( 'NONE', *, *, #1597, .F. ) ;
#2657 = CARTESIAN_POINT ( 'NONE',  ( 7.620000000000001883, 0.000000000000000000, -0.8889999999999974589 ) ) ;
#2658 = VECTOR ( 'NONE', #6141, 1000.000000000000000 ) ;
#2659 = EDGE_CURVE ( 'NONE', #1483, #218, #5883, .T. ) ;
#2660 = DIRECTION ( 'NONE',  ( 0.000000000000000000, 0.000000000000000000, 1.000000000000000000 ) ) ;
#2661 = CARTESIAN_POINT ( 'NONE',  ( -18.73249999999999815, 0.000000000000000000, 0.3175000000000017808 ) ) ;
#2662 = ORIENTED_EDGE ( 'NONE', *, *, #512, .F. ) ;
#2663 = ORIENTED_EDGE ( 'NONE', *, *, #5039, .F. ) ;
#2664 = ORIENTED_EDGE ( 'NONE', *, *, #2783, .F. ) ;
#2665 = PLANE ( 'NONE',  #1382 ) ;
#2666 =( NAMED_UNIT ( * ) PLANE_ANGLE_UNIT ( ) SI_UNIT ( $, .RADIAN. ) );
#2667 = DIRECTION ( 'NONE',  ( 0.000000000000000000, 0.000000000000000000, -1.000000000000000000 ) ) ;
#2668 = EDGE_LOOP ( 'NONE', ( #2868, #7669, #7087, #1168, #3206, #3404, #3397, #2909 ) ) ;
#2669 = ORIENTED_EDGE ( 'NONE', *, *, #231, .T. ) ;
#2670 = CARTESIAN_POINT ( 'NONE',  ( -2.920999999999999819, 0.000000000000000000, 1.270000000000002904 ) ) ;
#2671 = ORIENTED_EDGE ( 'NONE', *, *, #5214, .T. ) ;
#2672 = DIRECTION ( 'NONE',  ( 0.000000000000000000, 0.000000000000000000, -1.000000000000000000 ) ) ;
#2673 = DIRECTION ( 'NONE',  ( 0.000000000000000000, 1.000000000000000000, 0.000000000000000000 ) ) ;
#2674 = CARTESIAN_POINT ( 'NONE',  ( -2.159000000000001140, 0.000000000000000000, -1.269999999999996909 ) ) ;
#2675 =( GEOMETRIC_REPRESENTATION_CONTEXT ( 3 ) GLOBAL_UNCERTAINTY_ASSIGNED_CONTEXT ( ( #6439 ) ) GLOBAL_UNIT_ASSIGNED_CONTEXT ( ( #4941, #2408, #1323 ) ) REPRESENTATION_CONTEXT ( 'NONE', 'WORKASPACE' ) );
#2676 = ORIENTED_EDGE ( 'NONE', *, *, #4022, .T. ) ;
#2677 = VERTEX_POINT ( 'NONE', #2306 ) ;
#2678 = CARTESIAN_POINT ( 'NONE',  ( -17.39900000000000091, 2.540000000000000036, -1.269999999999996909 ) ) ;
#2679 = VERTEX_POINT ( 'NONE', #1298 ) ;
#2680 = DIRECTION ( 'NONE',  ( 0.000000000000000000, 0.000000000000000000, -1.000000000000000000 ) ) ;
#2681 = DIRECTION ( 'NONE',  ( -0.7071067811865477948, -0.000000000000000000, -0.7071067811865473507 ) ) ;
#2682 = LINE ( 'NONE', #947, #6965 ) ;
#2683 = UNCERTAINTY_MEASURE_WITH_UNIT (LENGTH_MEASURE( 1.000000000000000082E-05 ), #6506, 'distance_accuracy_value', 'NONE');
#2684 = EDGE_CURVE ( 'NONE', #3448, #1675, #4830, .T. ) ;
#2685 = APPLICATION_PROTOCOL_DEFINITION ( 'draft international standard', 'automotive_design', 1998, #781 ) ;
#2686 = DIRECTION ( 'NONE',  ( 0.000000000000000000, 1.000000000000000000, 0.000000000000000000 ) ) ;
#2687 = EDGE_CURVE ( 'NONE', #5103, #1091, #6037, .T. ) ;
#2688 = ORIENTED_EDGE ( 'NONE', *, *, #5557, .F. ) ;
#2689 = ADVANCED_FACE ( 'NONE', ( #7630 ), #7084, .F. ) ;
#2690 = CARTESIAN_POINT ( 'NONE',  ( -15.24000000000000021, 2.540000000000000036, -0.8889999999999981251 ) ) ;
#2691 = DIRECTION ( 'NONE',  ( 1.000000000000000000, 0.000000000000000000, 0.000000000000000000 ) ) ;
#2692 = DIRECTION ( 'NONE',  ( 0.000000000000000000, 1.000000000000000000, 0.000000000000000000 ) ) ;
#2693 = EDGE_CURVE ( 'NONE', #507, #6817, #3656, .T. ) ;
#2694 = PLANE ( 'NONE',  #3973 ) ;
#2695 = ORIENTED_EDGE ( 'NONE', *, *, #4887, .F. ) ;
#2696 = ORIENTED_EDGE ( 'NONE', *, *, #7462, .F. ) ;
#2697 = ADVANCED_FACE ( 'NONE', ( #1837 ), #4200, .T. ) ;
#2698 = ORIENTED_EDGE ( 'NONE', *, *, #605, .T. ) ;
#2699 = DIRECTION ( 'NONE',  ( 2.439149994343089694E-16, -0.000000000000000000, 1.000000000000000000 ) ) ;
#2700 = DIRECTION ( 'NONE',  ( -0.7071067811865474617, -0.000000000000000000, 0.7071067811865474617 ) ) ;
#2701 = VERTEX_POINT ( 'NONE', #7195 ) ;
#2702 = ORIENTED_EDGE ( 'NONE', *, *, #3258, .T. ) ;
#2703 = EDGE_CURVE ( 'NONE', #3953, #2965, #2343, .T. ) ;
#2704 = PRESENTATION_STYLE_ASSIGNMENT (( #2637 ) ) ;
#2705 = ORIENTED_EDGE ( 'NONE', *, *, #6399, .T. ) ;
#2706 = VECTOR ( 'NONE', #6881, 1000.000000000000000 ) ;
#2707 = CARTESIAN_POINT ( 'NONE',  ( -2.920999999999999819, 0.000000000000000000, 1.270000000000002904 ) ) ;
#2708 = DIRECTION ( 'NONE',  ( -0.000000000000000000, -0.000000000000000000, -1.000000000000000000 ) ) ;
#2709 = LINE ( 'NONE', #7310, #4101 ) ;
#2710 = CARTESIAN_POINT ( 'NONE',  ( 17.78000000000000114, 2.540000000000000036, -0.8889999999999981251 ) ) ;
#2711 = VECTOR ( 'NONE', #1557, 1000.000000000000000 ) ;
#2712 = ORIENTED_EDGE ( 'NONE', *, *, #2402, .F. ) ;
#2713 = ORIENTED_EDGE ( 'NONE', *, *, #4303, .F. ) ;
#2714 = LINE ( 'NONE', #5136, #1454 ) ;
#2715 = ORIENTED_EDGE ( 'NONE', *, *, #4630, .T. ) ;
#2716 = LINE ( 'NONE', #5681, #4957 ) ;
#2717 = VECTOR ( 'NONE', #7277, 1000.000000000000000 ) ;
#2718 = VECTOR ( 'NONE', #1136, 1000.000000000000000 ) ;
#2719 = FACE_OUTER_BOUND ( 'NONE', #3040, .T. ) ;
#2720 = ITEM_DEFINED_TRANSFORMATION ( 'NONE', 'NONE', #4351,  #259 ) ;
#2721 = LINE ( 'NONE', #7476, #563 ) ;
#2722 = ORIENTED_EDGE ( 'NONE', *, *, #6779, .F. ) ;
#2723 = VECTOR ( 'NONE', #1818, 1000.000000000000000 ) ;
#2724 = DIRECTION ( 'NONE',  ( 0.000000000000000000, 1.000000000000000000, 0.000000000000000000 ) ) ;
#2725 = FACE_OUTER_BOUND ( 'NONE', #4890, .T. ) ;
#2726 = VECTOR ( 'NONE', #369, 1000.000000000000000 ) ;
#2727 = CARTESIAN_POINT ( 'NONE',  ( 13.08099999999999952, 0.000000000000000000, 1.270000000000003348 ) ) ;
#2728 = EDGE_CURVE ( 'NONE', #6048, #1042, #7041, .T. ) ;
#2729 = EDGE_CURVE ( 'NONE', #272, #2952, #1723, .T. ) ;
#2730 = VECTOR ( 'NONE', #4069, 1000.000000000000114 ) ;
#2731 = LINE ( 'NONE', #955, #6711 ) ;
#2732 = CLOSED_SHELL ( 'NONE', ( #3031, #6924, #5885, #7400, #752, #2595, #5783, #5451, #451, #5397, #5891, #1980, #1171, #6164 ) ) ;
#2733 = VERTEX_POINT ( 'NONE', #4091 ) ;
#2734 = ORIENTED_EDGE ( 'NONE', *, *, #4685, .T. ) ;
#2735 = EDGE_LOOP ( 'NONE', ( #1998, #1709, #7191, #5521, #3325, #5098, #527, #1135 ) ) ;
#2736 = PLANE ( 'NONE',  #1761 ) ;
#2737 = ADVANCED_FACE ( 'NONE', ( #2949 ), #6000, .F. ) ;
#2738 = VECTOR ( 'NONE', #5526, 1000.000000000000000 ) ;
#2739 = PLANE ( 'NONE',  #5970 ) ;
#2740 = ADVANCED_FACE ( 'NONE', ( #3030 ), #5341, .F. ) ;
#2741 = LINE ( 'NONE', #6207, #3365 ) ;
#2742 = ORIENTED_EDGE ( 'NONE', *, *, #4115, .F. ) ;
#2743 = AXIS2_PLACEMENT_3D ( 'NONE', #679, #7667, #4168 ) ;
#2744 = EDGE_LOOP ( 'NONE', ( #4507, #41, #4269, #3543 ) ) ;
#2745 = DIRECTION ( 'NONE',  ( 0.000000000000000000, 0.000000000000000000, -1.000000000000000000 ) ) ;
#2746 = ORIENTED_EDGE ( 'NONE', *, *, #6201, .F. ) ;
#2747 = DIRECTION ( 'NONE',  ( 0.7071067811865473507, 0.000000000000000000, -0.7071067811865476838 ) ) ;
#2748 = CARTESIAN_POINT ( 'NONE',  ( -5.079999999999999183, 0.000000000000000000, -0.8889999999999981251 ) ) ;
#2749 = VECTOR ( 'NONE', #27, 1000.000000000000227 ) ;
#2750 = DIRECTION ( 'NONE',  ( 0.000000000000000000, -0.000000000000000000, 1.000000000000000000 ) ) ;
#2751 = ADVANCED_FACE ( 'NONE', ( #1213 ), #7280, .F. ) ;
#2752 = VERTEX_POINT ( 'NONE', #5577 ) ;
#2753 = ORIENTED_EDGE ( 'NONE', *, *, #7451, .F. ) ;
#2754 = DIRECTION ( 'NONE',  ( 0.7071067811865456854, 0.000000000000000000, -0.7071067811865493491 ) ) ;
#2755 = VERTEX_POINT ( 'NONE', #4954 ) ;
#2756 = VERTEX_POINT ( 'NONE', #3112 ) ;
#2757 = LINE ( 'NONE', #3703, #5108 ) ;
#2758 = LINE ( 'NONE', #6332, #1101 ) ;
#2759 = DIRECTION ( 'NONE',  ( 1.000000000000000000, 0.000000000000000000, 0.000000000000000000 ) ) ;
#2760 = FACE_BOUND ( 'NONE', #5389, .T. ) ;
#2761 = VERTEX_POINT ( 'NONE', #2038 ) ;
#2762 = DIRECTION ( 'NONE',  ( -0.000000000000000000, -0.000000000000000000, -1.000000000000000000 ) ) ;
#2763 = DIRECTION ( 'NONE',  ( 0.000000000000000000, 0.000000000000000000, -1.000000000000000000 ) ) ;
#2764 = LINE ( 'NONE', #5147, #3113 ) ;
#2765 = CARTESIAN_POINT ( 'NONE',  ( 14.28750000000000142, 0.000000000000000000, 0.3175000000000017808 ) ) ;
#2766 = ORIENTED_EDGE ( 'NONE', *, *, #3074, .F. ) ;
#2767 = ORIENTED_EDGE ( 'NONE', *, *, #1387, .T. ) ;
#2768 = ORIENTED_EDGE ( 'NONE', *, *, #4933, .T. ) ;
#2769 = PLANE ( 'NONE',  #7457 ) ;
#2770 = ADVANCED_FACE ( 'NONE', ( #2501, #7396 ), #4997, .F. ) ;
#2771 = LINE ( 'NONE', #4677, #889 ) ;
#2772 = LINE ( 'NONE', #3355, #4999 ) ;
#2773 = ORIENTED_EDGE ( 'NONE', *, *, #7198, .T. ) ;
#2774 = EDGE_CURVE ( 'NONE', #4445, #5354, #169, .T. ) ;
#2775 = ORIENTED_EDGE ( 'NONE', *, *, #3211, .F. ) ;
#2776 = ORIENTED_EDGE ( 'NONE', *, *, #4125, .T. ) ;
#2777 = EDGE_CURVE ( 'NONE', #1220, #887, #6771, .T. ) ;
#2778 = ADVANCED_FACE ( 'NONE', ( #1453 ), #4877, .T. ) ;
#2779 = DIRECTION ( 'NONE',  ( 0.000000000000000000, 0.000000000000000000, 1.000000000000000000 ) ) ;
#2780 = CARTESIAN_POINT ( 'NONE',  ( -18.73249999999999815, 2.540000000000000036, 0.3175000000000017808 ) ) ;
#2781 = LINE ( 'NONE', #2289, #7080 ) ;
#2782 = EDGE_LOOP ( 'NONE', ( #4230, #7469, #5100, #3746 ) ) ;
#2783 = EDGE_CURVE ( 'NONE', #145, #794, #2070, .T. ) ;
#2784 = VERTEX_POINT ( 'NONE', #7364 ) ;
#2785 =( NAMED_UNIT ( * ) PLANE_ANGLE_UNIT ( ) SI_UNIT ( $, .RADIAN. ) );
#2786 = LINE ( 'NONE', #6405, #3048 ) ;
#2787 = ORIENTED_EDGE ( 'NONE', *, *, #658, .F. ) ;
#2788 = VERTEX_POINT ( 'NONE', #836 ) ;
#2789 = ADVANCED_FACE ( 'NONE', ( #6808 ), #1337, .T. ) ;
#2790 = CARTESIAN_POINT ( 'NONE',  ( 0.000000000000000000, 8.382000000000001450, -0.2446143550033490766 ) ) ;
#2791 = FACE_OUTER_BOUND ( 'NONE', #5858, .T. ) ;
#2792 = DIRECTION ( 'NONE',  ( 1.000000000000000000, 0.000000000000000000, 0.000000000000000000 ) ) ;
#2793 = AXIS2_PLACEMENT_3D ( 'NONE', #5217, #4623, #7037 ) ;
#2794 = PLANE ( 'NONE',  #1439 ) ;
#2795 = ORIENTED_EDGE ( 'NONE', *, *, #6773, .T. ) ;
#2796 = ADVANCED_FACE ( 'NONE', ( #1924 ), #2653, .T. ) ;
#2797 = DIRECTION ( 'NONE',  ( -0.000000000000000000, 1.000000000000000000, 0.000000000000000000 ) ) ;
#2798 = DIRECTION ( 'NONE',  ( 0.000000000000000000, 1.000000000000000000, 0.000000000000000000 ) ) ;
#2799 = AXIS2_PLACEMENT_3D ( 'NONE', #6813, #1496, #3862 ) ;
#2800 = LINE ( 'NONE', #3307, #4113 ) ;
#2801 = LINE ( 'NONE', #6378, #4716 ) ;
#2802 = EDGE_LOOP ( 'NONE', ( #3023, #3431, #3507, #6246 ) ) ;
#2803 = FACE_OUTER_BOUND ( 'NONE', #4520, .T. ) ;
#2804 = VERTEX_POINT ( 'NONE', #7321 ) ;
#2805 = DIRECTION ( 'NONE',  ( 0.000000000000000000, 1.000000000000000000, 0.000000000000000000 ) ) ;
#2806 = ORIENTED_EDGE ( 'NONE', *, *, #2354, .F. ) ;
#2807 = PLANE ( 'NONE',  #3472 ) ;
#2808 = CARTESIAN_POINT ( 'NONE',  ( 4.699000000000001620, 0.000000000000000000, -1.269999999999997353 ) ) ;
#2809 = CARTESIAN_POINT ( 'NONE',  ( -0.2911880754972407392, -10.44888787225399973, -0.2911880754972407948 ) ) ;
#2810 = ORIENTED_EDGE ( 'NONE', *, *, #4464, .F. ) ;
#2811 = ORIENTED_EDGE ( 'NONE', *, *, #531, .T. ) ;
#2812 = EDGE_LOOP ( 'NONE', ( #2811, #7017, #1403, #5276 ) ) ;
#2813 = DIRECTION ( 'NONE',  ( 0.000000000000000000, 1.000000000000000000, 0.000000000000000000 ) ) ;
#2814 = DIRECTION ( 'NONE',  ( 0.000000000000000000, 0.000000000000000000, -1.000000000000000000 ) ) ;
#2815 = EDGE_CURVE ( 'NONE', #2136, #7254, #3227, .T. ) ;
#2816 = FACE_OUTER_BOUND ( 'NONE', #3754, .T. ) ;
#2817 = EDGE_CURVE ( 'NONE', #5428, #6255, #6741, .T. ) ;
#2818 = EDGE_CURVE ( 'NONE', #5010, #5050, #6154, .T. ) ;
#2819 = ORIENTED_EDGE ( 'NONE', *, *, #1810, .F. ) ;
#2820 = VERTEX_POINT ( 'NONE', #6075 ) ;
#2821 = LINE ( 'NONE', #7031, #620 ) ;
#2822 = FACE_OUTER_BOUND ( 'NONE', #1310, .T. ) ;
#2823 = ORIENTED_EDGE ( 'NONE', *, *, #1649, .T. ) ;
#2824 = ORIENTED_EDGE ( 'NONE', *, *, #1763, .F. ) ;
#2825 = CARTESIAN_POINT ( 'NONE',  ( -17.78000000000000114, 0.000000000000000000, -0.8889999999999974589 ) ) ;
#2826 = DIRECTION ( 'NONE',  ( -0.7071067811865474617, -0.000000000000000000, 0.7071067811865474617 ) ) ;
#2827 = EDGE_CURVE ( 'NONE', #2979, #4445, #6117, .T. ) ;
#2828 = VECTOR ( 'NONE', #4044, 1000.000000000000114 ) ;
#2829 = EDGE_CURVE ( 'NONE', #5399, #1483, #289, .T. ) ;
#2830 = CONTEXT_DEPENDENT_SHAPE_REPRESENTATION ( #330, #892 ) ;
#2831 = DIRECTION ( 'NONE',  ( -0.7071067811865474617, -0.000000000000000000, 0.7071067811865474617 ) ) ;
#2832 = AXIS2_PLACEMENT_3D ( 'NONE', #406, #3133, #778 ) ;
#2833 = VERTEX_POINT ( 'NONE', #3066 ) ;
#2834 = PLANE ( 'NONE',  #7089 ) ;
#2835 = DIRECTION ( 'NONE',  ( 0.000000000000000000, 0.000000000000000000, 1.000000000000000000 ) ) ;
#2836 = CARTESIAN_POINT ( 'NONE',  ( -1.587499999999998579, 2.540000000000000036, 0.3175000000000017808 ) ) ;
#2837 = AXIS2_PLACEMENT_3D ( 'NONE', #5798, #5266, #7628 ) ;
#2838 = ADVANCED_FACE ( 'NONE', ( #798 ), #3150, .F. ) ;
#2839 = CARTESIAN_POINT ( 'NONE',  ( -12.70000000000000107, 0.000000000000000000, -0.8889999999999974589 ) ) ;
#2840 = ORIENTED_EDGE ( 'NONE', *, *, #6437, .T. ) ;
#2841 = AXIS2_PLACEMENT_3D ( 'NONE', #5491, #5948, #4156 ) ;
#2842 = DIRECTION ( 'NONE',  ( 0.000000000000000000, 0.000000000000000000, 1.000000000000000000 ) ) ;
#2843 = ORIENTED_EDGE ( 'NONE', *, *, #3257, .F. ) ;
#2844 = FACE_BOUND ( 'NONE', #1283, .T. ) ;
#2845 = EDGE_LOOP ( 'NONE', ( #4950, #6502, #3316, #1756 ) ) ;
#2846 = DIRECTION ( 'NONE',  ( -0.000000000000000000, 1.000000000000000000, 0.000000000000000000 ) ) ;
#2847 = AXIS2_PLACEMENT_3D ( 'NONE', #4409, #809, #7250 ) ;
#2848 = AXIS2_PLACEMENT_3D ( 'NONE', #934, #905, #2750 ) ;
#2849 = CARTESIAN_POINT ( 'NONE',  ( 16.82750000000000057, 0.000000000000000000, 0.3175000000000017808 ) ) ;
#2850 = AXIS2_PLACEMENT_3D ( 'NONE', #816, #6822, #848 ) ;
#2851 = CARTESIAN_POINT ( 'NONE',  ( 12.70000000000000107, 0.000000000000000000, 0.000000000000000000 ) ) ;
#2852 = SURFACE_SIDE_STYLE ('',( #4357 ) ) ;
#2853 = VECTOR ( 'NONE', #5042, 1000.000000000000000 ) ;
#2854 = ORIENTED_EDGE ( 'NONE', *, *, #850, .F. ) ;
#2855 = VERTEX_POINT ( 'NONE', #2616 ) ;
#2856 = AXIS2_PLACEMENT_3D ( 'NONE', #7110, #4043, #3959 ) ;
#2857 = ORIENTED_EDGE ( 'NONE', *, *, #6497, .T. ) ;
#2858 = DIRECTION ( 'NONE',  ( 0.000000000000000000, 1.000000000000000000, 0.000000000000000000 ) ) ;
#2859 = CARTESIAN_POINT ( 'NONE',  ( 13.65250000000000163, 0.000000000000000000, 0.3175000000000017808 ) ) ;
#2860 = DIRECTION ( 'NONE',  ( 0.000000000000000000, 0.000000000000000000, 1.000000000000000000 ) ) ;
#2861 = CARTESIAN_POINT ( 'NONE',  ( 16.82750000000000057, 0.000000000000000000, 0.3175000000000017808 ) ) ;
#2862 = AXIS2_PLACEMENT_3D ( 'NONE', #1027, #3381, #5763 ) ;
#2863 = VERTEX_POINT ( 'NONE', #6851 ) ;
#2864 = VERTEX_POINT ( 'NONE', #2248 ) ;
#2865 = CARTESIAN_POINT ( 'NONE',  ( -3.492499999999999272, 0.000000000000000000, -0.3174999999999983946 ) ) ;
#2866 = DIRECTION ( 'NONE',  ( 1.000000000000000000, -0.000000000000000000, 0.000000000000000000 ) ) ;
#2867 = EDGE_LOOP ( 'NONE', ( #3824, #431, #2409, #2891 ) ) ;
#2868 = ORIENTED_EDGE ( 'NONE', *, *, #3128, .T. ) ;
#2869 = VECTOR ( 'NONE', #913, 1000.000000000000000 ) ;
#2870 = LINE ( 'NONE', #5791, #1734 ) ;
#2871 = LINE ( 'NONE', #3411, #2828 ) ;
#2872 = EDGE_CURVE ( 'NONE', #5325, #2136, #3266, .T. ) ;
#2873 = EDGE_CURVE ( 'NONE', #2434, #2917, #1534, .T. ) ;
#2874 = EDGE_CURVE ( 'NONE', #6385, #6939, #6436, .T. ) ;
#2875 = CARTESIAN_POINT ( 'NONE',  ( -16.82749999999999702, 0.000000000000000000, 0.3175000000000017808 ) ) ;
#2876 = ORIENTED_EDGE ( 'NONE', *, *, #4400, .F. ) ;
#2877 = DIRECTION ( 'NONE',  ( 0.000000000000000000, 1.000000000000000000, 0.000000000000000000 ) ) ;
#2878 = EDGE_CURVE ( 'NONE', #2701, #7626, #7570, .T. ) ;
#2879 = EDGE_CURVE ( 'NONE', #3095, #3800, #2329, .T. ) ;
#2880 = PLANE ( 'NONE',  #5336 ) ;
#2881 = CARTESIAN_POINT ( 'NONE',  ( 17.78000000000000114, 2.540000000000000036, -0.8889999999999974589 ) ) ;
#2882 = EDGE_LOOP ( 'NONE', ( #2996, #4804, #6723, #7139 ) ) ;
#2883 = LINE ( 'NONE', #1806, #3899 ) ;
#2884 = ORIENTED_EDGE ( 'NONE', *, *, #2129, .F. ) ;
#2885 = CARTESIAN_POINT ( 'NONE',  ( 0.3809999999999993947, 2.540000000000000036, 1.270000000000003348 ) ) ;
#2886 = ORIENTED_EDGE ( 'NONE', *, *, #982, .F. ) ;
#2887 = LINE ( 'NONE', #1891, #1489 ) ;
#2888 = ADVANCED_FACE ( 'NONE', ( #2719 ), #1163, .F. ) ;
#2889 = DIRECTION ( 'NONE',  ( -2.439149994343089694E-16, 0.000000000000000000, -1.000000000000000000 ) ) ;
#2890 = CARTESIAN_POINT ( 'NONE',  ( 5.080000000000000959, 0.000000000000000000, 0.8890000000000015667 ) ) ;
#2891 = ORIENTED_EDGE ( 'NONE', *, *, #3827, .T. ) ;
#2892 = ORIENTED_EDGE ( 'NONE', *, *, #2417, .T. ) ;
#2893 = ORIENTED_EDGE ( 'NONE', *, *, #3553, .T. ) ;
#2894 = LINE ( 'NONE', #1742, #5099 ) ;
#2895 = DIRECTION ( 'NONE',  ( 0.7071067811865459074, 0.000000000000000000, 0.7071067811865491270 ) ) ;
#2896 = CARTESIAN_POINT ( 'NONE',  ( -11.11249999999999893, 0.000000000000000000, 0.3175000000000017808 ) ) ;
#2897 = CARTESIAN_POINT ( 'NONE',  ( -16.19249999999999901, 0.000000000000000000, 0.3175000000000017808 ) ) ;
#2898 = EDGE_LOOP ( 'NONE', ( #344, #3262, #6987, #5252 ) ) ;
#2899 = EDGE_LOOP ( 'NONE', ( #2322, #4756, #6751, #3957 ) ) ;
#2900 = DIRECTION ( 'NONE',  ( 1.000000000000000000, 0.000000000000000000, 0.000000000000000000 ) ) ;
#2901 = FACE_OUTER_BOUND ( 'NONE', #4551, .T. ) ;
#2902 = VERTEX_POINT ( 'NONE', #5285 ) ;
#2903 = ORIENTED_EDGE ( 'NONE', *, *, #4408, .F. ) ;
#2904 = CARTESIAN_POINT ( 'NONE',  ( 10.54099999999999859, 0.000000000000000000, -1.269999999999996909 ) ) ;
#2905 = LINE ( 'NONE', #7539, #7431 ) ;
#2906 = VECTOR ( 'NONE', #6466, 1000.000000000000000 ) ;
#2907 = ITEM_DEFINED_TRANSFORMATION ( 'NONE', 'NONE', #6225,  #259 ) ;
#2908 = CARTESIAN_POINT ( 'NONE',  ( 15.62099999999999866, 2.540000000000000036, 1.270000000000003348 ) ) ;
#2909 = ORIENTED_EDGE ( 'NONE', *, *, #5238, .T. ) ;
#2910 = AXIS2_PLACEMENT_3D ( 'NONE', #4479, #6810, #3336 ) ;
#2911 = PLANE ( 'NONE',  #3376 ) ;
#2912 = DIRECTION ( 'NONE',  ( -2.439149994343089694E-16, 0.000000000000000000, -1.000000000000000000 ) ) ;
#2913 = DIRECTION ( 'NONE',  ( 0.000000000000000000, 1.000000000000000000, 0.000000000000000000 ) ) ;
#2914 = DIRECTION ( 'NONE',  ( 0.000000000000000000, 0.000000000000000000, -1.000000000000000000 ) ) ;
#2915 = ADVANCED_FACE ( 'NONE', ( #7654 ), #4613, .F. ) ;
#2916 = EDGE_CURVE ( 'NONE', #2679, #7680, #6985, .T. ) ;
#2917 = VERTEX_POINT ( 'NONE', #5656 ) ;
#2918 = LINE ( 'NONE', #6539, #6882 ) ;
#2919 = ORIENTED_EDGE ( 'NONE', *, *, #42, .T. ) ;
#2920 = LINE ( 'NONE', #5927, #7190 ) ;
#2921 = ORIENTED_EDGE ( 'NONE', *, *, #7605, .F. ) ;
#2922 = DIRECTION ( 'NONE',  ( 0.000000000000000000, 0.000000000000000000, -1.000000000000000000 ) ) ;
#2923 = VECTOR ( 'NONE', #117, 1000.000000000000000 ) ;
#2924 = DIRECTION ( 'NONE',  ( 0.000000000000000000, -0.000000000000000000, 1.000000000000000000 ) ) ;
#2925 = DIRECTION ( 'NONE',  ( -0.7071067811865476838, 0.000000000000000000, -0.7071067811865473507 ) ) ;
#2926 = ADVANCED_FACE ( 'NONE', ( #5866 ), #4034, .T. ) ;
#2927 = ORIENTED_EDGE ( 'NONE', *, *, #5220, .F. ) ;
#2928 = EDGE_LOOP ( 'NONE', ( #5631, #343, #5742, #2954 ) ) ;
#2929 = PLANE ( 'NONE',  #301 ) ;
#2930 = LINE ( 'NONE', #7098, #3605 ) ;
#2931 = LINE ( 'NONE', #2019, #3962 ) ;
#2932 = LINE ( 'NONE', #25, #615 ) ;
#2933 = DIRECTION ( 'NONE',  ( 0.7071067811865493491, -0.000000000000000000, 0.7071067811865456854 ) ) ;
#2934 = DIRECTION ( 'NONE',  ( 0.000000000000000000, 1.000000000000000000, 0.000000000000000000 ) ) ;
#2935 = EDGE_CURVE ( 'NONE', #3309, #6931, #6401, .T. ) ;
#2936 = ORIENTED_EDGE ( 'NONE', *, *, #5556, .F. ) ;
#2937 = ORIENTED_EDGE ( 'NONE', *, *, #531, .F. ) ;
#2938 = CARTESIAN_POINT ( 'NONE',  ( -14.28749999999999787, 0.000000000000000000, 0.3175000000000017808 ) ) ;
#2939 = SURFACE_SIDE_STYLE ('',( #4103 ) ) ;
#2940 = EDGE_LOOP ( 'NONE', ( #393, #6548, #2705, #4805 ) ) ;
#2941 = DIRECTION ( 'NONE',  ( -1.000000000000000000, 0.000000000000000000, -0.000000000000000000 ) ) ;
#2942 = PLANE ( 'NONE',  #1721 ) ;
#2943 = ITEM_DEFINED_TRANSFORMATION ( 'NONE', 'NONE', #999,  #259 ) ;
#2944 = DIRECTION ( 'NONE',  ( 0.000000000000000000, 1.000000000000000000, 0.000000000000000000 ) ) ;
#2945 = ORIENTED_EDGE ( 'NONE', *, *, #5575, .F. ) ;
#2946 = DIRECTION ( 'NONE',  ( 0.000000000000000000, -0.000000000000000000, 1.000000000000000000 ) ) ;
#2947 = AXIS2_PLACEMENT_3D ( 'NONE', #112, #6523, #6683 ) ;
#2948 = LINE ( 'NONE', #1102, #6202 ) ;
#2949 = FACE_OUTER_BOUND ( 'NONE', #5196, .T. ) ;
#2950 = CARTESIAN_POINT ( 'NONE',  ( 0.9525000000000019007, 0.000000000000000000, -0.3174999999999983946 ) ) ;
#2951 = VECTOR ( 'NONE', #2027, 1000.000000000000000 ) ;
#2952 = VERTEX_POINT ( 'NONE', #4649 ) ;
#2953 = FACE_OUTER_BOUND ( 'NONE', #4178, .T. ) ;
#2954 = ORIENTED_EDGE ( 'NONE', *, *, #6648, .T. ) ;
#2955 = DIRECTION ( 'NONE',  ( -0.000000000000000000, 1.000000000000000000, 0.000000000000000000 ) ) ;
#2956 = VECTOR ( 'NONE', #1711, 1000.000000000000000 ) ;
#2957 = DIRECTION ( 'NONE',  ( -0.7071067811865477948, -0.000000000000000000, -0.7071067811865473507 ) ) ;
#2958 = ADVANCED_FACE ( 'NONE', ( #7028 ), #5819, .F. ) ;
#2959 = VECTOR ( 'NONE', #870, 1000.000000000000000 ) ;
#2960 = EDGE_CURVE ( 'NONE', #6241, #4268, #4688, .T. ) ;
#2961 = VECTOR ( 'NONE', #2779, 1000.000000000000000 ) ;
#2962 = PLANE ( 'NONE',  #2964 ) ;
#2963 = ORIENTED_EDGE ( 'NONE', *, *, #7002, .F. ) ;
#2964 = AXIS2_PLACEMENT_3D ( 'NONE', #1812, #6508, #3473 ) ;
#2965 = VERTEX_POINT ( 'NONE', #6262 ) ;
#2966 = EDGE_CURVE ( 'NONE', #854, #4134, #2682, .T. ) ;
#2967 = PLANE ( 'NONE',  #1295 ) ;
#2968 = CARTESIAN_POINT ( 'NONE',  ( 18.73250000000000171, 0.000000000000000000, 0.3175000000000017808 ) ) ;
#2969 = VECTOR ( 'NONE', #5983, 1000.000000000000000 ) ;
#2970 = CARTESIAN_POINT ( 'NONE',  ( -6.667499999999997762, 2.540000000000000036, 0.3175000000000017808 ) ) ;
#2971 = PLANE ( 'NONE',  #2469 ) ;
#2972 = EDGE_CURVE ( 'NONE', #6510, #5915, #4070, .T. ) ;
#2973 = CARTESIAN_POINT ( 'NONE',  ( -15.62099999999999866, 0.000000000000000000, -1.269999999999997353 ) ) ;
#2974 = VECTOR ( 'NONE', #4629, 1000.000000000000000 ) ;
#2975 = CARTESIAN_POINT ( 'NONE',  ( 9.779000000000003467, 2.540000000000000036, 1.270000000000002904 ) ) ;
#2976 = VERTEX_POINT ( 'NONE', #4112 ) ;
#2977 = VECTOR ( 'NONE', #7406, 1000.000000000000000 ) ;
#2978 = VECTOR ( 'NONE', #4807, 1000.000000000000000 ) ;
#2979 = VERTEX_POINT ( 'NONE', #7102 ) ;
#2980 = CARTESIAN_POINT ( 'NONE',  ( 9.207500000000003126, 0.000000000000000000, -0.3174999999999983946 ) ) ;
#2981 = LINE ( 'NONE', #6680, #2193 ) ;
#2982 = ORIENTED_EDGE ( 'NONE', *, *, #979, .F. ) ;
#2983 = CARTESIAN_POINT ( 'NONE',  ( 0.3174999999999999489, 8.382000000000001450, 0.3174999999999999489 ) ) ;
#2984 = PLANE ( 'NONE',  #477 ) ;
#2985 = EDGE_CURVE ( 'NONE', #4513, #5459, #1787, .T. ) ;
#2986 = VECTOR ( 'NONE', #3541, 1000.000000000000000 ) ;
#2987 = CARTESIAN_POINT ( 'NONE',  ( 0.000000000000000000, 8.382000000000001450, 0.000000000000000000 ) ) ;
#2988 = FACE_OUTER_BOUND ( 'NONE', #7043, .T. ) ;
#2989 = CONTEXT_DEPENDENT_SHAPE_REPRESENTATION ( #5248, #7206 ) ;
#2990 = AXIS2_PLACEMENT_3D ( 'NONE', #2851, #6897, #4524 ) ;
#2991 = DIRECTION ( 'NONE',  ( 2.439149994343089694E-16, -0.000000000000000000, 1.000000000000000000 ) ) ;
#2992 = VERTEX_POINT ( 'NONE', #5065 ) ;
#2993 = FACE_OUTER_BOUND ( 'NONE', #2166, .T. ) ;
#2994 = LINE ( 'NONE', #3693, #4701 ) ;
#2995 = DIRECTION ( 'NONE',  ( 0.000000000000000000, 0.000000000000000000, -1.000000000000000000 ) ) ;
#2996 = ORIENTED_EDGE ( 'NONE', *, *, #3313, .F. ) ;
#2997 = DIRECTION ( 'NONE',  ( 1.000000000000000000, 0.000000000000000000, -2.439149994343089694E-16 ) ) ;
#2998 = ORIENTED_EDGE ( 'NONE', *, *, #1838, .F. ) ;
#2999 = LINE ( 'NONE', #5423, #2544 ) ;
#3000 = CARTESIAN_POINT ( 'NONE',  ( -12.70000000000000107, 2.540000000000000036, 0.8890000000000022329 ) ) ;
#3001 = CARTESIAN_POINT ( 'NONE',  ( 0.000000000000000000, 0.000000000000000000, -0.8889999999999974589 ) ) ;
#3002 = ORIENTED_EDGE ( 'NONE', *, *, #1417, .F. ) ;
#3003 = EDGE_CURVE ( 'NONE', #2917, #3310, #7432, .T. ) ;
#3004 = ORIENTED_EDGE ( 'NONE', *, *, #7103, .F. ) ;
#3005 = LINE ( 'NONE', #2358, #1628 ) ;
#3006 = LINE ( 'NONE', #3045, #378 ) ;
#3007 = FACE_OUTER_BOUND ( 'NONE', #5629, .T. ) ;
#3008 = LINE ( 'NONE', #2400, #1757 ) ;
#3009 = DIRECTION ( 'NONE',  ( -0.7071067811865475727, 0.000000000000000000, -0.7071067811865475727 ) ) ;
#3010 = MECHANICAL_DESIGN_GEOMETRIC_PRESENTATION_REPRESENTATION (  '', ( #2282 ), #3144 ) ;
#3011 = ORIENTED_EDGE ( 'NONE', *, *, #1737, .F. ) ;
#3012 = ADVANCED_FACE ( 'NONE', ( #3602 ), #2558, .F. ) ;
#3013 = ORIENTED_EDGE ( 'NONE', *, *, #7605, .T. ) ;
#3014 = LINE ( 'NONE', #4901, #6604 ) ;
#3015 = ADVANCED_FACE ( 'NONE', ( #7261 ), #3717, .T. ) ;
#3016 =( NAMED_UNIT ( * ) PLANE_ANGLE_UNIT ( ) SI_UNIT ( $, .RADIAN. ) );
#3017 = ORIENTED_EDGE ( 'NONE', *, *, #1810, .T. ) ;
#3018 = LINE ( 'NONE', #3611, #140 ) ;
#3019 = DIRECTION ( 'NONE',  ( 1.000000000000000000, 0.000000000000000000, -2.439149994343089694E-16 ) ) ;
#3020 = CARTESIAN_POINT ( 'NONE',  ( 38.10000000000000142, 0.000000000000000000, 0.000000000000000000 ) ) ;
#3021 = ADVANCED_FACE ( 'NONE', ( #622 ), #1821, .T. ) ;
#3022 = FACE_OUTER_BOUND ( 'NONE', #3894, .T. ) ;
#3023 = ORIENTED_EDGE ( 'NONE', *, *, #3924, .T. ) ;
#3024 = EDGE_CURVE ( 'NONE', #5986, #587, #4301, .T. ) ;
#3025 = CARTESIAN_POINT ( 'NONE',  ( -9.207499999999997797, 2.540000000000000036, 0.3175000000000017808 ) ) ;
#3026 = ORIENTED_EDGE ( 'NONE', *, *, #2324, .F. ) ;
#3027 = CARTESIAN_POINT ( 'NONE',  ( 19.93900000000000361, 2.540000000000000036, 1.270000000000002904 ) ) ;
#3028 = VECTOR ( 'NONE', #3699, 1000.000000000000000 ) ;
#3029 = DIRECTION ( 'NONE',  ( -0.7071067811865475727, 0.000000000000000000, -0.7071067811865475727 ) ) ;
#3030 = FACE_OUTER_BOUND ( 'NONE', #7116, .T. ) ;
#3031 = ADVANCED_FACE ( 'NONE', ( #4937 ), #3559, .T. ) ;
#3032 = ORIENTED_EDGE ( 'NONE', *, *, #359, .F. ) ;
#3033 = LINE ( 'NONE', #4285, #6379 ) ;
#3034 = ORIENTED_EDGE ( 'NONE', *, *, #6773, .F. ) ;
#3035 = DIRECTION ( 'NONE',  ( 0.7071067811865456854, 0.000000000000000000, -0.7071067811865493491 ) ) ;
#3036 = LINE ( 'NONE', #2431, #6588 ) ;
#3037 = CARTESIAN_POINT ( 'NONE',  ( 12.69999999999999929, 2.540000000000000036, -0.8889999999999974589 ) ) ;
#3038 = LINE ( 'NONE', #610, #5711 ) ;
#3039 = ORIENTED_EDGE ( 'NONE', *, *, #5598, .T. ) ;
#3040 = EDGE_LOOP ( 'NONE', ( #3630, #6177, #4881, #4930 ) ) ;
#3041 = VECTOR ( 'NONE', #6069, 1000.000000000000000 ) ;
#3042 = VERTEX_POINT ( 'NONE', #7138 ) ;
#3043 = CARTESIAN_POINT ( 'NONE',  ( -5.460999999999998522, 0.000000000000000000, -1.269999999999997353 ) ) ;
#3044 = DIRECTION ( 'NONE',  ( 1.000000000000000000, 0.000000000000000000, 0.000000000000000000 ) ) ;
#3045 = CARTESIAN_POINT ( 'NONE',  ( 10.15999999999999837, 2.540000000000000036, -0.8889999999999974589 ) ) ;
#3046 = CARTESIAN_POINT ( 'NONE',  ( -17.78000000000000114, 2.540000000000000036, -0.8889999999999981251 ) ) ;
#3047 = CARTESIAN_POINT ( 'NONE',  ( -3.492499999999999272, 0.000000000000000000, 0.3175000000000017808 ) ) ;
#3048 = VECTOR ( 'NONE', #7068, 1000.000000000000000 ) ;
#3049 = CARTESIAN_POINT ( 'NONE',  ( -14.85899999999999999, 2.540000000000000036, -1.269999999999996909 ) ) ;
#3050 = VERTEX_POINT ( 'NONE', #1859 ) ;
#3051 = EDGE_LOOP ( 'NONE', ( #5696, #3119, #1805, #6517 ) ) ;
#3052 = DIRECTION ( 'NONE',  ( -0.7071067811865474617, 0.000000000000000000, 0.7071067811865474617 ) ) ;
#3053 = PRESENTATION_STYLE_ASSIGNMENT (( #666 ) ) ;
#3054 = ORIENTED_EDGE ( 'NONE', *, *, #6181, .F. ) ;
#3055 = LINE ( 'NONE', #4153, #5340 ) ;
#3056 = CARTESIAN_POINT ( 'NONE',  ( 0.3174999999999999489, 2.540000000000000036, -0.3174999999999999489 ) ) ;
#3057 = FACE_OUTER_BOUND ( 'NONE', #5647, .T. ) ;
#3058 = EDGE_CURVE ( 'NONE', #5812, #6593, #1908, .T. ) ;
#3059 = ADVANCED_FACE ( 'NONE', ( #780 ), #3087, .T. ) ;
#3060 = DIRECTION ( 'NONE',  ( 0.000000000000000000, 0.000000000000000000, -1.000000000000000000 ) ) ;
#3061 = DIRECTION ( 'NONE',  ( -1.000000000000000000, -0.000000000000000000, -0.000000000000000000 ) ) ;
#3062 = ORIENTED_EDGE ( 'NONE', *, *, #4508, .F. ) ;
#3063 = LINE ( 'NONE', #5448, #608 ) ;
#3064 = CARTESIAN_POINT ( 'NONE',  ( -12.70000000000000107, 0.000000000000000000, -0.8889999999999974589 ) ) ;
#3065 = EDGE_CURVE ( 'NONE', #1850, #7151, #4226, .T. ) ;
#3066 = CARTESIAN_POINT ( 'NONE',  ( 0.2446143550033492986, -10.66799999999999926, -0.2446143550033492986 ) ) ;
#3067 =( NAMED_UNIT ( * ) SI_UNIT ( $, .STERADIAN. ) SOLID_ANGLE_UNIT ( ) );
#3068 = ORIENTED_EDGE ( 'NONE', *, *, #5072, .T. ) ;
#3069 = DIRECTION ( 'NONE',  ( 0.000000000000000000, -0.000000000000000000, 1.000000000000000000 ) ) ;
#3070 = VECTOR ( 'NONE', #2826, 1000.000000000000114 ) ;
#3071 = ORIENTED_EDGE ( 'NONE', *, *, #6825, .F. ) ;
#3072 = CARTESIAN_POINT ( 'NONE',  ( -13.65249999999999808, 0.000000000000000000, 0.3175000000000017808 ) ) ;
#3073 = CARTESIAN_POINT ( 'NONE',  ( -16.82749999999999702, 0.000000000000000000, -0.3174999999999983946 ) ) ;
#3074 = EDGE_CURVE ( 'NONE', #3958, #1393, #190, .T. ) ;
#3075 = VECTOR ( 'NONE', #2603, 1000.000000000000000 ) ;
#3076 = PLANE ( 'NONE',  #2847 ) ;
#3077 = VERTEX_POINT ( 'NONE', #5938 ) ;
#3078 = ORIENTED_EDGE ( 'NONE', *, *, #4170, .T. ) ;
#3079 = VERTEX_POINT ( 'NONE', #2975 ) ;
#3080 = FACE_OUTER_BOUND ( 'NONE', #1679, .T. ) ;
#3081 = CARTESIAN_POINT ( 'NONE',  ( -10.16000000000000014, 0.000000000000000000, -0.8889999999999981251 ) ) ;
#3082 = VECTOR ( 'NONE', #3776, 1000.000000000000000 ) ;
#3083 = DIRECTION ( 'NONE',  ( 1.000000000000000000, 0.000000000000000000, -2.439149994343089694E-16 ) ) ;
#3084 = PLANE ( 'NONE',  #243 ) ;
#3085 = VECTOR ( 'NONE', #4960, 1000.000000000000000 ) ;
#3086 = DIRECTION ( 'NONE',  ( 0.000000000000000000, 0.000000000000000000, 1.000000000000000000 ) ) ;
#3087 = PLANE ( 'NONE',  #4121 ) ;
#3088 = VECTOR ( 'NONE', #4909, 1000.000000000000000 ) ;
#3089 = VERTEX_POINT ( 'NONE', #2401 ) ;
#3090 = ORIENTED_EDGE ( 'NONE', *, *, #189, .F. ) ;
#3091 = LINE ( 'NONE', #1359, #7226 ) ;
#3092 = AXIS2_PLACEMENT_3D ( 'NONE', #6942, #7650, #4067 ) ;
#3093 =( GEOMETRIC_REPRESENTATION_CONTEXT ( 3 ) GLOBAL_UNCERTAINTY_ASSIGNED_CONTEXT ( ( #2250 ) ) GLOBAL_UNIT_ASSIGNED_CONTEXT ( ( #307, #7383, #6901 ) ) REPRESENTATION_CONTEXT ( 'NONE', 'WORKASPACE' ) );
#3094 = CARTESIAN_POINT ( 'NONE',  ( 0.3809999999999993947, 0.000000000000000000, -1.269999999999996909 ) ) ;
#3095 = VERTEX_POINT ( 'NONE', #5364 ) ;
#3096 =( REPRESENTATION_RELATIONSHIP ('NONE','NONE', #6526, #1223 ) REPRESENTATION_RELATIONSHIP_WITH_TRANSFORMATION ( #2907 )SHAPE_REPRESENTATION_RELATIONSHIP( ) );
#3097 = LINE ( 'NONE', #4817, #5483 ) ;
#3098 = LINE ( 'NONE', #6025, #4324 ) ;
#3099 = VECTOR ( 'NONE', #6274, 1000.000000000000000 ) ;
#3100 = FACE_OUTER_BOUND ( 'NONE', #1693, .T. ) ;
#3101 = VECTOR ( 'NONE', #7568, 1000.000000000000000 ) ;
#3102 = VECTOR ( 'NONE', #6278, 1000.000000000000000 ) ;
#3103 = PLANE ( 'NONE',  #1498 ) ;
#3104 = LINE ( 'NONE', #5494, #2183 ) ;
#3105 = EDGE_CURVE ( 'NONE', #5932, #5447, #4772, .T. ) ;
#3106 = ORIENTED_EDGE ( 'NONE', *, *, #3739, .F. ) ;
#3107 = VECTOR ( 'NONE', #686, 1000.000000000000000 ) ;
#3108 = VECTOR ( 'NONE', #1553, 1000.000000000000000 ) ;
#3109 = LINE ( 'NONE', #4197, #732 ) ;
#3110 = VECTOR ( 'NONE', #1019, 1000.000000000000000 ) ;
#3111 = PLANE ( 'NONE',  #1732 ) ;
#3112 = CARTESIAN_POINT ( 'NONE',  ( 10.15999999999999837, 0.000000000000000000, -0.8889999999999974589 ) ) ;
#3113 = VECTOR ( 'NONE', #6303, 1000.000000000000000 ) ;
#3114 = EDGE_CURVE ( 'NONE', #7649, #3720, #154, .T. ) ;
#3115 = PRESENTATION_STYLE_ASSIGNMENT (( #4955 ) ) ;
#3116 = ORIENTED_EDGE ( 'NONE', *, *, #4622, .F. ) ;
#3117 = PLANE ( 'NONE',  #5041 ) ;
#3118 = EDGE_CURVE ( 'NONE', #4942, #5127, #1235, .T. ) ;
#3119 = ORIENTED_EDGE ( 'NONE', *, *, #2609, .F. ) ;
#3120 = EDGE_CURVE ( 'NONE', #7085, #7384, #6015, .T. ) ;
#3121 = DIRECTION ( 'NONE',  ( -0.000000000000000000, -1.000000000000000000, -0.000000000000000000 ) ) ;
#3122 = CARTESIAN_POINT ( 'NONE',  ( -16.82749999999999702, 0.000000000000000000, 0.3175000000000017808 ) ) ;
#3123 = VECTOR ( 'NONE', #5518, 1000.000000000000000 ) ;
#3124 = LINE ( 'NONE', #1426, #5113 ) ;
#3125 = DIRECTION ( 'NONE',  ( -1.000000000000000000, 0.000000000000000000, 0.000000000000000000 ) ) ;
#3126 = EDGE_LOOP ( 'NONE', ( #5126, #7455, #1151, #2022 ) ) ;
#3127 = EDGE_LOOP ( 'NONE', ( #2055, #2671, #3090, #4673 ) ) ;
#3128 = EDGE_CURVE ( 'NONE', #18, #7358, #2482, .T. ) ;
#3129 = ORIENTED_EDGE ( 'NONE', *, *, #5158, .F. ) ;
#3130 = SURFACE_STYLE_USAGE ( .BOTH. , #4180 ) ;
#3131 = LINE ( 'NONE', #1507, #6459 ) ;
#3132 = CARTESIAN_POINT ( 'NONE',  ( -14.85899999999999999, 0.000000000000000000, -1.269999999999996909 ) ) ;
#3133 = DIRECTION ( 'NONE',  ( 0.000000000000000000, 0.000000000000000000, 1.000000000000000000 ) ) ;
#3134 = FILL_AREA_STYLE_COLOUR ( '', #6955 ) ;
#3135 = DIRECTION ( 'NONE',  ( 0.7071067811865493491, -0.000000000000000000, 0.7071067811865456854 ) ) ;
#3136 = VERTEX_POINT ( 'NONE', #734 ) ;
#3137 = ORIENTED_EDGE ( 'NONE', *, *, #3391, .T. ) ;
#3138 = DIRECTION ( 'NONE',  ( 1.000000000000000000, 0.000000000000000000, 0.000000000000000000 ) ) ;
#3139 = DIRECTION ( 'NONE',  ( 0.000000000000000000, 1.000000000000000000, 0.000000000000000000 ) ) ;
#3140 = ORIENTED_EDGE ( 'NONE', *, *, #4504, .F. ) ;
#3141 = LINE ( 'NONE', #1288, #7467 ) ;
#3142 = CARTESIAN_POINT ( 'NONE',  ( 11.74750000000000050, 2.540000000000000036, 0.3175000000000017808 ) ) ;
#3143 = DIRECTION ( 'NONE',  ( 1.000000000000000000, 0.000000000000000000, 0.000000000000000000 ) ) ;
#3144 =( GEOMETRIC_REPRESENTATION_CONTEXT ( 3 ) GLOBAL_UNCERTAINTY_ASSIGNED_CONTEXT ( ( #3486 ) ) GLOBAL_UNIT_ASSIGNED_CONTEXT ( ( #613, #2517, #7220 ) ) REPRESENTATION_CONTEXT ( 'NONE', 'WORKASPACE' ) );
#3145 = DIRECTION ( 'NONE',  ( 0.000000000000000000, 0.000000000000000000, 1.000000000000000000 ) ) ;
#3146 = CARTESIAN_POINT ( 'NONE',  ( 20.32000000000000028, 0.000000000000000000, 0.8890000000000015667 ) ) ;
#3147 = VERTEX_POINT ( 'NONE', #4266 ) ;
#3148 = DIRECTION ( 'NONE',  ( 0.000000000000000000, -0.000000000000000000, 1.000000000000000000 ) ) ;
#3149 = FACE_OUTER_BOUND ( 'NONE', #6862, .T. ) ;
#3150 = PLANE ( 'NONE',  #1394 ) ;
#3151 = DIRECTION ( 'NONE',  ( 0.7071067811865456854, 0.000000000000000000, -0.7071067811865493491 ) ) ;
#3152 = ORIENTED_EDGE ( 'NONE', *, *, #6529, .T. ) ;
#3153 = VECTOR ( 'NONE', #2270, 1000.000000000000114 ) ;
#3154 = LINE ( 'NONE', #4326, #1390 ) ;
#3155 = DIRECTION ( 'NONE',  ( 1.000000000000000000, 0.000000000000000000, 0.000000000000000000 ) ) ;
#3156 = EDGE_CURVE ( 'NONE', #4206, #2979, #6639, .T. ) ;
#3157 = FACE_OUTER_BOUND ( 'NONE', #2802, .T. ) ;
#3158 = EDGE_CURVE ( 'NONE', #3415, #460, #6172, .T. ) ;
#3159 = VECTOR ( 'NONE', #2686, 1000.000000000000000 ) ;
#3160 = EDGE_CURVE ( 'NONE', #2864, #6894, #2741, .T. ) ;
#3161 = CARTESIAN_POINT ( 'NONE',  ( -16.82749999999999702, 2.540000000000000036, -0.3174999999999983946 ) ) ;
#3162 = ORIENTED_EDGE ( 'NONE', *, *, #3334, .T. ) ;
#3163 = VERTEX_POINT ( 'NONE', #6138 ) ;
#3164 = ORIENTED_EDGE ( 'NONE', *, *, #711, .T. ) ;
#3165 = CARTESIAN_POINT ( 'NONE',  ( -12.31900000000000261, 0.000000000000000000, -1.269999999999996909 ) ) ;
#3166 = PLANE ( 'NONE',  #3978 ) ;
#3167 = PLANE ( 'NONE',  #989 ) ;
#3168 = CARTESIAN_POINT ( 'NONE',  ( -0.9524999999999984590, 0.000000000000000000, 0.3175000000000017808 ) ) ;
#3169 = EDGE_CURVE ( 'NONE', #7085, #4206, #4341, .T. ) ;
#3170 = CARTESIAN_POINT ( 'NONE',  ( -11.74749999999999872, 0.000000000000000000, -0.3174999999999983946 ) ) ;
#3171 = VERTEX_POINT ( 'NONE', #5669 ) ;
#3172 = ORIENTED_EDGE ( 'NONE', *, *, #7532, .F. ) ;
#3173 = CARTESIAN_POINT ( 'NONE',  ( 1.587500000000002132, 0.000000000000000000, 0.3175000000000017808 ) ) ;
#3174 = FILL_AREA_STYLE ('',( #6176 ) ) ;
#3175 = ORIENTED_EDGE ( 'NONE', *, *, #3445, .F. ) ;
#3176 = DIRECTION ( 'NONE',  ( -1.000000000000000000, 0.000000000000000000, 0.000000000000000000 ) ) ;
#3177 = DIRECTION ( 'NONE',  ( 0.000000000000000000, 1.000000000000000000, 0.000000000000000000 ) ) ;
#3178 = STYLED_ITEM ( 'NONE', ( #2704 ), #4711 ) ;
#3179 = VECTOR ( 'NONE', #3529, 1000.000000000000000 ) ;
#3180 = CARTESIAN_POINT ( 'NONE',  ( 19.36750000000000327, 2.540000000000000036, 0.3175000000000017808 ) ) ;
#3181 = EDGE_CURVE ( 'NONE', #4689, #4378, #2593, .T. ) ;
#3182 = CARTESIAN_POINT ( 'NONE',  ( 16.19250000000000256, 0.000000000000000000, 0.3175000000000017808 ) ) ;
#3183 = LINE ( 'NONE', #5446, #7026 ) ;
#3184 = VERTEX_POINT ( 'NONE', #2021 ) ;
#3185 = DIRECTION ( 'NONE',  ( 0.000000000000000000, 1.000000000000000000, 0.000000000000000000 ) ) ;
#3186 = PLANE ( 'NONE',  #623 ) ;
#3187 = CARTESIAN_POINT ( 'NONE',  ( 6.032500000000003304, 2.540000000000000036, 0.3175000000000017808 ) ) ;
#3188 = CARTESIAN_POINT ( 'NONE',  ( -4.699000000000001620, 0.000000000000000000, -1.269999999999996909 ) ) ;
#3189 = ORIENTED_EDGE ( 'NONE', *, *, #290, .F. ) ;
#3190 = CARTESIAN_POINT ( 'NONE',  ( 0.3174999999999999489, 2.540000000000000036, -0.3174999999999999489 ) ) ;
#3191 = DIRECTION ( 'NONE',  ( -1.000000000000000000, 0.000000000000000000, -0.000000000000000000 ) ) ;
#3192 = DIRECTION ( 'NONE',  ( 0.7071067811865456854, 0.000000000000000000, -0.7071067811865493491 ) ) ;
#3193 = PLANE ( 'NONE',  #4463 ) ;
#3194 = VERTEX_POINT ( 'NONE', #6828 ) ;
#3195 = EDGE_LOOP ( 'NONE', ( #4000, #2516, #7045, #1380 ) ) ;
#3196 = ORIENTED_EDGE ( 'NONE', *, *, #1329, .T. ) ;
#3197 = CARTESIAN_POINT ( 'NONE',  ( -19.36749999999999972, 0.000000000000000000, 0.3175000000000017808 ) ) ;
#3198 = ADVANCED_FACE ( 'NONE', ( #3202 ), #7488, .T. ) ;
#3199 = EDGE_CURVE ( 'NONE', #3867, #2294, #893, .T. ) ;
#3200 = DIRECTION ( 'NONE',  ( 0.7071067811865456854, 0.000000000000000000, -0.7071067811865493491 ) ) ;
#3201 = AXIS2_PLACEMENT_3D ( 'NONE', #3373, #2181, #4659 ) ;
#3202 = FACE_OUTER_BOUND ( 'NONE', #4861, .T. ) ;
#3203 = ORIENTED_EDGE ( 'NONE', *, *, #1717, .T. ) ;
#3204 = EDGE_CURVE ( 'NONE', #338, #4527, #5125, .T. ) ;
#3205 = VECTOR ( 'NONE', #2673, 1000.000000000000000 ) ;
#3206 = ORIENTED_EDGE ( 'NONE', *, *, #3779, .T. ) ;
#3207 = FACE_OUTER_BOUND ( 'NONE', #7065, .T. ) ;
#3208 = SURFACE_STYLE_FILL_AREA ( #3174 ) ;
#3209 = VERTEX_POINT ( 'NONE', #6756 ) ;
#3210 = EDGE_CURVE ( 'NONE', #2679, #4918, #2087, .T. ) ;
#3211 = EDGE_CURVE ( 'NONE', #3362, #7140, #1400, .T. ) ;
#3212 = DIRECTION ( 'NONE',  ( -1.000000000000000000, -0.000000000000000000, 2.439149994343089694E-16 ) ) ;
#3213 = DIRECTION ( 'NONE',  ( 1.000000000000000000, 0.000000000000000000, 0.000000000000000000 ) ) ;
#3214 = LINE ( 'NONE', #279, #5219 ) ;
#3215 = VECTOR ( 'NONE', #1026, 1000.000000000000000 ) ;
#3216 = FILL_AREA_STYLE ('',( #2098 ) ) ;
#3217 = VERTEX_POINT ( 'NONE', #3170 ) ;
#3218 = VECTOR ( 'NONE', #7135, 1000.000000000000000 ) ;
#3219 = LINE ( 'NONE', #6879, #2320 ) ;
#3220 = AXIS2_PLACEMENT_3D ( 'NONE', #3182, #906, #5024 ) ;
#3221 = ORIENTED_EDGE ( 'NONE', *, *, #7583, .F. ) ;
#3222 = EDGE_CURVE ( 'NONE', #7621, #5694, #5594, .T. ) ;
#3223 = CARTESIAN_POINT ( 'NONE',  ( 11.74750000000000050, 0.000000000000000000, 0.3175000000000017808 ) ) ;
#3224 = DIRECTION ( 'NONE',  ( 0.000000000000000000, 1.000000000000000000, 0.000000000000000000 ) ) ;
#3225 = AXIS2_PLACEMENT_3D ( 'NONE', #5781, #7498, #2860 ) ;
#3226 = VECTOR ( 'NONE', #7555, 1000.000000000000000 ) ;
#3227 = LINE ( 'NONE', #3695, #3613 ) ;
#3228 = COLOUR_RGB ( '',0.2509803921568627416, 0.2509803921568627416, 0.2509803921568627416 ) ;
#3229 = DIRECTION ( 'NONE',  ( 0.000000000000000000, 0.000000000000000000, 1.000000000000000000 ) ) ;
#3230 = AXIS2_PLACEMENT_3D ( 'NONE', #4555, #6935, #6353 ) ;
#3231 = AXIS2_PLACEMENT_3D ( 'NONE', #4923, #3329, #841 ) ;
#3232 = LINE ( 'NONE', #2074, #3403 ) ;
#3233 = EDGE_LOOP ( 'NONE', ( #5205, #6580, #833, #2309, #3129, #612, #1506, #1001 ) ) ;
#3234 = DIRECTION ( 'NONE',  ( 0.9781476007338062439, -0.2079116908177565115, 0.000000000000000000 ) ) ;
#3235 = PRODUCT_DEFINITION_SHAPE ( 'NONE', 'NONE',  #7692 ) ;
#3236 = AXIS2_PLACEMENT_3D ( 'NONE', #5622, #2151, #2759 ) ;
#3237 = VECTOR ( 'NONE', #6127, 1000.000000000000000 ) ;
#3238 = DIRECTION ( 'NONE',  ( 1.000000000000000000, 0.000000000000000000, -0.000000000000000000 ) ) ;
#3239 = DIRECTION ( 'NONE',  ( 1.000000000000000000, 0.000000000000000000, 0.000000000000000000 ) ) ;
#3240 = ORIENTED_EDGE ( 'NONE', *, *, #5919, .F. ) ;
#3241 = EDGE_LOOP ( 'NONE', ( #500, #4149, #4313, #1538 ) ) ;
#3242 = AXIS2_PLACEMENT_3D ( 'NONE', #7176, #662, #696 ) ;
#3243 = ORIENTED_EDGE ( 'NONE', *, *, #5039, .T. ) ;
#3244 = PLANE ( 'NONE',  #2850 ) ;
#3245 = CARTESIAN_POINT ( 'NONE',  ( -14.85899999999999999, 2.540000000000000036, 1.270000000000003348 ) ) ;
#3246 = DIRECTION ( 'NONE',  ( 1.000000000000000000, 0.000000000000000000, -2.439149994343089694E-16 ) ) ;
#3247 = LINE ( 'NONE', #3872, #7351 ) ;
#3248 = ADVANCED_FACE ( 'NONE', ( #2053 ), #4492, .T. ) ;
#3249 = ORIENTED_EDGE ( 'NONE', *, *, #4973, .T. ) ;
#3250 = VERTEX_POINT ( 'NONE', #4452 ) ;
#3251 = DIRECTION ( 'NONE',  ( 2.439149994343089694E-16, -0.000000000000000000, 1.000000000000000000 ) ) ;
#3252 = ORIENTED_EDGE ( 'NONE', *, *, #7592, .F. ) ;
#3253 = DIRECTION ( 'NONE',  ( 1.000000000000000000, 0.000000000000000000, -2.439149994343089694E-16 ) ) ;
#3254 = CARTESIAN_POINT ( 'NONE',  ( 9.779000000000003467, 2.540000000000000036, 1.270000000000002904 ) ) ;
#3255 = DIRECTION ( 'NONE',  ( 0.000000000000000000, 0.000000000000000000, -1.000000000000000000 ) ) ;
#3256 = SURFACE_STYLE_USAGE ( .BOTH. , #1481 ) ;
#3257 = EDGE_CURVE ( 'NONE', #7325, #3939, #1471, .T. ) ;
#3258 = EDGE_CURVE ( 'NONE', #886, #145, #3247, .T. ) ;
#3259 = VERTEX_POINT ( 'NONE', #5634 ) ;
#3260 = ORIENTED_EDGE ( 'NONE', *, *, #4494, .T. ) ;
#3261 = DIRECTION ( 'NONE',  ( -0.7071067811865477948, -0.000000000000000000, -0.7071067811865473507 ) ) ;
#3262 = ORIENTED_EDGE ( 'NONE', *, *, #3634, .F. ) ;
#3263 = CARTESIAN_POINT ( 'NONE',  ( -17.78000000000000114, 2.540000000000000036, -0.8889999999999974589 ) ) ;
#3264 = CARTESIAN_POINT ( 'NONE',  ( -12.70000000000000107, 0.000000000000000000, -0.8889999999999974589 ) ) ;
#3265 = EDGE_CURVE ( 'NONE', #3619, #2199, #303, .T. ) ;
#3266 = LINE ( 'NONE', #5202, #7344 ) ;
#3267 = EDGE_CURVE ( 'NONE', #3509, #821, #5049, .T. ) ;
#3268 = PRODUCT_CONTEXT ( 'NONE', #781, 'mechanical' ) ;
#3269 = CARTESIAN_POINT ( 'NONE',  ( 0.9525000000000019007, 0.000000000000000000, 0.3175000000000017808 ) ) ;
#3270 = VECTOR ( 'NONE', #2724, 1000.000000000000000 ) ;
#3271 = VERTEX_POINT ( 'NONE', #3315 ) ;
#3272 = DIRECTION ( 'NONE',  ( 1.000000000000000000, 0.000000000000000000, 0.000000000000000000 ) ) ;
#3273 = CARTESIAN_POINT ( 'NONE',  ( 14.28750000000000142, 0.000000000000000000, 0.3175000000000017808 ) ) ;
#3274 = CARTESIAN_POINT ( 'NONE',  ( -20.32000000000000028, 0.000000000000000000, 0.8890000000000022329 ) ) ;
#3275 = EDGE_CURVE ( 'NONE', #6282, #6646, #5085, .T. ) ;
#3276 = CARTESIAN_POINT ( 'NONE',  ( 0.000000000000000000, 0.000000000000000000, -0.8889999999999974589 ) ) ;
#3277 = ORIENTED_EDGE ( 'NONE', *, *, #1832, .T. ) ;
#3278 = ORIENTED_EDGE ( 'NONE', *, *, #3158, .F. ) ;
#3279 = EDGE_LOOP ( 'NONE', ( #5565, #1309, #5069, #444 ) ) ;
#3280 = CARTESIAN_POINT ( 'NONE',  ( -9.207499999999997797, 0.000000000000000000, 0.3175000000000017808 ) ) ;
#3281 = VECTOR ( 'NONE', #682, 1000.000000000000000 ) ;
#3282 = SURFACE_SIDE_STYLE ('',( #5558 ) ) ;
#3283 = CARTESIAN_POINT ( 'NONE',  ( -10.16000000000000014, 2.540000000000000036, -0.8889999999999974589 ) ) ;
#3284 = ORIENTED_EDGE ( 'NONE', *, *, #5969, .T. ) ;
#3285 = ORIENTED_EDGE ( 'NONE', *, *, #5575, .T. ) ;
#3286 = VECTOR ( 'NONE', #6742, 1000.000000000000000 ) ;
#3287 = VERTEX_POINT ( 'NONE', #3907 ) ;
#3288 = DIRECTION ( 'NONE',  ( 1.000000000000000000, 0.000000000000000000, 0.000000000000000000 ) ) ;
#3289 = CARTESIAN_POINT ( 'NONE',  ( -10.16000000000000014, 2.540000000000000036, -0.8889999999999981251 ) ) ;
#3290 = DIRECTION ( 'NONE',  ( -0.000000000000000000, -0.000000000000000000, -1.000000000000000000 ) ) ;
#3291 = EDGE_LOOP ( 'NONE', ( #569, #6078, #4567, #6091 ) ) ;
#3292 = ORIENTED_EDGE ( 'NONE', *, *, #3210, .F. ) ;
#3293 = PLANE ( 'NONE',  #4300 ) ;
#3294 = ORIENTED_EDGE ( 'NONE', *, *, #1319, .F. ) ;
#3295 = LINE ( 'NONE', #3330, #6191 ) ;
#3296 = EDGE_CURVE ( 'NONE', #2524, #3271, #6280, .T. ) ;
#3297 = ADVANCED_FACE ( 'NONE', ( #3427, #2163 ), #417, .F. ) ;
#3298 = CARTESIAN_POINT ( 'NONE',  ( 2.920999999999999819, 0.000000000000000000, 1.270000000000003348 ) ) ;
#3299 = DIRECTION ( 'NONE',  ( -0.2035585949527758676, 0.9576678948579738782, -0.2035585949527758676 ) ) ;
#3300 = DIRECTION ( 'NONE',  ( 0.000000000000000000, 0.000000000000000000, 1.000000000000000000 ) ) ;
#3301 = EDGE_CURVE ( 'NONE', #3945, #6215, #2197, .T. ) ;
#3302 = LINE ( 'NONE', #5683, #3911 ) ;
#3303 = VERTEX_POINT ( 'NONE', #1623 ) ;
#3304 = PLANE ( 'NONE',  #1191 ) ;
#3305 = EDGE_CURVE ( 'NONE', #2976, #4376, #6312, .T. ) ;
#3306 = DIRECTION ( 'NONE',  ( 0.000000000000000000, 0.000000000000000000, 1.000000000000000000 ) ) ;
#3307 = CARTESIAN_POINT ( 'NONE',  ( 2.540000000000000480, 2.540000000000000036, -0.8889999999999974589 ) ) ;
#3308 = DIRECTION ( 'NONE',  ( 0.000000000000000000, 0.000000000000000000, 1.000000000000000000 ) ) ;
#3309 = VERTEX_POINT ( 'NONE', #5240 ) ;
#3310 = VERTEX_POINT ( 'NONE', #7607 ) ;
#3311 = VERTEX_POINT ( 'NONE', #998 ) ;
#3312 = LINE ( 'NONE', #6895, #4585 ) ;
#3313 = EDGE_CURVE ( 'NONE', #3250, #7243, #2772, .T. ) ;
#3314 = DIRECTION ( 'NONE',  ( -0.000000000000000000, -0.000000000000000000, -1.000000000000000000 ) ) ;
#3315 = CARTESIAN_POINT ( 'NONE',  ( 2.540000000000000480, 2.540000000000000036, 0.8890000000000015667 ) ) ;
#3316 = ORIENTED_EDGE ( 'NONE', *, *, #3785, .T. ) ;
#3317 = VERTEX_POINT ( 'NONE', #3943 ) ;
#3318 = PLANE ( 'NONE',  #3352 ) ;
#3319 = CARTESIAN_POINT ( 'NONE',  ( -3.492499999999999272, 0.000000000000000000, 0.3175000000000017808 ) ) ;
#3320 = VECTOR ( 'NONE', #1206, 1000.000000000000000 ) ;
#3321 = CARTESIAN_POINT ( 'NONE',  ( -19.93900000000000361, 2.540000000000000036, 1.270000000000003348 ) ) ;
#3322 = CARTESIAN_POINT ( 'NONE',  ( -1.587499999999998579, 0.000000000000000000, -0.3174999999999983946 ) ) ;
#3323 = CARTESIAN_POINT ( 'NONE',  ( -6.032499999999997975, 2.540000000000000036, -0.3174999999999983946 ) ) ;
#3324 = VECTOR ( 'NONE', #5936, 1000.000000000000000 ) ;
#3325 = ORIENTED_EDGE ( 'NONE', *, *, #3400, .T. ) ;
#3326 = ORIENTED_EDGE ( 'NONE', *, *, #5598, .F. ) ;
#3327 = CARTESIAN_POINT ( 'NONE',  ( 2.159000000000001140, 0.000000000000000000, 1.270000000000002904 ) ) ;
#3328 = VERTEX_POINT ( 'NONE', #3393 ) ;
#3329 = DIRECTION ( 'NONE',  ( 0.000000000000000000, 0.000000000000000000, -1.000000000000000000 ) ) ;
#3330 = CARTESIAN_POINT ( 'NONE',  ( 4.699000000000001620, 2.540000000000000036, -1.269999999999997353 ) ) ;
#3331 = VECTOR ( 'NONE', #1336, 1000.000000000000114 ) ;
#3332 = AXIS2_PLACEMENT_3D ( 'NONE', #6360, #7612, #7023 ) ;
#3333 = DIRECTION ( 'NONE',  ( 1.000000000000000000, 0.000000000000000000, 0.000000000000000000 ) ) ;
#3334 = EDGE_CURVE ( 'NONE', #1450, #5308, #1041, .T. ) ;
#3335 = VECTOR ( 'NONE', #1955, 1000.000000000000114 ) ;
#3336 = DIRECTION ( 'NONE',  ( 0.000000000000000000, 0.000000000000000000, -1.000000000000000000 ) ) ;
#3337 = ORIENTED_EDGE ( 'NONE', *, *, #6549, .F. ) ;
#3338 = VECTOR ( 'NONE', #5937, 1000.000000000000000 ) ;
#3339 = CARTESIAN_POINT ( 'NONE',  ( 19.93900000000000361, 2.540000000000000036, 1.270000000000002904 ) ) ;
#3340 = PLANE ( 'NONE',  #2832 ) ;
#3341 = EDGE_CURVE ( 'NONE', #1577, #1680, #4604, .T. ) ;
#3342 = FACE_OUTER_BOUND ( 'NONE', #2404, .T. ) ;
#3343 = VECTOR ( 'NONE', #4531, 1000.000000000000000 ) ;
#3344 = CARTESIAN_POINT ( 'NONE',  ( -18.73249999999999815, 2.540000000000000036, -0.3174999999999983946 ) ) ;
#3345 = EDGE_CURVE ( 'NONE', #1691, #6282, #5773, .T. ) ;
#3346 = EDGE_CURVE ( 'NONE', #3328, #7229, #5192, .T. ) ;
#3347 = EDGE_LOOP ( 'NONE', ( #1384, #5673, #3551, #4774 ) ) ;
#3348 = VERTEX_POINT ( 'NONE', #7558 ) ;
#3349 = ORIENTED_EDGE ( 'NONE', *, *, #3058, .F. ) ;
#3350 = CARTESIAN_POINT ( 'NONE',  ( -9.207499999999997797, 2.540000000000000036, 0.3175000000000017808 ) ) ;
#3351 = VECTOR ( 'NONE', #5040, 1000.000000000000000 ) ;
#3352 = AXIS2_PLACEMENT_3D ( 'NONE', #5705, #5019, #2745 ) ;
#3353 = EDGE_CURVE ( 'NONE', #1155, #3209, #2238, .T. ) ;
#3354 = CARTESIAN_POINT ( 'NONE',  ( 14.28750000000000142, 0.000000000000000000, -0.3174999999999983946 ) ) ;
#3355 = CARTESIAN_POINT ( 'NONE',  ( -2.540000000000000480, 2.540000000000000036, -0.8889999999999981251 ) ) ;
#3356 = EDGE_CURVE ( 'NONE', #4641, #418, #4023, .T. ) ;
#3357 = EDGE_LOOP ( 'NONE', ( #3388, #5502, #3669, #7671 ) ) ;
#3358 = VECTOR ( 'NONE', #6377, 1000.000000000000000 ) ;
#3359 = PRESENTATION_LAYER_ASSIGNMENT (  '', '', ( #6605 ) ) ;
#3360 = ORIENTED_EDGE ( 'NONE', *, *, #2130, .F. ) ;
#3361 = SURFACE_SIDE_STYLE ('',( #1667 ) ) ;
#3362 = VERTEX_POINT ( 'NONE', #1790 ) ;
#3363 = LINE ( 'NONE', #5746, #2961 ) ;
#3364 = LINE ( 'NONE', #3436, #2596 ) ;
#3365 = VECTOR ( 'NONE', #2633, 1000.000000000000000 ) ;
#3366 = CARTESIAN_POINT ( 'NONE',  ( 18.73250000000000171, 2.540000000000000036, -0.3174999999999983946 ) ) ;
#3367 = ORIENTED_EDGE ( 'NONE', *, *, #1411, .F. ) ;
#3368 = EDGE_LOOP ( 'NONE', ( #5878, #2367, #2702, #2768 ) ) ;
#3369 = DIRECTION ( 'NONE',  ( -1.000000000000000000, 0.000000000000000000, -0.000000000000000000 ) ) ;
#3370 = VERTEX_POINT ( 'NONE', #32 ) ;
#3371 = ORIENTED_EDGE ( 'NONE', *, *, #3353, .F. ) ;
#3372 = CARTESIAN_POINT ( 'NONE',  ( -19.36749999999999972, 0.000000000000000000, 0.3175000000000017808 ) ) ;
#3373 = CARTESIAN_POINT ( 'NONE',  ( 2.540000000000000480, 0.000000000000000000, -0.8889999999999974589 ) ) ;
#3374 = APPLICATION_PROTOCOL_DEFINITION ( 'draft international standard', 'automotive_design', 1998, #1466 ) ;
#3375 = PLANE ( 'NONE',  #4783 ) ;
#3376 = AXIS2_PLACEMENT_3D ( 'NONE', #5299, #3971, #519 ) ;
#3377 = ORIENTED_EDGE ( 'NONE', *, *, #6251, .F. ) ;
#3378 = COLOUR_RGB ( '',0.2509803921568627416, 0.2509803921568627416, 0.2509803921568627416 ) ;
#3379 = DIRECTION ( 'NONE',  ( 1.000000000000000000, 0.000000000000000000, 0.000000000000000000 ) ) ;
#3380 = DIRECTION ( 'NONE',  ( 0.7071067811865459074, 0.000000000000000000, 0.7071067811865491270 ) ) ;
#3381 = DIRECTION ( 'NONE',  ( 2.439149994343089694E-16, -0.000000000000000000, 1.000000000000000000 ) ) ;
#3382 = DIRECTION ( 'NONE',  ( -1.000000000000000000, 0.000000000000000000, -0.000000000000000000 ) ) ;
#3383 = EDGE_LOOP ( 'NONE', ( #2515, #4383, #866, #1527 ) ) ;
#3384 = LINE ( 'NONE', #5767, #4775 ) ;
#3385 = ORIENTED_EDGE ( 'NONE', *, *, #4988, .T. ) ;
#3386 =( REPRESENTATION_RELATIONSHIP ('NONE','NONE', #6526, #1223 ) REPRESENTATION_RELATIONSHIP_WITH_TRANSFORMATION ( #2720 )SHAPE_REPRESENTATION_RELATIONSHIP( ) );
#3387 = ADVANCED_FACE ( 'NONE', ( #7230 ), #4270, .T. ) ;
#3388 = ORIENTED_EDGE ( 'NONE', *, *, #7353, .F. ) ;
#3389 = DIRECTION ( 'NONE',  ( -0.7071067811865474617, 0.000000000000000000, 0.7071067811865474617 ) ) ;
#3390 = EDGE_CURVE ( 'NONE', #5481, #1577, #3642, .T. ) ;
#3391 = EDGE_CURVE ( 'NONE', #3691, #647, #5368, .T. ) ;
#3392 = CARTESIAN_POINT ( 'NONE',  ( -18.16100000000000136, 0.000000000000000000, 1.270000000000002904 ) ) ;
#3393 = CARTESIAN_POINT ( 'NONE',  ( 7.239000000000002544, 0.000000000000000000, 1.270000000000002904 ) ) ;
#3394 = EDGE_LOOP ( 'NONE', ( #3809, #4669, #314, #4258 ) ) ;
#3395 = VERTEX_POINT ( 'NONE', #4231 ) ;
#3396 =( NAMED_UNIT ( * ) SI_UNIT ( $, .STERADIAN. ) SOLID_ANGLE_UNIT ( ) );
#3397 = ORIENTED_EDGE ( 'NONE', *, *, #2031, .T. ) ;
#3398 = DIRECTION ( 'NONE',  ( 0.000000000000000000, 0.000000000000000000, -1.000000000000000000 ) ) ;
#3399 = DIRECTION ( 'NONE',  ( -1.000000000000000000, 0.000000000000000000, -0.000000000000000000 ) ) ;
#3400 = EDGE_CURVE ( 'NONE', #1576, #6048, #3014, .T. ) ;
#3401 = DIRECTION ( 'NONE',  ( 0.000000000000000000, 1.000000000000000000, 0.000000000000000000 ) ) ;
#3402 = VECTOR ( 'NONE', #5003, 1000.000000000000000 ) ;
#3403 = VECTOR ( 'NONE', #6266, 1000.000000000000000 ) ;
#3404 = ORIENTED_EDGE ( 'NONE', *, *, #3537, .T. ) ;
#3405 = ORIENTED_EDGE ( 'NONE', *, *, #6648, .F. ) ;
#3406 = DIRECTION ( 'NONE',  ( 0.000000000000000000, 0.000000000000000000, -1.000000000000000000 ) ) ;
#3407 = CARTESIAN_POINT ( 'NONE',  ( 13.08099999999999952, 0.000000000000000000, 1.270000000000003348 ) ) ;
#3408 = EDGE_LOOP ( 'NONE', ( #770, #5117, #4105, #3203 ) ) ;
#3409 = EDGE_LOOP ( 'NONE', ( #4093, #31, #6247, #3992 ) ) ;
#3410 = LINE ( 'NONE', #5175, #7188 ) ;
#3411 = CARTESIAN_POINT ( 'NONE',  ( 15.24000000000000021, 2.540000000000000036, -0.8889999999999974589 ) ) ;
#3412 = ADVANCED_FACE ( 'NONE', ( #1240 ), #5522, .T. ) ;
#3413 = AXIS2_PLACEMENT_3D ( 'NONE', #7625, #2991, #1766 ) ;
#3414 = CARTESIAN_POINT ( 'NONE',  ( -0.3809999999999993947, 2.540000000000000036, 1.270000000000002904 ) ) ;
#3415 = VERTEX_POINT ( 'NONE', #3679 ) ;
#3416 = FACE_OUTER_BOUND ( 'NONE', #2313, .T. ) ;
#3417 = FACE_OUTER_BOUND ( 'NONE', #6846, .T. ) ;
#3418 = PLANE ( 'NONE',  #4993 ) ;
#3419 = CARTESIAN_POINT ( 'NONE',  ( -10.54100000000000037, 2.540000000000000036, -1.269999999999997353 ) ) ;
#3420 = EDGE_LOOP ( 'NONE', ( #5268, #3530, #7169, #6406 ) ) ;
#3421 = CARTESIAN_POINT ( 'NONE',  ( -4.699000000000001620, 0.000000000000000000, 1.270000000000003348 ) ) ;
#3422 = ORIENTED_EDGE ( 'NONE', *, *, #982, .T. ) ;
#3423 = CARTESIAN_POINT ( 'NONE',  ( 15.24000000000000021, 2.540000000000000036, 0.8890000000000015667 ) ) ;
#3424 = ORIENTED_EDGE ( 'NONE', *, *, #810, .T. ) ;
#3425 = PLANE ( 'NONE',  #6818 ) ;
#3426 = LINE ( 'NONE', #1622, #766 ) ;
#3427 = FACE_BOUND ( 'NONE', #1971, .T. ) ;
#3428 = CARTESIAN_POINT ( 'NONE',  ( -5.460999999999998522, 0.000000000000000000, -1.269999999999997353 ) ) ;
#3429 = ORIENTED_EDGE ( 'NONE', *, *, #5029, .F. ) ;
#3430 = EDGE_CURVE ( 'NONE', #4748, #4140, #6058, .T. ) ;
#3431 = ORIENTED_EDGE ( 'NONE', *, *, #1040, .F. ) ;
#3432 = EDGE_CURVE ( 'NONE', #4017, #7366, #3607, .T. ) ;
#3433 = FILL_AREA_STYLE_COLOUR ( '', #170 ) ;
#3434 = ORIENTED_EDGE ( 'NONE', *, *, #3105, .T. ) ;
#3435 = LINE ( 'NONE', #1904, #2723 ) ;
#3436 = CARTESIAN_POINT ( 'NONE',  ( 13.08099999999999952, 0.000000000000000000, 1.270000000000003348 ) ) ;
#3437 = LINE ( 'NONE', #1162, #996 ) ;
#3438 = DIRECTION ( 'NONE',  ( 0.000000000000000000, 1.000000000000000000, 0.000000000000000000 ) ) ;
#3439 = ADVANCED_FACE ( 'NONE', ( #738 ), #6021, .F. ) ;
#3440 = ORIENTED_EDGE ( 'NONE', *, *, #3313, .T. ) ;
#3441 = EDGE_CURVE ( 'NONE', #4942, #1565, #3091, .T. ) ;
#3442 = VECTOR ( 'NONE', #318, 1000.000000000000000 ) ;
#3443 = ORIENTED_EDGE ( 'NONE', *, *, #7486, .F. ) ;
#3444 = DIRECTION ( 'NONE',  ( -1.000000000000000000, -0.000000000000000000, -0.000000000000000000 ) ) ;
#3445 = EDGE_CURVE ( 'NONE', #3077, #7503, #6559, .T. ) ;
#3446 = FACE_OUTER_BOUND ( 'NONE', #517, .T. ) ;
#3447 = ORIENTED_EDGE ( 'NONE', *, *, #1365, .T. ) ;
#3448 = VERTEX_POINT ( 'NONE', #5402 ) ;
#3449 = DIRECTION ( 'NONE',  ( 1.000000000000000000, 0.000000000000000000, 0.000000000000000000 ) ) ;
#3450 = CARTESIAN_POINT ( 'NONE',  ( 15.62099999999999866, 2.540000000000000036, -1.269999999999996909 ) ) ;
#3451 = VECTOR ( 'NONE', #2529, 1000.000000000000000 ) ;
#3452 = EDGE_CURVE ( 'NONE', #4278, #4424, #3721, .T. ) ;
#3453 = DIRECTION ( 'NONE',  ( 0.000000000000000000, 1.000000000000000000, 0.000000000000000000 ) ) ;
#3454 = VECTOR ( 'NONE', #3306, 1000.000000000000000 ) ;
#3455 = ORIENTED_EDGE ( 'NONE', *, *, #2375, .F. ) ;
#3456 = PLANE ( 'NONE',  #3753 ) ;
#3457 = FACE_OUTER_BOUND ( 'NONE', #6836, .T. ) ;
#3458 = AXIS2_PLACEMENT_3D ( 'NONE', #5890, #5506, #3191 ) ;
#3459 = LINE ( 'NONE', #407, #4483 ) ;
#3460 = AXIS2_PLACEMENT_3D ( 'NONE', #6533, #520, #2223 ) ;
#3461 = CARTESIAN_POINT ( 'NONE',  ( 5.080000000000000959, 0.000000000000000000, -0.8889999999999974589 ) ) ;
#3462 = ORIENTED_EDGE ( 'NONE', *, *, #2088, .F. ) ;
#3463 = AXIS2_PLACEMENT_3D ( 'NONE', #826, #3176, #6798 ) ;
#3464 = CARTESIAN_POINT ( 'NONE',  ( 17.78000000000000114, 0.000000000000000000, 0.8890000000000015667 ) ) ;
#3465 = ORIENTED_EDGE ( 'NONE', *, *, #810, .F. ) ;
#3466 = CARTESIAN_POINT ( 'NONE',  ( 0.000000000000000000, 2.540000000000000036, 0.000000000000000000 ) ) ;
#3467 = ORIENTED_EDGE ( 'NONE', *, *, #5214, .F. ) ;
#3468 = PLANE ( 'NONE',  #747 ) ;
#3469 = COLOUR_RGB ( '',0.2509803921568627416, 0.2509803921568627416, 0.2509803921568627416 ) ;
#3470 = PRESENTATION_LAYER_ASSIGNMENT (  '', '', ( #6833 ) ) ;
#3471 =( NAMED_UNIT ( * ) SI_UNIT ( $, .STERADIAN. ) SOLID_ANGLE_UNIT ( ) );
#3472 = AXIS2_PLACEMENT_3D ( 'NONE', #5081, #4554, #2126 ) ;
#3473 = DIRECTION ( 'NONE',  ( 0.000000000000000000, 0.000000000000000000, -1.000000000000000000 ) ) ;
#3474 =( GEOMETRIC_REPRESENTATION_CONTEXT ( 3 ) GLOBAL_UNCERTAINTY_ASSIGNED_CONTEXT ( ( #1112 ) ) GLOBAL_UNIT_ASSIGNED_CONTEXT ( ( #3778, #5539, #3067 ) ) REPRESENTATION_CONTEXT ( 'NONE', 'WORKASPACE' ) );
#3475 = ORIENTED_EDGE ( 'NONE', *, *, #7198, .F. ) ;
#3476 = ORIENTED_EDGE ( 'NONE', *, *, #2693, .T. ) ;
#3477 = MECHANICAL_DESIGN_GEOMETRIC_PRESENTATION_REPRESENTATION (  '', ( #6841 ), #263 ) ;
#3478 = VECTOR ( 'NONE', #5909, 1000.000000000000114 ) ;
#3479 =( NAMED_UNIT ( * ) PLANE_ANGLE_UNIT ( ) SI_UNIT ( $, .RADIAN. ) );
#3480 = CARTESIAN_POINT ( 'NONE',  ( -0.3174999999999999489, 2.540000000000000036, 0.3174999999999999489 ) ) ;
#3481 = DIRECTION ( 'NONE',  ( 1.000000000000000000, 0.000000000000000000, -0.000000000000000000 ) ) ;
#3482 = CARTESIAN_POINT ( 'NONE',  ( 3.492500000000002380, 2.540000000000000036, -0.3174999999999983946 ) ) ;
#3483 = LINE ( 'NONE', #3366, #3101 ) ;
#3484 = CARTESIAN_POINT ( 'NONE',  ( -2.540000000000000480, 0.000000000000000000, -0.8889999999999981251 ) ) ;
#3485 = VECTOR ( 'NONE', #3192, 1000.000000000000000 ) ;
#3486 = UNCERTAINTY_MEASURE_WITH_UNIT (LENGTH_MEASURE( 1.000000000000000082E-05 ), #613, 'distance_accuracy_value', 'NONE');
#3487 = ORIENTED_EDGE ( 'NONE', *, *, #5644, .F. ) ;
#3488 = ORIENTED_EDGE ( 'NONE', *, *, #567, .T. ) ;
#3489 =( LENGTH_UNIT ( ) NAMED_UNIT ( * ) SI_UNIT ( .MILLI., .METRE. ) );
#3490 = DIRECTION ( 'NONE',  ( 1.000000000000000000, 0.000000000000000000, -2.439149994343089694E-16 ) ) ;
#3491 = EDGE_LOOP ( 'NONE', ( #2945, #3658, #2008, #2321, #2936, #171, #2695, #783 ) ) ;
#3492 = ORIENTED_EDGE ( 'NONE', *, *, #2449, .F. ) ;
#3493 = AXIS2_PLACEMENT_3D ( 'NONE', #381, #4417, #6791 ) ;
#3494 = ADVANCED_FACE ( 'NONE', ( #1863 ), #785, .F. ) ;
#3495 = DIRECTION ( 'NONE',  ( -1.000000000000000000, 0.000000000000000000, 0.000000000000000000 ) ) ;
#3496 = DIRECTION ( 'NONE',  ( -1.000000000000000000, -0.000000000000000000, 2.439149994343089694E-16 ) ) ;
#3497 = EDGE_CURVE ( 'NONE', #1457, #5009, #6608, .T. ) ;
#3498 = EDGE_CURVE ( 'NONE', #4148, #4413, #4736, .T. ) ;
#3499 =( REPRESENTATION_RELATIONSHIP ('NONE','NONE', #6526, #1223 ) REPRESENTATION_RELATIONSHIP_WITH_TRANSFORMATION ( #1142 )SHAPE_REPRESENTATION_RELATIONSHIP( ) );
#3500 = CARTESIAN_POINT ( 'NONE',  ( -0.3174999999999999489, 8.039099999999994139, -0.3174999999999999489 ) ) ;
#3501 = VERTEX_POINT ( 'NONE', #1824 ) ;
#3502 = ADVANCED_FACE ( 'NONE', ( #4864 ), #4305, .T. ) ;
#3503 = CARTESIAN_POINT ( 'NONE',  ( 5.461000000000000298, 0.000000000000000000, 1.270000000000003348 ) ) ;
#3504 = PLANE ( 'NONE',  #5088 ) ;
#3505 = EDGE_CURVE ( 'NONE', #3348, #1927, #4151, .T. ) ;
#3506 = DIRECTION ( 'NONE',  ( 0.000000000000000000, 1.000000000000000000, 0.000000000000000000 ) ) ;
#3507 = ORIENTED_EDGE ( 'NONE', *, *, #711, .F. ) ;
#3508 = DIRECTION ( 'NONE',  ( 0.000000000000000000, 0.000000000000000000, -1.000000000000000000 ) ) ;
#3509 = VERTEX_POINT ( 'NONE', #1032 ) ;
#3510 = CARTESIAN_POINT ( 'NONE',  ( -0.2446143550033490766, 8.382000000000001450, -0.2446143550033490766 ) ) ;
#3511 = ORIENTED_EDGE ( 'NONE', *, *, #6656, .F. ) ;
#3512 = PLANE ( 'NONE',  #3458 ) ;
#3513 = VECTOR ( 'NONE', #1816, 1000.000000000000000 ) ;
#3514 = EDGE_CURVE ( 'NONE', #5504, #6001, #4014, .T. ) ;
#3515 = LINE ( 'NONE', #7166, #3107 ) ;
#3516 =( NAMED_UNIT ( * ) SI_UNIT ( $, .STERADIAN. ) SOLID_ANGLE_UNIT ( ) );
#3517 = ORIENTED_EDGE ( 'NONE', *, *, #6228, .T. ) ;
#3518 = ORIENTED_EDGE ( 'NONE', *, *, #3876, .T. ) ;
#3519 = VECTOR ( 'NONE', #4766, 1000.000000000000000 ) ;
#3520 = DIRECTION ( 'NONE',  ( 2.439149994343089694E-16, -0.000000000000000000, 1.000000000000000000 ) ) ;
#3521 = DIRECTION ( 'NONE',  ( 0.000000000000000000, 0.000000000000000000, 1.000000000000000000 ) ) ;
#3522 = LINE ( 'NONE', #1007, #6086 ) ;
#3523 = FACE_OUTER_BOUND ( 'NONE', #1437, .T. ) ;
#3524 = FACE_OUTER_BOUND ( 'NONE', #6727, .T. ) ;
#3525 = CARTESIAN_POINT ( 'NONE',  ( 14.85899999999999999, 0.000000000000000000, -1.269999999999997353 ) ) ;
#3526 = ORIENTED_EDGE ( 'NONE', *, *, #281, .T. ) ;
#3527 = ORIENTED_EDGE ( 'NONE', *, *, #3587, .F. ) ;
#3528 = DIRECTION ( 'NONE',  ( -0.7071067811865477948, -0.000000000000000000, -0.7071067811865473507 ) ) ;
#3529 = DIRECTION ( 'NONE',  ( -0.000000000000000000, -0.000000000000000000, 1.000000000000000000 ) ) ;
#3530 = ORIENTED_EDGE ( 'NONE', *, *, #4393, .F. ) ;
#3531 = DIRECTION ( 'NONE',  ( 0.000000000000000000, 1.000000000000000000, 0.000000000000000000 ) ) ;
#3532 = LINE ( 'NONE', #1759, #3828 ) ;
#3533 = CONTEXT_DEPENDENT_SHAPE_REPRESENTATION ( #6829, #4224 ) ;
#3534 = DIRECTION ( 'NONE',  ( -0.7071067811865477948, -0.000000000000000000, -0.7071067811865473507 ) ) ;
#3535 = EDGE_CURVE ( 'NONE', #6255, #6556, #6175, .T. ) ;
#3536 = EDGE_LOOP ( 'NONE', ( #5750, #3987, #3887, #811 ) ) ;
#3537 = EDGE_CURVE ( 'NONE', #907, #2788, #2091, .T. ) ;
#3538 = FACE_OUTER_BOUND ( 'NONE', #2647, .T. ) ;
#3539 = DIRECTION ( 'NONE',  ( 0.000000000000000000, 0.000000000000000000, -1.000000000000000000 ) ) ;
#3540 = VECTOR ( 'NONE', #1458, 1000.000000000000114 ) ;
#3541 = DIRECTION ( 'NONE',  ( 1.000000000000000000, 0.000000000000000000, -2.439149994343089694E-16 ) ) ;
#3542 = LINE ( 'NONE', #5921, #7453 ) ;
#3543 = ORIENTED_EDGE ( 'NONE', *, *, #7314, .T. ) ;
#3544 = DIRECTION ( 'NONE',  ( 0.7071067811865459074, 0.000000000000000000, 0.7071067811865491270 ) ) ;
#3545 = ORIENTED_EDGE ( 'NONE', *, *, #6342, .T. ) ;
#3546 = EDGE_CURVE ( 'NONE', #4410, #4188, #3765, .T. ) ;
#3547 = DIRECTION ( 'NONE',  ( 0.000000000000000000, -1.000000000000000000, 0.000000000000000000 ) ) ;
#3548 = LINE ( 'NONE', #604, #5460 ) ;
#3549 = SURFACE_SIDE_STYLE ('',( #6627 ) ) ;
#3550 = CARTESIAN_POINT ( 'NONE',  ( -8.000999999999999446, 2.540000000000000036, -1.269999999999997353 ) ) ;
#3551 = ORIENTED_EDGE ( 'NONE', *, *, #3576, .T. ) ;
#3552 = VERTEX_POINT ( 'NONE', #5562 ) ;
#3553 = EDGE_CURVE ( 'NONE', #3619, #1927, #1066, .T. ) ;
#3554 = PRESENTATION_STYLE_ASSIGNMENT (( #4851 ) ) ;
#3555 = CARTESIAN_POINT ( 'NONE',  ( -6.667499999999997762, 0.000000000000000000, 0.3175000000000017808 ) ) ;
#3556 = DIRECTION ( 'NONE',  ( -1.000000000000000000, 0.000000000000000000, 0.000000000000000000 ) ) ;
#3557 = DIRECTION ( 'NONE',  ( -1.000000000000000000, -0.000000000000000000, -0.000000000000000000 ) ) ;
#3558 = DIRECTION ( 'NONE',  ( 0.000000000000000000, 1.000000000000000000, 0.000000000000000000 ) ) ;
#3559 = PLANE ( 'NONE',  #3242 ) ;
#3560 = ORIENTED_EDGE ( 'NONE', *, *, #2815, .T. ) ;
#3561 = EDGE_LOOP ( 'NONE', ( #6560, #6290, #3817, #2884 ) ) ;
#3562 = CARTESIAN_POINT ( 'NONE',  ( 0.9525000000000019007, 2.540000000000000036, 0.3175000000000017808 ) ) ;
#3563 = CARTESIAN_POINT ( 'NONE',  ( -14.85899999999999999, 0.000000000000000000, -1.269999999999996909 ) ) ;
#3564 = VERTEX_POINT ( 'NONE', #6381 ) ;
#3565 = DIRECTION ( 'NONE',  ( 0.000000000000000000, 0.000000000000000000, 1.000000000000000000 ) ) ;
#3566 = CARTESIAN_POINT ( 'NONE',  ( -5.079999999999999183, 2.540000000000000036, -0.8889999999999981251 ) ) ;
#3567 = CARTESIAN_POINT ( 'NONE',  ( 7.239000000000002544, 0.000000000000000000, -1.269999999999997353 ) ) ;
#3568 = LINE ( 'NONE', #791, #4215 ) ;
#3569 = ITEM_DEFINED_TRANSFORMATION ( 'NONE', 'NONE', #6329,  #259 ) ;
#3570 = DIRECTION ( 'NONE',  ( 0.000000000000000000, 1.000000000000000000, 0.000000000000000000 ) ) ;
#3571 = EDGE_LOOP ( 'NONE', ( #4773, #1963, #6211, #3774 ) ) ;
#3572 = DIRECTION ( 'NONE',  ( -1.000000000000000000, -0.000000000000000000, -0.000000000000000000 ) ) ;
#3573 = VECTOR ( 'NONE', #45, 1000.000000000000227 ) ;
#3574 = DIRECTION ( 'NONE',  ( 0.7071067811865459074, 0.000000000000000000, 0.7071067811865491270 ) ) ;
#3575 = DIRECTION ( 'NONE',  ( 0.000000000000000000, 1.000000000000000000, 0.000000000000000000 ) ) ;
#3576 = EDGE_CURVE ( 'NONE', #2421, #6538, #4456, .T. ) ;
#3577 =( NAMED_UNIT ( * ) PLANE_ANGLE_UNIT ( ) SI_UNIT ( $, .RADIAN. ) );
#3578 = VECTOR ( 'NONE', #3673, 1000.000000000000000 ) ;
#3579 = ORIENTED_EDGE ( 'NONE', *, *, #6917, .T. ) ;
#3580 = CARTESIAN_POINT ( 'NONE',  ( -19.36749999999999972, 0.000000000000000000, 0.3175000000000017808 ) ) ;
#3581 = ORIENTED_EDGE ( 'NONE', *, *, #2328, .F. ) ;
#3582 = DIRECTION ( 'NONE',  ( 0.000000000000000000, -0.000000000000000000, -1.000000000000000000 ) ) ;
#3583 = DIRECTION ( 'NONE',  ( 0.7071067811865456854, 0.000000000000000000, -0.7071067811865493491 ) ) ;
#3584 = PRODUCT_DEFINITION ( 'UNKNOWN', '', #4358, #6387 ) ;
#3585 = VECTOR ( 'NONE', #1452, 1000.000000000000000 ) ;
#3586 = EDGE_CURVE ( 'NONE', #7325, #4496, #2561, .T. ) ;
#3587 = EDGE_CURVE ( 'NONE', #4140, #4689, #6929, .T. ) ;
#3588 = VECTOR ( 'NONE', #346, 1000.000000000000000 ) ;
#3589 = VERTEX_POINT ( 'NONE', #6759 ) ;
#3590 =( GEOMETRIC_REPRESENTATION_CONTEXT ( 3 ) GLOBAL_UNCERTAINTY_ASSIGNED_CONTEXT ( ( #1085 ) ) GLOBAL_UNIT_ASSIGNED_CONTEXT ( ( #4719, #4678, #7051 ) ) REPRESENTATION_CONTEXT ( 'NONE', 'WORKASPACE' ) );
#3591 = EDGE_LOOP ( 'NONE', ( #2819, #4618, #3277, #6102 ) ) ;
#3592 =( NAMED_UNIT ( * ) PLANE_ANGLE_UNIT ( ) SI_UNIT ( $, .RADIAN. ) );
#3593 = FACE_OUTER_BOUND ( 'NONE', #5625, .T. ) ;
#3594 = VECTOR ( 'NONE', #2569, 1000.000000000000000 ) ;
#3595 = EDGE_CURVE ( 'NONE', #2539, #2025, #4421, .T. ) ;
#3596 = CARTESIAN_POINT ( 'NONE',  ( 2.540000000000000480, 0.000000000000000000, 0.8890000000000015667 ) ) ;
#3597 = CARTESIAN_POINT ( 'NONE',  ( 0.9525000000000019007, 0.000000000000000000, -0.3174999999999983946 ) ) ;
#3598 = AXIS2_PLACEMENT_3D ( 'NONE', #3280, #4379, #4335 ) ;
#3599 = CARTESIAN_POINT ( 'NONE',  ( 2.159000000000001140, 0.000000000000000000, -1.269999999999997353 ) ) ;
#3600 = VECTOR ( 'NONE', #3382, 1000.000000000000000 ) ;
#3601 = ADVANCED_FACE ( 'NONE', ( #1440 ), #3801, .T. ) ;
#3602 = FACE_OUTER_BOUND ( 'NONE', #5062, .T. ) ;
#3603 = EDGE_LOOP ( 'NONE', ( #6558, #7577, #7389, #6123 ) ) ;
#3604 = VECTOR ( 'NONE', #3246, 1000.000000000000000 ) ;
#3605 = VECTOR ( 'NONE', #1230, 1000.000000000000000 ) ;
#3606 = ORIENTED_EDGE ( 'NONE', *, *, #2036, .F. ) ;
#3607 = LINE ( 'NONE', #2407, #6233 ) ;
#3608 = PRESENTATION_STYLE_ASSIGNMENT (( #3643 ) ) ;
#3609 = ORIENTED_EDGE ( 'NONE', *, *, #2505, .F. ) ;
#3610 = ORIENTED_EDGE ( 'NONE', *, *, #6363, .T. ) ;
#3611 = CARTESIAN_POINT ( 'NONE',  ( 4.699000000000001620, 0.000000000000000000, 1.270000000000002904 ) ) ;
#3612 = LINE ( 'NONE', #670, #3451 ) ;
#3613 = VECTOR ( 'NONE', #4319, 1000.000000000000000 ) ;
#3614 = LINE ( 'NONE', #162, #3853 ) ;
#3615 = ADVANCED_FACE ( 'NONE', ( #3207 ), #6969, .T. ) ;
#3616 = CARTESIAN_POINT ( 'NONE',  ( -6.667499999999997762, 0.000000000000000000, 0.3175000000000017808 ) ) ;
#3617 = AXIS2_PLACEMENT_3D ( 'NONE', #2897, #5902, #1084 ) ;
#3618 = CARTESIAN_POINT ( 'NONE',  ( 15.24000000000000021, 2.540000000000000036, 0.8890000000000022329 ) ) ;
#3619 = VERTEX_POINT ( 'NONE', #2636 ) ;
#3620 = DIRECTION ( 'NONE',  ( 0.000000000000000000, 1.000000000000000000, 0.000000000000000000 ) ) ;
#3621 = DIRECTION ( 'NONE',  ( 0.000000000000000000, -0.000000000000000000, 1.000000000000000000 ) ) ;
#3622 = CARTESIAN_POINT ( 'NONE',  ( 2.920999999999999819, 2.540000000000000036, 1.270000000000003348 ) ) ;
#3623 = ORIENTED_EDGE ( 'NONE', *, *, #2777, .T. ) ;
#3624 = DIRECTION ( 'NONE',  ( 0.000000000000000000, 0.000000000000000000, 1.000000000000000000 ) ) ;
#3625 = EDGE_LOOP ( 'NONE', ( #5550, #2381, #5412, #3371 ) ) ;
#3626 = DIRECTION ( 'NONE',  ( 0.000000000000000000, 0.000000000000000000, 1.000000000000000000 ) ) ;
#3627 = CARTESIAN_POINT ( 'NONE',  ( -11.11249999999999893, 2.540000000000000036, -0.3174999999999983946 ) ) ;
#3628 = LINE ( 'NONE', #1847, #2127 ) ;
#3629 = CARTESIAN_POINT ( 'NONE',  ( 11.11250000000000071, 2.540000000000000036, -0.3174999999999983946 ) ) ;
#3630 = ORIENTED_EDGE ( 'NONE', *, *, #1907, .T. ) ;
#3631 = ORIENTED_EDGE ( 'NONE', *, *, #5323, .F. ) ;
#3632 = ORIENTED_EDGE ( 'NONE', *, *, #6486, .T. ) ;
#3633 = CARTESIAN_POINT ( 'NONE',  ( -19.36749999999999972, 2.540000000000000036, 0.3175000000000017808 ) ) ;
#3634 = EDGE_CURVE ( 'NONE', #3184, #4527, #1474, .T. ) ;
#3635 = EDGE_CURVE ( 'NONE', #3953, #6951, #5017, .T. ) ;
#3636 = CARTESIAN_POINT ( 'NONE',  ( -2.540000000000000480, 2.540000000000000036, -0.8889999999999974589 ) ) ;
#3637 = CARTESIAN_POINT ( 'NONE',  ( 0.2446143550033492986, -10.66799999999999926, 0.3174999999999999489 ) ) ;
#3638 = CARTESIAN_POINT ( 'NONE',  ( 11.74750000000000050, 0.000000000000000000, 0.3175000000000017808 ) ) ;
#3639 = DIRECTION ( 'NONE',  ( 0.000000000000000000, 1.000000000000000000, 0.000000000000000000 ) ) ;
#3640 = ORIENTED_EDGE ( 'NONE', *, *, #3445, .T. ) ;
#3641 = ORIENTED_EDGE ( 'NONE', *, *, #1747, .F. ) ;
#3642 = LINE ( 'NONE', #4189, #1267 ) ;
#3643 = SURFACE_STYLE_USAGE ( .BOTH. , #1825 ) ;
#3644 = ORIENTED_EDGE ( 'NONE', *, *, #4354, .F. ) ;
#3645 = EDGE_CURVE ( 'NONE', #2460, #5635, #6212, .T. ) ;
#3646 = DIRECTION ( 'NONE',  ( 0.000000000000000000, 1.000000000000000000, 0.000000000000000000 ) ) ;
#3647 = CARTESIAN_POINT ( 'NONE',  ( 0.3174999999999999489, 2.540000000000000036, 0.3174999999999999489 ) ) ;
#3648 = PLANE ( 'NONE',  #7572 ) ;
#3649 = DIRECTION ( 'NONE',  ( -0.7071067811865476838, 0.000000000000000000, -0.7071067811865473507 ) ) ;
#3650 = DIRECTION ( 'NONE',  ( -0.7071067811865477948, -0.000000000000000000, -0.7071067811865473507 ) ) ;
#3651 = ORIENTED_EDGE ( 'NONE', *, *, #1099, .T. ) ;
#3652 = EDGE_CURVE ( 'NONE', #7151, #3217, #4345, .T. ) ;
#3653 = CARTESIAN_POINT ( 'NONE',  ( -15.24000000000000021, 0.000000000000000000, 0.8890000000000022329 ) ) ;
#3654 = VECTOR ( 'NONE', #1984, 1000.000000000000000 ) ;
#3655 = DIRECTION ( 'NONE',  ( 0.000000000000000000, 1.000000000000000000, 0.000000000000000000 ) ) ;
#3656 = LINE ( 'NONE', #2458, #271 ) ;
#3657 = VECTOR ( 'NONE', #5837, 1000.000000000000000 ) ;
#3658 = ORIENTED_EDGE ( 'NONE', *, *, #1674, .F. ) ;
#3659 = CARTESIAN_POINT ( 'NONE',  ( 0.000000000000000000, 2.540000000000000036, 0.000000000000000000 ) ) ;
#3660 = ORIENTED_EDGE ( 'NONE', *, *, #6753, .T. ) ;
#3661 = CARTESIAN_POINT ( 'NONE',  ( -2.920999999999999819, 2.540000000000000036, -1.269999999999997353 ) ) ;
#3662 = DIRECTION ( 'NONE',  ( 2.439149994343089694E-16, -0.000000000000000000, 1.000000000000000000 ) ) ;
#3663 = AXIS2_PLACEMENT_3D ( 'NONE', #6609, #4902, #6104 ) ;
#3664 = SURFACE_STYLE_USAGE ( .BOTH. , #5971 ) ;
#3665 = DIRECTION ( 'NONE',  ( 0.000000000000000000, -0.000000000000000000, 1.000000000000000000 ) ) ;
#3666 = EDGE_LOOP ( 'NONE', ( #3606, #7552, #204, #3462, #1308, #6323, #3465, #4558 ) ) ;
#3667 = VERTEX_POINT ( 'NONE', #6348 ) ;
#3668 = VECTOR ( 'NONE', #673, 1000.000000000000000 ) ;
#3669 = ORIENTED_EDGE ( 'NONE', *, *, #3738, .F. ) ;
#3670 = DIRECTION ( 'NONE',  ( -0.7071067811865477948, -0.000000000000000000, -0.7071067811865473507 ) ) ;
#3671 = LINE ( 'NONE', #3081, #5841 ) ;
#3672 = CARTESIAN_POINT ( 'NONE',  ( -13.08099999999999952, 0.000000000000000000, -1.269999999999997353 ) ) ;
#3673 = DIRECTION ( 'NONE',  ( 0.000000000000000000, 0.000000000000000000, 1.000000000000000000 ) ) ;
#3674 = DIRECTION ( 'NONE',  ( 0.000000000000000000, 1.000000000000000000, 0.000000000000000000 ) ) ;
#3675 = CARTESIAN_POINT ( 'NONE',  ( -16.82749999999999702, 0.000000000000000000, 0.3175000000000017808 ) ) ;
#3676 = EDGE_CURVE ( 'NONE', #3050, #1728, #3384, .T. ) ;
#3677 = ORIENTED_EDGE ( 'NONE', *, *, #3535, .F. ) ;
#3678 = VERTEX_POINT ( 'NONE', #6726 ) ;
#3679 = CARTESIAN_POINT ( 'NONE',  ( -13.65249999999999808, 0.000000000000000000, -0.3174999999999983946 ) ) ;
#3680 = CARTESIAN_POINT ( 'NONE',  ( 9.207500000000003126, 0.000000000000000000, 0.3175000000000017808 ) ) ;
#3681 = ORIENTED_EDGE ( 'NONE', *, *, #6253, .T. ) ;
#3682 = DIRECTION ( 'NONE',  ( -0.000000000000000000, -0.000000000000000000, -1.000000000000000000 ) ) ;
#3683 = DIRECTION ( 'NONE',  ( 0.7071067811865493491, -0.000000000000000000, 0.7071067811865456854 ) ) ;
#3684 = ADVANCED_FACE ( 'NONE', ( #2803 ), #5802, .T. ) ;
#3685 = DIRECTION ( 'NONE',  ( 0.7071067811865456854, 0.000000000000000000, -0.7071067811865493491 ) ) ;
#3686 = LINE ( 'NONE', #3616, #1246 ) ;
#3687 = EDGE_CURVE ( 'NONE', #4437, #6308, #2918, .T. ) ;
#3688 = ADVANCED_FACE ( 'NONE', ( #51 ), #11, .F. ) ;
#3689 = ORIENTED_EDGE ( 'NONE', *, *, #5261, .T. ) ;
#3690 = LINE ( 'NONE', #6735, #5418 ) ;
#3691 = VERTEX_POINT ( 'NONE', #5384 ) ;
#3692 = DIRECTION ( 'NONE',  ( 1.000000000000000000, 0.000000000000000000, -0.000000000000000000 ) ) ;
#3693 = CARTESIAN_POINT ( 'NONE',  ( -15.62099999999999866, 0.000000000000000000, 1.270000000000002904 ) ) ;
#3694 = EDGE_CURVE ( 'NONE', #3309, #7523, #2883, .T. ) ;
#3695 = CARTESIAN_POINT ( 'NONE',  ( 2.920999999999999819, 0.000000000000000000, -1.269999999999996909 ) ) ;
#3696 = ADVANCED_FACE ( 'NONE', ( #2953 ), #2346, .T. ) ;
#3697 = DIRECTION ( 'NONE',  ( 1.000000000000000000, 0.000000000000000000, 0.000000000000000000 ) ) ;
#3698 = EDGE_LOOP ( 'NONE', ( #2033, #2876, #4546, #4071 ) ) ;
#3699 = DIRECTION ( 'NONE',  ( -1.000000000000000000, -0.000000000000000000, -0.000000000000000000 ) ) ;
#3700 = VECTOR ( 'NONE', #3496, 1000.000000000000000 ) ;
#3701 = ORIENTED_EDGE ( 'NONE', *, *, #1268, .F. ) ;
#3702 = CARTESIAN_POINT ( 'NONE',  ( -13.65249999999999808, 0.000000000000000000, 0.3175000000000017808 ) ) ;
#3703 = CARTESIAN_POINT ( 'NONE',  ( -12.70000000000000107, 0.000000000000000000, -0.8889999999999974589 ) ) ;
#3704 = CARTESIAN_POINT ( 'NONE',  ( -7.620000000000000107, 0.000000000000000000, -0.8889999999999974589 ) ) ;
#3705 = VECTOR ( 'NONE', #1407, 1000.000000000000000 ) ;
#3706 = DIRECTION ( 'NONE',  ( -0.7071067811865475727, 0.000000000000000000, -0.7071067811865475727 ) ) ;
#3707 = ORIENTED_EDGE ( 'NONE', *, *, #7440, .T. ) ;
#3708 = ORIENTED_EDGE ( 'NONE', *, *, #1177, .T. ) ;
#3709 = ORIENTED_EDGE ( 'NONE', *, *, #598, .T. ) ;
#3710 = CARTESIAN_POINT ( 'NONE',  ( 16.19250000000000256, 2.540000000000000036, 0.3175000000000017808 ) ) ;
#3711 = LINE ( 'NONE', #300, #4222 ) ;
#3712 = AXIS2_PLACEMENT_3D ( 'NONE', #6, #1212, #4750 ) ;
#3713 = DIRECTION ( 'NONE',  ( 0.000000000000000000, 1.000000000000000000, 0.000000000000000000 ) ) ;
#3714 = FACE_OUTER_BOUND ( 'NONE', #7179, .T. ) ;
#3715 = AXIS2_PLACEMENT_3D ( 'NONE', #2790, #1094, #3449 ) ;
#3716 = DIRECTION ( 'NONE',  ( 0.7071067811865459074, 0.000000000000000000, 0.7071067811865491270 ) ) ;
#3717 = PLANE ( 'NONE',  #1770 ) ;
#3718 = AXIS2_PLACEMENT_3D ( 'NONE', #4212, #6591, #4177 ) ;
#3719 = EDGE_LOOP ( 'NONE', ( #5043, #5343, #6431, #50 ) ) ;
#3720 = VERTEX_POINT ( 'NONE', #1183 ) ;
#3721 = LINE ( 'NONE', #4815, #2279 ) ;
#3722 = VECTOR ( 'NONE', #2858, 1000.000000000000000 ) ;
#3723 = LINE ( 'NONE', #786, #324 ) ;
#3724 = EDGE_LOOP ( 'NONE', ( #7634, #5987, #7600, #3039 ) ) ;
#3725 = CARTESIAN_POINT ( 'NONE',  ( 8.572500000000003340, 2.540000000000000036, 0.3175000000000017808 ) ) ;
#3726 = FACE_OUTER_BOUND ( 'NONE', #240, .T. ) ;
#3727 = FACE_OUTER_BOUND ( 'NONE', #3195, .T. ) ;
#3728 = VECTOR ( 'NONE', #3143, 1000.000000000000000 ) ;
#3729 = VECTOR ( 'NONE', #4181, 1000.000000000000000 ) ;
#3730 = LINE ( 'NONE', #672, #3088 ) ;
#3731 = ORIENTED_EDGE ( 'NONE', *, *, #1883, .T. ) ;
#3732 = AXIS2_PLACEMENT_3D ( 'NONE', #3929, #6883, #6297 ) ;
#3733 = ADVANCED_FACE ( 'NONE', ( #7599 ), #4205, .T. ) ;
#3734 = LINE ( 'NONE', #6032, #2315 ) ;
#3735 = ORIENTED_EDGE ( 'NONE', *, *, #4504, .T. ) ;
#3736 = VECTOR ( 'NONE', #2276, 1000.000000000000000 ) ;
#3737 = PLANE ( 'NONE',  #1599 ) ;
#3738 = EDGE_CURVE ( 'NONE', #5872, #4519, #7635, .T. ) ;
#3739 = EDGE_CURVE ( 'NONE', #317, #2755, #2428, .T. ) ;
#3740 = CARTESIAN_POINT ( 'NONE',  ( -7.239000000000000767, 2.540000000000000036, 1.270000000000003348 ) ) ;
#3741 = CARTESIAN_POINT ( 'NONE',  ( -17.78000000000000114, 0.000000000000000000, -0.8889999999999981251 ) ) ;
#3742 = VECTOR ( 'NONE', #4397, 1000.000000000000000 ) ;
#3743 = SHAPE_REPRESENTATION_RELATIONSHIP ( 'NONE' , 'NONE' ,  #1223, #6383 ) ;
#3744 = VERTEX_POINT ( 'NONE', #3464 ) ;
#3745 = CARTESIAN_POINT ( 'NONE',  ( -2.159000000000001140, 0.000000000000000000, -1.269999999999996909 ) ) ;
#3746 = ORIENTED_EDGE ( 'NONE', *, *, #6505, .T. ) ;
#3747 = CARTESIAN_POINT ( 'NONE',  ( 0.3809999999999993947, 0.000000000000000000, -1.269999999999996909 ) ) ;
#3748 = CARTESIAN_POINT ( 'NONE',  ( -5.079999999999999183, 0.000000000000000000, -0.8889999999999981251 ) ) ;
#3749 = EDGE_CURVE ( 'NONE', #4431, #4513, #7160, .T. ) ;
#3750 = VECTOR ( 'NONE', #323, 1000.000000000000000 ) ;
#3751 = CARTESIAN_POINT ( 'NONE',  ( 9.207500000000003126, 0.000000000000000000, 0.3175000000000017808 ) ) ;
#3752 = CARTESIAN_POINT ( 'NONE',  ( 15.24000000000000021, 2.540000000000000036, -0.8889999999999974589 ) ) ;
#3753 = AXIS2_PLACEMENT_3D ( 'NONE', #5761, #1720, #4128 ) ;
#3754 = EDGE_LOOP ( 'NONE', ( #4098, #7560, #261, #922, #7158, #4060, #1919, #714 ) ) ;
#3755 = ORIENTED_EDGE ( 'NONE', *, *, #2283, .T. ) ;
#3756 = ORIENTED_EDGE ( 'NONE', *, *, #896, .T. ) ;
#3757 = DIRECTION ( 'NONE',  ( 0.000000000000000000, 0.000000000000000000, 1.000000000000000000 ) ) ;
#3758 = CARTESIAN_POINT ( 'NONE',  ( -6.667499999999997762, 2.540000000000000036, 0.3175000000000017808 ) ) ;
#3759 = EDGE_CURVE ( 'NONE', #3552, #3920, #5231, .T. ) ;
#3760 = LINE ( 'NONE', #2052, #627 ) ;
#3761 = SURFACE_STYLE_USAGE ( .BOTH. , #1399 ) ;
#3762 = CARTESIAN_POINT ( 'NONE',  ( -4.699000000000001620, 2.540000000000000036, 1.270000000000003348 ) ) ;
#3763 = ORIENTED_EDGE ( 'NONE', *, *, #3114, .T. ) ;
#3764 = ORIENTED_EDGE ( 'NONE', *, *, #3505, .F. ) ;
#3765 = LINE ( 'NONE', #4940, #7125 ) ;
#3766 = CARTESIAN_POINT ( 'NONE',  ( 15.62099999999999866, 2.540000000000000036, 1.270000000000003348 ) ) ;
#3767 = ORIENTED_EDGE ( 'NONE', *, *, #7164, .T. ) ;
#3768 = CARTESIAN_POINT ( 'NONE',  ( -3.492499999999999272, 2.540000000000000036, -0.3174999999999983946 ) ) ;
#3769 = LINE ( 'NONE', #234, #3075 ) ;
#3770 = PLANE ( 'NONE',  #4717 ) ;
#3771 = CARTESIAN_POINT ( 'NONE',  ( -2.540000000000000480, 2.540000000000000036, -0.8889999999999981251 ) ) ;
#3772 = ORIENTED_EDGE ( 'NONE', *, *, #3798, .T. ) ;
#3773 = LINE ( 'NONE', #4315, #332 ) ;
#3774 = ORIENTED_EDGE ( 'NONE', *, *, #5077, .T. ) ;
#3775 = CARTESIAN_POINT ( 'NONE',  ( 5.461000000000000298, 0.000000000000000000, -1.269999999999996909 ) ) ;
#3776 = DIRECTION ( 'NONE',  ( 0.7071067811865459074, 0.000000000000000000, 0.7071067811865491270 ) ) ;
#3777 = DIRECTION ( 'NONE',  ( 0.000000000000000000, -0.000000000000000000, 1.000000000000000000 ) ) ;
#3778 =( LENGTH_UNIT ( ) NAMED_UNIT ( * ) SI_UNIT ( .MILLI., .METRE. ) );
#3779 = EDGE_CURVE ( 'NONE', #5766, #907, #6579, .T. ) ;
#3780 = EDGE_CURVE ( 'NONE', #4268, #58, #5269, .T. ) ;
#3781 = DIRECTION ( 'NONE',  ( 0.000000000000000000, 0.000000000000000000, -1.000000000000000000 ) ) ;
#3782 = ORIENTED_EDGE ( 'NONE', *, *, #2562, .T. ) ;
#3783 = DIRECTION ( 'NONE',  ( 0.7071067811865456854, 0.000000000000000000, -0.7071067811865493491 ) ) ;
#3784 = DIRECTION ( 'NONE',  ( -0.7071067811865491270, 0.000000000000000000, 0.7071067811865459074 ) ) ;
#3785 = EDGE_CURVE ( 'NONE', #3448, #2733, #4796, .T. ) ;
#3786 = LINE ( 'NONE', #6162, #3485 ) ;
#3787 = CARTESIAN_POINT ( 'NONE',  ( -12.69999999999999929, 2.540000000000000036, -0.8889999999999981251 ) ) ;
#3788 = EDGE_CURVE ( 'NONE', #7204, #566, #7044, .T. ) ;
#3789 = ADVANCED_FACE ( 'NONE', ( #5850 ), #565, .T. ) ;
#3790 = ORIENTED_EDGE ( 'NONE', *, *, #3204, .T. ) ;
#3791 = ORIENTED_EDGE ( 'NONE', *, *, #5730, .F. ) ;
#3792 = EDGE_LOOP ( 'NONE', ( #1106, #6267, #5329, #2208 ) ) ;
#3793 = CARTESIAN_POINT ( 'NONE',  ( -12.31900000000000261, 0.000000000000000000, 1.270000000000003348 ) ) ;
#3794 = CARTESIAN_POINT ( 'NONE',  ( -5.080000000000000959, 0.000000000000000000, -0.8889999999999974589 ) ) ;
#3795 = FILL_AREA_STYLE ('',( #5633 ) ) ;
#3796 = PRODUCT_DEFINITION_SHAPE ( 'NONE', 'NONE',  #7688 ) ;
#3797 = CARTESIAN_POINT ( 'NONE',  ( 9.779000000000003467, 0.000000000000000000, -1.269999999999997353 ) ) ;
#3798 = EDGE_CURVE ( 'NONE', #1409, #3147, #1692, .T. ) ;
#3799 = ORIENTED_EDGE ( 'NONE', *, *, #2783, .T. ) ;
#3800 = VERTEX_POINT ( 'NONE', #526 ) ;
#3801 = PLANE ( 'NONE',  #7004 ) ;
#3802 = PLANE ( 'NONE',  #5018 ) ;
#3803 = ORIENTED_EDGE ( 'NONE', *, *, #3105, .F. ) ;
#3804 = CARTESIAN_POINT ( 'NONE',  ( -14.28749999999999787, 0.000000000000000000, -0.3174999999999983946 ) ) ;
#3805 = DIRECTION ( 'NONE',  ( -0.7071067811865491270, 0.000000000000000000, 0.7071067811865459074 ) ) ;
#3806 = CARTESIAN_POINT ( 'NONE',  ( -5.460999999999998522, 0.000000000000000000, 1.270000000000002904 ) ) ;
#3807 = UNCERTAINTY_MEASURE_WITH_UNIT (LENGTH_MEASURE( 1.000000000000000082E-05 ), #6790, 'distance_accuracy_value', 'NONE');
#3808 = PLANE ( 'NONE',  #7196 ) ;
#3809 = ORIENTED_EDGE ( 'NONE', *, *, #5930, .F. ) ;
#3810 = PLANE ( 'NONE',  #706 ) ;
#3811 = ORIENTED_EDGE ( 'NONE', *, *, #896, .F. ) ;
#3812 = LINE ( 'NONE', #1413, #6807 ) ;
#3813 = CARTESIAN_POINT ( 'NONE',  ( 18.16100000000000136, 0.000000000000000000, -1.269999999999996909 ) ) ;
#3814 = DIRECTION ( 'NONE',  ( 0.7071067811865473507, 0.000000000000000000, -0.7071067811865476838 ) ) ;
#3815 = DIRECTION ( 'NONE',  ( 0.000000000000000000, 0.000000000000000000, 1.000000000000000000 ) ) ;
#3816 = DIRECTION ( 'NONE',  ( 0.000000000000000000, 1.000000000000000000, 0.000000000000000000 ) ) ;
#3817 = ORIENTED_EDGE ( 'NONE', *, *, #231, .F. ) ;
#3818 = PLANE ( 'NONE',  #7281 ) ;
#3819 = ADVANCED_FACE ( 'NONE', ( #1152 ), #4133, .F. ) ;
#3820 = DIRECTION ( 'NONE',  ( 0.7071067811865459074, 0.000000000000000000, 0.7071067811865491270 ) ) ;
#3821 = CARTESIAN_POINT ( 'NONE',  ( 4.699000000000001620, 0.000000000000000000, 1.270000000000002904 ) ) ;
#3822 = ORIENTED_EDGE ( 'NONE', *, *, #7582, .F. ) ;
#3823 = ORIENTED_EDGE ( 'NONE', *, *, #2072, .F. ) ;
#3824 = ORIENTED_EDGE ( 'NONE', *, *, #7676, .F. ) ;
#3825 = CARTESIAN_POINT ( 'NONE',  ( 7.239000000000002544, 0.000000000000000000, -1.269999999999997353 ) ) ;
#3826 = DIRECTION ( 'NONE',  ( -0.000000000000000000, 1.000000000000000000, 0.000000000000000000 ) ) ;
#3827 = EDGE_CURVE ( 'NONE', #2460, #5766, #6420, .T. ) ;
#3828 = VECTOR ( 'NONE', #5910, 1000.000000000000000 ) ;
#3829 = EDGE_CURVE ( 'NONE', #2855, #2902, #3033, .T. ) ;
#3830 = DIRECTION ( 'NONE',  ( -0.7071067811865474617, -0.000000000000000000, 0.7071067811865474617 ) ) ;
#3831 = ORIENTED_EDGE ( 'NONE', *, *, #5796, .F. ) ;
#3832 = AXIS2_PLACEMENT_3D ( 'NONE', #2287, #5780, #5199 ) ;
#3833 = ORIENTED_EDGE ( 'NONE', *, *, #1842, .T. ) ;
#3834 = DIRECTION ( 'NONE',  ( -0.7071067811865474617, -0.000000000000000000, 0.7071067811865474617 ) ) ;
#3835 = EDGE_CURVE ( 'NONE', #3944, #1691, #2540, .T. ) ;
#3836 = PRESENTATION_STYLE_ASSIGNMENT (( #4423 ) ) ;
#3837 = VERTEX_POINT ( 'NONE', #1301 ) ;
#3838 = VECTOR ( 'NONE', #2564, 1000.000000000000000 ) ;
#3839 = PLANE ( 'NONE',  #123 ) ;
#3840 = CARTESIAN_POINT ( 'NONE',  ( 2.920999999999999819, 2.540000000000000036, 1.270000000000003348 ) ) ;
#3841 = EDGE_CURVE ( 'NONE', #7216, #3370, #7244, .T. ) ;
#3842 = LINE ( 'NONE', #6220, #6324 ) ;
#3843 = VECTOR ( 'NONE', #5416, 1000.000000000000000 ) ;
#3844 = SURFACE_STYLE_USAGE ( .BOTH. , #2852 ) ;
#3845 = VERTEX_POINT ( 'NONE', #87 ) ;
#3846 = VECTOR ( 'NONE', #4768, 1000.000000000000000 ) ;
#3847 = LINE ( 'NONE', #2678, #205 ) ;
#3848 = STYLED_ITEM ( 'NONE', ( #7644 ), #7320 ) ;
#3849 = VERTEX_POINT ( 'NONE', #4880 ) ;
#3850 = CARTESIAN_POINT ( 'NONE',  ( 17.39900000000000091, 0.000000000000000000, 1.270000000000002904 ) ) ;
#3851 = EDGE_CURVE ( 'NONE', #701, #5230, #1383, .T. ) ;
#3852 = CARTESIAN_POINT ( 'NONE',  ( 14.85899999999999999, 0.000000000000000000, 1.270000000000002904 ) ) ;
#3853 = VECTOR ( 'NONE', #4781, 1000.000000000000000 ) ;
#3854 = AXIS2_PLACEMENT_3D ( 'NONE', #6169, #6715, #7296 ) ;
#3855 = DIRECTION ( 'NONE',  ( 0.000000000000000000, 1.000000000000000000, 0.000000000000000000 ) ) ;
#3856 = AXIS2_PLACEMENT_3D ( 'NONE', #2839, #476, #599 ) ;
#3857 = UNCERTAINTY_MEASURE_WITH_UNIT (LENGTH_MEASURE( 1.000000000000000082E-05 ), #1119, 'distance_accuracy_value', 'NONE');
#3858 = PRESENTATION_LAYER_ASSIGNMENT (  '', '', ( #7584 ) ) ;
#3859 = VECTOR ( 'NONE', #2543, 1000.000000000000000 ) ;
#3860 = FACE_OUTER_BOUND ( 'NONE', #94, .T. ) ;
#3861 = EDGE_LOOP ( 'NONE', ( #3997, #4521, #1530, #1958 ) ) ;
#3862 = DIRECTION ( 'NONE',  ( 0.000000000000000000, -0.000000000000000000, 1.000000000000000000 ) ) ;
#3863 = CARTESIAN_POINT ( 'NONE',  ( 18.73250000000000171, 0.000000000000000000, 0.3175000000000017808 ) ) ;
#3864 = VECTOR ( 'NONE', #1259, 1000.000000000000000 ) ;
#3865 = LINE ( 'NONE', #3274, #3351 ) ;
#3866 = LINE ( 'NONE', #2661, #6584 ) ;
#3867 = VERTEX_POINT ( 'NONE', #7324 ) ;
#3868 = ORIENTED_EDGE ( 'NONE', *, *, #126, .T. ) ;
#3869 = AXIS2_PLACEMENT_3D ( 'NONE', #1199, #3009, #5984 ) ;
#3870 = ORIENTED_EDGE ( 'NONE', *, *, #200, .F. ) ;
#3871 = FACE_BOUND ( 'NONE', #5926, .T. ) ;
#3872 = CARTESIAN_POINT ( 'NONE',  ( -18.16100000000000136, 0.000000000000000000, 1.270000000000002904 ) ) ;
#3873 = ORIENTED_EDGE ( 'NONE', *, *, #3432, .F. ) ;
#3874 = ADVANCED_FACE ( 'NONE', ( #6661 ), #6121, .T. ) ;
#3875 = ORIENTED_EDGE ( 'NONE', *, *, #6839, .T. ) ;
#3876 = EDGE_CURVE ( 'NONE', #4468, #4278, #6774, .T. ) ;
#3877 = SURFACE_SIDE_STYLE ('',( #5053 ) ) ;
#3878 = ORIENTED_EDGE ( 'NONE', *, *, #4033, .T. ) ;
#3879 = CARTESIAN_POINT ( 'NONE',  ( -12.31900000000000261, 0.000000000000000000, 1.270000000000003348 ) ) ;
#3880 = DIRECTION ( 'NONE',  ( 0.7071067811865456854, 0.000000000000000000, -0.7071067811865493491 ) ) ;
#3881 = CARTESIAN_POINT ( 'NONE',  ( 16.19250000000000256, 0.000000000000000000, -0.3174999999999983946 ) ) ;
#3882 = CARTESIAN_POINT ( 'NONE',  ( 30.48000000000000043, 2.540000000000000036, 0.000000000000000000 ) ) ;
#3883 = ORIENTED_EDGE ( 'NONE', *, *, #5922, .F. ) ;
#3884 = VERTEX_POINT ( 'NONE', #7285 ) ;
#3885 = EDGE_CURVE ( 'NONE', #1552, #4641, #1964, .T. ) ;
#3886 = DIRECTION ( 'NONE',  ( -0.7071067811865477948, -0.000000000000000000, -0.7071067811865473507 ) ) ;
#3887 = ORIENTED_EDGE ( 'NONE', *, *, #3798, .F. ) ;
#3888 = DIRECTION ( 'NONE',  ( 0.000000000000000000, 1.000000000000000000, 0.000000000000000000 ) ) ;
#3889 = FACE_OUTER_BOUND ( 'NONE', #2281, .T. ) ;
#3890 = CARTESIAN_POINT ( 'NONE',  ( 18.73250000000000171, 0.000000000000000000, -0.3174999999999983946 ) ) ;
#3891 = CARTESIAN_POINT ( 'NONE',  ( 19.05000000000000071, 0.000000000000000000, 1.788933584601082316E-15 ) ) ;
#3892 = EDGE_CURVE ( 'NONE', #6702, #2864, #6623, .T. ) ;
#3893 = DIRECTION ( 'NONE',  ( 1.000000000000000000, 0.000000000000000000, 0.000000000000000000 ) ) ;
#3894 = EDGE_LOOP ( 'NONE', ( #7598, #6668, #1060, #1752 ) ) ;
#3895 = CARTESIAN_POINT ( 'NONE',  ( -17.78000000000000114, 2.540000000000000036, -0.8889999999999974589 ) ) ;
#3896 = CARTESIAN_POINT ( 'NONE',  ( -20.32000000000000028, 0.000000000000000000, -0.8889999999999974589 ) ) ;
#3897 = LINE ( 'NONE', #2836, #5976 ) ;
#3898 = LINE ( 'NONE', #6859, #6453 ) ;
#3899 = VECTOR ( 'NONE', #1219, 1000.000000000000000 ) ;
#3900 = ORIENTED_EDGE ( 'NONE', *, *, #7462, .T. ) ;
#3901 = ORIENTED_EDGE ( 'NONE', *, *, #915, .T. ) ;
#3902 = ORIENTED_EDGE ( 'NONE', *, *, #5654, .F. ) ;
#3903 = CARTESIAN_POINT ( 'NONE',  ( -17.39900000000000091, 0.000000000000000000, -1.269999999999996909 ) ) ;
#3904 = AXIS2_PLACEMENT_3D ( 'NONE', #3659, #2007, #3069 ) ;
#3905 = LINE ( 'NONE', #5593, #1760 ) ;
#3906 = STYLED_ITEM ( 'NONE', ( #1014 ), #4919 ) ;
#3907 = CARTESIAN_POINT ( 'NONE',  ( -7.620000000000000107, 0.000000000000000000, 0.8890000000000015667 ) ) ;
#3908 = EDGE_LOOP ( 'NONE', ( #6423, #3518, #857, #6912, #4187, #1726, #5414, #182 ) ) ;
#3909 = MECHANICAL_DESIGN_GEOMETRIC_PRESENTATION_REPRESENTATION (  '', ( #7272 ), #829 ) ;
#3910 = ORIENTED_EDGE ( 'NONE', *, *, #1099, .F. ) ;
#3911 = VECTOR ( 'NONE', #360, 1000.000000000000000 ) ;
#3912 = FILL_AREA_STYLE_COLOUR ( '', #3918 ) ;
#3913 = ORIENTED_EDGE ( 'NONE', *, *, #4373, .T. ) ;
#3914 = DIRECTION ( 'NONE',  ( 0.000000000000000000, 1.000000000000000000, 0.000000000000000000 ) ) ;
#3915 = CARTESIAN_POINT ( 'NONE',  ( 5.461000000000000298, 2.540000000000000036, -1.269999999999996909 ) ) ;
#3916 = AXIS2_PLACEMENT_3D ( 'NONE', #6776, #3234, #5659 ) ;
#3917 = PLANE ( 'NONE',  #5474 ) ;
#3918 = COLOUR_RGB ( '',0.2509803921568627416, 0.2509803921568627416, 0.2509803921568627416 ) ;
#3919 = ADVANCED_FACE ( 'NONE', ( #4323, #4368 ), #7203, .T. ) ;
#3920 = VERTEX_POINT ( 'NONE', #803 ) ;
#3921 = ORIENTED_EDGE ( 'NONE', *, *, #1280, .T. ) ;
#3922 = FACE_OUTER_BOUND ( 'NONE', #5027, .T. ) ;
#3923 = ORIENTED_EDGE ( 'NONE', *, *, #2206, .T. ) ;
#3924 = EDGE_CURVE ( 'NONE', #4863, #4041, #5541, .T. ) ;
#3925 = CARTESIAN_POINT ( 'NONE',  ( 13.08099999999999952, 2.540000000000000036, -1.269999999999996909 ) ) ;
#3926 = DIRECTION ( 'NONE',  ( 0.000000000000000000, 1.000000000000000000, 0.000000000000000000 ) ) ;
#3927 = EDGE_CURVE ( 'NONE', #3678, #7564, #2507, .T. ) ;
#3928 = EDGE_CURVE ( 'NONE', #2755, #3077, #2579, .T. ) ;
#3929 = CARTESIAN_POINT ( 'NONE',  ( -1.270000000000000240, 0.000000000000000000, 1.788933584601082316E-15 ) ) ;
#3930 = DIRECTION ( 'NONE',  ( 0.000000000000000000, 0.000000000000000000, 1.000000000000000000 ) ) ;
#3931 = ORIENTED_EDGE ( 'NONE', *, *, #414, .F. ) ;
#3932 = EDGE_CURVE ( 'NONE', #5308, #3395, #4399, .T. ) ;
#3933 = DIRECTION ( 'NONE',  ( 0.7071067811865456854, 0.000000000000000000, -0.7071067811865493491 ) ) ;
#3934 = LINE ( 'NONE', #6302, #6938 ) ;
#3935 = ADVANCED_FACE ( 'NONE', ( #761 ), #3117, .T. ) ;
#3936 = LINE ( 'NONE', #5844, #5490 ) ;
#3937 = CARTESIAN_POINT ( 'NONE',  ( -5.079999999999999183, 0.000000000000000000, 0.8890000000000015667 ) ) ;
#3938 = EDGE_LOOP ( 'NONE', ( #3252, #1514, #2059, #6380 ) ) ;
#3939 = VERTEX_POINT ( 'NONE', #6156 ) ;
#3940 = ORIENTED_EDGE ( 'NONE', *, *, #1268, .T. ) ;
#3941 = CARTESIAN_POINT ( 'NONE',  ( 4.127500000000003055, 0.000000000000000000, -0.3174999999999983946 ) ) ;
#3942 = LINE ( 'NONE', #5807, #3736 ) ;
#3943 = CARTESIAN_POINT ( 'NONE',  ( -20.32000000000000028, 0.000000000000000000, 0.8890000000000022329 ) ) ;
#3944 = VERTEX_POINT ( 'NONE', #2040 ) ;
#3945 = VERTEX_POINT ( 'NONE', #838 ) ;
#3946 = CARTESIAN_POINT ( 'NONE',  ( -2.159000000000001140, 0.000000000000000000, -1.269999999999996909 ) ) ;
#3947 = ORIENTED_EDGE ( 'NONE', *, *, #765, .F. ) ;
#3948 = VECTOR ( 'NONE', #4432, 1000.000000000000000 ) ;
#3949 = DIRECTION ( 'NONE',  ( 0.000000000000000000, 0.000000000000000000, -1.000000000000000000 ) ) ;
#3950 = DIRECTION ( 'NONE',  ( 1.000000000000000000, 0.000000000000000000, 0.000000000000000000 ) ) ;
#3951 = CARTESIAN_POINT ( 'NONE',  ( -19.36749999999999972, 0.000000000000000000, 0.3175000000000017808 ) ) ;
#3952 = VECTOR ( 'NONE', #7528, 1000.000000000000000 ) ;
#3953 = VERTEX_POINT ( 'NONE', #3188 ) ;
#3954 = ORIENTED_EDGE ( 'NONE', *, *, #5740, .T. ) ;
#3955 = DIRECTION ( 'NONE',  ( 0.000000000000000000, 1.000000000000000000, 0.000000000000000000 ) ) ;
#3956 = DIRECTION ( 'NONE',  ( -1.000000000000000000, -0.000000000000000000, 2.439149994343089694E-16 ) ) ;
#3957 = ORIENTED_EDGE ( 'NONE', *, *, #6489, .T. ) ;
#3958 = VERTEX_POINT ( 'NONE', #5578 ) ;
#3959 = DIRECTION ( 'NONE',  ( -1.000000000000000000, 0.000000000000000000, 0.000000000000000000 ) ) ;
#3960 = DIRECTION ( 'NONE',  ( 0.7071067811865456854, 0.000000000000000000, -0.7071067811865493491 ) ) ;
#3961 = AXIS2_PLACEMENT_3D ( 'NONE', #3064, #5452, #2500 ) ;
#3962 = VECTOR ( 'NONE', #4415, 1000.000000000000000 ) ;
#3963 = EDGE_CURVE ( 'NONE', #6538, #3678, #1456, .T. ) ;
#3964 = SHAPE_DEFINITION_REPRESENTATION ( #6777, #6526 ) ;
#3965 =( GEOMETRIC_REPRESENTATION_CONTEXT ( 3 ) GLOBAL_UNCERTAINTY_ASSIGNED_CONTEXT ( ( #4650 ) ) GLOBAL_UNIT_ASSIGNED_CONTEXT ( ( #862, #6392, #236 ) ) REPRESENTATION_CONTEXT ( 'NONE', 'WORKASPACE' ) );
#3966 = DIRECTION ( 'NONE',  ( 1.000000000000000000, 0.000000000000000000, -2.439149994343089694E-16 ) ) ;
#3967 = ADVANCED_FACE ( 'NONE', ( #2111 ), #978, .F. ) ;
#3968 = ORIENTED_EDGE ( 'NONE', *, *, #3346, .T. ) ;
#3969 = ADVANCED_FACE ( 'NONE', ( #5724 ), #7399, .F. ) ;
#3970 = AXIS2_PLACEMENT_3D ( 'NONE', #1354, #1786, #26 ) ;
#3971 = DIRECTION ( 'NONE',  ( 1.000000000000000000, -0.000000000000000000, 0.000000000000000000 ) ) ;
#3972 = CARTESIAN_POINT ( 'NONE',  ( -7.239000000000000767, 0.000000000000000000, 1.270000000000003348 ) ) ;
#3973 = AXIS2_PLACEMENT_3D ( 'NONE', #334, #5115, #5074 ) ;
#3974 = CARTESIAN_POINT ( 'NONE',  ( 20.32000000000000028, 2.540000000000000036, 0.8890000000000015667 ) ) ;
#3975 = AXIS2_PLACEMENT_3D ( 'NONE', #5181, #1061, #557 ) ;
#3976 = MECHANICAL_DESIGN_GEOMETRIC_PRESENTATION_REPRESENTATION (  '', ( #7338 ), #1627 ) ;
#3977 = DIRECTION ( 'NONE',  ( 0.7071067811865456854, 0.000000000000000000, -0.7071067811865493491 ) ) ;
#3978 = AXIS2_PLACEMENT_3D ( 'NONE', #1468, #2631, #5554 ) ;
#3979 = EDGE_LOOP ( 'NONE', ( #5736, #3641, #6880, #4127 ) ) ;
#3980 = DIRECTION ( 'NONE',  ( -1.000000000000000000, -0.000000000000000000, -0.000000000000000000 ) ) ;
#3981 = ORIENTED_EDGE ( 'NONE', *, *, #6782, .T. ) ;
#3982 = ADVANCED_FACE ( 'NONE', ( #3860 ), #2794, .T. ) ;
#3983 = ORIENTED_EDGE ( 'NONE', *, *, #6263, .F. ) ;
#3984 = FACE_BOUND ( 'NONE', #6168, .T. ) ;
#3985 = VECTOR ( 'NONE', #2934, 1000.000000000000000 ) ;
#3986 = CARTESIAN_POINT ( 'NONE',  ( -2.540000000000000480, 0.000000000000000000, -0.8889999999999974589 ) ) ;
#3987 = ORIENTED_EDGE ( 'NONE', *, *, #4274, .F. ) ;
#3988 = VECTOR ( 'NONE', #2291, 1000.000000000000000 ) ;
#3989 = AXIS2_PLACEMENT_3D ( 'NONE', #6125, #805, #3626 ) ;
#3990 = ORIENTED_EDGE ( 'NONE', *, *, #321, .F. ) ;
#3991 = DIRECTION ( 'NONE',  ( -1.000000000000000000, -0.000000000000000000, -0.000000000000000000 ) ) ;
#3992 = ORIENTED_EDGE ( 'NONE', *, *, #2556, .T. ) ;
#3993 = CARTESIAN_POINT ( 'NONE',  ( 0.9525000000000019007, 0.000000000000000000, -0.3174999999999983946 ) ) ;
#3994 = CARTESIAN_POINT ( 'NONE',  ( 8.001000000000001222, 0.000000000000000000, 1.270000000000003348 ) ) ;
#3995 = CARTESIAN_POINT ( 'NONE',  ( 12.70000000000000107, 2.540000000000000036, 0.000000000000000000 ) ) ;
#3996 = ORIENTED_EDGE ( 'NONE', *, *, #1280, .F. ) ;
#3997 = ORIENTED_EDGE ( 'NONE', *, *, #5601, .F. ) ;
#3998 = CARTESIAN_POINT ( 'NONE',  ( 2.540000000000000480, 0.000000000000000000, 0.8890000000000022329 ) ) ;
#3999 = LINE ( 'NONE', #5206, #6408 ) ;
#4000 = ORIENTED_EDGE ( 'NONE', *, *, #7583, .T. ) ;
#4001 = ORIENTED_EDGE ( 'NONE', *, *, #6917, .F. ) ;
#4002 = CARTESIAN_POINT ( 'NONE',  ( 19.36750000000000327, 0.000000000000000000, -0.3174999999999983946 ) ) ;
#4003 = CARTESIAN_POINT ( 'NONE',  ( -13.08099999999999952, 0.000000000000000000, 1.270000000000002904 ) ) ;
#4004 = ITEM_DEFINED_TRANSFORMATION ( 'NONE', 'NONE', #5479,  #259 ) ;
#4005 = CARTESIAN_POINT ( 'NONE',  ( 2.159000000000001140, 2.540000000000000036, -1.269999999999997353 ) ) ;
#4006 = ORIENTED_EDGE ( 'NONE', *, *, #6634, .T. ) ;
#4007 = DIRECTION ( 'NONE',  ( 0.000000000000000000, 1.000000000000000000, 0.000000000000000000 ) ) ;
#4008 = LINE ( 'NONE', #7545, #5702 ) ;
#4009 = PLANE ( 'NONE',  #772 ) ;
#4010 = EDGE_CURVE ( 'NONE', #587, #1465, #7509, .T. ) ;
#4011 = ADVANCED_FACE ( 'NONE', ( #2760, #403 ), #2655, .T. ) ;
#4012 = LINE ( 'NONE', #3276, #7208 ) ;
#4013 = EDGE_LOOP ( 'NONE', ( #1464, #6382, #5884, #2274 ) ) ;
#4014 = LINE ( 'NONE', #7382, #1425 ) ;
#4015 = EDGE_LOOP ( 'NONE', ( #2159, #6040, #1874, #7373 ) ) ;
#4016 = CARTESIAN_POINT ( 'NONE',  ( 14.85899999999999999, 0.000000000000000000, -1.269999999999997353 ) ) ;
#4017 = VERTEX_POINT ( 'NONE', #948 ) ;
#4018 = LINE ( 'NONE', #3941, #6101 ) ;
#4019 = ADVANCED_FACE ( 'NONE', ( #2218 ), #7434, .T. ) ;
#4020 = LINE ( 'NONE', #4058, #1138 ) ;
#4021 = EDGE_CURVE ( 'NONE', #6677, #3509, #6298, .T. ) ;
#4022 = EDGE_CURVE ( 'NONE', #6114, #7447, #5624, .T. ) ;
#4023 = LINE ( 'NONE', #6391, #2142 ) ;
#4024 = LINE ( 'NONE', #349, #5216 ) ;
#4025 = VERTEX_POINT ( 'NONE', #6885 ) ;
#4026 = ORIENTED_EDGE ( 'NONE', *, *, #2035, .T. ) ;
#4027 = PLANE ( 'NONE',  #2654 ) ;
#4028 = ORIENTED_EDGE ( 'NONE', *, *, #976, .F. ) ;
#4029 = VECTOR ( 'NONE', #4920, 1000.000000000000000 ) ;
#4030 = DIRECTION ( 'NONE',  ( 0.000000000000000000, 0.000000000000000000, 1.000000000000000000 ) ) ;
#4031 = LINE ( 'NONE', #1670, #361 ) ;
#4032 = FACE_BOUND ( 'NONE', #7286, .T. ) ;
#4033 = EDGE_CURVE ( 'NONE', #846, #270, #916, .T. ) ;
#4034 = PLANE ( 'NONE',  #5118 ) ;
#4035 = VECTOR ( 'NONE', #2185, 1000.000000000000000 ) ;
#4036 = UNCERTAINTY_MEASURE_WITH_UNIT (LENGTH_MEASURE( 1.000000000000000082E-05 ), #2426, 'distance_accuracy_value', 'NONE');
#4037 = ORIENTED_EDGE ( 'NONE', *, *, #1907, .F. ) ;
#4038 = ORIENTED_EDGE ( 'NONE', *, *, #1561, .T. ) ;
#4039 = LINE ( 'NONE', #6404, #560 ) ;
#4040 = CARTESIAN_POINT ( 'NONE',  ( 7.620000000000001883, 0.000000000000000000, 0.8890000000000022329 ) ) ;
#4041 = VERTEX_POINT ( 'NONE', #6959 ) ;
#4042 = ORIENTED_EDGE ( 'NONE', *, *, #2960, .F. ) ;
#4043 = DIRECTION ( 'NONE',  ( 0.000000000000000000, -0.2079116908177565115, 0.9781476007338062439 ) ) ;
#4044 = DIRECTION ( 'NONE',  ( -0.7071067811865474617, -0.000000000000000000, 0.7071067811865474617 ) ) ;
#4045 = CONTEXT_DEPENDENT_SHAPE_REPRESENTATION ( #3096, #6029 ) ;
#4046 = AXIS2_PLACEMENT_3D ( 'NONE', #909, #6803, #1564 ) ;
#4047 = DIRECTION ( 'NONE',  ( 1.000000000000000000, -0.000000000000000000, 0.000000000000000000 ) ) ;
#4048 = ORIENTED_EDGE ( 'NONE', *, *, #7011, .T. ) ;
#4049 = DIRECTION ( 'NONE',  ( 0.000000000000000000, 0.000000000000000000, -1.000000000000000000 ) ) ;
#4050 = DIRECTION ( 'NONE',  ( 0.7071067811865459074, 0.000000000000000000, 0.7071067811865491270 ) ) ;
#4051 = DIRECTION ( 'NONE',  ( -0.7071067811865474617, -0.000000000000000000, 0.7071067811865474617 ) ) ;
#4052 = ORIENTED_EDGE ( 'NONE', *, *, #5119, .T. ) ;
#4053 = DIRECTION ( 'NONE',  ( 0.000000000000000000, 0.000000000000000000, -1.000000000000000000 ) ) ;
#4054 = ORIENTED_EDGE ( 'NONE', *, *, #658, .T. ) ;
#4055 = DIRECTION ( 'NONE',  ( -0.7071067811865477948, -0.000000000000000000, -0.7071067811865473507 ) ) ;
#4056 = VERTEX_POINT ( 'NONE', #3269 ) ;
#4057 = DIRECTION ( 'NONE',  ( -0.7071067811865475727, 0.000000000000000000, -0.7071067811865475727 ) ) ;
#4058 = CARTESIAN_POINT ( 'NONE',  ( -20.32000000000000028, 0.000000000000000000, -0.8889999999999974589 ) ) ;
#4059 = DIRECTION ( 'NONE',  ( 0.000000000000000000, 1.000000000000000000, 0.000000000000000000 ) ) ;
#4060 = ORIENTED_EDGE ( 'NONE', *, *, #7593, .F. ) ;
#4061 = PRODUCT_RELATED_PRODUCT_CATEGORY ( 'part', '', ( #266 ) ) ;
#4062 = ORIENTED_EDGE ( 'NONE', *, *, #5406, .T. ) ;
#4063 = PRESENTATION_STYLE_ASSIGNMENT (( #7021 ) ) ;
#4064 = ORIENTED_EDGE ( 'NONE', *, *, #4732, .T. ) ;
#4065 = ADVANCED_FACE ( 'NONE', ( #291 ), #3375, .T. ) ;
#4066 = EDGE_CURVE ( 'NONE', #1494, #3163, #6854, .T. ) ;
#4067 = DIRECTION ( 'NONE',  ( 0.000000000000000000, -0.000000000000000000, 1.000000000000000000 ) ) ;
#4068 = DIRECTION ( 'NONE',  ( 1.000000000000000000, 0.000000000000000000, -2.439149994343089694E-16 ) ) ;
#4069 = DIRECTION ( 'NONE',  ( -0.7071067811865474617, -0.000000000000000000, 0.7071067811865474617 ) ) ;
#4070 = LINE ( 'NONE', #585, #7595 ) ;
#4071 = ORIENTED_EDGE ( 'NONE', *, *, #5820, .T. ) ;
#4072 = EDGE_CURVE ( 'NONE', #7033, #2524, #4581, .T. ) ;
#4073 = AXIS2_PLACEMENT_3D ( 'NONE', #1643, #5211, #2259 ) ;
#4074 = ORIENTED_EDGE ( 'NONE', *, *, #4166, .T. ) ;
#4075 = CARTESIAN_POINT ( 'NONE',  ( -10.16000000000000014, 0.000000000000000000, 0.8890000000000015667 ) ) ;
#4076 = LINE ( 'NONE', #1167, #5157 ) ;
#4077 = EDGE_LOOP ( 'NONE', ( #6622, #6023, #4965, #2298 ) ) ;
#4078 = ORIENTED_EDGE ( 'NONE', *, *, #4155, .F. ) ;
#4079 = EDGE_CURVE ( 'NONE', #5232, #855, #3232, .T. ) ;
#4080 = FACE_BOUND ( 'NONE', #4495, .T. ) ;
#4081 = LINE ( 'NONE', #3450, #3700 ) ;
#4082 = VECTOR ( 'NONE', #6013, 1000.000000000000000 ) ;
#4083 = ITEM_DEFINED_TRANSFORMATION ( 'NONE', 'NONE', #5607,  #259 ) ;
#4084 = DIRECTION ( 'NONE',  ( -0.000000000000000000, -0.000000000000000000, -1.000000000000000000 ) ) ;
#4085 = VECTOR ( 'NONE', #3655, 1000.000000000000000 ) ;
#4086 = EDGE_LOOP ( 'NONE', ( #2443, #4117, #564, #7444 ) ) ;
#4087 = EDGE_CURVE ( 'NONE', #728, #1552, #3302, .T. ) ;
#4088 = CARTESIAN_POINT ( 'NONE',  ( -16.19249999999999901, 2.540000000000000036, -0.3174999999999983946 ) ) ;
#4089 = PLANE ( 'NONE',  #368 ) ;
#4090 = VECTOR ( 'NONE', #3531, 1000.000000000000000 ) ;
#4091 = CARTESIAN_POINT ( 'NONE',  ( -19.93900000000000361, 0.000000000000000000, -1.269999999999996909 ) ) ;
#4092 = SURFACE_STYLE_USAGE ( .BOTH. , #4668 ) ;
#4093 = ORIENTED_EDGE ( 'NONE', *, *, #6452, .F. ) ;
#4094 = AXIS2_PLACEMENT_3D ( 'NONE', #4645, #5129, #3481 ) ;
#4095 = CARTESIAN_POINT ( 'NONE',  ( 6.032500000000003304, 0.000000000000000000, 0.3175000000000017808 ) ) ;
#4096 = ORIENTED_EDGE ( 'NONE', *, *, #5881, .T. ) ;
#4097 = PLANE ( 'NONE',  #2605 ) ;
#4098 = ORIENTED_EDGE ( 'NONE', *, *, #5923, .F. ) ;
#4099 = FACE_OUTER_BOUND ( 'NONE', #2231, .T. ) ;
#4100 =( GEOMETRIC_REPRESENTATION_CONTEXT ( 3 ) GLOBAL_UNCERTAINTY_ASSIGNED_CONTEXT ( ( #5822 ) ) GLOBAL_UNIT_ASSIGNED_CONTEXT ( ( #1724, #48, #562 ) ) REPRESENTATION_CONTEXT ( 'NONE', 'WORKASPACE' ) );
#4101 = VECTOR ( 'NONE', #828, 1000.000000000000000 ) ;
#4102 = PLANE ( 'NONE',  #4985 ) ;
#4103 = SURFACE_STYLE_FILL_AREA ( #589 ) ;
#4104 = ORIENTED_EDGE ( 'NONE', *, *, #7002, .T. ) ;
#4105 = ORIENTED_EDGE ( 'NONE', *, *, #1029, .T. ) ;
#4106 = PRESENTATION_LAYER_ASSIGNMENT (  '', '', ( #6841 ) ) ;
#4107 = VECTOR ( 'NONE', #7182, 1000.000000000000000 ) ;
#4108 = DIRECTION ( 'NONE',  ( 0.000000000000000000, 0.000000000000000000, 1.000000000000000000 ) ) ;
#4109 = CARTESIAN_POINT ( 'NONE',  ( -15.62099999999999866, 0.000000000000000000, 1.270000000000002904 ) ) ;
#4110 = DIRECTION ( 'NONE',  ( -0.000000000000000000, -0.000000000000000000, -1.000000000000000000 ) ) ;
#4111 = DIRECTION ( 'NONE',  ( 0.000000000000000000, -0.000000000000000000, 1.000000000000000000 ) ) ;
#4112 = CARTESIAN_POINT ( 'NONE',  ( -8.572499999999998010, 0.000000000000000000, -0.3174999999999983946 ) ) ;
#4113 = VECTOR ( 'NONE', #523, 1000.000000000000114 ) ;
#4114 = EDGE_CURVE ( 'NONE', #3867, #4431, #2721, .T. ) ;
#4115 = EDGE_CURVE ( 'NONE', #4413, #4196, #4512, .T. ) ;
#4116 = ORIENTED_EDGE ( 'NONE', *, *, #1029, .F. ) ;
#4117 = ORIENTED_EDGE ( 'NONE', *, *, #2072, .T. ) ;
#4118 = CARTESIAN_POINT ( 'NONE',  ( 17.39900000000000091, 0.000000000000000000, -1.269999999999997353 ) ) ;
#4119 = CARTESIAN_POINT ( 'NONE',  ( -18.73249999999999815, 0.000000000000000000, 0.3175000000000017808 ) ) ;
#4120 = ORIENTED_EDGE ( 'NONE', *, *, #4087, .T. ) ;
#4121 = AXIS2_PLACEMENT_3D ( 'NONE', #7300, #3135, #5480 ) ;
#4122 = CARTESIAN_POINT ( 'NONE',  ( -17.78000000000000114, 0.000000000000000000, -0.8889999999999981251 ) ) ;
#4123 = LINE ( 'NONE', #6410, #4822 ) ;
#4124 = EDGE_CURVE ( 'NONE', #7254, #3849, #2261, .T. ) ;
#4125 = EDGE_CURVE ( 'NONE', #5161, #1773, #5335, .T. ) ;
#4126 = PLANE ( 'NONE',  #3413 ) ;
#4127 = ORIENTED_EDGE ( 'NONE', *, *, #935, .T. ) ;
#4128 = DIRECTION ( 'NONE',  ( -1.000000000000000000, 0.000000000000000000, 2.439149994343089694E-16 ) ) ;
#4129 = PLANE ( 'NONE',  #1860 ) ;
#4130 = CARTESIAN_POINT ( 'NONE',  ( 15.62099999999999866, 0.000000000000000000, -1.269999999999996909 ) ) ;
#4131 = EDGE_CURVE ( 'NONE', #2256, #3589, #5914, .T. ) ;
#4132 = ORIENTED_EDGE ( 'NONE', *, *, #6934, .T. ) ;
#4133 = PLANE ( 'NONE',  #7129 ) ;
#4134 = VERTEX_POINT ( 'NONE', #43 ) ;
#4135 = CARTESIAN_POINT ( 'NONE',  ( 2.920999999999999819, 2.540000000000000036, -1.269999999999996909 ) ) ;
#4136 = PLANE ( 'NONE',  #2242 ) ;
#4137 = UNCERTAINTY_MEASURE_WITH_UNIT (LENGTH_MEASURE( 1.000000000000000082E-05 ), #1299, 'distance_accuracy_value', 'NONE');
#4138 = DIRECTION ( 'NONE',  ( -0.000000000000000000, 1.000000000000000000, 0.000000000000000000 ) ) ;
#4139 = DIRECTION ( 'NONE',  ( -0.000000000000000000, -0.000000000000000000, 1.000000000000000000 ) ) ;
#4140 = VERTEX_POINT ( 'NONE', #1797 ) ;
#4141 = EDGE_LOOP ( 'NONE', ( #5150, #2612, #2645, #1589 ) ) ;
#4142 = DIRECTION ( 'NONE',  ( 0.000000000000000000, 1.000000000000000000, 0.000000000000000000 ) ) ;
#4143 = DIRECTION ( 'NONE',  ( -1.000000000000000000, -0.000000000000000000, -0.000000000000000000 ) ) ;
#4144 = DIRECTION ( 'NONE',  ( 0.000000000000000000, 0.000000000000000000, 1.000000000000000000 ) ) ;
#4145 = LINE ( 'NONE', #7223, #6694 ) ;
#4146 = LINE ( 'NONE', #2481, #3338 ) ;
#4147 = CARTESIAN_POINT ( 'NONE',  ( 18.16100000000000136, 2.540000000000000036, 1.270000000000003348 ) ) ;
#4148 = VERTEX_POINT ( 'NONE', #1645 ) ;
#4149 = ORIENTED_EDGE ( 'NONE', *, *, #6979, .F. ) ;
#4150 = VECTOR ( 'NONE', #3624, 1000.000000000000000 ) ;
#4151 = LINE ( 'NONE', #3562, #4763 ) ;
#4152 = ORIENTED_EDGE ( 'NONE', *, *, #851, .T. ) ;
#4153 = CARTESIAN_POINT ( 'NONE',  ( 10.16000000000000192, 2.540000000000000036, -0.8889999999999981251 ) ) ;
#4154 = DIRECTION ( 'NONE',  ( -0.000000000000000000, -0.000000000000000000, -1.000000000000000000 ) ) ;
#4155 = EDGE_CURVE ( 'NONE', #7517, #5103, #2380, .T. ) ;
#4156 = DIRECTION ( 'NONE',  ( 0.000000000000000000, -0.000000000000000000, 1.000000000000000000 ) ) ;
#4157 = VECTOR ( 'NONE', #3151, 1000.000000000000000 ) ;
#4158 = LINE ( 'NONE', #5376, #7569 ) ;
#4159 = ITEM_DEFINED_TRANSFORMATION ( 'NONE', 'NONE', #137,  #259 ) ;
#4160 = PRODUCT_DEFINITION_SHAPE ( 'NONE', 'NONE',  #7703 ) ;
#4161 = EDGE_CURVE ( 'NONE', #2820, #3884, #6455, .T. ) ;
#4162 = CARTESIAN_POINT ( 'NONE',  ( 0.000000000000000000, 0.000000000000000000, 0.8890000000000022329 ) ) ;
#4163 = VERTEX_POINT ( 'NONE', #1 ) ;
#4164 = DIRECTION ( 'NONE',  ( 0.000000000000000000, 0.2079116908177560674, 0.9781476007338063550 ) ) ;
#4165 = EDGE_CURVE ( 'NONE', #196, #1680, #2420, .T. ) ;
#4166 = EDGE_CURVE ( 'NONE', #1898, #507, #1173, .T. ) ;
#4167 = PLANE ( 'NONE',  #3460 ) ;
#4168 = DIRECTION ( 'NONE',  ( 0.000000000000000000, 0.000000000000000000, 1.000000000000000000 ) ) ;
#4169 = ORIENTED_EDGE ( 'NONE', *, *, #6441, .T. ) ;
#4170 = EDGE_CURVE ( 'NONE', #3311, #2093, #4747, .T. ) ;
#4171 = DIRECTION ( 'NONE',  ( 1.000000000000000000, 0.000000000000000000, -0.000000000000000000 ) ) ;
#4172 = ORIENTED_EDGE ( 'NONE', *, *, #5556, .T. ) ;
#4173 = LINE ( 'NONE', #528, #114 ) ;
#4174 = LINE ( 'NONE', #570, #116 ) ;
#4175 = EDGE_CURVE ( 'NONE', #7526, #3552, #516, .T. ) ;
#4176 = FACE_OUTER_BOUND ( 'NONE', #2263, .T. ) ;
#4177 = DIRECTION ( 'NONE',  ( 0.000000000000000000, 0.000000000000000000, 1.000000000000000000 ) ) ;
#4178 = EDGE_LOOP ( 'NONE', ( #5045, #2023, #7416, #6414 ) ) ;
#4179 = ORIENTED_EDGE ( 'NONE', *, *, #7113, .T. ) ;
#4180 = SURFACE_SIDE_STYLE ('',( #655 ) ) ;
#4181 = DIRECTION ( 'NONE',  ( -0.000000000000000000, -0.000000000000000000, 1.000000000000000000 ) ) ;
#4182 = EDGE_CURVE ( 'NONE', #283, #5103, #1059, .T. ) ;
#4183 = PLANE ( 'NONE',  #6571 ) ;
#4184 = LINE ( 'NONE', #100, #2099 ) ;
#4185 = PLANE ( 'NONE',  #3970 ) ;
#4186 = CARTESIAN_POINT ( 'NONE',  ( 10.54099999999999859, 2.540000000000000036, -1.269999999999996909 ) ) ;
#4187 = ORIENTED_EDGE ( 'NONE', *, *, #657, .T. ) ;
#4188 = VERTEX_POINT ( 'NONE', #2908 ) ;
#4189 = CARTESIAN_POINT ( 'NONE',  ( -0.2446143550033492986, -10.66799999999999926, -0.3174999999999999489 ) ) ;
#4190 = EDGE_LOOP ( 'NONE', ( #6370, #6100, #1284, #3517 ) ) ;
#4191 = PLANE ( 'NONE',  #2113 ) ;
#4192 = CARTESIAN_POINT ( 'NONE',  ( 2.540000000000000480, 2.540000000000000036, -0.8889999999999974589 ) ) ;
#4193 = CARTESIAN_POINT ( 'NONE',  ( 4.127500000000003055, 2.540000000000000036, 0.3175000000000017808 ) ) ;
#4194 = LINE ( 'NONE', #1368, #498 ) ;
#4195 = CARTESIAN_POINT ( 'NONE',  ( 12.31900000000000084, 2.540000000000000036, -1.269999999999997353 ) ) ;
#4196 = VERTEX_POINT ( 'NONE', #5952 ) ;
#4197 = CARTESIAN_POINT ( 'NONE',  ( 6.032500000000003304, 0.000000000000000000, -0.3174999999999983946 ) ) ;
#4198 = VECTOR ( 'NONE', #4154, 1000.000000000000000 ) ;
#4199 = FACE_OUTER_BOUND ( 'NONE', #7187, .T. ) ;
#4200 = PLANE ( 'NONE',  #1634 ) ;
#4201 = ADVANCED_FACE ( 'NONE', ( #637 ), #4126, .T. ) ;
#4202 = VECTOR ( 'NONE', #4769, 1000.000000000000000 ) ;
#4203 = EDGE_CURVE ( 'NONE', #5801, #647, #5377, .T. ) ;
#4204 = ORIENTED_EDGE ( 'NONE', *, *, #946, .T. ) ;
#4205 = PLANE ( 'NONE',  #312 ) ;
#4206 = VERTEX_POINT ( 'NONE', #2875 ) ;
#4207 = FACE_OUTER_BOUND ( 'NONE', #2047, .T. ) ;
#4208 = CARTESIAN_POINT ( 'NONE',  ( 18.73250000000000171, 0.000000000000000000, 0.3175000000000017808 ) ) ;
#4209 = VECTOR ( 'NONE', #7008, 1000.000000000000000 ) ;
#4210 = DIRECTION ( 'NONE',  ( 0.000000000000000000, 0.000000000000000000, 1.000000000000000000 ) ) ;
#4211 = VECTOR ( 'NONE', #7339, 1000.000000000000000 ) ;
#4212 = CARTESIAN_POINT ( 'NONE',  ( 7.620000000000001883, 0.000000000000000000, -0.8889999999999974589 ) ) ;
#4213 = EDGE_CURVE ( 'NONE', #2269, #5009, #4786, .T. ) ;
#4214 = ORIENTED_EDGE ( 'NONE', *, *, #366, .F. ) ;
#4215 = VECTOR ( 'NONE', #7186, 1000.000000000000000 ) ;
#4216 = ORIENTED_EDGE ( 'NONE', *, *, #1945, .T. ) ;
#4217 = ORIENTED_EDGE ( 'NONE', *, *, #7592, .T. ) ;
#4218 = LINE ( 'NONE', #6597, #7340 ) ;
#4219 = VECTOR ( 'NONE', #458, 1000.000000000000000 ) ;
#4220 = DIRECTION ( 'NONE',  ( -2.439149994343089694E-16, 0.000000000000000000, -1.000000000000000000 ) ) ;
#4221 = CARTESIAN_POINT ( 'NONE',  ( -14.28749999999999787, 2.540000000000000036, -0.3174999999999983946 ) ) ;
#4222 = VECTOR ( 'NONE', #7413, 1000.000000000000000 ) ;
#4223 = DIRECTION ( 'NONE',  ( -0.000000000000000000, 1.000000000000000000, 0.000000000000000000 ) ) ;
#4224 = PRODUCT_DEFINITION_SHAPE ( 'NONE', 'NONE',  #7697 ) ;
#4225 = AXIS2_PLACEMENT_3D ( 'NONE', #4330, #769, #3665 ) ;
#4226 = LINE ( 'NONE', #1979, #3123 ) ;
#4227 = ADVANCED_FACE ( 'NONE', ( #2302 ), #5297, .F. ) ;
#4228 = ORIENTED_EDGE ( 'NONE', *, *, #3927, .T. ) ;
#4229 = AXIS2_PLACEMENT_3D ( 'NONE', #6044, #3155, #1929 ) ;
#4230 = ORIENTED_EDGE ( 'NONE', *, *, #4161, .F. ) ;
#4231 = CARTESIAN_POINT ( 'NONE',  ( -15.62099999999999866, 2.540000000000000036, -1.269999999999997353 ) ) ;
#4232 =( LENGTH_UNIT ( ) NAMED_UNIT ( * ) SI_UNIT ( .MILLI., .METRE. ) );
#4233 = ORIENTED_EDGE ( 'NONE', *, *, #3587, .T. ) ;
#4234 = PRODUCT_DEFINITION_FORMATION_WITH_SPECIFIED_SOURCE ( 'ANY', '', #266, .NOT_KNOWN. ) ;
#4235 = DIRECTION ( 'NONE',  ( 0.000000000000000000, 1.000000000000000000, 0.000000000000000000 ) ) ;
#4236 = CARTESIAN_POINT ( 'NONE',  ( -0.9524999999999984590, 0.000000000000000000, 0.3175000000000017808 ) ) ;
#4237 = VECTOR ( 'NONE', #5920, 1000.000000000000000 ) ;
#4238 = DIRECTION ( 'NONE',  ( 0.000000000000000000, 0.000000000000000000, 1.000000000000000000 ) ) ;
#4239 = CARTESIAN_POINT ( 'NONE',  ( -12.70000000000000107, 2.540000000000000036, -0.8889999999999974589 ) ) ;
#4240 = AXIS2_PLACEMENT_3D ( 'NONE', #4381, #1513, #5014 ) ;
#4241 = DIRECTION ( 'NONE',  ( 0.000000000000000000, 1.000000000000000000, 0.000000000000000000 ) ) ;
#4242 = ORIENTED_EDGE ( 'NONE', *, *, #3635, .F. ) ;
#4243 = CARTESIAN_POINT ( 'NONE',  ( -0.2446143550033492986, -10.66799999999999926, 0.2446143550033492986 ) ) ;
#4244 = DIRECTION ( 'NONE',  ( 0.000000000000000000, 1.000000000000000000, 0.000000000000000000 ) ) ;
#4245 = CARTESIAN_POINT ( 'NONE',  ( -4.127499999999999503, 0.000000000000000000, -0.3174999999999983946 ) ) ;
#4246 = DIRECTION ( 'NONE',  ( 0.000000000000000000, 0.000000000000000000, 1.000000000000000000 ) ) ;
#4247 = ORIENTED_EDGE ( 'NONE', *, *, #7103, .T. ) ;
#4248 = CARTESIAN_POINT ( 'NONE',  ( -7.239000000000000767, 2.540000000000000036, 1.270000000000003348 ) ) ;
#4249 = ORIENTED_EDGE ( 'NONE', *, *, #5771, .T. ) ;
#4250 = LINE ( 'NONE', #6625, #1762 ) ;
#4251 = PLANE ( 'NONE',  #5092 ) ;
#4252 = ADVANCED_FACE ( 'NONE', ( #7663 ), #6491, .T. ) ;
#4253 = ADVANCED_FACE ( 'NONE', ( #1684, #1718 ), #6413, .F. ) ;
#4254 = DIRECTION ( 'NONE',  ( 0.000000000000000000, 1.000000000000000000, 0.000000000000000000 ) ) ;
#4255 = ORIENTED_EDGE ( 'NONE', *, *, #1698, .T. ) ;
#4256 = VERTEX_POINT ( 'NONE', #1957 ) ;
#4257 = EDGE_CURVE ( 'NONE', #5044, #4333, #7189, .T. ) ;
#4258 = ORIENTED_EDGE ( 'NONE', *, *, #4508, .T. ) ;
#4259 = CARTESIAN_POINT ( 'NONE',  ( 11.74750000000000050, 0.000000000000000000, -0.3174999999999983946 ) ) ;
#4260 = LINE ( 'NONE', #614, #6719 ) ;
#4261 = FACE_OUTER_BOUND ( 'NONE', #2292, .T. ) ;
#4262 = LINE ( 'NONE', #3597, #3324 ) ;
#4263 = EDGE_CURVE ( 'NONE', #3271, #4413, #2532, .T. ) ;
#4264 = EDGE_CURVE ( 'NONE', #270, #5636, #3183, .T. ) ;
#4265 = DIRECTION ( 'NONE',  ( 0.000000000000000000, 0.000000000000000000, -1.000000000000000000 ) ) ;
#4266 = CARTESIAN_POINT ( 'NONE',  ( 6.032500000000003304, 0.000000000000000000, 0.3175000000000017808 ) ) ;
#4267 = PRESENTATION_LAYER_ASSIGNMENT (  '', '', ( #2282 ) ) ;
#4268 = VERTEX_POINT ( 'NONE', #1333 ) ;
#4269 = ORIENTED_EDGE ( 'NONE', *, *, #5220, .T. ) ;
#4270 = PLANE ( 'NONE',  #2629 ) ;
#4271 = ORIENTED_EDGE ( 'NONE', *, *, #1834, .T. ) ;
#4272 = CARTESIAN_POINT ( 'NONE',  ( -4.699000000000001620, 0.000000000000000000, -1.269999999999996909 ) ) ;
#4273 = DIRECTION ( 'NONE',  ( 0.000000000000000000, 0.000000000000000000, 1.000000000000000000 ) ) ;
#4274 = EDGE_CURVE ( 'NONE', #3147, #1483, #239, .T. ) ;
#4275 = LINE ( 'NONE', #4819, #494 ) ;
#4276 = PLANE ( 'NONE',  #2355 ) ;
#4277 = DIRECTION ( 'NONE',  ( 0.000000000000000000, 1.000000000000000000, 0.000000000000000000 ) ) ;
#4278 = VERTEX_POINT ( 'NONE', #2452 ) ;
#4279 = CARTESIAN_POINT ( 'NONE',  ( 0.3809999999999993947, 0.000000000000000000, 1.270000000000003348 ) ) ;
#4280 = LINE ( 'NONE', #5999, #3843 ) ;
#4281 = DIRECTION ( 'NONE',  ( -0.000000000000000000, 1.000000000000000000, 0.000000000000000000 ) ) ;
#4282 = SURFACE_STYLE_FILL_AREA ( #246 ) ;
#4283 = VECTOR ( 'NONE', #1023, 1000.000000000000000 ) ;
#4284 = ORIENTED_EDGE ( 'NONE', *, *, #5519, .F. ) ;
#4285 = CARTESIAN_POINT ( 'NONE',  ( 16.19250000000000256, 0.000000000000000000, 0.3175000000000017808 ) ) ;
#4286 = ORIENTED_EDGE ( 'NONE', *, *, #4697, .T. ) ;
#4287 = DIRECTION ( 'NONE',  ( -0.7071067811865474617, -0.000000000000000000, 0.7071067811865474617 ) ) ;
#4288 = DIRECTION ( 'NONE',  ( 0.000000000000000000, 0.000000000000000000, 1.000000000000000000 ) ) ;
#4289 = DIRECTION ( 'NONE',  ( 0.000000000000000000, -0.000000000000000000, 1.000000000000000000 ) ) ;
#4290 = DIRECTION ( 'NONE',  ( 0.000000000000000000, 0.000000000000000000, 1.000000000000000000 ) ) ;
#4291 =( REPRESENTATION_RELATIONSHIP ('NONE','NONE', #6526, #1223 ) REPRESENTATION_RELATIONSHIP_WITH_TRANSFORMATION ( #4159 )SHAPE_REPRESENTATION_RELATIONSHIP( ) );
#4292 = ORIENTED_EDGE ( 'NONE', *, *, #6301, .F. ) ;
#4293 = ORIENTED_EDGE ( 'NONE', *, *, #2403, .T. ) ;
#4294 = ORIENTED_EDGE ( 'NONE', *, *, #842, .T. ) ;
#4295 = DIRECTION ( 'NONE',  ( -0.000000000000000000, -0.000000000000000000, -1.000000000000000000 ) ) ;
#4296 = FACE_OUTER_BOUND ( 'NONE', #5256, .T. ) ;
#4297 = FACE_OUTER_BOUND ( 'NONE', #2782, .T. ) ;
#4298 = CARTESIAN_POINT ( 'NONE',  ( -2.920999999999999819, 2.540000000000000036, -1.269999999999997353 ) ) ;
#4299 = DIRECTION ( 'NONE',  ( 0.000000000000000000, 0.000000000000000000, 1.000000000000000000 ) ) ;
#4300 = AXIS2_PLACEMENT_3D ( 'NONE', #3327, #395, #2754 ) ;
#4301 = LINE ( 'NONE', #4860, #5985 ) ;
#4302 = VERTEX_POINT ( 'NONE', #5996 ) ;
#4303 = EDGE_CURVE ( 'NONE', #2169, #6642, #1370, .T. ) ;
#4304 = ORIENTED_EDGE ( 'NONE', *, *, #953, .T. ) ;
#4305 = PLANE ( 'NONE',  #7497 ) ;
#4306 = EDGE_CURVE ( 'NONE', #5059, #566, #3773, .T. ) ;
#4307 = CARTESIAN_POINT ( 'NONE',  ( 8.572500000000003340, 2.540000000000000036, -0.3174999999999983946 ) ) ;
#4308 = ORIENTED_EDGE ( 'NONE', *, *, #7407, .T. ) ;
#4309 = DIRECTION ( 'NONE',  ( 0.000000000000000000, 1.000000000000000000, 0.000000000000000000 ) ) ;
#4310 = DIRECTION ( 'NONE',  ( 0.000000000000000000, 1.000000000000000000, 0.000000000000000000 ) ) ;
#4311 = DIRECTION ( 'NONE',  ( 0.000000000000000000, -0.000000000000000000, 1.000000000000000000 ) ) ;
#4312 = PLANE ( 'NONE',  #4707 ) ;
#4313 = ORIENTED_EDGE ( 'NONE', *, *, #1071, .T. ) ;
#4314 = EDGE_CURVE ( 'NONE', #5010, #7579, #3690, .T. ) ;
#4315 = CARTESIAN_POINT ( 'NONE',  ( -12.70000000000000107, 0.000000000000000000, 0.8890000000000022329 ) ) ;
#4316 = ORIENTED_EDGE ( 'NONE', *, *, #3199, .T. ) ;
#4317 = CARTESIAN_POINT ( 'NONE',  ( 16.19250000000000256, 0.000000000000000000, 0.3175000000000017808 ) ) ;
#4318 = LINE ( 'NONE', #1414, #1990 ) ;
#4319 = DIRECTION ( 'NONE',  ( -1.000000000000000000, -0.000000000000000000, 2.439149994343089694E-16 ) ) ;
#4320 = DIRECTION ( 'NONE',  ( 0.000000000000000000, 0.000000000000000000, 1.000000000000000000 ) ) ;
#4321 = EDGE_CURVE ( 'NONE', #5586, #2761, #3734, .T. ) ;
#4322 = ORIENTED_EDGE ( 'NONE', *, *, #4066, .T. ) ;
#4323 = FACE_BOUND ( 'NONE', #3938, .T. ) ;
#4324 = VECTOR ( 'NONE', #6650, 1000.000000000000000 ) ;
#4325 = ORIENTED_EDGE ( 'NONE', *, *, #5457, .F. ) ;
#4326 = CARTESIAN_POINT ( 'NONE',  ( 10.15999999999999837, 0.000000000000000000, 0.8890000000000022329 ) ) ;
#4327 = LINE ( 'NONE', #4405, #2499 ) ;
#4328 = CARTESIAN_POINT ( 'NONE',  ( -11.74749999999999872, 0.000000000000000000, 0.3175000000000017808 ) ) ;
#4329 = AXIS2_PLACEMENT_3D ( 'NONE', #7100, #152, #5433 ) ;
#4330 = CARTESIAN_POINT ( 'NONE',  ( 7.620000000000000107, 0.000000000000000000, 0.000000000000000000 ) ) ;
#4331 = ORIENTED_EDGE ( 'NONE', *, *, #953, .F. ) ;
#4332 = ORIENTED_EDGE ( 'NONE', *, *, #7159, .F. ) ;
#4333 = VERTEX_POINT ( 'NONE', #3025 ) ;
#4334 = PLANE ( 'NONE',  #6647 ) ;
#4335 = DIRECTION ( 'NONE',  ( 0.000000000000000000, 0.000000000000000000, 1.000000000000000000 ) ) ;
#4336 = VECTOR ( 'NONE', #944, 1000.000000000000000 ) ;
#4337 = DIRECTION ( 'NONE',  ( 0.000000000000000000, -0.000000000000000000, 1.000000000000000000 ) ) ;
#4338 = CARTESIAN_POINT ( 'NONE',  ( -1.587499999999998579, 0.000000000000000000, 0.3175000000000017808 ) ) ;
#4339 = VECTOR ( 'NONE', #3200, 1000.000000000000000 ) ;
#4340 = DIRECTION ( 'NONE',  ( -1.000000000000000000, -0.000000000000000000, -0.000000000000000000 ) ) ;
#4341 = LINE ( 'NONE', #7342, #7095 ) ;
#4342 = COLOUR_RGB ( '',0.7921568627450980005, 0.8196078431372548767, 0.9333333333333333481 ) ;
#4343 = ORIENTED_EDGE ( 'NONE', *, *, #801, .T. ) ;
#4344 = ORIENTED_EDGE ( 'NONE', *, *, #1895, .F. ) ;
#4345 = LINE ( 'NONE', #1655, #6507 ) ;
#4346 = VECTOR ( 'NONE', #497, 1000.000000000000000 ) ;
#4347 = LINE ( 'NONE', #3094, #7018 ) ;
#4348 = ORIENTED_EDGE ( 'NONE', *, *, #653, .F. ) ;
#4349 = CARTESIAN_POINT ( 'NONE',  ( -20.32000000000000028, 0.000000000000000000, 0.8890000000000022329 ) ) ;
#4350 = DIRECTION ( 'NONE',  ( -0.000000000000000000, -0.000000000000000000, 1.000000000000000000 ) ) ;
#4351 = AXIS2_PLACEMENT_3D ( 'NONE', #127, #6155, #2538 ) ;
#4352 = LINE ( 'NONE', #6288, #1621 ) ;
#4353 = EDGE_CURVE ( 'NONE', #7033, #1348, #713, .T. ) ;
#4354 = EDGE_CURVE ( 'NONE', #6951, #7518, #7150, .T. ) ;
#4355 = PRESENTATION_LAYER_ASSIGNMENT (  '', '', ( #7338 ) ) ;
#4356 = CLOSED_SHELL ( 'NONE', ( #3615, #668, #7540, #1367, #6698, #1332, #2477, #4838, #800, #5473, #7015, #6454, #3969, #776 ) ) ;
#4357 = SURFACE_STYLE_FILL_AREA ( #3216 ) ;
#4358 = PRODUCT_DEFINITION_FORMATION_WITH_SPECIFIED_SOURCE ( 'ANY', '', #4990, .NOT_KNOWN. ) ;
#4359 = DIRECTION ( 'NONE',  ( 0.000000000000000000, 1.000000000000000000, 0.000000000000000000 ) ) ;
#4360 = ORIENTED_EDGE ( 'NONE', *, *, #1698, .F. ) ;
#4361 = VECTOR ( 'NONE', #4374, 1000.000000000000000 ) ;
#4362 = EDGE_CURVE ( 'NONE', #1898, #2473, #6149, .T. ) ;
#4363 = LINE ( 'NONE', #6186, #3948 ) ;
#4364 = CARTESIAN_POINT ( 'NONE',  ( -17.78000000000000114, 0.000000000000000000, 0.8890000000000022329 ) ) ;
#4365 = EDGE_CURVE ( 'NONE', #7358, #3509, #3104, .T. ) ;
#4366 = DIRECTION ( 'NONE',  ( 1.000000000000000000, 0.000000000000000000, 0.000000000000000000 ) ) ;
#4367 = VECTOR ( 'NONE', #1378, 1000.000000000000000 ) ;
#4368 = FACE_OUTER_BOUND ( 'NONE', #4723, .T. ) ;
#4369 = ORIENTED_EDGE ( 'NONE', *, *, #3356, .T. ) ;
#4370 = CARTESIAN_POINT ( 'NONE',  ( -13.08099999999999952, 0.000000000000000000, 1.270000000000002904 ) ) ;
#4371 = CARTESIAN_POINT ( 'NONE',  ( 2.540000000000000480, 0.000000000000000000, 0.8890000000000022329 ) ) ;
#4372 = AXIS2_PLACEMENT_3D ( 'NONE', #2861, #6461, #6480 ) ;
#4373 = EDGE_CURVE ( 'NONE', #5251, #394, #4949, .T. ) ;
#4374 = DIRECTION ( 'NONE',  ( 1.000000000000000000, 0.000000000000000000, -2.439149994343089694E-16 ) ) ;
#4375 = CARTESIAN_POINT ( 'NONE',  ( 16.19250000000000256, 0.000000000000000000, -0.3174999999999983946 ) ) ;
#4376 = VERTEX_POINT ( 'NONE', #7238 ) ;
#4377 = EDGE_LOOP ( 'NONE', ( #750, #7063, #4249, #6988 ) ) ;
#4378 = VERTEX_POINT ( 'NONE', #1920 ) ;
#4379 = DIRECTION ( 'NONE',  ( -1.000000000000000000, 0.000000000000000000, 0.000000000000000000 ) ) ;
#4380 = CARTESIAN_POINT ( 'NONE',  ( -2.920999999999999819, 2.540000000000000036, 1.270000000000002904 ) ) ;
#4381 = CARTESIAN_POINT ( 'NONE',  ( 18.16100000000000136, 0.000000000000000000, -1.269999999999996909 ) ) ;
#4382 = VERTEX_POINT ( 'NONE', #5533 ) ;
#4383 = ORIENTED_EDGE ( 'NONE', *, *, #4022, .F. ) ;
#4384 = DIRECTION ( 'NONE',  ( 0.000000000000000000, 1.000000000000000000, 0.000000000000000000 ) ) ;
#4385 = DIRECTION ( 'NONE',  ( 0.7071067811865459074, 0.000000000000000000, 0.7071067811865491270 ) ) ;
#4386 = ORIENTED_EDGE ( 'NONE', *, *, #7259, .T. ) ;
#4387 = CARTESIAN_POINT ( 'NONE',  ( 14.85899999999999999, 2.540000000000000036, 1.270000000000002904 ) ) ;
#4388 = CARTESIAN_POINT ( 'NONE',  ( 8.572500000000003340, 0.000000000000000000, 0.3175000000000017808 ) ) ;
#4389 = FACE_OUTER_BOUND ( 'NONE', #71, .T. ) ;
#4390 = DIRECTION ( 'NONE',  ( -0.000000000000000000, -0.000000000000000000, -1.000000000000000000 ) ) ;
#4391 = ORIENTED_EDGE ( 'NONE', *, *, #950, .T. ) ;
#4392 = CARTESIAN_POINT ( 'NONE',  ( 8.001000000000001222, 2.540000000000000036, -1.269999999999996909 ) ) ;
#4393 = EDGE_CURVE ( 'NONE', #3217, #1324, #6112, .T. ) ;
#4394 = ORIENTED_EDGE ( 'NONE', *, *, #4354, .T. ) ;
#4395 = CARTESIAN_POINT ( 'NONE',  ( 2.159000000000001140, 0.000000000000000000, -1.269999999999997353 ) ) ;
#4396 = LINE ( 'NONE', #6187, #6314 ) ;
#4397 = DIRECTION ( 'NONE',  ( 0.000000000000000000, 1.000000000000000000, 0.000000000000000000 ) ) ;
#4398 = DIRECTION ( 'NONE',  ( 1.000000000000000000, 0.000000000000000000, 0.000000000000000000 ) ) ;
#4399 = LINE ( 'NONE', #5458, #1804 ) ;
#4400 = EDGE_CURVE ( 'NONE', #681, #820, #7315, .T. ) ;
#4401 = ORIENTED_EDGE ( 'NONE', *, *, #2088, .T. ) ;
#4402 = VECTOR ( 'NONE', #4633, 1000.000000000000000 ) ;
#4403 = ADVANCED_FACE ( 'NONE', ( #4911 ), #5413, .F. ) ;
#4404 = FACE_OUTER_BOUND ( 'NONE', #3719, .T. ) ;
#4405 = CARTESIAN_POINT ( 'NONE',  ( 9.207500000000003126, 2.540000000000000036, 0.3175000000000017808 ) ) ;
#4406 = CARTESIAN_POINT ( 'NONE',  ( 0.3174999999999999489, 2.540000000000000036, 0.3174999999999999489 ) ) ;
#4407 = VECTOR ( 'NONE', #5260, 1000.000000000000000 ) ;
#4408 = EDGE_CURVE ( 'NONE', #1921, #7649, #832, .T. ) ;
#4409 = CARTESIAN_POINT ( 'NONE',  ( -8.000999999999999446, 0.000000000000000000, 1.270000000000002904 ) ) ;
#4410 = VERTEX_POINT ( 'NONE', #3618 ) ;
#4411 = ORIENTED_EDGE ( 'NONE', *, *, #6867, .T. ) ;
#4412 = EDGE_CURVE ( 'NONE', #3395, #5571, #3847, .T. ) ;
#4413 = VERTEX_POINT ( 'NONE', #6226 ) ;
#4414 = DIRECTION ( 'NONE',  ( 2.439149994343089694E-16, -0.000000000000000000, 1.000000000000000000 ) ) ;
#4415 = DIRECTION ( 'NONE',  ( 0.000000000000000000, 1.000000000000000000, 0.000000000000000000 ) ) ;
#4416 = DIRECTION ( 'NONE',  ( -1.000000000000000000, 0.000000000000000000, -0.000000000000000000 ) ) ;
#4417 = DIRECTION ( 'NONE',  ( -0.7071067811865491270, 0.000000000000000000, 0.7071067811865459074 ) ) ;
#4418 = AXIS2_PLACEMENT_3D ( 'NONE', #1097, #1877, #1410 ) ;
#4419 = EDGE_LOOP ( 'NONE', ( #3032, #884, #374, #5337 ) ) ;
#4420 = ORIENTED_EDGE ( 'NONE', *, *, #5654, .T. ) ;
#4421 = LINE ( 'NONE', #2230, #5525 ) ;
#4422 = ADVANCED_FACE ( 'NONE', ( #316 ), #6327, .F. ) ;
#4423 = SURFACE_STYLE_USAGE ( .BOTH. , #2058 ) ;
#4424 = VERTEX_POINT ( 'NONE', #7502 ) ;
#4425 = DIRECTION ( 'NONE',  ( -0.7071067811865491270, 0.000000000000000000, 0.7071067811865459074 ) ) ;
#4426 = LINE ( 'NONE', #6219, #5082 ) ;
#4427 = CARTESIAN_POINT ( 'NONE',  ( -4.699000000000001620, 2.540000000000000036, -1.269999999999996909 ) ) ;
#4428 = SURFACE_STYLE_FILL_AREA ( #2064 ) ;
#4429 = ORIENTED_EDGE ( 'NONE', *, *, #2262, .T. ) ;
#4430 = DIRECTION ( 'NONE',  ( 0.000000000000000000, 0.000000000000000000, -1.000000000000000000 ) ) ;
#4431 = VERTEX_POINT ( 'NONE', #5679 ) ;
#4432 = DIRECTION ( 'NONE',  ( 0.000000000000000000, 0.000000000000000000, -1.000000000000000000 ) ) ;
#4433 = CARTESIAN_POINT ( 'NONE',  ( -5.079999999999999183, 2.540000000000000036, 0.8890000000000015667 ) ) ;
#4434 = CARTESIAN_POINT ( 'NONE',  ( -5.080000000000000959, 0.000000000000000000, 0.8890000000000022329 ) ) ;
#4435 = APPLICATION_PROTOCOL_DEFINITION ( 'draft international standard', 'automotive_design', 1998, #1124 ) ;
#4436 = CARTESIAN_POINT ( 'NONE',  ( 38.10000000000000142, 2.540000000000000036, 0.000000000000000000 ) ) ;
#4437 = VERTEX_POINT ( 'NONE', #352 ) ;
#4438 = PLANE ( 'NONE',  #2799 ) ;
#4439 =( REPRESENTATION_RELATIONSHIP ('NONE','NONE', #6526, #1223 ) REPRESENTATION_RELATIONSHIP_WITH_TRANSFORMATION ( #4083 )SHAPE_REPRESENTATION_RELATIONSHIP( ) );
#4440 = LINE ( 'NONE', #2045, #6730 ) ;
#4441 = ADVANCED_FACE ( 'NONE', ( #3922 ), #3810, .T. ) ;
#4442 = EDGE_CURVE ( 'NONE', #3163, #6006, #2147, .T. ) ;
#4443 = LINE ( 'NONE', #408, #5468 ) ;
#4444 = VECTOR ( 'NONE', #7317, 1000.000000000000000 ) ;
#4445 = VERTEX_POINT ( 'NONE', #6184 ) ;
#4446 = ORIENTED_EDGE ( 'NONE', *, *, #3211, .T. ) ;
#4447 = VERTEX_POINT ( 'NONE', #5101 ) ;
#4448 = FACE_OUTER_BOUND ( 'NONE', #4539, .T. ) ;
#4449 = VECTOR ( 'NONE', #6799, 1000.000000000000000 ) ;
#4450 = FILL_AREA_STYLE_COLOUR ( '', #1130 ) ;
#4451 = ADVANCED_FACE ( 'NONE', ( #7357 ), #1484, .F. ) ;
#4452 = CARTESIAN_POINT ( 'NONE',  ( -2.540000000000000480, 2.540000000000000036, 0.8890000000000015667 ) ) ;
#4453 = ORIENTED_EDGE ( 'NONE', *, *, #7248, .T. ) ;
#4454 = VECTOR ( 'NONE', #4244, 1000.000000000000000 ) ;
#4455 = ORIENTED_EDGE ( 'NONE', *, *, #5034, .F. ) ;
#4456 = LINE ( 'NONE', #4595, #4904 ) ;
#4457 = CARTESIAN_POINT ( 'NONE',  ( -18.16100000000000136, 0.000000000000000000, -1.269999999999997353 ) ) ;
#4458 = ORIENTED_EDGE ( 'NONE', *, *, #7057, .F. ) ;
#4459 = VECTOR ( 'NONE', #4758, 1000.000000000000000 ) ;
#4460 = FACE_OUTER_BOUND ( 'NONE', #5904, .T. ) ;
#4461 = DIRECTION ( 'NONE',  ( 0.7071067811865459074, 0.000000000000000000, 0.7071067811865491270 ) ) ;
#4462 = DIRECTION ( 'NONE',  ( -0.000000000000000000, -1.000000000000000000, -0.000000000000000000 ) ) ;
#4463 = AXIS2_PLACEMENT_3D ( 'NONE', #6709, #3706, #142 ) ;
#4464 = EDGE_CURVE ( 'NONE', #507, #2863, #5615, .T. ) ;
#4465 = FACE_OUTER_BOUND ( 'NONE', #217, .T. ) ;
#4466 = EDGE_LOOP ( 'NONE', ( #5811, #7638, #4037, #67 ) ) ;
#4467 = VECTOR ( 'NONE', #3253, 1000.000000000000000 ) ;
#4468 = VERTEX_POINT ( 'NONE', #5649 ) ;
#4469 = LINE ( 'NONE', #1592, #5918 ) ;
#4470 = AXIS2_PLACEMENT_3D ( 'NONE', #4375, #844, #7291 ) ;
#4471 = EDGE_LOOP ( 'NONE', ( #2857, #3017, #5304, #2390, #4064, #3790, #1092, #3440 ) ) ;
#4472 = LINE ( 'NONE', #2105, #975 ) ;
#4473 = CARTESIAN_POINT ( 'NONE',  ( 2.540000000000000480, 0.000000000000000000, -0.8889999999999974589 ) ) ;
#4474 = AXIS2_PLACEMENT_3D ( 'NONE', #5128, #7492, #2243 ) ;
#4475 = DIRECTION ( 'NONE',  ( -1.000000000000000000, 0.000000000000000000, 0.000000000000000000 ) ) ;
#4476 = AXIS2_PLACEMENT_3D ( 'NONE', #4878, #4320, #3697 ) ;
#4477 = SHAPE_DEFINITION_REPRESENTATION ( #1942, #2566 ) ;
#4478 = VECTOR ( 'NONE', #3646, 1000.000000000000000 ) ;
#4479 = CARTESIAN_POINT ( 'NONE',  ( 14.28750000000000142, 0.000000000000000000, 0.3175000000000017808 ) ) ;
#4480 = ORIENTED_EDGE ( 'NONE', *, *, #2005, .T. ) ;
#4481 = FACE_BOUND ( 'NONE', #4466, .T. ) ;
#4482 = LINE ( 'NONE', #3273, #868 ) ;
#4483 = VECTOR ( 'NONE', #7000, 1000.000000000000000 ) ;
#4484 = PLANE ( 'NONE',  #515 ) ;
#4485 = CARTESIAN_POINT ( 'NONE',  ( 0.000000000000000000, 0.000000000000000000, 0.8890000000000022329 ) ) ;
#4486 = ORIENTED_EDGE ( 'NONE', *, *, #765, .T. ) ;
#4487 = ORIENTED_EDGE ( 'NONE', *, *, #5034, .T. ) ;
#4488 = VECTOR ( 'NONE', #5741, 1000.000000000000114 ) ;
#4489 = ORIENTED_EDGE ( 'NONE', *, *, #3003, .T. ) ;
#4490 = FACE_OUTER_BOUND ( 'NONE', #773, .T. ) ;
#4491 = EDGE_CURVE ( 'NONE', #7626, #3079, #2714, .T. ) ;
#4492 = PLANE ( 'NONE',  #3493 ) ;
#4493 = ORIENTED_EDGE ( 'NONE', *, *, #1508, .F. ) ;
#4494 = EDGE_CURVE ( 'NONE', #6521, #6440, #5753, .T. ) ;
#4495 = EDGE_LOOP ( 'NONE', ( #362, #638, #5174, #3772 ) ) ;
#4496 = VERTEX_POINT ( 'NONE', #4392 ) ;
#4497 = EDGE_CURVE ( 'NONE', #2136, #1412, #865, .T. ) ;
#4498 = EDGE_CURVE ( 'NONE', #3849, #7489, #7471, .T. ) ;
#4499 = CARTESIAN_POINT ( 'NONE',  ( 8.572500000000003340, 0.000000000000000000, -0.3174999999999983946 ) ) ;
#4500 = FACE_OUTER_BOUND ( 'NONE', #5385, .T. ) ;
#4501 = CARTESIAN_POINT ( 'NONE',  ( 15.24000000000000021, 0.000000000000000000, -0.8889999999999981251 ) ) ;
#4502 = LINE ( 'NONE', #5097, #7073 ) ;
#4503 = ORIENTED_EDGE ( 'NONE', *, *, #1520, .F. ) ;
#4504 = EDGE_CURVE ( 'NONE', #6521, #4708, #3219, .T. ) ;
#4505 = VERTEX_POINT ( 'NONE', #6291 ) ;
#4506 = CARTESIAN_POINT ( 'NONE',  ( 18.73250000000000171, 0.000000000000000000, -0.3174999999999983946 ) ) ;
#4507 = ORIENTED_EDGE ( 'NONE', *, *, #7531, .F. ) ;
#4508 = EDGE_CURVE ( 'NONE', #7489, #1576, #7427, .T. ) ;
#4509 = CARTESIAN_POINT ( 'NONE',  ( -8.572499999999998010, 2.540000000000000036, 0.3175000000000017808 ) ) ;
#4510 =( GEOMETRIC_REPRESENTATION_CONTEXT ( 3 ) GLOBAL_UNCERTAINTY_ASSIGNED_CONTEXT ( ( #6986 ) ) GLOBAL_UNIT_ASSIGNED_CONTEXT ( ( #6596, #3592, #4806 ) ) REPRESENTATION_CONTEXT ( 'NONE', 'WORKASPACE' ) );
#4511 = VECTOR ( 'NONE', #7141, 1000.000000000000000 ) ;
#4512 = LINE ( 'NONE', #4005, #61 ) ;
#4513 = VERTEX_POINT ( 'NONE', #971 ) ;
#4514 = CARTESIAN_POINT ( 'NONE',  ( -1.587499999999998579, 0.000000000000000000, 0.3175000000000017808 ) ) ;
#4515 = LINE ( 'NONE', #5517, #484 ) ;
#4516 = FACE_OUTER_BOUND ( 'NONE', #3394, .T. ) ;
#4517 = VECTOR ( 'NONE', #7367, 1000.000000000000000 ) ;
#4518 = DIRECTION ( 'NONE',  ( -0.000000000000000000, -0.000000000000000000, 1.000000000000000000 ) ) ;
#4519 = VERTEX_POINT ( 'NONE', #6845 ) ;
#4520 = EDGE_LOOP ( 'NONE', ( #4429, #988, #6349, #2963 ) ) ;
#4521 = ORIENTED_EDGE ( 'NONE', *, *, #6913, .F. ) ;
#4522 = CARTESIAN_POINT ( 'NONE',  ( -12.69999999999999929, 2.540000000000000036, 0.8890000000000015667 ) ) ;
#4523 = CARTESIAN_POINT ( 'NONE',  ( 14.85899999999999999, 2.540000000000000036, 1.270000000000002904 ) ) ;
#4524 = DIRECTION ( 'NONE',  ( 0.000000000000000000, -0.000000000000000000, 1.000000000000000000 ) ) ;
#4525 = EDGE_LOOP ( 'NONE', ( #6892, #5173, #3735, #6465 ) ) ;
#4526 = ORIENTED_EDGE ( 'NONE', *, *, #5820, .F. ) ;
#4527 = VERTEX_POINT ( 'NONE', #2177 ) ;
#4528 = FACE_OUTER_BOUND ( 'NONE', #6997, .T. ) ;
#4529 = LINE ( 'NONE', #3322, #105 ) ;
#4530 = PRODUCT_DEFINITION ( 'UNKNOWN', '', #4234, #7012 ) ;
#4531 = DIRECTION ( 'NONE',  ( 0.000000000000000000, 1.000000000000000000, 0.000000000000000000 ) ) ;
#4532 = AXIS2_PLACEMENT_3D ( 'NONE', #4506, #1449, #3369 ) ;
#4533 = EDGE_CURVE ( 'NONE', #1024, #3944, #4469, .T. ) ;
#4534 = ADVANCED_FACE ( 'NONE', ( #940 ), #3293, .T. ) ;
#4535 = ORIENTED_EDGE ( 'NONE', *, *, #4264, .F. ) ;
#4536 = ORIENTED_EDGE ( 'NONE', *, *, #7259, .F. ) ;
#4537 = CARTESIAN_POINT ( 'NONE',  ( 2.540000000000000480, 0.000000000000000000, 0.8890000000000022329 ) ) ;
#4538 = EDGE_LOOP ( 'NONE', ( #5378, #3644, #2698, #3623 ) ) ;
#4539 = EDGE_LOOP ( 'NONE', ( #5278, #737, #6812, #957, #2446, #972, #667, #1392 ) ) ;
#4540 = FACE_OUTER_BOUND ( 'NONE', #1467, .T. ) ;
#4541 = CARTESIAN_POINT ( 'NONE',  ( 5.080000000000000959, 0.000000000000000000, -0.8889999999999981251 ) ) ;
#4542 = EDGE_CURVE ( 'NONE', #1617, #6541, #429, .T. ) ;
#4543 = ADVANCED_FACE ( 'NONE', ( #5870 ), #5786, .T. ) ;
#4544 =( NAMED_UNIT ( * ) SI_UNIT ( $, .STERADIAN. ) SOLID_ANGLE_UNIT ( ) );
#4545 = DIRECTION ( 'NONE',  ( 1.000000000000000000, 0.000000000000000000, 0.000000000000000000 ) ) ;
#4546 = ORIENTED_EDGE ( 'NONE', *, *, #223, .T. ) ;
#4547 = FACE_OUTER_BOUND ( 'NONE', #249, .T. ) ;
#4548 = DIRECTION ( 'NONE',  ( 0.000000000000000000, 1.000000000000000000, 0.000000000000000000 ) ) ;
#4549 = DIRECTION ( 'NONE',  ( -2.439149994343089694E-16, 0.000000000000000000, -1.000000000000000000 ) ) ;
#4550 = LINE ( 'NONE', #2119, #2853 ) ;
#4551 = EDGE_LOOP ( 'NONE', ( #825, #3455, #1889, #3284 ) ) ;
#4552 = VERTEX_POINT ( 'NONE', #7658 ) ;
#4553 = EDGE_LOOP ( 'NONE', ( #7543, #963, #1775, #3931, #726, #7574, #3140, #1822 ) ) ;
#4554 = DIRECTION ( 'NONE',  ( 1.000000000000000000, -0.000000000000000000, 0.000000000000000000 ) ) ;
#4555 = CARTESIAN_POINT ( 'NONE',  ( -0.3809999999999993947, 0.000000000000000000, -1.269999999999997353 ) ) ;
#4556 = CARTESIAN_POINT ( 'NONE',  ( -15.24000000000000021, 2.540000000000000036, -0.8889999999999981251 ) ) ;
#4557 = ORIENTED_EDGE ( 'NONE', *, *, #383, .F. ) ;
#4558 = ORIENTED_EDGE ( 'NONE', *, *, #521, .F. ) ;
#4559 = CARTESIAN_POINT ( 'NONE',  ( 15.62099999999999866, 0.000000000000000000, 1.270000000000003348 ) ) ;
#4560 = CARTESIAN_POINT ( 'NONE',  ( -7.620000000000000107, 2.540000000000000036, -0.8889999999999981251 ) ) ;
#4561 = VECTOR ( 'NONE', #3926, 1000.000000000000000 ) ;
#4562 = DIRECTION ( 'NONE',  ( -1.000000000000000000, -0.000000000000000000, 2.439149994343089694E-16 ) ) ;
#4563 = LINE ( 'NONE', #1008, #3952 ) ;
#4564 = FACE_BOUND ( 'NONE', #3561, .T. ) ;
#4565 = VECTOR ( 'NONE', #6873, 1000.000000000000000 ) ;
#4566 = VERTEX_POINT ( 'NONE', #7576 ) ;
#4567 = ORIENTED_EDGE ( 'NONE', *, *, #6746, .T. ) ;
#4568 = CARTESIAN_POINT ( 'NONE',  ( -17.78000000000000114, 0.000000000000000000, 0.8890000000000015667 ) ) ;
#4569 = LINE ( 'NONE', #4040, #7522 ) ;
#4570 = ORIENTED_EDGE ( 'NONE', *, *, #4932, .T. ) ;
#4571 = ORIENTED_EDGE ( 'NONE', *, *, #5119, .F. ) ;
#4572 = DIRECTION ( 'NONE',  ( -0.000000000000000000, 1.000000000000000000, 0.000000000000000000 ) ) ;
#4573 = FACE_OUTER_BOUND ( 'NONE', #929, .T. ) ;
#4574 = EDGE_CURVE ( 'NONE', #1887, #218, #6520, .T. ) ;
#4575 = VECTOR ( 'NONE', #2391, 1000.000000000000000 ) ;
#4576 = ADVANCED_FACE ( 'NONE', ( #3446 ), #7620, .T. ) ;
#4577 = VECTOR ( 'NONE', #6012, 1000.000000000000000 ) ;
#4578 = CONTEXT_DEPENDENT_SHAPE_REPRESENTATION ( #1813, #1251 ) ;
#4579 = COLOUR_RGB ( '',0.2509803921568627416, 0.2509803921568627416, 0.2509803921568627416 ) ;
#4580 = EDGE_CURVE ( 'NONE', #426, #3667, #4569, .T. ) ;
#4581 = LINE ( 'NONE', #5035, #1686 ) ;
#4582 = ORIENTED_EDGE ( 'NONE', *, *, #5371, .T. ) ;
#4583 = VECTOR ( 'NONE', #3290, 1000.000000000000000 ) ;
#4584 = FACE_BOUND ( 'NONE', #7170, .T. ) ;
#4585 = VECTOR ( 'NONE', #7485, 1000.000000000000000 ) ;
#4586 = ADVANCED_FACE ( 'NONE', ( #2901 ), #7032, .T. ) ;
#4587 = ADVANCED_FACE ( 'NONE', ( #2822 ), #7535, .F. ) ;
#4588 = FACE_OUTER_BOUND ( 'NONE', #4077, .T. ) ;
#4589 = VECTOR ( 'NONE', #2079, 1000.000000000000000 ) ;
#4590 = DIRECTION ( 'NONE',  ( -0.7071067811865474617, 0.000000000000000000, 0.7071067811865474617 ) ) ;
#4591 = VECTOR ( 'NONE', #2162, 1000.000000000000000 ) ;
#4592 = DIRECTION ( 'NONE',  ( 0.7071067811865493491, -0.000000000000000000, 0.7071067811865456854 ) ) ;
#4593 = VECTOR ( 'NONE', #4288, 1000.000000000000000 ) ;
#4594 = ORIENTED_EDGE ( 'NONE', *, *, #1422, .F. ) ;
#4595 = CARTESIAN_POINT ( 'NONE',  ( -7.620000000000000107, 0.000000000000000000, 0.8890000000000022329 ) ) ;
#4596 = VECTOR ( 'NONE', #7173, 1000.000000000000000 ) ;
#4597 = ORIENTED_EDGE ( 'NONE', *, *, #2412, .F. ) ;
#4598 = LINE ( 'NONE', #4635, #6823 ) ;
#4599 = ORIENTED_EDGE ( 'NONE', *, *, #2659, .F. ) ;
#4600 = FACE_OUTER_BOUND ( 'NONE', #2123, .T. ) ;
#4601 = ADVANCED_FACE ( 'NONE', ( #2333 ), #1712, .T. ) ;
#4602 = VECTOR ( 'NONE', #2424, 1000.000000000000000 ) ;
#4603 = LINE ( 'NONE', #3392, #4591 ) ;
#4604 = LINE ( 'NONE', #2809, #4488 ) ;
#4605 = EDGE_LOOP ( 'NONE', ( #7673, #600, #5437, #674, #4344, #2339, #1562, #1582 ) ) ;
#4606 = VECTOR ( 'NONE', #486, 1000.000000000000000 ) ;
#4607 = ORIENTED_EDGE ( 'NONE', *, *, #4021, .F. ) ;
#4608 = FACE_OUTER_BOUND ( 'NONE', #700, .T. ) ;
#4609 = CARTESIAN_POINT ( 'NONE',  ( 2.159000000000001140, 0.000000000000000000, -1.269999999999997353 ) ) ;
#4610 = LINE ( 'NONE', #1586, #2352 ) ;
#4611 = CARTESIAN_POINT ( 'NONE',  ( 9.779000000000003467, 2.540000000000000036, -1.269999999999997353 ) ) ;
#4612 = DIRECTION ( 'NONE',  ( 0.000000000000000000, -0.000000000000000000, 1.000000000000000000 ) ) ;
#4613 = PLANE ( 'NONE',  #4372 ) ;
#4614 = ORIENTED_EDGE ( 'NONE', *, *, #1269, .T. ) ;
#4615 = EDGE_LOOP ( 'NONE', ( #876, #545, #6492, #52 ) ) ;
#4616 = CARTESIAN_POINT ( 'NONE',  ( 19.93900000000000361, 0.000000000000000000, -1.269999999999997353 ) ) ;
#4617 = PLANE ( 'NONE',  #7398 ) ;
#4618 = ORIENTED_EDGE ( 'NONE', *, *, #1938, .F. ) ;
#4619 = VERTEX_POINT ( 'NONE', #1638 ) ;
#4620 = CARTESIAN_POINT ( 'NONE',  ( 6.032500000000003304, 2.540000000000000036, -0.3174999999999983946 ) ) ;
#4621 = CARTESIAN_POINT ( 'NONE',  ( -15.62099999999999866, 0.000000000000000000, -1.269999999999997353 ) ) ;
#4622 = EDGE_CURVE ( 'NONE', #6481, #3837, #3999, .T. ) ;
#4623 = DIRECTION ( 'NONE',  ( -0.7071067811865475727, 0.000000000000000000, -0.7071067811865475727 ) ) ;
#4624 = EDGE_LOOP ( 'NONE', ( #462, #345, #4292, #5207 ) ) ;
#4625 = LINE ( 'NONE', #1687, #6628 ) ;
#4626 = FACE_OUTER_BOUND ( 'NONE', #1526, .T. ) ;
#4627 = DIRECTION ( 'NONE',  ( 1.000000000000000000, 0.000000000000000000, 0.000000000000000000 ) ) ;
#4628 = VECTOR ( 'NONE', #4142, 1000.000000000000000 ) ;
#4629 = DIRECTION ( 'NONE',  ( 0.000000000000000000, 1.000000000000000000, 0.000000000000000000 ) ) ;
#4630 = EDGE_CURVE ( 'NONE', #2025, #7366, #2786, .T. ) ;
#4631 = ADVANCED_FACE ( 'NONE', ( #505 ), #4617, .F. ) ;
#4632 = ORIENTED_EDGE ( 'NONE', *, *, #1706, .F. ) ;
#4633 = DIRECTION ( 'NONE',  ( 0.7071067811865459074, 0.000000000000000000, 0.7071067811865491270 ) ) ;
#4634 = EDGE_LOOP ( 'NONE', ( #4006, #1788, #3902, #1120 ) ) ;
#4635 = CARTESIAN_POINT ( 'NONE',  ( 10.15999999999999837, 2.540000000000000036, -0.8889999999999974589 ) ) ;
#4636 = ORIENTED_EDGE ( 'NONE', *, *, #1172, .F. ) ;
#4637 = CARTESIAN_POINT ( 'NONE',  ( 7.620000000000001883, 0.000000000000000000, 0.8890000000000022329 ) ) ;
#4638 = ADVANCED_FACE ( 'NONE', ( #7108 ), #5827, .F. ) ;
#4639 = CARTESIAN_POINT ( 'NONE',  ( -11.11249999999999893, 0.000000000000000000, 0.3175000000000017808 ) ) ;
#4640 = EDGE_CURVE ( 'NONE', #4196, #2563, #4076, .T. ) ;
#4641 = VERTEX_POINT ( 'NONE', #6484 ) ;
#4642 = ORIENTED_EDGE ( 'NONE', *, *, #7253, .F. ) ;
#4643 = ORIENTED_EDGE ( 'NONE', *, *, #1598, .T. ) ;
#4644 = VECTOR ( 'NONE', #3544, 1000.000000000000000 ) ;
#4645 = CARTESIAN_POINT ( 'NONE',  ( 11.11250000000000071, 0.000000000000000000, 0.3175000000000017808 ) ) ;
#4646 = LINE ( 'NONE', #7567, #5949 ) ;
#4647 = MANIFOLD_SOLID_BREP ( 'LPattern1[12]', #1750 ) ;
#4648 = FACE_OUTER_BOUND ( 'NONE', #3908, .T. ) ;
#4649 = CARTESIAN_POINT ( 'NONE',  ( 12.69999999999999929, 2.540000000000000036, 0.8890000000000015667 ) ) ;
#4650 = UNCERTAINTY_MEASURE_WITH_UNIT (LENGTH_MEASURE( 1.000000000000000082E-05 ), #862, 'distance_accuracy_value', 'NONE');
#4651 = EDGE_CURVE ( 'NONE', #3667, #450, #2981, .T. ) ;
#4652 = EDGE_LOOP ( 'NONE', ( #3054, #7554, #4446, #1594 ) ) ;
#4653 = VERTEX_POINT ( 'NONE', #1133 ) ;
#4654 =( NAMED_UNIT ( * ) SI_UNIT ( $, .STERADIAN. ) SOLID_ANGLE_UNIT ( ) );
#4655 = CARTESIAN_POINT ( 'NONE',  ( -6.667499999999997762, 0.000000000000000000, 0.3175000000000017808 ) ) ;
#4656 = EDGE_LOOP ( 'NONE', ( #1201, #7374, #6166, #7454 ) ) ;
#4657 = ORIENTED_EDGE ( 'NONE', *, *, #4321, .T. ) ;
#4658 = DIRECTION ( 'NONE',  ( 0.000000000000000000, 1.000000000000000000, 0.000000000000000000 ) ) ;
#4659 = DIRECTION ( 'NONE',  ( -0.7071067811865474617, 0.000000000000000000, 0.7071067811865474617 ) ) ;
#4660 = MANIFOLD_SOLID_BREP ( 'LPattern1[15]', #641 ) ;
#4661 = VECTOR ( 'NONE', #3121, 1000.000000000000000 ) ;
#4662 = VECTOR ( 'NONE', #1209, 1000.000000000000000 ) ;
#4663 = CARTESIAN_POINT ( 'NONE',  ( -8.572499999999998010, 0.000000000000000000, 0.3175000000000017808 ) ) ;
#4664 = VERTEX_POINT ( 'NONE', #3680 ) ;
#4665 = DIRECTION ( 'NONE',  ( 0.7071067811865456854, 0.000000000000000000, -0.7071067811865493491 ) ) ;
#4666 = LINE ( 'NONE', #797, #2717 ) ;
#4667 = CARTESIAN_POINT ( 'NONE',  ( -14.28749999999999787, 0.000000000000000000, 0.3175000000000017808 ) ) ;
#4668 = SURFACE_SIDE_STYLE ('',( #7631 ) ) ;
#4669 = ORIENTED_EDGE ( 'NONE', *, *, #6916, .F. ) ;
#4670 = CARTESIAN_POINT ( 'NONE',  ( 11.74750000000000050, 0.000000000000000000, 0.3175000000000017808 ) ) ;
#4671 = ORIENTED_EDGE ( 'NONE', *, *, #3156, .T. ) ;
#4672 = DIRECTION ( 'NONE',  ( 1.000000000000000000, 0.000000000000000000, -0.000000000000000000 ) ) ;
#4673 = ORIENTED_EDGE ( 'NONE', *, *, #2972, .F. ) ;
#4674 = DIRECTION ( 'NONE',  ( 0.000000000000000000, 1.000000000000000000, 0.000000000000000000 ) ) ;
#4675 = EDGE_CURVE ( 'NONE', #5137, #2563, #4347, .T. ) ;
#4676 = ADVANCED_FACE ( 'NONE', ( #7231 ), #5989, .T. ) ;
#4677 = CARTESIAN_POINT ( 'NONE',  ( -7.620000000000000107, 0.000000000000000000, 0.8890000000000015667 ) ) ;
#4678 =( NAMED_UNIT ( * ) PLANE_ANGLE_UNIT ( ) SI_UNIT ( $, .RADIAN. ) );
#4679 = ORIENTED_EDGE ( 'NONE', *, *, #4824, .T. ) ;
#4680 = ORIENTED_EDGE ( 'NONE', *, *, #4115, .T. ) ;
#4681 = FILL_AREA_STYLE_COLOUR ( '', #813 ) ;
#4682 = LINE ( 'NONE', #3319, #5222 ) ;
#4683 = PLANE ( 'NONE',  #1121 ) ;
#4684 = CARTESIAN_POINT ( 'NONE',  ( 12.69999999999999929, 2.540000000000000036, 0.8890000000000022329 ) ) ;
#4685 = EDGE_CURVE ( 'NONE', #4188, #3259, #7266, .T. ) ;
#4686 =( REPRESENTATION_RELATIONSHIP ('NONE','NONE', #6526, #1223 ) REPRESENTATION_RELATIONSHIP_WITH_TRANSFORMATION ( #4004 )SHAPE_REPRESENTATION_RELATIONSHIP( ) );
#4687 = PLANE ( 'NONE',  #760 ) ;
#4688 = LINE ( 'NONE', #3890, #2016 ) ;
#4689 = VERTEX_POINT ( 'NONE', #4307 ) ;
#4690 = AXIS2_PLACEMENT_3D ( 'NONE', #1835, #715, #6657 ) ;
#4691 = ORIENTED_EDGE ( 'NONE', *, *, #6261, .F. ) ;
#4692 = PLANE ( 'NONE',  #5333 ) ;
#4693 = DIRECTION ( 'NONE',  ( -0.7071067811865491270, 0.000000000000000000, 0.7071067811865459074 ) ) ;
#4694 = VERTEX_POINT ( 'NONE', #5369 ) ;
#4695 = PLANE ( 'NONE',  #891 ) ;
#4696 = DIRECTION ( 'NONE',  ( 0.000000000000000000, 1.000000000000000000, 0.000000000000000000 ) ) ;
#4697 = EDGE_CURVE ( 'NONE', #1341, #5932, #3723, .T. ) ;
#4698 = VECTOR ( 'NONE', #5864, 1000.000000000000000 ) ;
#4699 = MANIFOLD_SOLID_BREP ( 'LPattern1[4]', #2369 ) ;
#4700 = DIRECTION ( 'NONE',  ( -0.000000000000000000, -1.000000000000000000, -0.000000000000000000 ) ) ;
#4701 = VECTOR ( 'NONE', #1257, 1000.000000000000000 ) ;
#4702 = ORIENTED_EDGE ( 'NONE', *, *, #5922, .T. ) ;
#4703 = CARTESIAN_POINT ( 'NONE',  ( -14.28749999999999787, 0.000000000000000000, -0.3174999999999983946 ) ) ;
#4704 = CARTESIAN_POINT ( 'NONE',  ( -15.62099999999999866, 2.540000000000000036, 1.270000000000002904 ) ) ;
#4705 = VECTOR ( 'NONE', #5424, 1000.000000000000000 ) ;
#4706 = DIRECTION ( 'NONE',  ( 0.000000000000000000, 0.000000000000000000, 1.000000000000000000 ) ) ;
#4707 = AXIS2_PLACEMENT_3D ( 'NONE', #1250, #745, #3145 ) ;
#4708 = VERTEX_POINT ( 'NONE', #6760 ) ;
#4709 = VECTOR ( 'NONE', #4727, 1000.000000000000000 ) ;
#4710 = VECTOR ( 'NONE', #4385, 1000.000000000000000 ) ;
#4711 = MANIFOLD_SOLID_BREP ( 'LPattern1[14]', #5972 ) ;
#4712 = CARTESIAN_POINT ( 'NONE',  ( -10.16000000000000014, 2.540000000000000036, 0.8890000000000022329 ) ) ;
#4713 = VERTEX_POINT ( 'NONE', #195 ) ;
#4714 = CARTESIAN_POINT ( 'NONE',  ( 2.540000000000000036, 0.000000000000000000, 0.000000000000000000 ) ) ;
#4715 = FACE_OUTER_BOUND ( 'NONE', #4980, .T. ) ;
#4716 = VECTOR ( 'NONE', #3239, 1000.000000000000000 ) ;
#4717 = AXIS2_PLACEMENT_3D ( 'NONE', #7387, #7463, #6146 ) ;
#4718 = AXIS2_PLACEMENT_3D ( 'NONE', #4609, #493, #5776 ) ;
#4719 =( LENGTH_UNIT ( ) NAMED_UNIT ( * ) SI_UNIT ( .MILLI., .METRE. ) );
#4720 = CARTESIAN_POINT ( 'NONE',  ( -12.31900000000000261, 2.540000000000000036, -1.269999999999996909 ) ) ;
#4721 = ORIENTED_EDGE ( 'NONE', *, *, #2137, .F. ) ;
#4722 = ADVANCED_FACE ( 'NONE', ( #1584 ), #6796, .F. ) ;
#4723 = EDGE_LOOP ( 'NONE', ( #12, #2823, #3068, #1933, #298, #6968, #2191, #6049 ) ) ;
#4724 =( GEOMETRIC_REPRESENTATION_CONTEXT ( 3 ) GLOBAL_UNCERTAINTY_ASSIGNED_CONTEXT ( ( #6809 ) ) GLOBAL_UNIT_ASSIGNED_CONTEXT ( ( #2351, #651, #139 ) ) REPRESENTATION_CONTEXT ( 'NONE', 'WORKASPACE' ) );
#4725 = FILL_AREA_STYLE_COLOUR ( '', #3378 ) ;
#4726 = CARTESIAN_POINT ( 'NONE',  ( 35.56000000000000227, 2.540000000000000036, 0.000000000000000000 ) ) ;
#4727 = DIRECTION ( 'NONE',  ( -1.000000000000000000, -0.000000000000000000, -0.000000000000000000 ) ) ;
#4728 = DIRECTION ( 'NONE',  ( 0.000000000000000000, 0.000000000000000000, -1.000000000000000000 ) ) ;
#4729 = LINE ( 'NONE', #2973, #6708 ) ;
#4730 = DIRECTION ( 'NONE',  ( -1.000000000000000000, -0.000000000000000000, -0.000000000000000000 ) ) ;
#4731 = VECTOR ( 'NONE', #3855, 1000.000000000000000 ) ;
#4732 = EDGE_CURVE ( 'NONE', #887, #338, #7458, .T. ) ;
#4733 = VERTEX_POINT ( 'NONE', #5564 ) ;
#4734 = EDGE_CURVE ( 'NONE', #3845, #2169, #2600, .T. ) ;
#4735 = EDGE_LOOP ( 'NONE', ( #958, #5666, #5244, #7181 ) ) ;
#4736 = LINE ( 'NONE', #1947, #6496 ) ;
#4737 = EDGE_CURVE ( 'NONE', #5678, #5137, #7347, .T. ) ;
#4738 = PRESENTATION_STYLE_ASSIGNMENT (( #2372 ) ) ;
#4739 = VERTEX_POINT ( 'NONE', #824 ) ;
#4740 = VECTOR ( 'NONE', #2700, 1000.000000000000114 ) ;
#4741 = DIRECTION ( 'NONE',  ( 0.000000000000000000, 0.000000000000000000, -1.000000000000000000 ) ) ;
#4742 = CARTESIAN_POINT ( 'NONE',  ( 4.699000000000001620, 0.000000000000000000, 1.270000000000002904 ) ) ;
#4743 = ADVANCED_FACE ( 'NONE', ( #6284 ), #3318, .T. ) ;
#4744 = MANIFOLD_SOLID_BREP ( 'LPattern1[1]', #5477 ) ;
#4745 = CONTEXT_DEPENDENT_SHAPE_REPRESENTATION ( #7233, #4160 ) ;
#4746 = ADVANCED_FACE ( 'NONE', ( #2092 ), #3802, .T. ) ;
#4747 = LINE ( 'NONE', #6373, #3657 ) ;
#4748 = VERTEX_POINT ( 'NONE', #5195 ) ;
#4749 = DIRECTION ( 'NONE',  ( 1.000000000000000000, 0.000000000000000000, 0.000000000000000000 ) ) ;
#4750 = DIRECTION ( 'NONE',  ( -1.000000000000000000, 0.000000000000000000, -0.000000000000000000 ) ) ;
#4751 = DIRECTION ( 'NONE',  ( 0.000000000000000000, 0.000000000000000000, -1.000000000000000000 ) ) ;
#4752 = FACE_OUTER_BOUND ( 'NONE', #2102, .T. ) ;
#4753 = ORIENTED_EDGE ( 'NONE', *, *, #7369, .T. ) ;
#4754 = MANIFOLD_SOLID_BREP ( 'Boss-Extrude1', #257 ) ;
#4755 = DIRECTION ( 'NONE',  ( 1.000000000000000000, 0.000000000000000000, 0.000000000000000000 ) ) ;
#4756 = ORIENTED_EDGE ( 'NONE', *, *, #4072, .F. ) ;
#4757 = DIRECTION ( 'NONE',  ( 0.7071067811865459074, 0.000000000000000000, 0.7071067811865491270 ) ) ;
#4758 = DIRECTION ( 'NONE',  ( 1.000000000000000000, 0.000000000000000000, 0.000000000000000000 ) ) ;
#4759 = COLOUR_RGB ( '',0.7921568627450980005, 0.8196078431372548767, 0.9333333333333333481 ) ;
#4760 = PRESENTATION_LAYER_ASSIGNMENT (  '', '', ( #1548 ) ) ;
#4761 = CARTESIAN_POINT ( 'NONE',  ( -12.31900000000000261, 2.540000000000000036, 1.270000000000003348 ) ) ;
#4762 = PLANE ( 'NONE',  #3718 ) ;
#4763 = VECTOR ( 'NONE', #856, 1000.000000000000000 ) ;
#4764 = ORIENTED_EDGE ( 'NONE', *, *, #3120, .T. ) ;
#4765 = EDGE_LOOP ( 'NONE', ( #6313, #2240, #5964, #7446 ) ) ;
#4766 = DIRECTION ( 'NONE',  ( -1.000000000000000000, -0.000000000000000000, 2.439149994343089694E-16 ) ) ;
#4767 = FACE_OUTER_BOUND ( 'NONE', #472, .T. ) ;
#4768 = DIRECTION ( 'NONE',  ( 1.000000000000000000, 0.000000000000000000, 0.000000000000000000 ) ) ;
#4769 = DIRECTION ( 'NONE',  ( 0.7071067811865459074, 0.000000000000000000, 0.7071067811865491270 ) ) ;
#4770 = MANIFOLD_SOLID_BREP ( 'LPattern1[11]', #4986 ) ;
#4771 = LINE ( 'NONE', #3047, #2118 ) ;
#4772 = LINE ( 'NONE', #3049, #522 ) ;
#4773 = ORIENTED_EDGE ( 'NONE', *, *, #6490, .T. ) ;
#4774 = ORIENTED_EDGE ( 'NONE', *, *, #5500, .T. ) ;
#4775 = VECTOR ( 'NONE', #443, 1000.000000000000000 ) ;
#4776 = DIRECTION ( 'NONE',  ( 0.000000000000000000, 0.000000000000000000, -1.000000000000000000 ) ) ;
#4777 = EDGE_LOOP ( 'NONE', ( #4152, #6275, #5273, #2715 ) ) ;
#4778 = ADVANCED_FACE ( 'NONE', ( #1702 ), #7525, .T. ) ;
#4779 = CARTESIAN_POINT ( 'NONE',  ( -19.36749999999999972, 2.540000000000000036, -0.3174999999999983946 ) ) ;
#4780 = CARTESIAN_POINT ( 'NONE',  ( 0.3174999999999999489, -10.32509999999999373, 0.3174999999999999489 ) ) ;
#4781 = DIRECTION ( 'NONE',  ( 0.000000000000000000, 0.000000000000000000, -1.000000000000000000 ) ) ;
#4782 = EDGE_CURVE ( 'NONE', #2160, #1409, #5896, .T. ) ;
#4783 = AXIS2_PLACEMENT_3D ( 'NONE', #5759, #5657, #7542 ) ;
#4784 = EDGE_CURVE ( 'NONE', #3744, #928, #579, .T. ) ;
#4785 = CARTESIAN_POINT ( 'NONE',  ( -5.460999999999998522, 0.000000000000000000, -1.269999999999997353 ) ) ;
#4786 = LINE ( 'NONE', #3414, #74 ) ;
#4787 = ORIENTED_EDGE ( 'NONE', *, *, #5834, .F. ) ;
#4788 = CARTESIAN_POINT ( 'NONE',  ( 0.3809999999999993947, 0.000000000000000000, 1.270000000000003348 ) ) ;
#4789 = PLANE ( 'NONE',  #1492 ) ;
#4790 = ADVANCED_FACE ( 'NONE', ( #4608 ), #2929, .T. ) ;
#4791 = VECTOR ( 'NONE', #2877, 1000.000000000000000 ) ;
#4792 = LINE ( 'NONE', #597, #1765 ) ;
#4793 = AXIS2_PLACEMENT_3D ( 'NONE', #2340, #6339, #2946 ) ;
#4794 = DIRECTION ( 'NONE',  ( 0.000000000000000000, 0.000000000000000000, 1.000000000000000000 ) ) ;
#4795 = ORIENTED_EDGE ( 'NONE', *, *, #1896, .T. ) ;
#4796 = LINE ( 'NONE', #646, #1555 ) ;
#4797 = ORIENTED_EDGE ( 'NONE', *, *, #6490, .F. ) ;
#4798 = DIRECTION ( 'NONE',  ( 0.000000000000000000, 1.000000000000000000, 0.000000000000000000 ) ) ;
#4799 = CARTESIAN_POINT ( 'NONE',  ( 8.001000000000001222, 2.540000000000000036, -1.269999999999996909 ) ) ;
#4800 = ADVANCED_FACE ( 'NONE', ( #536 ), #4027, .T. ) ;
#4801 = CARTESIAN_POINT ( 'NONE',  ( 0.2911880754972407392, -10.44888787225399973, -0.2911880754972407948 ) ) ;
#4802 = PLANE ( 'NONE',  #1371 ) ;
#4803 = VERTEX_POINT ( 'NONE', #6316 ) ;
#4804 = ORIENTED_EDGE ( 'NONE', *, *, #4943, .F. ) ;
#4805 = ORIENTED_EDGE ( 'NONE', *, *, #5201, .T. ) ;
#4806 =( NAMED_UNIT ( * ) SI_UNIT ( $, .STERADIAN. ) SOLID_ANGLE_UNIT ( ) );
#4807 = DIRECTION ( 'NONE',  ( -0.000000000000000000, -0.000000000000000000, -1.000000000000000000 ) ) ;
#4808 = FACE_OUTER_BOUND ( 'NONE', #120, .T. ) ;
#4809 = DIRECTION ( 'NONE',  ( 0.7071067811865459074, 0.000000000000000000, 0.7071067811865491270 ) ) ;
#4810 = MECHANICAL_DESIGN_GEOMETRIC_PRESENTATION_REPRESENTATION (  '', ( #3178 ), #3093 ) ;
#4811 = PLANE ( 'NONE',  #1500 ) ;
#4812 = DIRECTION ( 'NONE',  ( -0.7071067811865477948, -0.000000000000000000, -0.7071067811865473507 ) ) ;
#4813 = ORIENTED_EDGE ( 'NONE', *, *, #340, .F. ) ;
#4814 = ORIENTED_EDGE ( 'NONE', *, *, #2874, .F. ) ;
#4815 = CARTESIAN_POINT ( 'NONE',  ( -7.620000000000000107, 2.540000000000000036, -0.8889999999999974589 ) ) ;
#4816 = ORIENTED_EDGE ( 'NONE', *, *, #5568, .F. ) ;
#4817 = CARTESIAN_POINT ( 'NONE',  ( -7.620000000000000107, 0.000000000000000000, -0.8889999999999974589 ) ) ;
#4818 = DIRECTION ( 'NONE',  ( 0.000000000000000000, 0.000000000000000000, 1.000000000000000000 ) ) ;
#4819 = CARTESIAN_POINT ( 'NONE',  ( 9.779000000000003467, 0.000000000000000000, 1.270000000000002904 ) ) ;
#4820 = MANIFOLD_SOLID_BREP ( 'LPattern1[8]', #7082 ) ;
#4821 = CARTESIAN_POINT ( 'NONE',  ( 12.69999999999999929, 2.540000000000000036, -0.8889999999999974589 ) ) ;
#4822 = VECTOR ( 'NONE', #4696, 1000.000000000000000 ) ;
#4823 = CARTESIAN_POINT ( 'NONE',  ( 2.159000000000001140, 0.000000000000000000, 1.270000000000002904 ) ) ;
#4824 = EDGE_CURVE ( 'NONE', #7140, #7325, #22, .T. ) ;
#4825 = ORIENTED_EDGE ( 'NONE', *, *, #5302, .F. ) ;
#4826 = EDGE_CURVE ( 'NONE', #6456, #814, #1077, .T. ) ;
#4827 = CARTESIAN_POINT ( 'NONE',  ( -7.239000000000000767, 0.000000000000000000, 1.270000000000003348 ) ) ;
#4828 = VECTOR ( 'NONE', #4749, 1000.000000000000000 ) ;
#4829 = CARTESIAN_POINT ( 'NONE',  ( 10.54099999999999859, 0.000000000000000000, -1.269999999999996909 ) ) ;
#4830 = LINE ( 'NONE', #717, #2624 ) ;
#4831 = EDGE_CURVE ( 'NONE', #2752, #5586, #2437, .T. ) ;
#4832 = CARTESIAN_POINT ( 'NONE',  ( -13.97000000000000064, 0.000000000000000000, 1.788933584601082316E-15 ) ) ;
#4833 = VECTOR ( 'NONE', #1123, 1000.000000000000000 ) ;
#4834 = ORIENTED_EDGE ( 'NONE', *, *, #340, .T. ) ;
#4835 = DIRECTION ( 'NONE',  ( -0.7071067811865474617, 0.000000000000000000, 0.7071067811865474617 ) ) ;
#4836 = ADVANCED_FACE ( 'NONE', ( #6670 ), #2967, .F. ) ;
#4837 = ORIENTED_EDGE ( 'NONE', *, *, #2693, .F. ) ;
#4838 = ADVANCED_FACE ( 'NONE', ( #3080 ), #1782, .T. ) ;
#4839 = VECTOR ( 'NONE', #1731, 1000.000000000000000 ) ;
#4840 = CARTESIAN_POINT ( 'NONE',  ( -17.78000000000000114, 0.000000000000000000, -0.8889999999999974589 ) ) ;
#4841 = LINE ( 'NONE', #7207, #2480 ) ;
#4842 = VECTOR ( 'NONE', #2798, 1000.000000000000000 ) ;
#4843 = PRESENTATION_STYLE_ASSIGNMENT (( #3664 ) ) ;
#4844 = VECTOR ( 'NONE', #3288, 1000.000000000000000 ) ;
#4845 = FACE_OUTER_BOUND ( 'NONE', #7356, .T. ) ;
#4846 = ORIENTED_EDGE ( 'NONE', *, *, #1373, .F. ) ;
#4847 = VECTOR ( 'NONE', #4947, 1000.000000000000000 ) ;
#4848 = ORIENTED_EDGE ( 'NONE', *, *, #76, .T. ) ;
#4849 = EDGE_CURVE ( 'NONE', #6215, #2902, #7132, .T. ) ;
#4850 = ORIENTED_EDGE ( 'NONE', *, *, #1896, .F. ) ;
#4851 = SURFACE_STYLE_USAGE ( .BOTH. , #1194 ) ;
#4852 = DIRECTION ( 'NONE',  ( 0.000000000000000000, 1.000000000000000000, 0.000000000000000000 ) ) ;
#4853 = VECTOR ( 'NONE', #3674, 1000.000000000000000 ) ;
#4854 = PLANE ( 'NONE',  #5957 ) ;
#4855 = DIRECTION ( 'NONE',  ( -0.000000000000000000, -0.000000000000000000, -1.000000000000000000 ) ) ;
#4856 = CLOSED_SHELL ( 'NONE', ( #1290, #4790, #5704, #3696, #7629, #1216, #4252, #4576, #4253, #6589, #325, #2689, #1237, #1093 ) ) ;
#4857 = MANIFOLD_SOLID_BREP ( 'Chamfer2', #2006 ) ;
#4858 = CARTESIAN_POINT ( 'NONE',  ( -9.779000000000001691, 0.000000000000000000, 1.270000000000003348 ) ) ;
#4859 =( GEOMETRIC_REPRESENTATION_CONTEXT ( 3 ) GLOBAL_UNCERTAINTY_ASSIGNED_CONTEXT ( ( #4137 ) ) GLOBAL_UNIT_ASSIGNED_CONTEXT ( ( #1299, #1418, #210 ) ) REPRESENTATION_CONTEXT ( 'NONE', 'WORKASPACE' ) );
#4860 = CARTESIAN_POINT ( 'NONE',  ( 10.54099999999999859, 0.000000000000000000, 1.270000000000003348 ) ) ;
#4861 = EDGE_LOOP ( 'NONE', ( #3910, #7562, #611, #1981 ) ) ;
#4862 = VECTOR ( 'NONE', #1111, 1000.000000000000000 ) ;
#4863 = VERTEX_POINT ( 'NONE', #1275 ) ;
#4864 = FACE_OUTER_BOUND ( 'NONE', #2356, .T. ) ;
#4865 = ORIENTED_EDGE ( 'NONE', *, *, #2878, .F. ) ;
#4866 = AXIS2_PLACEMENT_3D ( 'NONE', #7397, #5722, #4398 ) ;
#4867 = LINE ( 'NONE', #6024, #7212 ) ;
#4868 = CARTESIAN_POINT ( 'NONE',  ( 18.73250000000000171, 2.540000000000000036, 0.3175000000000017808 ) ) ;
#4869 = AXIS2_PLACEMENT_3D ( 'NONE', #2003, #4281, #3777 ) ;
#4870 = CARTESIAN_POINT ( 'NONE',  ( -17.39900000000000091, 0.000000000000000000, 1.270000000000003348 ) ) ;
#4871 = CARTESIAN_POINT ( 'NONE',  ( 10.15999999999999837, 0.000000000000000000, 0.8890000000000022329 ) ) ;
#4872 = VECTOR ( 'NONE', #103, 1000.000000000000000 ) ;
#4873 = DIRECTION ( 'NONE',  ( 0.000000000000000000, 1.000000000000000000, 0.000000000000000000 ) ) ;
#4874 = ORIENTED_EDGE ( 'NONE', *, *, #2262, .F. ) ;
#4875 = CARTESIAN_POINT ( 'NONE',  ( 15.62099999999999866, 0.000000000000000000, 1.270000000000003348 ) ) ;
#4876 = LINE ( 'NONE', #6658, #3331 ) ;
#4877 = PLANE ( 'NONE',  #895 ) ;
#4878 = CARTESIAN_POINT ( 'NONE',  ( -6.349999999999999645, 0.000000000000000000, 1.788933584601082316E-15 ) ) ;
#4879 = ORIENTED_EDGE ( 'NONE', *, *, #6346, .T. ) ;
#4880 = CARTESIAN_POINT ( 'NONE',  ( 2.540000000000000480, 0.000000000000000000, -0.8889999999999974589 ) ) ;
#4881 = ORIENTED_EDGE ( 'NONE', *, *, #7588, .F. ) ;
#4882 = CARTESIAN_POINT ( 'NONE',  ( -0.3174999999999999489, 8.382000000000001450, -0.3174999999999999489 ) ) ;
#4883 = CARTESIAN_POINT ( 'NONE',  ( -14.85899999999999999, 0.000000000000000000, 1.270000000000003348 ) ) ;
#4884 = PRODUCT_DEFINITION ( 'UNKNOWN', '', #7586, #572 ) ;
#4885 = FACE_OUTER_BOUND ( 'NONE', #404, .T. ) ;
#4886 = EDGE_CURVE ( 'NONE', #6283, #6481, #691, .T. ) ;
#4887 = EDGE_CURVE ( 'NONE', #6866, #681, #5430, .T. ) ;
#4888 = DIRECTION ( 'NONE',  ( 2.439149994343089694E-16, -0.000000000000000000, 1.000000000000000000 ) ) ;
#4889 = ORIENTED_EDGE ( 'NONE', *, *, #3169, .F. ) ;
#4890 = EDGE_LOOP ( 'NONE', ( #2464, #3002, #2210, #5346 ) ) ;
#4891 = EDGE_LOOP ( 'NONE', ( #3164, #1239, #6185, #6223 ) ) ;
#4892 = LINE ( 'NONE', #3793, #1249 ) ;
#4893 = EDGE_CURVE ( 'NONE', #2539, #4017, #2474, .T. ) ;
#4894 = CARTESIAN_POINT ( 'NONE',  ( -6.667499999999997762, 0.000000000000000000, -0.3174999999999983946 ) ) ;
#4895 = CARTESIAN_POINT ( 'NONE',  ( 0.000000000000000000, 0.000000000000000000, 0.8890000000000022329 ) ) ;
#4896 = PLANE ( 'NONE',  #881 ) ;
#4897 = ADVANCED_FACE ( 'NONE', ( #1973 ), #4334, .T. ) ;
#4898 = DIRECTION ( 'NONE',  ( 1.000000000000000000, 0.000000000000000000, -0.000000000000000000 ) ) ;
#4899 = ORIENTED_EDGE ( 'NONE', *, *, #2878, .T. ) ;
#4900 = ORIENTED_EDGE ( 'NONE', *, *, #1441, .F. ) ;
#4901 = CARTESIAN_POINT ( 'NONE',  ( 2.540000000000000480, 2.540000000000000036, 0.8890000000000022329 ) ) ;
#4902 = DIRECTION ( 'NONE',  ( 0.7071067811865473507, 0.000000000000000000, -0.7071067811865476838 ) ) ;
#4903 = ORIENTED_EDGE ( 'NONE', *, *, #3892, .F. ) ;
#4904 = VECTOR ( 'NONE', #229, 1000.000000000000000 ) ;
#4905 = DIRECTION ( 'NONE',  ( -1.000000000000000000, 0.000000000000000000, 2.439149994343089694E-16 ) ) ;
#4906 = CARTESIAN_POINT ( 'NONE',  ( -13.08099999999999952, 2.540000000000000036, -1.269999999999997353 ) ) ;
#4907 = CARTESIAN_POINT ( 'NONE',  ( -12.31900000000000261, 0.000000000000000000, 1.270000000000003348 ) ) ;
#4908 = EDGE_CURVE ( 'NONE', #2979, #2677, #6134, .T. ) ;
#4909 = DIRECTION ( 'NONE',  ( 0.000000000000000000, 1.000000000000000000, 0.000000000000000000 ) ) ;
#4910 = VECTOR ( 'NONE', #5253, 1000.000000000000000 ) ;
#4911 = FACE_OUTER_BOUND ( 'NONE', #5262, .T. ) ;
#4912 = ORIENTED_EDGE ( 'NONE', *, *, #1992, .F. ) ;
#4913 = PLANE ( 'NONE',  #5808 ) ;
#4914 = VECTOR ( 'NONE', #2831, 1000.000000000000114 ) ;
#4915 = LINE ( 'NONE', #1375, #4454 ) ;
#4916 = CARTESIAN_POINT ( 'NONE',  ( 3.492500000000002380, 0.000000000000000000, -0.3174999999999983946 ) ) ;
#4917 = PRESENTATION_LAYER_ASSIGNMENT (  '', '', ( #7272 ) ) ;
#4918 = VERTEX_POINT ( 'NONE', #3165 ) ;
#4919 = MANIFOLD_SOLID_BREP ( 'LPattern1[6]', #2494 ) ;
#4920 = DIRECTION ( 'NONE',  ( -0.000000000000000000, -0.000000000000000000, 1.000000000000000000 ) ) ;
#4921 = EDGE_LOOP ( 'NONE', ( #7293, #7294, #6794, #6736 ) ) ;
#4922 = CARTESIAN_POINT ( 'NONE',  ( -18.16100000000000136, 0.000000000000000000, 1.270000000000002904 ) ) ;
#4923 = CARTESIAN_POINT ( 'NONE',  ( 11.11250000000000071, 0.000000000000000000, -0.3174999999999983946 ) ) ;
#4924 = DIRECTION ( 'NONE',  ( 0.000000000000000000, 0.000000000000000000, 1.000000000000000000 ) ) ;
#4925 =( GEOMETRIC_REPRESENTATION_CONTEXT ( 3 ) GLOBAL_UNCERTAINTY_ASSIGNED_CONTEXT ( ( #357 ) ) GLOBAL_UNIT_ASSIGNED_CONTEXT ( ( #3489, #2785, #4654 ) ) REPRESENTATION_CONTEXT ( 'NONE', 'WORKASPACE' ) );
#4926 = FACE_OUTER_BOUND ( 'NONE', #3979, .T. ) ;
#4927 = ORIENTED_EDGE ( 'NONE', *, *, #5083, .F. ) ;
#4928 = VERTEX_POINT ( 'NONE', #5752 ) ;
#4929 = VECTOR ( 'NONE', #1252, 1000.000000000000000 ) ;
#4930 = ORIENTED_EDGE ( 'NONE', *, *, #4393, .T. ) ;
#4931 = PLANE ( 'NONE',  #883 ) ;
#4932 = EDGE_CURVE ( 'NONE', #4447, #6510, #5553, .T. ) ;
#4933 = EDGE_CURVE ( 'NONE', #145, #2638, #6326, .T. ) ;
#4934 = LINE ( 'NONE', #3132, #2229 ) ;
#4935 = CARTESIAN_POINT ( 'NONE',  ( 5.461000000000000298, 0.000000000000000000, -1.269999999999996909 ) ) ;
#4936 = FACE_OUTER_BOUND ( 'NONE', #6797, .T. ) ;
#4937 = FACE_OUTER_BOUND ( 'NONE', #1807, .T. ) ;
#4938 = VERTEX_POINT ( 'NONE', #2295 ) ;
#4939 = ORIENTED_EDGE ( 'NONE', *, *, #5225, .F. ) ;
#4940 = CARTESIAN_POINT ( 'NONE',  ( 15.24000000000000021, 2.540000000000000036, 0.8890000000000022329 ) ) ;
#4941 =( LENGTH_UNIT ( ) NAMED_UNIT ( * ) SI_UNIT ( .MILLI., .METRE. ) );
#4942 = VERTEX_POINT ( 'NONE', #4075 ) ;
#4943 = EDGE_CURVE ( 'NONE', #2434, #3250, #2821, .T. ) ;
#4944 = CARTESIAN_POINT ( 'NONE',  ( 11.11250000000000071, 0.000000000000000000, 0.3175000000000017808 ) ) ;
#4945 = LINE ( 'NONE', #932, #1231 ) ;
#4946 = FACE_OUTER_BOUND ( 'NONE', #6632, .T. ) ;
#4947 = DIRECTION ( 'NONE',  ( 0.000000000000000000, 1.000000000000000000, 0.000000000000000000 ) ) ;
#4948 = VERTEX_POINT ( 'NONE', #546 ) ;
#4949 = LINE ( 'NONE', #164, #7405 ) ;
#4950 = ORIENTED_EDGE ( 'NONE', *, *, #1649, .F. ) ;
#4951 = EDGE_CURVE ( 'NONE', #910, #317, #5905, .T. ) ;
#4952 = CARTESIAN_POINT ( 'NONE',  ( -17.78000000000000114, 0.000000000000000000, -0.8889999999999974589 ) ) ;
#4953 = CARTESIAN_POINT ( 'NONE',  ( -10.16000000000000014, 0.000000000000000000, -0.8889999999999974589 ) ) ;
#4954 = CARTESIAN_POINT ( 'NONE',  ( -18.73249999999999815, 0.000000000000000000, 0.3175000000000017808 ) ) ;
#4955 = SURFACE_STYLE_USAGE ( .BOTH. , #7283 ) ;
#4956 = DIRECTION ( 'NONE',  ( 1.000000000000000000, 0.000000000000000000, -2.439149994343089694E-16 ) ) ;
#4957 = VECTOR ( 'NONE', #1451, 1000.000000000000000 ) ;
#4958 = ORIENTED_EDGE ( 'NONE', *, *, #7505, .F. ) ;
#4959 = LINE ( 'NONE', #1342, #5237 ) ;
#4960 = DIRECTION ( 'NONE',  ( 0.000000000000000000, 1.000000000000000000, 0.000000000000000000 ) ) ;
#4961 = DIRECTION ( 'NONE',  ( 0.7071067811865473507, 0.000000000000000000, -0.7071067811865476838 ) ) ;
#4962 = AXIS2_PLACEMENT_3D ( 'NONE', #1233, #5980, #1197 ) ;
#4963 = CARTESIAN_POINT ( 'NONE',  ( -6.032499999999997975, 0.000000000000000000, 0.3175000000000017808 ) ) ;
#4964 = ORIENTED_EDGE ( 'NONE', *, *, #6429, .T. ) ;
#4965 = ORIENTED_EDGE ( 'NONE', *, *, #1319, .T. ) ;
#4966 = ORIENTED_EDGE ( 'NONE', *, *, #6979, .T. ) ;
#4967 = CARTESIAN_POINT ( 'NONE',  ( 9.779000000000003467, 0.000000000000000000, 1.270000000000002904 ) ) ;
#4968 = AXIS2_PLACEMENT_3D ( 'NONE', #5188, #7637, #4672 ) ;
#4969 = FACE_BOUND ( 'NONE', #5422, .T. ) ;
#4970 = VECTOR ( 'NONE', #2590, 1000.000000000000000 ) ;
#4971 = LINE ( 'NONE', #2020, #3604 ) ;
#4972 = DIRECTION ( 'NONE',  ( -0.000000000000000000, -0.000000000000000000, 1.000000000000000000 ) ) ;
#4973 = EDGE_CURVE ( 'NONE', #2863, #3089, #6443, .T. ) ;
#4974 = VECTOR ( 'NONE', #7093, 1000.000000000000114 ) ;
#4975 = VERTEX_POINT ( 'NONE', #1132 ) ;
#4976 = ORIENTED_EDGE ( 'NONE', *, *, #7363, .F. ) ;
#4977 = DIRECTION ( 'NONE',  ( -1.000000000000000000, -0.000000000000000000, -0.000000000000000000 ) ) ;
#4978 = VECTOR ( 'NONE', #3255, 1000.000000000000000 ) ;
#4979 =( NAMED_UNIT ( * ) PLANE_ANGLE_UNIT ( ) SI_UNIT ( $, .RADIAN. ) );
#4980 = EDGE_LOOP ( 'NONE', ( #3632, #4900, #7232, #3900 ) ) ;
#4981 = CARTESIAN_POINT ( 'NONE',  ( 14.85899999999999999, 0.000000000000000000, 1.270000000000002904 ) ) ;
#4982 = CARTESIAN_POINT ( 'NONE',  ( 0.000000000000000000, 0.000000000000000000, 0.8890000000000022329 ) ) ;
#4983 = STYLED_ITEM ( 'NONE', ( #7042 ), #933 ) ;
#4984 = CARTESIAN_POINT ( 'NONE',  ( -4.127499999999999503, 0.000000000000000000, 0.3175000000000017808 ) ) ;
#4985 = AXIS2_PLACEMENT_3D ( 'NONE', #5892, #1224, #1811 ) ;
#4986 = CLOSED_SHELL ( 'NONE', ( #2425, #5993, #222, #241, #379, #7362, #5271, #5790, #1751, #1176, #5379, #2838, #6921, #134 ) ) ;
#4987 = EDGE_CURVE ( 'NONE', #4739, #2992, #1753, .T. ) ;
#4988 = EDGE_CURVE ( 'NONE', #7489, #1656, #1637, .T. ) ;
#4989 = ORIENTED_EDGE ( 'NONE', *, *, #6346, .F. ) ;
#4990 = PRODUCT ( 'Pin - Tin_AD', 'Pin - Tin_AD', '', ( #3268 ) ) ;
#4991 = CARTESIAN_POINT ( 'NONE',  ( 8.572500000000003340, 0.000000000000000000, 0.3175000000000017808 ) ) ;
#4992 = ORIENTED_EDGE ( 'NONE', *, *, #4893, .T. ) ;
#4993 = AXIS2_PLACEMENT_3D ( 'NONE', #6272, #1103, #2225 ) ;
#4994 = CARTESIAN_POINT ( 'NONE',  ( 12.31900000000000084, 2.540000000000000036, 1.270000000000002904 ) ) ;
#4995 = LINE ( 'NONE', #835, #5832 ) ;
#4996 = ADVANCED_FACE ( 'NONE', ( #5869 ), #4692, .F. ) ;
#4997 = PLANE ( 'NONE',  #4869 ) ;
#4998 = EDGE_CURVE ( 'NONE', #6114, #6700, #463, .T. ) ;
#4999 = VECTOR ( 'NONE', #5155, 1000.000000000000000 ) ;
#5000 = CARTESIAN_POINT ( 'NONE',  ( 0.000000000000000000, 0.000000000000000000, 0.000000000000000000 ) ) ;
#5001 = CARTESIAN_POINT ( 'NONE',  ( -10.16000000000000014, 0.000000000000000000, -0.8889999999999974589 ) ) ;
#5002 = EDGE_LOOP ( 'NONE', ( #4217, #3175, #688, #29 ) ) ;
#5003 = DIRECTION ( 'NONE',  ( -0.000000000000000000, -0.000000000000000000, 1.000000000000000000 ) ) ;
#5004 = CARTESIAN_POINT ( 'NONE',  ( -7.620000000000000107, 2.540000000000000036, 0.8890000000000022329 ) ) ;
#5005 = LINE ( 'NONE', #1344, #7473 ) ;
#5006 = EDGE_CURVE ( 'NONE', #3077, #910, #7575, .T. ) ;
#5007 = CARTESIAN_POINT ( 'NONE',  ( -7.239000000000000767, 0.000000000000000000, -1.269999999999996909 ) ) ;
#5008 = ORIENTED_EDGE ( 'NONE', *, *, #4542, .F. ) ;
#5009 = VERTEX_POINT ( 'NONE', #6989 ) ;
#5010 = VERTEX_POINT ( 'NONE', #2938 ) ;
#5011 = CARTESIAN_POINT ( 'NONE',  ( 7.620000000000001883, 0.000000000000000000, -0.8889999999999981251 ) ) ;
#5012 = CARTESIAN_POINT ( 'NONE',  ( 6.032500000000003304, 2.540000000000000036, 0.3175000000000017808 ) ) ;
#5013 =( LENGTH_UNIT ( ) NAMED_UNIT ( * ) SI_UNIT ( .MILLI., .METRE. ) );
#5014 = DIRECTION ( 'NONE',  ( -1.000000000000000000, 0.000000000000000000, 2.439149994343089694E-16 ) ) ;
#5015 = EDGE_LOOP ( 'NONE', ( #4116, #4247, #2255, #3447 ) ) ;
#5016 = EDGE_LOOP ( 'NONE', ( #191, #2345, #6948, #7019 ) ) ;
#5017 = LINE ( 'NONE', #2057, #1931 ) ;
#5018 = AXIS2_PLACEMENT_3D ( 'NONE', #4457, #5861, #7648 ) ;
#5019 = DIRECTION ( 'NONE',  ( 1.000000000000000000, 0.000000000000000000, 0.000000000000000000 ) ) ;
#5020 = ORIENTED_EDGE ( 'NONE', *, *, #6171, .T. ) ;
#5021 = CARTESIAN_POINT ( 'NONE',  ( 18.16100000000000136, 2.540000000000000036, -1.269999999999996909 ) ) ;
#5022 = DIRECTION ( 'NONE',  ( 0.7071067811865456854, 0.000000000000000000, -0.7071067811865493491 ) ) ;
#5023 = CARTESIAN_POINT ( 'NONE',  ( -12.69999999999999929, 0.000000000000000000, -0.8889999999999981251 ) ) ;
#5024 = DIRECTION ( 'NONE',  ( 0.000000000000000000, 0.000000000000000000, 1.000000000000000000 ) ) ;
#5025 = ORIENTED_EDGE ( 'NONE', *, *, #6301, .T. ) ;
#5026 = DIRECTION ( 'NONE',  ( 0.000000000000000000, 1.000000000000000000, 0.000000000000000000 ) ) ;
#5027 = EDGE_LOOP ( 'NONE', ( #5208, #7245, #4074, #3476 ) ) ;
#5028 = LINE ( 'NONE', #3263, #1225 ) ;
#5029 = EDGE_CURVE ( 'NONE', #7680, #7659, #1677, .T. ) ;
#5030 = EDGE_CURVE ( 'NONE', #3744, #6114, #4039, .T. ) ;
#5031 = CARTESIAN_POINT ( 'NONE',  ( -14.85899999999999999, 0.000000000000000000, -1.269999999999996909 ) ) ;
#5032 = DIRECTION ( 'NONE',  ( 1.000000000000000000, -0.000000000000000000, 0.000000000000000000 ) ) ;
#5033 = DIRECTION ( 'NONE',  ( 1.000000000000000000, 0.000000000000000000, 0.000000000000000000 ) ) ;
#5034 = EDGE_CURVE ( 'NONE', #5824, #1155, #504, .T. ) ;
#5035 = CARTESIAN_POINT ( 'NONE',  ( 2.159000000000001140, 0.000000000000000000, 1.270000000000002904 ) ) ;
#5036 = VERTEX_POINT ( 'NONE', #2542 ) ;
#5037 = VECTOR ( 'NONE', #1926, 1000.000000000000000 ) ;
#5038 = DIRECTION ( 'NONE',  ( -0.7071067811865475727, 0.000000000000000000, -0.7071067811865475727 ) ) ;
#5039 = EDGE_CURVE ( 'NONE', #1773, #1590, #2509, .T. ) ;
#5040 = DIRECTION ( 'NONE',  ( 0.7071067811865459074, 0.000000000000000000, 0.7071067811865491270 ) ) ;
#5041 = AXIS2_PLACEMENT_3D ( 'NONE', #6701, #1419, #3781 ) ;
#5042 = DIRECTION ( 'NONE',  ( 0.000000000000000000, 1.000000000000000000, 0.000000000000000000 ) ) ;
#5043 = ORIENTED_EDGE ( 'NONE', *, *, #6753, .F. ) ;
#5044 = VERTEX_POINT ( 'NONE', #2465 ) ;
#5045 = ORIENTED_EDGE ( 'NONE', *, *, #3885, .F. ) ;
#5046 = CARTESIAN_POINT ( 'NONE',  ( 8.001000000000001222, 0.000000000000000000, 1.270000000000003348 ) ) ;
#5047 = EDGE_CURVE ( 'NONE', #7069, #1773, #1385, .T. ) ;
#5048 = SURFACE_STYLE_USAGE ( .BOTH. , #6827 ) ;
#5049 = LINE ( 'NONE', #3283, #4740 ) ;
#5050 = VERTEX_POINT ( 'NONE', #3072 ) ;
#5051 = ORIENTED_EDGE ( 'NONE', *, *, #3928, .T. ) ;
#5052 = DIRECTION ( 'NONE',  ( 0.7071067811865459074, 0.000000000000000000, 0.7071067811865491270 ) ) ;
#5053 = SURFACE_STYLE_FILL_AREA ( #6870 ) ;
#5054 = ORIENTED_EDGE ( 'NONE', *, *, #3694, .T. ) ;
#5055 = DIRECTION ( 'NONE',  ( 0.7071067811865493491, -0.000000000000000000, 0.7071067811865456854 ) ) ;
#5056 = CARTESIAN_POINT ( 'NONE',  ( 19.36750000000000327, 0.000000000000000000, 0.3175000000000017808 ) ) ;
#5057 = DIRECTION ( 'NONE',  ( 0.7071067811865459074, 0.000000000000000000, 0.7071067811865491270 ) ) ;
#5058 = DIRECTION ( 'NONE',  ( 0.000000000000000000, 1.000000000000000000, 0.000000000000000000 ) ) ;
#5059 = VERTEX_POINT ( 'NONE', #7327 ) ;
#5060 = ORIENTED_EDGE ( 'NONE', *, *, #5419, .T. ) ;
#5061 = DIRECTION ( 'NONE',  ( 0.000000000000000000, 0.000000000000000000, 1.000000000000000000 ) ) ;
#5062 = EDGE_LOOP ( 'NONE', ( #104, #1302, #7617, #6860 ) ) ;
#5063 = DIRECTION ( 'NONE',  ( 0.000000000000000000, 0.000000000000000000, 1.000000000000000000 ) ) ;
#5064 = LINE ( 'NONE', #3813, #2226 ) ;
#5065 = CARTESIAN_POINT ( 'NONE',  ( 15.62099999999999866, 0.000000000000000000, 1.270000000000003348 ) ) ;
#5066 = APPLICATION_PROTOCOL_DEFINITION ( 'draft international standard', 'automotive_design', 1998, #879 ) ;
#5067 = EDGE_CURVE ( 'NONE', #2025, #854, #2999, .T. ) ;
#5068 = DIRECTION ( 'NONE',  ( -1.000000000000000000, 0.000000000000000000, 0.000000000000000000 ) ) ;
#5069 = ORIENTED_EDGE ( 'NONE', *, *, #1002, .F. ) ;
#5070 = FACE_OUTER_BOUND ( 'NONE', #6289, .T. ) ;
#5071 = LINE ( 'NONE', #6096, #3215 ) ;
#5072 = EDGE_CURVE ( 'NONE', #1395, #1405, #2009, .T. ) ;
#5073 = FACE_OUTER_BOUND ( 'NONE', #2178, .T. ) ;
#5074 = DIRECTION ( 'NONE',  ( 0.7071067811865459074, 0.000000000000000000, 0.7071067811865491270 ) ) ;
#5075 = ADVANCED_FACE ( 'NONE', ( #135 ), #213, .T. ) ;
#5076 = VECTOR ( 'NONE', #6151, 1000.000000000000000 ) ;
#5077 = EDGE_CURVE ( 'NONE', #5573, #6057, #2581, .T. ) ;
#5078 = EDGE_LOOP ( 'NONE', ( #6831, #6784, #5189, #5743 ) ) ;
#5079 = ORIENTED_EDGE ( 'NONE', *, *, #3296, .T. ) ;
#5080 = EDGE_LOOP ( 'NONE', ( #6750, #7412, #7052, #6403 ) ) ;
#5081 = CARTESIAN_POINT ( 'NONE',  ( -13.65249999999999808, 0.000000000000000000, 0.3175000000000017808 ) ) ;
#5082 = VECTOR ( 'NONE', #2708, 1000.000000000000000 ) ;
#5083 = EDGE_CURVE ( 'NONE', #5050, #5812, #1928, .T. ) ;
#5084 = CARTESIAN_POINT ( 'NONE',  ( -0.3174999999999999489, 2.540000000000000036, 0.3174999999999999489 ) ) ;
#5085 = LINE ( 'NONE', #7452, #5372 ) ;
#5086 = EDGE_CURVE ( 'NONE', #2201, #4653, #7162, .T. ) ;
#5087 = ORIENTED_EDGE ( 'NONE', *, *, #4734, .T. ) ;
#5088 = AXIS2_PLACEMENT_3D ( 'NONE', #6416, #2266, #1800 ) ;
#5089 = ORIENTED_EDGE ( 'NONE', *, *, #1993, .T. ) ;
#5090 = DIRECTION ( 'NONE',  ( 0.000000000000000000, 0.000000000000000000, 1.000000000000000000 ) ) ;
#5091 = ORIENTED_EDGE ( 'NONE', *, *, #5749, .T. ) ;
#5092 = AXIS2_PLACEMENT_3D ( 'NONE', #4208, #1777, #6583 ) ;
#5093 = DIRECTION ( 'NONE',  ( 0.7071067811865456854, 0.000000000000000000, -0.7071067811865493491 ) ) ;
#5094 = CARTESIAN_POINT ( 'NONE',  ( -16.82749999999999702, 0.000000000000000000, 0.3175000000000017808 ) ) ;
#5095 = DIRECTION ( 'NONE',  ( -0.000000000000000000, -0.000000000000000000, 1.000000000000000000 ) ) ;
#5096 = VECTOR ( 'NONE', #6427, 1000.000000000000000 ) ;
#5097 = CARTESIAN_POINT ( 'NONE',  ( 0.9525000000000019007, 0.000000000000000000, 0.3175000000000017808 ) ) ;
#5098 = ORIENTED_EDGE ( 'NONE', *, *, #2728, .T. ) ;
#5099 = VECTOR ( 'NONE', #1081, 1000.000000000000000 ) ;
#5100 = ORIENTED_EDGE ( 'NONE', *, *, #7645, .T. ) ;
#5101 = CARTESIAN_POINT ( 'NONE',  ( -0.3174999999999999489, 2.540000000000000036, 0.3174999999999999489 ) ) ;
#5102 = AXIS2_PLACEMENT_3D ( 'NONE', #6816, #4592, #5732 ) ;
#5103 = VERTEX_POINT ( 'NONE', #5505 ) ;
#5104 = CARTESIAN_POINT ( 'NONE',  ( 9.779000000000003467, 2.540000000000000036, -1.269999999999997353 ) ) ;
#5105 = VECTOR ( 'NONE', #1870, 1000.000000000000000 ) ;
#5106 = CLOSED_SHELL ( 'NONE', ( #464, #4422, #177, #4403, #1620, #4836, #4897, #869, #5501, #3935 ) ) ;
#5107 = VERTEX_POINT ( 'NONE', #524 ) ;
#5108 = VECTOR ( 'NONE', #2623, 1000.000000000000114 ) ;
#5109 = DIRECTION ( 'NONE',  ( 0.7071067811865493491, -0.000000000000000000, 0.7071067811865456854 ) ) ;
#5110 = EDGE_LOOP ( 'NONE', ( #3071, #4332, #4054, #6150 ) ) ;
#5111 = DIRECTION ( 'NONE',  ( 0.000000000000000000, 0.000000000000000000, 1.000000000000000000 ) ) ;
#5112 = CARTESIAN_POINT ( 'NONE',  ( -20.32000000000000028, 2.540000000000000036, 0.8890000000000022329 ) ) ;
#5113 = VECTOR ( 'NONE', #5508, 1000.000000000000000 ) ;
#5114 = FACE_OUTER_BOUND ( 'NONE', #3051, .T. ) ;
#5115 = DIRECTION ( 'NONE',  ( -0.7071067811865491270, 0.000000000000000000, 0.7071067811865459074 ) ) ;
#5116 = ORIENTED_EDGE ( 'NONE', *, *, #4886, .F. ) ;
#5117 = ORIENTED_EDGE ( 'NONE', *, *, #7027, .T. ) ;
#5118 = AXIS2_PLACEMENT_3D ( 'NONE', #2366, #1708, #5250 ) ;
#5119 = EDGE_CURVE ( 'NONE', #4928, #1438, #2430, .T. ) ;
#5120 = VERTEX_POINT ( 'NONE', #4370 ) ;
#5121 = CARTESIAN_POINT ( 'NONE',  ( -2.159000000000001140, 0.000000000000000000, 1.270000000000003348 ) ) ;
#5122 = EDGE_CURVE ( 'NONE', #4437, #1131, #1303, .T. ) ;
#5123 = EDGE_CURVE ( 'NONE', #2421, #5218, #1890, .T. ) ;
#5124 = CARTESIAN_POINT ( 'NONE',  ( -8.572499999999998010, 2.540000000000000036, 0.3175000000000017808 ) ) ;
#5125 = LINE ( 'NONE', #3762, #782 ) ;
#5126 = ORIENTED_EDGE ( 'NONE', *, *, #3356, .F. ) ;
#5127 = VERTEX_POINT ( 'NONE', #1845 ) ;
#5128 = CARTESIAN_POINT ( 'NONE',  ( -7.239000000000000767, 0.000000000000000000, 1.270000000000003348 ) ) ;
#5129 = DIRECTION ( 'NONE',  ( 0.000000000000000000, 0.000000000000000000, 1.000000000000000000 ) ) ;
#5130 = DIRECTION ( 'NONE',  ( -1.000000000000000000, 0.000000000000000000, -0.000000000000000000 ) ) ;
#5131 = EDGE_CURVE ( 'NONE', #4424, #5218, #4250, .T. ) ;
#5132 = PLANE ( 'NONE',  #3225 ) ;
#5133 = VECTOR ( 'NONE', #3991, 1000.000000000000000 ) ;
#5134 = EDGE_LOOP ( 'NONE', ( #703, #5135, #3278, #1823 ) ) ;
#5135 = ORIENTED_EDGE ( 'NONE', *, *, #5406, .F. ) ;
#5136 = CARTESIAN_POINT ( 'NONE',  ( 9.779000000000003467, 0.000000000000000000, 1.270000000000002904 ) ) ;
#5137 = VERTEX_POINT ( 'NONE', #3747 ) ;
#5138 = ORIENTED_EDGE ( 'NONE', *, *, #4533, .T. ) ;
#5139 = LINE ( 'NONE', #2510, #7585 ) ;
#5140 = DIRECTION ( 'NONE',  ( 0.7071067811865456854, 0.000000000000000000, -0.7071067811865493491 ) ) ;
#5141 = EDGE_CURVE ( 'NONE', #1680, #4302, #4959, .T. ) ;
#5142 = CARTESIAN_POINT ( 'NONE',  ( 8.890000000000002345, 0.000000000000000000, 1.788933584601082316E-15 ) ) ;
#5143 = DIRECTION ( 'NONE',  ( 0.000000000000000000, 0.000000000000000000, -1.000000000000000000 ) ) ;
#5144 = VERTEX_POINT ( 'NONE', #723 ) ;
#5145 = CARTESIAN_POINT ( 'NONE',  ( -0.9524999999999984590, 2.540000000000000036, -0.3174999999999983946 ) ) ;
#5146 = LINE ( 'NONE', #4298, #5815 ) ;
#5147 = CARTESIAN_POINT ( 'NONE',  ( -19.93900000000000361, 0.000000000000000000, 1.270000000000003348 ) ) ;
#5148 = LINE ( 'NONE', #7548, #2116 ) ;
#5149 = ORIENTED_EDGE ( 'NONE', *, *, #7451, .T. ) ;
#5150 = ORIENTED_EDGE ( 'NONE', *, *, #942, .T. ) ;
#5151 = ORIENTED_EDGE ( 'NONE', *, *, #5595, .F. ) ;
#5152 = CARTESIAN_POINT ( 'NONE',  ( -16.82749999999999702, 2.540000000000000036, 0.3175000000000017808 ) ) ;
#5153 = VECTOR ( 'NONE', #3893, 1000.000000000000000 ) ;
#5154 = LINE ( 'NONE', #7520, #6586 ) ;
#5155 = DIRECTION ( 'NONE',  ( -0.000000000000000000, -0.000000000000000000, -1.000000000000000000 ) ) ;
#5156 = VERTEX_POINT ( 'NONE', #3661 ) ;
#5157 = VECTOR ( 'NONE', #6446, 1000.000000000000000 ) ;
#5158 = EDGE_CURVE ( 'NONE', #3311, #5986, #3154, .T. ) ;
#5159 = EDGE_LOOP ( 'NONE', ( #7345, #1473, #3106, #4216 ) ) ;
#5160 = ADVANCED_FACE ( 'NONE', ( #4207 ), #174, .F. ) ;
#5161 = VERTEX_POINT ( 'NONE', #6004 ) ;
#5162 = FACE_OUTER_BOUND ( 'NONE', #7381, .T. ) ;
#5163 = CARTESIAN_POINT ( 'NONE',  ( 16.19250000000000256, 2.540000000000000036, -0.3174999999999983946 ) ) ;
#5164 = CARTESIAN_POINT ( 'NONE',  ( 12.69999999999999929, 2.540000000000000036, -0.8889999999999981251 ) ) ;
#5165 = AXIS2_PLACEMENT_3D ( 'NONE', #4663, #4047, #5794 ) ;
#5166 = EDGE_CURVE ( 'NONE', #3800, #3958, #684, .T. ) ;
#5167 = EDGE_LOOP ( 'NONE', ( #5849, #5639, #2766, #1616 ) ) ;
#5168 = EDGE_CURVE ( 'NONE', #1271, #4863, #5965, .T. ) ;
#5169 = VERTEX_POINT ( 'NONE', #328 ) ;
#5170 = DIRECTION ( 'NONE',  ( 0.7071067811865459074, 0.000000000000000000, 0.7071067811865491270 ) ) ;
#5171 = EDGE_CURVE ( 'NONE', #5459, #2473, #6300, .T. ) ;
#5172 = DIRECTION ( 'NONE',  ( -0.7071067811865491270, 0.000000000000000000, 0.7071067811865459074 ) ) ;
#5173 = ORIENTED_EDGE ( 'NONE', *, *, #4494, .F. ) ;
#5174 = ORIENTED_EDGE ( 'NONE', *, *, #4782, .T. ) ;
#5175 = CARTESIAN_POINT ( 'NONE',  ( -15.24000000000000021, 2.540000000000000036, -0.8889999999999974589 ) ) ;
#5176 = DIRECTION ( 'NONE',  ( -2.439149994343089694E-16, 0.000000000000000000, -1.000000000000000000 ) ) ;
#5177 = DIRECTION ( 'NONE',  ( 1.000000000000000000, 0.000000000000000000, 0.000000000000000000 ) ) ;
#5178 = ADVANCED_FACE ( 'NONE', ( #4547 ), #5581, .T. ) ;
#5179 = CARTESIAN_POINT ( 'NONE',  ( 12.31900000000000084, 0.000000000000000000, 1.270000000000002904 ) ) ;
#5180 = ORIENTED_EDGE ( 'NONE', *, *, #6783, .T. ) ;
#5181 = CARTESIAN_POINT ( 'NONE',  ( 33.02000000000000313, 2.540000000000000036, 0.000000000000000000 ) ) ;
#5182 = CARTESIAN_POINT ( 'NONE',  ( -2.540000000000000480, 0.000000000000000000, 0.8890000000000022329 ) ) ;
#5183 = DIRECTION ( 'NONE',  ( -1.000000000000000000, 0.000000000000000000, 2.439149994343089694E-16 ) ) ;
#5184 = DIRECTION ( 'NONE',  ( -1.000000000000000000, 0.000000000000000000, 0.000000000000000000 ) ) ;
#5185 = VERTEX_POINT ( 'NONE', #6159 ) ;
#5186 = CARTESIAN_POINT ( 'NONE',  ( -0.3174999999999999489, -10.32509999999999373, -0.3174999999999999489 ) ) ;
#5187 = EDGE_LOOP ( 'NONE', ( #4903, #2067, #2560, #5712 ) ) ;
#5188 = CARTESIAN_POINT ( 'NONE',  ( -0.3174999999999999489, 2.540000000000000036, -0.3174999999999999489 ) ) ;
#5189 = ORIENTED_EDGE ( 'NONE', *, *, #7354, .F. ) ;
#5190 = LINE ( 'NONE', #2234, #1256 ) ;
#5191 = FILL_AREA_STYLE_COLOUR ( '', #5351 ) ;
#5192 = LINE ( 'NONE', #6354, #7475 ) ;
#5193 = EDGE_LOOP ( 'NONE', ( #6317, #1639, #3833, #5091 ) ) ;
#5194 = ORIENTED_EDGE ( 'NONE', *, *, #7147, .F. ) ;
#5195 = CARTESIAN_POINT ( 'NONE',  ( 9.207500000000003126, 0.000000000000000000, -0.3174999999999983946 ) ) ;
#5196 = EDGE_LOOP ( 'NONE', ( #2220, #4787, #5549, #506 ) ) ;
#5197 = VECTOR ( 'NONE', #751, 1000.000000000000000 ) ;
#5198 = PLANE ( 'NONE',  #6941 ) ;
#5199 = DIRECTION ( 'NONE',  ( -0.7071067811865474617, 0.000000000000000000, 0.7071067811865474617 ) ) ;
#5200 = DIRECTION ( 'NONE',  ( -0.000000000000000000, 1.000000000000000000, 0.000000000000000000 ) ) ;
#5201 = EDGE_CURVE ( 'NONE', #4519, #5481, #6193, .T. ) ;
#5202 = CARTESIAN_POINT ( 'NONE',  ( 4.699000000000001620, 0.000000000000000000, -1.269999999999997353 ) ) ;
#5203 = VECTOR ( 'NONE', #5394, 1000.000000000000000 ) ;
#5204 = EDGE_LOOP ( 'NONE', ( #4636, #2571, #372, #1110 ) ) ;
#5205 = ORIENTED_EDGE ( 'NONE', *, *, #2523, .F. ) ;
#5206 = CARTESIAN_POINT ( 'NONE',  ( -7.239000000000000767, 0.000000000000000000, -1.269999999999996909 ) ) ;
#5207 = ORIENTED_EDGE ( 'NONE', *, *, #5359, .T. ) ;
#5208 = ORIENTED_EDGE ( 'NONE', *, *, #42, .F. ) ;
#5209 = EDGE_CURVE ( 'NONE', #2965, #7518, #1572, .T. ) ;
#5210 = CARTESIAN_POINT ( 'NONE',  ( 19.36750000000000327, 0.000000000000000000, 0.3175000000000017808 ) ) ;
#5211 = DIRECTION ( 'NONE',  ( 0.000000000000000000, 0.000000000000000000, -1.000000000000000000 ) ) ;
#5212 = AXIS2_PLACEMENT_3D ( 'NONE', #1540, #6340, #439 ) ;
#5213 = EDGE_CURVE ( 'NONE', #1131, #3845, #983, .T. ) ;
#5214 = EDGE_CURVE ( 'NONE', #5872, #1034, #7478, .T. ) ;
#5215 = VECTOR ( 'NONE', #6754, 1000.000000000000000 ) ;
#5216 = VECTOR ( 'NONE', #1991, 1000.000000000000000 ) ;
#5217 = CARTESIAN_POINT ( 'NONE',  ( -15.24000000000000021, 0.000000000000000000, -0.8889999999999974589 ) ) ;
#5218 = VERTEX_POINT ( 'NONE', #7511 ) ;
#5219 = VECTOR ( 'NONE', #2641, 1000.000000000000000 ) ;
#5220 = EDGE_CURVE ( 'NONE', #7417, #1970, #363, .T. ) ;
#5221 = FACE_OUTER_BOUND ( 'NONE', #5534, .T. ) ;
#5222 = VECTOR ( 'NONE', #6940, 1000.000000000000000 ) ;
#5223 = PLANE ( 'NONE',  #2837 ) ;
#5224 = VECTOR ( 'NONE', #2914, 1000.000000000000000 ) ;
#5225 = EDGE_CURVE ( 'NONE', #1887, #2160, #2154, .T. ) ;
#5226 = LINE ( 'NONE', #1650, #147 ) ;
#5227 = AXIS2_PLACEMENT_3D ( 'NONE', #6390, #2889, #1114 ) ;
#5228 = PLANE ( 'NONE',  #3856 ) ;
#5229 = VECTOR ( 'NONE', #6626, 1000.000000000000000 ) ;
#5230 = VERTEX_POINT ( 'NONE', #4514 ) ;
#5231 = LINE ( 'NONE', #2310, #4644 ) ;
#5232 = VERTEX_POINT ( 'NONE', #951 ) ;
#5233 = FACE_OUTER_BOUND ( 'NONE', #3666, .T. ) ;
#5234 = ORIENTED_EDGE ( 'NONE', *, *, #3694, .F. ) ;
#5235 = DIRECTION ( 'NONE',  ( 0.000000000000000000, -0.000000000000000000, 1.000000000000000000 ) ) ;
#5236 = VECTOR ( 'NONE', #215, 1000.000000000000000 ) ;
#5237 = VECTOR ( 'NONE', #1423, 1000.000000000000000 ) ;
#5238 = EDGE_CURVE ( 'NONE', #3194, #18, #5726, .T. ) ;
#5239 = PLANE ( 'NONE',  #6463 ) ;
#5240 = CARTESIAN_POINT ( 'NONE',  ( 15.24000000000000021, 0.000000000000000000, -0.8889999999999981251 ) ) ;
#5241 = FACE_OUTER_BOUND ( 'NONE', #2845, .T. ) ;
#5242 = ORIENTED_EDGE ( 'NONE', *, *, #3305, .T. ) ;
#5243 = AXIS2_PLACEMENT_3D ( 'NONE', #2445, #107, #4776 ) ;
#5244 = ORIENTED_EDGE ( 'NONE', *, *, #5968, .T. ) ;
#5245 = ORIENTED_EDGE ( 'NONE', *, *, #7113, .F. ) ;
#5246 = CARTESIAN_POINT ( 'NONE',  ( 10.54099999999999859, 0.000000000000000000, -1.269999999999996909 ) ) ;
#5247 = PLANE ( 'NONE',  #3832 ) ;
#5248 =( REPRESENTATION_RELATIONSHIP ('NONE','NONE', #6526, #1223 ) REPRESENTATION_RELATIONSHIP_WITH_TRANSFORMATION ( #3569 )SHAPE_REPRESENTATION_RELATIONSHIP( ) );
#5249 = LINE ( 'NONE', #6014, #5962 ) ;
#5250 = DIRECTION ( 'NONE',  ( -1.000000000000000000, 0.000000000000000000, 2.439149994343089694E-16 ) ) ;
#5251 = VERTEX_POINT ( 'NONE', #5145 ) ;
#5252 = ORIENTED_EDGE ( 'NONE', *, *, #4943, .T. ) ;
#5253 = DIRECTION ( 'NONE',  ( 0.000000000000000000, 1.000000000000000000, 0.000000000000000000 ) ) ;
#5254 = DIRECTION ( 'NONE',  ( 0.000000000000000000, 0.000000000000000000, -1.000000000000000000 ) ) ;
#5255 = ORIENTED_EDGE ( 'NONE', *, *, #4170, .F. ) ;
#5256 = EDGE_LOOP ( 'NONE', ( #6197, #1118, #1965, #2484 ) ) ;
#5257 = CARTESIAN_POINT ( 'NONE',  ( -5.080000000000000959, 2.540000000000000036, 0.8890000000000022329 ) ) ;
#5258 = CARTESIAN_POINT ( 'NONE',  ( 13.65250000000000163, 0.000000000000000000, -0.3174999999999983946 ) ) ;
#5259 = CONTEXT_DEPENDENT_SHAPE_REPRESENTATION ( #1528, #6582 ) ;
#5260 = DIRECTION ( 'NONE',  ( 0.000000000000000000, 0.000000000000000000, -1.000000000000000000 ) ) ;
#5261 = EDGE_CURVE ( 'NONE', #460, #5010, #293, .T. ) ;
#5262 = EDGE_LOOP ( 'NONE', ( #1055, #2776, #3243, #1789 ) ) ;
#5263 = MECHANICAL_DESIGN_GEOMETRIC_PRESENTATION_REPRESENTATION (  '', ( #2419 ), #167 ) ;
#5264 = ADVANCED_FACE ( 'NONE', ( #6922 ), #3304, .T. ) ;
#5265 = CARTESIAN_POINT ( 'NONE',  ( 0.3174999999999999489, -10.32509999999999373, 0.3174999999999999489 ) ) ;
#5266 = DIRECTION ( 'NONE',  ( -0.7071067811865475727, 0.000000000000000000, -0.7071067811865475727 ) ) ;
#5267 = CARTESIAN_POINT ( 'NONE',  ( -0.9524999999999984590, 0.000000000000000000, -0.3174999999999983946 ) ) ;
#5268 = ORIENTED_EDGE ( 'NONE', *, *, #1377, .T. ) ;
#5269 = LINE ( 'NONE', #2389, #1306 ) ;
#5270 = VERTEX_POINT ( 'NONE', #3190 ) ;
#5271 = ADVANCED_FACE ( 'NONE', ( #4404 ), #3818, .T. ) ;
#5272 = DIRECTION ( 'NONE',  ( 0.7071067811865456854, 0.000000000000000000, -0.7071067811865493491 ) ) ;
#5273 = ORIENTED_EDGE ( 'NONE', *, *, #5067, .F. ) ;
#5274 = CARTESIAN_POINT ( 'NONE',  ( -0.3174999999999999489, 8.382000000000001450, 0.3174999999999999489 ) ) ;
#5275 = CARTESIAN_POINT ( 'NONE',  ( -17.39900000000000091, 2.540000000000000036, 1.270000000000003348 ) ) ;
#5276 = ORIENTED_EDGE ( 'NONE', *, *, #3851, .T. ) ;
#5277 = VECTOR ( 'NONE', #7246, 1000.000000000000227 ) ;
#5278 = ORIENTED_EDGE ( 'NONE', *, *, #2935, .F. ) ;
#5279 = ADVANCED_FACE ( 'NONE', ( #4481, #2076 ), #4438, .T. ) ;
#5280 = SURFACE_STYLE_FILL_AREA ( #1005 ) ;
#5281 = EDGE_LOOP ( 'NONE', ( #7436, #3990, #2194, #5151, #3011, #480, #5470, #4535 ) ) ;
#5282 = CARTESIAN_POINT ( 'NONE',  ( -0.3174999999999999489, -10.32509999999999373, 0.3174999999999999489 ) ) ;
#5283 = CARTESIAN_POINT ( 'NONE',  ( 19.36750000000000327, 0.000000000000000000, -0.3174999999999983946 ) ) ;
#5284 = DIRECTION ( 'NONE',  ( -1.000000000000000000, -0.000000000000000000, 2.439149994343089694E-16 ) ) ;
#5285 = CARTESIAN_POINT ( 'NONE',  ( 16.19250000000000256, 2.540000000000000036, 0.3175000000000017808 ) ) ;
#5286 = UNCERTAINTY_MEASURE_WITH_UNIT (LENGTH_MEASURE( 1.000000000000000082E-05 ), #2557, 'distance_accuracy_value', 'NONE');
#5287 = COLOUR_RGB ( '',0.2509803921568627416, 0.2509803921568627416, 0.2509803921568627416 ) ;
#5288 = UNCERTAINTY_MEASURE_WITH_UNIT (LENGTH_MEASURE( 1.000000000000000082E-05 ), #109, 'distance_accuracy_value', 'NONE');
#5289 = ORIENTED_EDGE ( 'NONE', *, *, #7359, .T. ) ;
#5290 = ORIENTED_EDGE ( 'NONE', *, *, #2504, .F. ) ;
#5291 = SURFACE_SIDE_STYLE ('',( #1591 ) ) ;
#5292 = DIRECTION ( 'NONE',  ( 1.000000000000000000, 0.000000000000000000, -0.000000000000000000 ) ) ;
#5293 = ORIENTED_EDGE ( 'NONE', *, *, #4784, .T. ) ;
#5294 = CARTESIAN_POINT ( 'NONE',  ( 11.11250000000000071, 2.540000000000000036, 0.3175000000000017808 ) ) ;
#5295 = DIRECTION ( 'NONE',  ( 0.000000000000000000, 1.000000000000000000, 0.000000000000000000 ) ) ;
#5296 = VECTOR ( 'NONE', #4241, 1000.000000000000000 ) ;
#5297 = PLANE ( 'NONE',  #5165 ) ;
#5298 = ORIENTED_EDGE ( 'NONE', *, *, #2562, .F. ) ;
#5299 = CARTESIAN_POINT ( 'NONE',  ( 9.207500000000003126, 0.000000000000000000, 0.3175000000000017808 ) ) ;
#5300 = CARTESIAN_POINT ( 'NONE',  ( 0.9525000000000019007, 0.000000000000000000, 0.3175000000000017808 ) ) ;
#5301 = DIRECTION ( 'NONE',  ( 1.000000000000000000, 0.000000000000000000, -2.439149994343089694E-16 ) ) ;
#5302 = EDGE_CURVE ( 'NONE', #1274, #3800, #6236, .T. ) ;
#5303 = CARTESIAN_POINT ( 'NONE',  ( 4.127500000000003055, 0.000000000000000000, 0.3175000000000017808 ) ) ;
#5304 = ORIENTED_EDGE ( 'NONE', *, *, #5209, .T. ) ;
#5305 = DIRECTION ( 'NONE',  ( -1.000000000000000000, 0.000000000000000000, 0.000000000000000000 ) ) ;
#5306 = ORIENTED_EDGE ( 'NONE', *, *, #4264, .T. ) ;
#5307 = DIRECTION ( 'NONE',  ( 0.000000000000000000, -0.000000000000000000, 1.000000000000000000 ) ) ;
#5308 = VERTEX_POINT ( 'NONE', #2690 ) ;
#5309 = CARTESIAN_POINT ( 'NONE',  ( -9.779000000000001691, 0.000000000000000000, 1.270000000000003348 ) ) ;
#5310 = ADVANCED_FACE ( 'NONE', ( #5070 ), #7437, .T. ) ;
#5311 = FILL_AREA_STYLE ('',( #7211 ) ) ;
#5312 = ADVANCED_FACE ( 'NONE', ( #5221 ), #2834, .T. ) ;
#5313 = ADVANCED_FACE ( 'NONE', ( #4584, #7544 ), #7591, .F. ) ;
#5314 = FILL_AREA_STYLE ('',( #1779 ) ) ;
#5315 = ORIENTED_EDGE ( 'NONE', *, *, #2916, .F. ) ;
#5316 = VERTEX_POINT ( 'NONE', #6963 ) ;
#5317 = CARTESIAN_POINT ( 'NONE',  ( -12.69999999999999929, 0.000000000000000000, -0.8889999999999981251 ) ) ;
#5318 = PLANE ( 'NONE',  #6578 ) ;
#5319 = ADVANCED_FACE ( 'NONE', ( #3538 ), #3456, .T. ) ;
#5320 = PLANE ( 'NONE',  #5592 ) ;
#5321 = DIRECTION ( 'NONE',  ( 0.000000000000000000, 0.000000000000000000, -1.000000000000000000 ) ) ;
#5322 = LINE ( 'NONE', #3599, #2969 ) ;
#5323 = EDGE_CURVE ( 'NONE', #4708, #4694, #1647, .T. ) ;
#5324 = DIRECTION ( 'NONE',  ( 0.000000000000000000, 0.000000000000000000, 1.000000000000000000 ) ) ;
#5325 = VERTEX_POINT ( 'NONE', #6375 ) ;
#5326 = VECTOR ( 'NONE', #7269, 1000.000000000000000 ) ;
#5327 = ORIENTED_EDGE ( 'NONE', *, *, #4114, .F. ) ;
#5328 = DIRECTION ( 'NONE',  ( -2.439149994343089694E-16, 0.000000000000000000, -1.000000000000000000 ) ) ;
#5329 = ORIENTED_EDGE ( 'NONE', *, *, #7655, .F. ) ;
#5330 = CARTESIAN_POINT ( 'NONE',  ( 11.11250000000000071, 0.000000000000000000, 0.3175000000000017808 ) ) ;
#5331 = PLANE ( 'NONE',  #6688 ) ;
#5332 = VECTOR ( 'NONE', #3557, 1000.000000000000000 ) ;
#5333 = AXIS2_PLACEMENT_3D ( 'NONE', #7066, #3406, #5785 ) ;
#5334 = CONTEXT_DEPENDENT_SHAPE_REPRESENTATION ( #3499, #636 ) ;
#5335 = LINE ( 'NONE', #3500, #4407 ) ;
#5336 = AXIS2_PLACEMENT_3D ( 'NONE', #6495, #1147, #4050 ) ;
#5337 = ORIENTED_EDGE ( 'NONE', *, *, #6779, .T. ) ;
#5338 = LINE ( 'NONE', #5265, #1848 ) ;
#5339 = CARTESIAN_POINT ( 'NONE',  ( -14.28749999999999787, 2.540000000000000036, -0.3174999999999983946 ) ) ;
#5340 = VECTOR ( 'NONE', #3682, 1000.000000000000000 ) ;
#5341 = PLANE ( 'NONE',  #7091 ) ;
#5342 = VECTOR ( 'NONE', #4390, 1000.000000000000000 ) ;
#5343 = ORIENTED_EDGE ( 'NONE', *, *, #3586, .F. ) ;
#5344 = VECTOR ( 'NONE', #3558, 1000.000000000000000 ) ;
#5345 = DIRECTION ( 'NONE',  ( 1.000000000000000000, -0.000000000000000000, 0.000000000000000000 ) ) ;
#5346 = ORIENTED_EDGE ( 'NONE', *, *, #132, .T. ) ;
#5347 = LINE ( 'NONE', #1776, #4209 ) ;
#5348 = PRODUCT_DEFINITION_SHAPE ( 'NONE', 'NONE',  #7699 ) ;
#5349 = CARTESIAN_POINT ( 'NONE',  ( -17.39900000000000091, 0.000000000000000000, 1.270000000000003348 ) ) ;
#5350 = STYLED_ITEM ( 'NONE', ( #3115 ), #6383 ) ;
#5351 = COLOUR_RGB ( '',0.2509803921568627416, 0.2509803921568627416, 0.2509803921568627416 ) ;
#5352 = VECTOR ( 'NONE', #1630, 1000.000000000000000 ) ;
#5353 = SURFACE_SIDE_STYLE ('',( #7016 ) ) ;
#5354 = VERTEX_POINT ( 'NONE', #4088 ) ;
#5355 = ORIENTED_EDGE ( 'NONE', *, *, #2827, .T. ) ;
#5356 = VECTOR ( 'NONE', #245, 1000.000000000000000 ) ;
#5357 = CARTESIAN_POINT ( 'NONE',  ( 0.000000000000000000, 2.540000000000000036, 0.000000000000000000 ) ) ;
#5358 = CARTESIAN_POINT ( 'NONE',  ( -9.207499999999997797, 2.540000000000000036, -0.3174999999999983946 ) ) ;
#5359 = EDGE_CURVE ( 'NONE', #7491, #3050, #7081, .T. ) ;
#5360 = ADVANCED_FACE ( 'NONE', ( #595, #6998 ), #2265, .T. ) ;
#5361 = DIRECTION ( 'NONE',  ( 0.000000000000000000, 0.000000000000000000, -1.000000000000000000 ) ) ;
#5362 = CARTESIAN_POINT ( 'NONE',  ( -15.24000000000000021, 0.000000000000000000, 0.8890000000000022329 ) ) ;
#5363 = LINE ( 'NONE', #4858, #7456 ) ;
#5364 = CARTESIAN_POINT ( 'NONE',  ( 0.3174999999999999489, 8.039099999999994139, 0.3174999999999999489 ) ) ;
#5365 = AXIS2_PLACEMENT_3D ( 'NONE', #1490, #3814, #6188 ) ;
#5366 = ORIENTED_EDGE ( 'NONE', *, *, #6869, .F. ) ;
#5367 = VERTEX_POINT ( 'NONE', #6494 ) ;
#5368 = LINE ( 'NONE', #2526, #2257 ) ;
#5369 = CARTESIAN_POINT ( 'NONE',  ( 15.24000000000000021, 2.540000000000000036, -0.8889999999999974589 ) ) ;
#5370 = VERTEX_POINT ( 'NONE', #3503 ) ;
#5371 = EDGE_CURVE ( 'NONE', #2294, #4513, #5840, .T. ) ;
#5372 = VECTOR ( 'NONE', #6865, 1000.000000000000000 ) ;
#5373 = DIRECTION ( 'NONE',  ( -0.000000000000000000, -0.000000000000000000, -1.000000000000000000 ) ) ;
#5374 = CARTESIAN_POINT ( 'NONE',  ( 19.93900000000000361, 0.000000000000000000, 1.270000000000002904 ) ) ;
#5375 = CARTESIAN_POINT ( 'NONE',  ( 0.9525000000000019007, 0.000000000000000000, 0.3175000000000017808 ) ) ;
#5376 = CARTESIAN_POINT ( 'NONE',  ( 6.667500000000003091, 0.000000000000000000, -0.3174999999999983946 ) ) ;
#5377 = LINE ( 'NONE', #1144, #5913 ) ;
#5378 = ORIENTED_EDGE ( 'NONE', *, *, #5778, .F. ) ;
#5379 = ADVANCED_FACE ( 'NONE', ( #3416 ), #2911, .F. ) ;
#5380 = LINE ( 'NONE', #6532, #7050 ) ;
#5381 = DIRECTION ( 'NONE',  ( 0.7071067811865459074, 0.000000000000000000, 0.7071067811865491270 ) ) ;
#5382 = CARTESIAN_POINT ( 'NONE',  ( 14.28750000000000142, 2.540000000000000036, 0.3175000000000017808 ) ) ;
#5383 = ORIENTED_EDGE ( 'NONE', *, *, #6489, .F. ) ;
#5384 = CARTESIAN_POINT ( 'NONE',  ( 14.85899999999999999, 2.540000000000000036, -1.269999999999997353 ) ) ;
#5385 = EDGE_LOOP ( 'NONE', ( #2886, #7007, #5532, #1833 ) ) ;
#5386 = CARTESIAN_POINT ( 'NONE',  ( 11.74750000000000050, 0.000000000000000000, 0.3175000000000017808 ) ) ;
#5387 = DIRECTION ( 'NONE',  ( 1.000000000000000000, 0.000000000000000000, -2.439149994343089694E-16 ) ) ;
#5388 = CARTESIAN_POINT ( 'NONE',  ( -5.079999999999999183, 2.540000000000000036, -0.8889999999999981251 ) ) ;
#5389 = EDGE_LOOP ( 'NONE', ( #1358, #2921, #452, #4850 ) ) ;
#5390 = VERTEX_POINT ( 'NONE', #5797 ) ;
#5391 = ORIENTED_EDGE ( 'NONE', *, *, #2935, .T. ) ;
#5392 = LINE ( 'NONE', #5978, #7202 ) ;
#5393 = CARTESIAN_POINT ( 'NONE',  ( 6.032500000000003304, 0.000000000000000000, -0.3174999999999983946 ) ) ;
#5394 = DIRECTION ( 'NONE',  ( 1.000000000000000000, 0.000000000000000000, -2.439149994343089694E-16 ) ) ;
#5395 = DIRECTION ( 'NONE',  ( 0.000000000000000000, 1.000000000000000000, 0.000000000000000000 ) ) ;
#5396 = DIRECTION ( 'NONE',  ( -0.7071067811865475727, 0.000000000000000000, -0.7071067811865475727 ) ) ;
#5397 = ADVANCED_FACE ( 'NONE', ( #5916, #7665 ), #473, .T. ) ;
#5398 = EDGE_CURVE ( 'NONE', #746, #1155, #4625, .T. ) ;
#5399 = VERTEX_POINT ( 'NONE', #6415 ) ;
#5400 = ORIENTED_EDGE ( 'NONE', *, *, #6971, .F. ) ;
#5401 = VECTOR ( 'NONE', #5637, 1000.000000000000000 ) ;
#5402 = CARTESIAN_POINT ( 'NONE',  ( -18.16100000000000136, 0.000000000000000000, -1.269999999999997353 ) ) ;
#5403 = ORIENTED_EDGE ( 'NONE', *, *, #4263, .T. ) ;
#5404 = LINE ( 'NONE', #788, #3838 ) ;
#5405 = PLANE ( 'NONE',  #1725 ) ;
#5406 = EDGE_CURVE ( 'NONE', #460, #6662, #1100, .T. ) ;
#5407 = DIRECTION ( 'NONE',  ( -0.000000000000000000, 1.000000000000000000, 0.000000000000000000 ) ) ;
#5408 = VECTOR ( 'NONE', #2944, 1000.000000000000000 ) ;
#5409 = DIRECTION ( 'NONE',  ( 0.000000000000000000, 0.000000000000000000, 1.000000000000000000 ) ) ;
#5410 = EDGE_CURVE ( 'NONE', #4302, #5872, #5338, .T. ) ;
#5411 = EDGE_CURVE ( 'NONE', #6725, #746, #4, .T. ) ;
#5412 = ORIENTED_EDGE ( 'NONE', *, *, #2217, .F. ) ;
#5413 = PLANE ( 'NONE',  #584 ) ;
#5414 = ORIENTED_EDGE ( 'NONE', *, *, #3160, .T. ) ;
#5415 = CARTESIAN_POINT ( 'NONE',  ( -6.667499999999997762, 0.000000000000000000, -0.3174999999999983946 ) ) ;
#5416 = DIRECTION ( 'NONE',  ( 0.000000000000000000, 0.000000000000000000, 1.000000000000000000 ) ) ;
#5417 = LINE ( 'NONE', #4245, #1515 ) ;
#5418 = VECTOR ( 'NONE', #4873, 1000.000000000000000 ) ;
#5419 = EDGE_CURVE ( 'NONE', #6183, #5036, #1606, .T. ) ;
#5420 = VERTEX_POINT ( 'NONE', #4279 ) ;
#5421 = CARTESIAN_POINT ( 'NONE',  ( 0.9525000000000019007, 2.540000000000000036, -0.3174999999999983946 ) ) ;
#5422 = EDGE_LOOP ( 'NONE', ( #412, #5051, #1593, #1402 ) ) ;
#5423 = CARTESIAN_POINT ( 'NONE',  ( 11.11250000000000071, 0.000000000000000000, 0.3175000000000017808 ) ) ;
#5424 = DIRECTION ( 'NONE',  ( 0.000000000000000000, 1.000000000000000000, 0.000000000000000000 ) ) ;
#5425 = AXIS2_PLACEMENT_3D ( 'NONE', #3563, #5328, #1203 ) ;
#5426 = CARTESIAN_POINT ( 'NONE',  ( 5.080000000000000959, 2.540000000000000036, 0.8890000000000015667 ) ) ;
#5427 = ORIENTED_EDGE ( 'NONE', *, *, #3514, .F. ) ;
#5428 = VERTEX_POINT ( 'NONE', #676 ) ;
#5429 = ORIENTED_EDGE ( 'NONE', *, *, #4886, .T. ) ;
#5430 = LINE ( 'NONE', #6092, #6493 ) ;
#5431 = LINE ( 'NONE', #3633, #387 ) ;
#5432 = LINE ( 'NONE', #2970, #3846 ) ;
#5433 = DIRECTION ( 'NONE',  ( -1.000000000000000000, 0.000000000000000000, -0.000000000000000000 ) ) ;
#5434 = DIRECTION ( 'NONE',  ( -0.7071067811865477948, -0.000000000000000000, -0.7071067811865473507 ) ) ;
#5435 = CARTESIAN_POINT ( 'NONE',  ( -16.82749999999999702, 0.000000000000000000, -0.3174999999999983946 ) ) ;
#5436 = ORIENTED_EDGE ( 'NONE', *, *, #1697, .T. ) ;
#5437 = ORIENTED_EDGE ( 'NONE', *, *, #459, .F. ) ;
#5438 = DIRECTION ( 'NONE',  ( 0.000000000000000000, 0.000000000000000000, -1.000000000000000000 ) ) ;
#5439 = ORIENTED_EDGE ( 'NONE', *, *, #1832, .F. ) ;
#5440 = DIRECTION ( 'NONE',  ( 0.000000000000000000, 1.000000000000000000, 0.000000000000000000 ) ) ;
#5441 = FACE_OUTER_BOUND ( 'NONE', #2744, .T. ) ;
#5442 = CARTESIAN_POINT ( 'NONE',  ( -10.16000000000000014, 0.000000000000000000, -0.8889999999999981251 ) ) ;
#5443 = FACE_OUTER_BOUND ( 'NONE', #5016, .T. ) ;
#5444 = VECTOR ( 'NONE', #5757, 1000.000000000000000 ) ;
#5445 = EDGE_CURVE ( 'NONE', #1736, #283, #5496, .T. ) ;
#5446 = CARTESIAN_POINT ( 'NONE',  ( 5.461000000000000298, 0.000000000000000000, -1.269999999999996909 ) ) ;
#5447 = VERTEX_POINT ( 'NONE', #7240 ) ;
#5448 = CARTESIAN_POINT ( 'NONE',  ( -2.159000000000001140, 0.000000000000000000, -1.269999999999996909 ) ) ;
#5449 = EDGE_CURVE ( 'NONE', #4025, #2855, #7152, .T. ) ;
#5450 = AXIS2_PLACEMENT_3D ( 'NONE', #789, #859, #1987 ) ;
#5451 = ADVANCED_FACE ( 'NONE', ( #166 ), #1922, .T. ) ;
#5452 = DIRECTION ( 'NONE',  ( -0.7071067811865475727, 0.000000000000000000, -0.7071067811865475727 ) ) ;
#5453 = DIRECTION ( 'NONE',  ( 0.000000000000000000, 0.000000000000000000, 1.000000000000000000 ) ) ;
#5454 = DIRECTION ( 'NONE',  ( 1.000000000000000000, 0.000000000000000000, 0.000000000000000000 ) ) ;
#5455 = VECTOR ( 'NONE', #4757, 1000.000000000000000 ) ;
#5456 = EDGE_LOOP ( 'NONE', ( #2742, #535, #6937, #6992 ) ) ;
#5457 = EDGE_CURVE ( 'NONE', #1409, #5399, #3109, .T. ) ;
#5458 = CARTESIAN_POINT ( 'NONE',  ( -15.62099999999999866, 2.540000000000000036, -1.269999999999997353 ) ) ;
#5459 = VERTEX_POINT ( 'NONE', #3027 ) ;
#5460 = VECTOR ( 'NONE', #4674, 1000.000000000000000 ) ;
#5461 = CARTESIAN_POINT ( 'NONE',  ( -20.32000000000000028, 2.540000000000000036, -0.8889999999999974589 ) ) ;
#5462 = CARTESIAN_POINT ( 'NONE',  ( -0.3174999999999999489, 2.540000000000000036, -0.3174999999999999489 ) ) ;
#5463 = ADVANCED_FACE ( 'NONE', ( #1335 ), #3737, .F. ) ;
#5464 = STYLED_ITEM ( 'NONE', ( #7388 ), #7214 ) ;
#5465 = VECTOR ( 'NONE', #4030, 1000.000000000000000 ) ;
#5466 = DIRECTION ( 'NONE',  ( 0.000000000000000000, 0.000000000000000000, -1.000000000000000000 ) ) ;
#5467 = ORIENTED_EDGE ( 'NONE', *, *, #2360, .T. ) ;
#5468 = VECTOR ( 'NONE', #6239, 1000.000000000000000 ) ;
#5469 = ORIENTED_EDGE ( 'NONE', *, *, #6441, .F. ) ;
#5470 = ORIENTED_EDGE ( 'NONE', *, *, #2555, .F. ) ;
#5471 = CARTESIAN_POINT ( 'NONE',  ( 7.620000000000001883, 2.540000000000000036, -0.8889999999999981251 ) ) ;
#5472 = CARTESIAN_POINT ( 'NONE',  ( 0.3174999999999999489, 8.382000000000001450, -0.3174999999999999489 ) ) ;
#5473 = ADVANCED_FACE ( 'NONE', ( #1799, #6071 ), #4913, .T. ) ;
#5474 = AXIS2_PLACEMENT_3D ( 'NONE', #3806, #968, #6180 ) ;
#5475 = LINE ( 'NONE', #7099, #3218 ) ;
#5476 = CARTESIAN_POINT ( 'NONE',  ( -0.9524999999999984590, 2.540000000000000036, 0.3175000000000017808 ) ) ;
#5477 = CLOSED_SHELL ( 'NONE', ( #6542, #295, #2073, #554, #4586, #5661, #6254, #2167, #7055, #1567, #2958, #2318, #699, #5845 ) ) ;
#5478 = DIRECTION ( 'NONE',  ( 0.7071067811865456854, 0.000000000000000000, -0.7071067811865493491 ) ) ;
#5479 = AXIS2_PLACEMENT_3D ( 'NONE', #6076, #7508, #5033 ) ;
#5480 = DIRECTION ( 'NONE',  ( 0.7071067811865456854, 0.000000000000000000, -0.7071067811865493491 ) ) ;
#5481 = VERTEX_POINT ( 'NONE', #4243 ) ;
#5482 = VECTOR ( 'NONE', #4210, 1000.000000000000000 ) ;
#5483 = VECTOR ( 'NONE', #3565, 1000.000000000000000 ) ;
#5484 = EDGE_LOOP ( 'NONE', ( #3488, #4879, #6359, #6356 ) ) ;
#5485 = DIRECTION ( 'NONE',  ( -0.7071067811865474617, -0.000000000000000000, 0.7071067811865474617 ) ) ;
#5486 = ORIENTED_EDGE ( 'NONE', *, *, #5029, .T. ) ;
#5487 = ORIENTED_EDGE ( 'NONE', *, *, #6065, .T. ) ;
#5488 = LINE ( 'NONE', #6522, #1139 ) ;
#5489 = FACE_OUTER_BOUND ( 'NONE', #7504, .T. ) ;
#5490 = VECTOR ( 'NONE', #1610, 1000.000000000000114 ) ;
#5491 = CARTESIAN_POINT ( 'NONE',  ( 2.540000000000000036, 2.540000000000000036, 0.000000000000000000 ) ) ;
#5492 = DIRECTION ( 'NONE',  ( 1.000000000000000000, 0.000000000000000000, 0.000000000000000000 ) ) ;
#5493 = VECTOR ( 'NONE', #1550, 1000.000000000000000 ) ;
#5494 = CARTESIAN_POINT ( 'NONE',  ( -9.779000000000001691, 2.540000000000000036, -1.269999999999996909 ) ) ;
#5495 = ORIENTED_EDGE ( 'NONE', *, *, #2081, .T. ) ;
#5496 = LINE ( 'NONE', #1211, #6426 ) ;
#5497 = FACE_OUTER_BOUND ( 'NONE', #4419, .T. ) ;
#5498 = CARTESIAN_POINT ( 'NONE',  ( -6.032499999999997975, 0.000000000000000000, 0.3175000000000017808 ) ) ;
#5499 = DIRECTION ( 'NONE',  ( 0.000000000000000000, 0.000000000000000000, 1.000000000000000000 ) ) ;
#5500 = EDGE_CURVE ( 'NONE', #6538, #6702, #6618, .T. ) ;
#5501 = ADVANCED_FACE ( 'NONE', ( #2993 ), #1374, .T. ) ;
#5502 = ORIENTED_EDGE ( 'NONE', *, *, #5201, .F. ) ;
#5503 = CARTESIAN_POINT ( 'NONE',  ( -1.587499999999998579, 0.000000000000000000, 0.3175000000000017808 ) ) ;
#5504 = VERTEX_POINT ( 'NONE', #5955 ) ;
#5505 = CARTESIAN_POINT ( 'NONE',  ( 14.28750000000000142, 2.540000000000000036, 0.3175000000000017808 ) ) ;
#5506 = DIRECTION ( 'NONE',  ( 0.000000000000000000, 0.000000000000000000, -1.000000000000000000 ) ) ;
#5507 = EDGE_CURVE ( 'NONE', #3837, #2331, #6115, .T. ) ;
#5508 = DIRECTION ( 'NONE',  ( 1.000000000000000000, 0.000000000000000000, -2.439149994343089694E-16 ) ) ;
#5509 = VECTOR ( 'NONE', #1175, 1000.000000000000000 ) ;
#5510 = FACE_BOUND ( 'NONE', #4891, .T. ) ;
#5511 = EDGE_CURVE ( 'NONE', #5420, #3920, #795, .T. ) ;
#5512 = ORIENTED_EDGE ( 'NONE', *, *, #3024, .T. ) ;
#5513 = ORIENTED_EDGE ( 'NONE', *, *, #5977, .T. ) ;
#5514 = ORIENTED_EDGE ( 'NONE', *, *, #1087, .T. ) ;
#5515 = FACE_OUTER_BOUND ( 'NONE', #771, .T. ) ;
#5516 = CARTESIAN_POINT ( 'NONE',  ( -15.24000000000000021, 0.000000000000000000, 0.8890000000000015667 ) ) ;
#5517 = CARTESIAN_POINT ( 'NONE',  ( 18.73250000000000171, 2.540000000000000036, 0.3175000000000017808 ) ) ;
#5518 = DIRECTION ( 'NONE',  ( 0.000000000000000000, 0.000000000000000000, -1.000000000000000000 ) ) ;
#5519 = EDGE_CURVE ( 'NONE', #4382, #6725, #5380, .T. ) ;
#5520 = EDGE_LOOP ( 'NONE', ( #2903, #3511, #1485, #5149 ) ) ;
#5521 = ORIENTED_EDGE ( 'NONE', *, *, #5930, .T. ) ;
#5522 = PLANE ( 'NONE',  #5243 ) ;
#5523 =( NAMED_UNIT ( * ) SI_UNIT ( $, .STERADIAN. ) SOLID_ANGLE_UNIT ( ) );
#5524 = ORIENTED_EDGE ( 'NONE', *, *, #5067, .T. ) ;
#5525 = VECTOR ( 'NONE', #273, 1000.000000000000000 ) ;
#5526 = DIRECTION ( 'NONE',  ( 0.000000000000000000, 0.000000000000000000, 1.000000000000000000 ) ) ;
#5527 = CARTESIAN_POINT ( 'NONE',  ( -12.70000000000000107, 0.000000000000000000, -0.8889999999999974589 ) ) ;
#5528 =( GEOMETRIC_REPRESENTATION_CONTEXT ( 3 ) GLOBAL_UNCERTAINTY_ASSIGNED_CONTEXT ( ( #6264 ) ) GLOBAL_UNIT_ASSIGNED_CONTEXT ( ( #5744, #3479, #2357 ) ) REPRESENTATION_CONTEXT ( 'NONE', 'WORKASPACE' ) );
#5529 = LINE ( 'NONE', #1829, #5105 ) ;
#5530 = PLANE ( 'NONE',  #995 ) ;
#5531 = AXIS2_PLACEMENT_3D ( 'NONE', #7123, #5305, #1727 ) ;
#5532 = ORIENTED_EDGE ( 'NONE', *, *, #6906, .T. ) ;
#5533 = CARTESIAN_POINT ( 'NONE',  ( -4.127499999999999503, 0.000000000000000000, 0.3175000000000017808 ) ) ;
#5534 = EDGE_LOOP ( 'NONE', ( #5782, #5677, #1518, #2676 ) ) ;
#5535 = DIRECTION ( 'NONE',  ( 0.000000000000000000, 1.000000000000000000, 0.000000000000000000 ) ) ;
#5536 = VECTOR ( 'NONE', #4956, 1000.000000000000000 ) ;
#5537 = CARTESIAN_POINT ( 'NONE',  ( 12.69999999999999929, 0.000000000000000000, -0.8889999999999974589 ) ) ;
#5538 = DIRECTION ( 'NONE',  ( 1.000000000000000000, 0.000000000000000000, -0.000000000000000000 ) ) ;
#5539 =( NAMED_UNIT ( * ) PLANE_ANGLE_UNIT ( ) SI_UNIT ( $, .RADIAN. ) );
#5540 = COLOUR_RGB ( '',0.2509803921568627416, 0.2509803921568627416, 0.2509803921568627416 ) ;
#5541 = LINE ( 'NONE', #2619, #193 ) ;
#5542 = ORIENTED_EDGE ( 'NONE', *, *, #6228, .F. ) ;
#5543 = DIRECTION ( 'NONE',  ( 0.000000000000000000, 0.000000000000000000, -1.000000000000000000 ) ) ;
#5544 = PRODUCT_DEFINITION_SHAPE ( 'NONE', 'NONE',  #7687 ) ;
#5545 = DIRECTION ( 'NONE',  ( -1.000000000000000000, 0.000000000000000000, 0.000000000000000000 ) ) ;
#5546 = EDGE_CURVE ( 'NONE', #5161, #1274, #206, .T. ) ;
#5547 = CARTESIAN_POINT ( 'NONE',  ( 10.15999999999999837, 2.540000000000000036, 0.8890000000000022329 ) ) ;
#5548 = CARTESIAN_POINT ( 'NONE',  ( -4.127499999999999503, 0.000000000000000000, -0.3174999999999983946 ) ) ;
#5549 = ORIENTED_EDGE ( 'NONE', *, *, #3851, .F. ) ;
#5550 = ORIENTED_EDGE ( 'NONE', *, *, #5398, .F. ) ;
#5551 = EDGE_CURVE ( 'NONE', #6939, #7523, #1255, .T. ) ;
#5552 = ORIENTED_EDGE ( 'NONE', *, *, #6181, .T. ) ;
#5553 = LINE ( 'NONE', #6909, #6158 ) ;
#5554 = DIRECTION ( 'NONE',  ( 0.000000000000000000, 0.000000000000000000, -1.000000000000000000 ) ) ;
#5555 = DIRECTION ( 'NONE',  ( 0.000000000000000000, 1.000000000000000000, 0.000000000000000000 ) ) ;
#5556 = EDGE_CURVE ( 'NONE', #6421, #728, #1296, .T. ) ;
#5557 = EDGE_CURVE ( 'NONE', #1691, #4928, #3063, .T. ) ;
#5558 = SURFACE_STYLE_FILL_AREA ( #2592 ) ;
#5559 = CARTESIAN_POINT ( 'NONE',  ( -8.572499999999998010, 0.000000000000000000, 0.3175000000000017808 ) ) ;
#5560 = ORIENTED_EDGE ( 'NONE', *, *, #28, .T. ) ;
#5561 = EDGE_LOOP ( 'NONE', ( #6911, #6338, #1578, #226 ) ) ;
#5562 = CARTESIAN_POINT ( 'NONE',  ( 0.000000000000000000, 2.540000000000000036, 0.8890000000000022329 ) ) ;
#5563 = EDGE_CURVE ( 'NONE', #2992, #4188, #2498, .T. ) ;
#5564 = CARTESIAN_POINT ( 'NONE',  ( 4.127500000000003055, 2.540000000000000036, -0.3174999999999983946 ) ) ;
#5565 = ORIENTED_EDGE ( 'NONE', *, *, #1141, .T. ) ;
#5566 = LINE ( 'NONE', #7349, #6205 ) ;
#5567 = CARTESIAN_POINT ( 'NONE',  ( -1.587499999999998579, 2.540000000000000036, 0.3175000000000017808 ) ) ;
#5568 = EDGE_CURVE ( 'NONE', #3415, #6593, #5719, .T. ) ;
#5569 = FACE_BOUND ( 'NONE', #4015, .T. ) ;
#5570 = FILL_AREA_STYLE_COLOUR ( '', #3469 ) ;
#5571 = VERTEX_POINT ( 'NONE', #1532 ) ;
#5572 = DIRECTION ( 'NONE',  ( 0.000000000000000000, 1.000000000000000000, 0.000000000000000000 ) ) ;
#5573 = VERTEX_POINT ( 'NONE', #3223 ) ;
#5574 = DIRECTION ( 'NONE',  ( 0.7071067811865456854, 0.000000000000000000, -0.7071067811865493491 ) ) ;
#5575 = EDGE_CURVE ( 'NONE', #5693, #1341, #2716, .T. ) ;
#5576 = LINE ( 'NONE', #3852, #1611 ) ;
#5577 = CARTESIAN_POINT ( 'NONE',  ( 7.620000000000001883, 2.540000000000000036, 0.8890000000000015667 ) ) ;
#5578 = CARTESIAN_POINT ( 'NONE',  ( 0.2446143550033490766, 8.382000000000001450, -0.2446143550033490766 ) ) ;
#5579 = AXIS2_PLACEMENT_3D ( 'NONE', #4003, #2300, #3960 ) ;
#5580 = ORIENTED_EDGE ( 'NONE', *, *, #1365, .F. ) ;
#5581 = PLANE ( 'NONE',  #3916 ) ;
#5582 = FACE_OUTER_BOUND ( 'NONE', #5803, .T. ) ;
#5583 = LINE ( 'NONE', #2625, #7218 ) ;
#5584 = VECTOR ( 'NONE', #2479, 1000.000000000000000 ) ;
#5585 = PLANE ( 'NONE',  #4225 ) ;
#5586 = VERTEX_POINT ( 'NONE', #1486 ) ;
#5587 = ORIENTED_EDGE ( 'NONE', *, *, #30, .T. ) ;
#5588 = ORIENTED_EDGE ( 'NONE', *, *, #4303, .T. ) ;
#5589 = LINE ( 'NONE', #5011, #6835 ) ;
#5590 = VECTOR ( 'NONE', #3574, 1000.000000000000000 ) ;
#5591 = CARTESIAN_POINT ( 'NONE',  ( 0.000000000000000000, 0.000000000000000000, 0.000000000000000000 ) ) ;
#5592 = AXIS2_PLACEMENT_3D ( 'NONE', #2398, #1351, #3083 ) ;
#5593 = CARTESIAN_POINT ( 'NONE',  ( -7.620000000000000107, 0.000000000000000000, -0.8889999999999981251 ) ) ;
#5594 = LINE ( 'NONE', #5559, #904 ) ;
#5595 = EDGE_CURVE ( 'NONE', #5370, #3328, #6737, .T. ) ;
#5596 = AXIS2_PLACEMENT_3D ( 'NONE', #2570, #2531, #5409 ) ;
#5597 = ORIENTED_EDGE ( 'NONE', *, *, #2985, .F. ) ;
#5598 = EDGE_CURVE ( 'NONE', #2331, #4424, #7474, .T. ) ;
#5599 = ORIENTED_EDGE ( 'NONE', *, *, #3441, .F. ) ;
#5600 = DIRECTION ( 'NONE',  ( -0.7071067811865476838, 0.000000000000000000, -0.7071067811865473507 ) ) ;
#5601 = EDGE_CURVE ( 'NONE', #2677, #5354, #4363, .T. ) ;
#5602 = VECTOR ( 'NONE', #113, 1000.000000000000000 ) ;
#5603 = AXIS2_PLACEMENT_3D ( 'NONE', #3555, #729, #60 ) ;
#5604 = ORIENTED_EDGE ( 'NONE', *, *, #1087, .F. ) ;
#5605 = FACE_OUTER_BOUND ( 'NONE', #5134, .T. ) ;
#5606 = LINE ( 'NONE', #2640, #736 ) ;
#5607 = AXIS2_PLACEMENT_3D ( 'NONE', #719, #758, #5454 ) ;
#5608 = LINE ( 'NONE', #5676, #1248 ) ;
#5609 = COLOUR_RGB ( '',0.2509803921568627416, 0.2509803921568627416, 0.2509803921568627416 ) ;
#5610 = VECTOR ( 'NONE', #1186, 1000.000000000000000 ) ;
#5611 = FACE_BOUND ( 'NONE', #5775, .T. ) ;
#5612 = ORIENTED_EDGE ( 'NONE', *, *, #146, .F. ) ;
#5613 = PRODUCT ( 'GBC36SAAN_GC16S', 'GBC36SAAN_GC16S', '', ( #7433 ) ) ;
#5614 = EDGE_CURVE ( 'NONE', #292, #5127, #3812, .T. ) ;
#5615 = LINE ( 'NONE', #2646, #1193 ) ;
#5616 = EDGE_LOOP ( 'NONE', ( #7425, #4927, #6568, #1157 ) ) ;
#5617 = VECTOR ( 'NONE', #5958, 1000.000000000000000 ) ;
#5618 = LINE ( 'NONE', #834, #2094 ) ;
#5619 = LINE ( 'NONE', #2037, #4336 ) ;
#5620 = CARTESIAN_POINT ( 'NONE',  ( -2.540000000000000480, 0.000000000000000000, -0.8889999999999981251 ) ) ;
#5621 = VECTOR ( 'NONE', #1355, 1000.000000000000000 ) ;
#5622 = CARTESIAN_POINT ( 'NONE',  ( 16.51000000000000156, 0.000000000000000000, 1.788933584601082316E-15 ) ) ;
#5623 = EDGE_CURVE ( 'NONE', #5107, #3744, #6848, .T. ) ;
#5624 = LINE ( 'NONE', #1493, #3159 ) ;
#5625 = EDGE_LOOP ( 'NONE', ( #4233, #5604, #689, #5805 ) ) ;
#5626 = CARTESIAN_POINT ( 'NONE',  ( 0.3174999999999999489, -10.32509999999999373, -0.3174999999999999489 ) ) ;
#5627 = LINE ( 'NONE', #3751, #6724 ) ;
#5628 = CARTESIAN_POINT ( 'NONE',  ( 4.127500000000003055, 0.000000000000000000, -0.3174999999999983946 ) ) ;
#5629 = EDGE_LOOP ( 'NONE', ( #7030, #6248, #1605, #6793 ) ) ;
#5630 = EDGE_LOOP ( 'NONE', ( #3492, #5542, #4899, #228 ) ) ;
#5631 = ORIENTED_EDGE ( 'NONE', *, *, #3505, .T. ) ;
#5632 = DIRECTION ( 'NONE',  ( -0.000000000000000000, 1.000000000000000000, 0.000000000000000000 ) ) ;
#5633 = FILL_AREA_STYLE_COLOUR ( '', #5609 ) ;
#5634 = CARTESIAN_POINT ( 'NONE',  ( 17.39900000000000091, 2.540000000000000036, 1.270000000000002904 ) ) ;
#5635 = VERTEX_POINT ( 'NONE', #7360 ) ;
#5636 = VERTEX_POINT ( 'NONE', #3775 ) ;
#5637 = DIRECTION ( 'NONE',  ( 0.7071067811865459074, 0.000000000000000000, 0.7071067811865491270 ) ) ;
#5638 =( LENGTH_UNIT ( ) NAMED_UNIT ( * ) SI_UNIT ( .MILLI., .METRE. ) );
#5639 = ORIENTED_EDGE ( 'NONE', *, *, #7027, .F. ) ;
#5640 = FACE_OUTER_BOUND ( 'NONE', #3409, .T. ) ;
#5641 = LINE ( 'NONE', #5567, #6933 ) ;
#5642 = DIRECTION ( 'NONE',  ( 1.000000000000000000, 0.000000000000000000, -0.000000000000000000 ) ) ;
#5643 = EDGE_CURVE ( 'NONE', #7503, #917, #6259, .T. ) ;
#5644 = EDGE_CURVE ( 'NONE', #690, #1412, #3295, .T. ) ;
#5645 = PRESENTATION_STYLE_ASSIGNMENT (( #3256 ) ) ;
#5646 = ORIENTED_EDGE ( 'NONE', *, *, #2684, .T. ) ;
#5647 = EDGE_LOOP ( 'NONE', ( #5298, #7199, #6500, #6328 ) ) ;
#5648 =( REPRESENTATION_RELATIONSHIP ('NONE','NONE', #6526, #1223 ) REPRESENTATION_RELATIONSHIP_WITH_TRANSFORMATION ( #1096 )SHAPE_REPRESENTATION_RELATIONSHIP( ) );
#5649 = CARTESIAN_POINT ( 'NONE',  ( -5.460999999999998522, 2.540000000000000036, -1.269999999999997353 ) ) ;
#5650 = ORIENTED_EDGE ( 'NONE', *, *, #6335, .F. ) ;
#5651 = EDGE_CURVE ( 'NONE', #4664, #3564, #5618, .T. ) ;
#5652 = CARTESIAN_POINT ( 'NONE',  ( 10.54099999999999859, 0.000000000000000000, 1.270000000000003348 ) ) ;
#5653 = DIRECTION ( 'NONE',  ( -0.000000000000000000, -0.000000000000000000, -1.000000000000000000 ) ) ;
#5654 = EDGE_CURVE ( 'NONE', #2145, #1544, #4472, .T. ) ;
#5655 = EDGE_CURVE ( 'NONE', #1494, #6556, #7393, .T. ) ;
#5656 = CARTESIAN_POINT ( 'NONE',  ( -2.540000000000000480, 0.000000000000000000, -0.8889999999999981251 ) ) ;
#5657 = DIRECTION ( 'NONE',  ( -1.000000000000000000, 0.000000000000000000, 0.000000000000000000 ) ) ;
#5658 = ORIENTED_EDGE ( 'NONE', *, *, #7064, .T. ) ;
#5659 = DIRECTION ( 'NONE',  ( 0.000000000000000000, 0.000000000000000000, 1.000000000000000000 ) ) ;
#5660 = LINE ( 'NONE', #4935, #4842 ) ;
#5661 = ADVANCED_FACE ( 'NONE', ( #400 ), #242, .T. ) ;
#5662 = LINE ( 'NONE', #5547, #1143 ) ;
#5663 = FACE_OUTER_BOUND ( 'NONE', #6366, .T. ) ;
#5664 = VERTEX_POINT ( 'NONE', #5104 ) ;
#5665 = ORIENTED_EDGE ( 'NONE', *, *, #6772, .F. ) ;
#5666 = ORIENTED_EDGE ( 'NONE', *, *, #3497, .F. ) ;
#5667 = FACE_OUTER_BOUND ( 'NONE', #2148, .T. ) ;
#5668 = VECTOR ( 'NONE', #4798, 1000.000000000000000 ) ;
#5669 = CARTESIAN_POINT ( 'NONE',  ( -7.620000000000000107, 0.000000000000000000, -0.8889999999999981251 ) ) ;
#5670 = VECTOR ( 'NONE', #6566, 1000.000000000000000 ) ;
#5671 = EDGE_LOOP ( 'NONE', ( #6861, #4455, #3823, #5560 ) ) ;
#5672 = ORIENTED_EDGE ( 'NONE', *, *, #2652, .T. ) ;
#5673 = ORIENTED_EDGE ( 'NONE', *, *, #5123, .F. ) ;
#5674 = LINE ( 'NONE', #1521, #4844 ) ;
#5675 = DIRECTION ( 'NONE',  ( -0.000000000000000000, -0.000000000000000000, -1.000000000000000000 ) ) ;
#5676 = CARTESIAN_POINT ( 'NONE',  ( 5.080000000000000959, 0.000000000000000000, 0.8890000000000022329 ) ) ;
#5677 = ORIENTED_EDGE ( 'NONE', *, *, #4784, .F. ) ;
#5678 = VERTEX_POINT ( 'NONE', #4395 ) ;
#5679 = CARTESIAN_POINT ( 'NONE',  ( 17.78000000000000114, 2.540000000000000036, 0.8890000000000022329 ) ) ;
#5680 = VERTEX_POINT ( 'NONE', #2613 ) ;
#5681 = CARTESIAN_POINT ( 'NONE',  ( -13.08099999999999952, 0.000000000000000000, -1.269999999999997353 ) ) ;
#5682 = DIRECTION ( 'NONE',  ( -0.7071067811865477948, -0.000000000000000000, -0.7071067811865473507 ) ) ;
#5683 = CARTESIAN_POINT ( 'NONE',  ( -14.85899999999999999, 0.000000000000000000, 1.270000000000003348 ) ) ;
#5684 = EDGE_CURVE ( 'NONE', #1465, #2952, #6805, .T. ) ;
#5685 = ORIENTED_EDGE ( 'NONE', *, *, #3885, .T. ) ;
#5686 = EDGE_CURVE ( 'NONE', #855, #839, #286, .T. ) ;
#5687 = CARTESIAN_POINT ( 'NONE',  ( -0.3174999999999999489, -10.66799999999999926, 0.2446143550033492986 ) ) ;
#5688 = CARTESIAN_POINT ( 'NONE',  ( 3.492500000000002380, 2.540000000000000036, 0.3175000000000017808 ) ) ;
#5689 = CARTESIAN_POINT ( 'NONE',  ( 5.080000000000000959, 0.000000000000000000, -0.8889999999999974589 ) ) ;
#5690 = EDGE_CURVE ( 'NONE', #5571, #1131, #5028, .T. ) ;
#5691 = CARTESIAN_POINT ( 'NONE',  ( 9.779000000000003467, 0.000000000000000000, 1.270000000000002904 ) ) ;
#5692 = VECTOR ( 'NONE', #2068, 1000.000000000000000 ) ;
#5693 = VERTEX_POINT ( 'NONE', #2149 ) ;
#5694 = VERTEX_POINT ( 'NONE', #4509 ) ;
#5695 = EDGE_CURVE ( 'NONE', #5986, #4552, #1566, .T. ) ;
#5696 = ORIENTED_EDGE ( 'NONE', *, *, #976, .T. ) ;
#5697 = DIRECTION ( 'NONE',  ( 0.7071067811865459074, 0.000000000000000000, 0.7071067811865491270 ) ) ;
#5698 = VECTOR ( 'NONE', #5747, 1000.000000000000000 ) ;
#5699 =( NAMED_UNIT ( * ) PLANE_ANGLE_UNIT ( ) SI_UNIT ( $, .RADIAN. ) );
#5700 = DIRECTION ( 'NONE',  ( 0.7071067811865459074, 0.000000000000000000, 0.7071067811865491270 ) ) ;
#5701 = ORIENTED_EDGE ( 'NONE', *, *, #2545, .F. ) ;
#5702 = VECTOR ( 'NONE', #7666, 1000.000000000000000 ) ;
#5703 = EDGE_LOOP ( 'NONE', ( #1730, #3475, #4939, #7267 ) ) ;
#5704 = ADVANCED_FACE ( 'NONE', ( #1596 ), #5792, .T. ) ;
#5705 = CARTESIAN_POINT ( 'NONE',  ( 0.000000000000000000, 0.000000000000000000, -0.8889999999999981251 ) ) ;
#5706 = CARTESIAN_POINT ( 'NONE',  ( 17.78000000000000114, 0.000000000000000000, -0.8889999999999974589 ) ) ;
#5707 = VECTOR ( 'NONE', #5555, 1000.000000000000000 ) ;
#5708 = CARTESIAN_POINT ( 'NONE',  ( 14.28750000000000142, 2.540000000000000036, -0.3174999999999983946 ) ) ;
#5709 = FACE_OUTER_BOUND ( 'NONE', #5974, .T. ) ;
#5710 = CARTESIAN_POINT ( 'NONE',  ( 13.65250000000000163, 0.000000000000000000, 0.3175000000000017808 ) ) ;
#5711 = VECTOR ( 'NONE', #4139, 1000.000000000000000 ) ;
#5712 = ORIENTED_EDGE ( 'NONE', *, *, #992, .T. ) ;
#5713 = VECTOR ( 'NONE', #6095, 1000.000000000000000 ) ;
#5714 = ORIENTED_EDGE ( 'NONE', *, *, #698, .F. ) ;
#5715 = CARTESIAN_POINT ( 'NONE',  ( 15.62099999999999866, 0.000000000000000000, -1.269999999999996909 ) ) ;
#5716 = VECTOR ( 'NONE', #4518, 1000.000000000000000 ) ;
#5717 = ORIENTED_EDGE ( 'NONE', *, *, #6352, .F. ) ;
#5718 = LINE ( 'NONE', #136, #2128 ) ;
#5719 = LINE ( 'NONE', #6769, #237 ) ;
#5720 = AXIS2_PLACEMENT_3D ( 'NONE', #4501, #6764, #1558 ) ;
#5721 = VECTOR ( 'NONE', #6351, 1000.000000000000000 ) ;
#5722 = DIRECTION ( 'NONE',  ( 0.000000000000000000, 0.000000000000000000, 1.000000000000000000 ) ) ;
#5723 = AXIS2_PLACEMENT_3D ( 'NONE', #55, #4924, #2546 ) ;
#5724 = FACE_OUTER_BOUND ( 'NONE', #3536, .T. ) ;
#5725 = EDGE_LOOP ( 'NONE', ( #2607, #4104, #759, #6235 ) ) ;
#5726 = LINE ( 'NONE', #405, #6152 ) ;
#5727 = DIRECTION ( 'NONE',  ( 1.000000000000000000, 0.000000000000000000, -0.000000000000000000 ) ) ;
#5728 = AXIS2_PLACEMENT_3D ( 'NONE', #5498, #5032, #124 ) ;
#5729 = DIRECTION ( 'NONE',  ( -0.7071067811865475727, 0.000000000000000000, -0.7071067811865475727 ) ) ;
#5730 = EDGE_CURVE ( 'NONE', #7229, #2752, #2758, .T. ) ;
#5731 = EDGE_CURVE ( 'NONE', #5325, #690, #5874, .T. ) ;
#5732 = DIRECTION ( 'NONE',  ( 0.7071067811865456854, 0.000000000000000000, -0.7071067811865493491 ) ) ;
#5733 = ORIENTED_EDGE ( 'NONE', *, *, #383, .T. ) ;
#5734 = ORIENTED_EDGE ( 'NONE', *, *, #5006, .F. ) ;
#5735 = VECTOR ( 'NONE', #6555, 1000.000000000000000 ) ;
#5736 = ORIENTED_EDGE ( 'NONE', *, *, #3301, .T. ) ;
#5737 = DIRECTION ( 'NONE',  ( -0.000000000000000000, -0.000000000000000000, 1.000000000000000000 ) ) ;
#5738 = EDGE_CURVE ( 'NONE', #6440, #4694, #2871, .T. ) ;
#5739 = PLANE ( 'NONE',  #5227 ) ;
#5740 = EDGE_CURVE ( 'NONE', #1656, #7417, #469, .T. ) ;
#5741 = DIRECTION ( 'NONE',  ( -0.2035585949527762561, 0.9576678948579737671, -0.2035585949527762561 ) ) ;
#5742 = ORIENTED_EDGE ( 'NONE', *, *, #1598, .F. ) ;
#5743 = ORIENTED_EDGE ( 'NONE', *, *, #2817, .T. ) ;
#5744 =( LENGTH_UNIT ( ) NAMED_UNIT ( * ) SI_UNIT ( .MILLI., .METRE. ) );
#5745 = ORIENTED_EDGE ( 'NONE', *, *, #4908, .T. ) ;
#5746 = CARTESIAN_POINT ( 'NONE',  ( 7.620000000000001883, 0.000000000000000000, -0.8889999999999974589 ) ) ;
#5747 = DIRECTION ( 'NONE',  ( 1.000000000000000000, 0.000000000000000000, 0.000000000000000000 ) ) ;
#5748 = LINE ( 'NONE', #6479, #6716 ) ;
#5749 = EDGE_CURVE ( 'NONE', #2756, #4938, #4123, .T. ) ;
#5750 = ORIENTED_EDGE ( 'NONE', *, *, #2829, .T. ) ;
#5751 = EDGE_LOOP ( 'NONE', ( #6667, #6003, #5825, #4386 ) ) ;
#5752 = CARTESIAN_POINT ( 'NONE',  ( -2.159000000000001140, 2.540000000000000036, -1.269999999999996909 ) ) ;
#5753 = LINE ( 'NONE', #5715, #6527 ) ;
#5754 = EDGE_LOOP ( 'NONE', ( #6306, #2549, #3677, #1031 ) ) ;
#5755 = ORIENTED_EDGE ( 'NONE', *, *, #1519, .T. ) ;
#5756 = PLANE ( 'NONE',  #1881 ) ;
#5757 = DIRECTION ( 'NONE',  ( 0.000000000000000000, 1.000000000000000000, 0.000000000000000000 ) ) ;
#5758 = STYLED_ITEM ( 'NONE', ( #6550 ), #4857 ) ;
#5759 = CARTESIAN_POINT ( 'NONE',  ( -10.16000000000000014, 0.000000000000000000, -0.8889999999999974589 ) ) ;
#5760 = ORIENTED_EDGE ( 'NONE', *, *, #7407, .F. ) ;
#5761 = CARTESIAN_POINT ( 'NONE',  ( -12.31900000000000261, 0.000000000000000000, -1.269999999999996909 ) ) ;
#5762 = DIRECTION ( 'NONE',  ( -0.000000000000000000, -0.000000000000000000, 1.000000000000000000 ) ) ;
#5763 = DIRECTION ( 'NONE',  ( 1.000000000000000000, 0.000000000000000000, -2.439149994343089694E-16 ) ) ;
#5764 = CARTESIAN_POINT ( 'NONE',  ( -14.28749999999999787, 2.540000000000000036, 0.3175000000000017808 ) ) ;
#5765 = VECTOR ( 'NONE', #4755, 1000.000000000000000 ) ;
#5766 = VERTEX_POINT ( 'NONE', #1057 ) ;
#5767 = CARTESIAN_POINT ( 'NONE',  ( -6.032499999999997975, 2.540000000000000036, 0.3175000000000017808 ) ) ;
#5768 = ORIENTED_EDGE ( 'NONE', *, *, #1516, .T. ) ;
#5769 = ORIENTED_EDGE ( 'NONE', *, *, #7197, .F. ) ;
#5770 = CARTESIAN_POINT ( 'NONE',  ( 7.620000000000001883, 0.000000000000000000, 0.8890000000000022329 ) ) ;
#5771 = EDGE_CURVE ( 'NONE', #5137, #2256, #509, .T. ) ;
#5772 = CARTESIAN_POINT ( 'NONE',  ( 19.36750000000000327, 2.540000000000000036, -0.3174999999999983946 ) ) ;
#5773 = LINE ( 'NONE', #3986, #278 ) ;
#5774 = VERTEX_POINT ( 'NONE', #7507 ) ;
#5775 = EDGE_LOOP ( 'NONE', ( #4797, #6227, #6547, #3873 ) ) ;
#5776 = DIRECTION ( 'NONE',  ( -0.7071067811865476838, 0.000000000000000000, -0.7071067811865473507 ) ) ;
#5777 = EDGE_CURVE ( 'NONE', #3303, #5504, #1095, .T. ) ;
#5778 = EDGE_CURVE ( 'NONE', #7518, #887, #433, .T. ) ;
#5779 = CARTESIAN_POINT ( 'NONE',  ( -5.080000000000000959, 0.000000000000000000, 0.8890000000000022329 ) ) ;
#5780 = DIRECTION ( 'NONE',  ( -0.7071067811865475727, 0.000000000000000000, -0.7071067811865475727 ) ) ;
#5781 = CARTESIAN_POINT ( 'NONE',  ( -7.620000000000000107, 0.000000000000000000, -0.8889999999999974589 ) ) ;
#5782 = ORIENTED_EDGE ( 'NONE', *, *, #7248, .F. ) ;
#5783 = ADVANCED_FACE ( 'NONE', ( #1137 ), #6915, .T. ) ;
#5784 = ORIENTED_EDGE ( 'NONE', *, *, #6825, .T. ) ;
#5785 = DIRECTION ( 'NONE',  ( -1.000000000000000000, 0.000000000000000000, -0.000000000000000000 ) ) ;
#5786 = PLANE ( 'NONE',  #2572 ) ;
#5787 = ORIENTED_EDGE ( 'NONE', *, *, #6113, .F. ) ;
#5788 = ORIENTED_EDGE ( 'NONE', *, *, #4574, .F. ) ;
#5789 = VECTOR ( 'NONE', #6910, 1000.000000000000000 ) ;
#5790 = ADVANCED_FACE ( 'NONE', ( #2791 ), #6372, .T. ) ;
#5791 = CARTESIAN_POINT ( 'NONE',  ( -2.540000000000000480, 0.000000000000000000, -0.8889999999999974589 ) ) ;
#5792 = PLANE ( 'NONE',  #5579 ) ;
#5793 = CONTEXT_DEPENDENT_SHAPE_REPRESENTATION ( #4291, #2622 ) ;
#5794 = DIRECTION ( 'NONE',  ( 0.000000000000000000, 0.000000000000000000, -1.000000000000000000 ) ) ;
#5795 = VERTEX_POINT ( 'NONE', #551 ) ;
#5796 = EDGE_CURVE ( 'NONE', #5169, #6440, #4081, .T. ) ;
#5797 = CARTESIAN_POINT ( 'NONE',  ( 13.08099999999999952, 2.540000000000000036, 1.270000000000003348 ) ) ;
#5798 = CARTESIAN_POINT ( 'NONE',  ( 17.78000000000000114, 0.000000000000000000, -0.8889999999999974589 ) ) ;
#5799 = CARTESIAN_POINT ( 'NONE',  ( -17.78000000000000114, 2.540000000000000036, -0.8889999999999981251 ) ) ;
#5800 = DIRECTION ( 'NONE',  ( 0.000000000000000000, 0.000000000000000000, 1.000000000000000000 ) ) ;
#5801 = VERTEX_POINT ( 'NONE', #1170 ) ;
#5802 = PLANE ( 'NONE',  #1435 ) ;
#5803 = EDGE_LOOP ( 'NONE', ( #6120, #1935, #384, #1318 ) ) ;
#5804 = CARTESIAN_POINT ( 'NONE',  ( 19.93900000000000361, 0.000000000000000000, 1.270000000000002904 ) ) ;
#5805 = ORIENTED_EDGE ( 'NONE', *, *, #3430, .T. ) ;
#5806 = CARTESIAN_POINT ( 'NONE',  ( 22.86000000000000298, 0.000000000000000000, 0.000000000000000000 ) ) ;
#5807 = CARTESIAN_POINT ( 'NONE',  ( -14.85899999999999999, 0.000000000000000000, 1.270000000000003348 ) ) ;
#5808 = AXIS2_PLACEMENT_3D ( 'NONE', #7276, #5998, #3148 ) ;
#5809 = CARTESIAN_POINT ( 'NONE',  ( -8.572499999999998010, 0.000000000000000000, -0.3174999999999983946 ) ) ;
#5810 = DIRECTION ( 'NONE',  ( -1.000000000000000000, 0.000000000000000000, 2.439149994343089694E-16 ) ) ;
#5811 = ORIENTED_EDGE ( 'NONE', *, *, #2550, .F. ) ;
#5812 = VERTEX_POINT ( 'NONE', #2336 ) ;
#5813 = FILL_AREA_STYLE ('',( #4725 ) ) ;
#5814 = ORIENTED_EDGE ( 'NONE', *, *, #1516, .F. ) ;
#5815 = VECTOR ( 'NONE', #919, 1000.000000000000000 ) ;
#5816 = FACE_OUTER_BOUND ( 'NONE', #376, .T. ) ;
#5817 = CARTESIAN_POINT ( 'NONE',  ( 3.492500000000002380, 0.000000000000000000, -0.3174999999999983946 ) ) ;
#5818 = PLANE ( 'NONE',  #634 ) ;
#5819 = PLANE ( 'NONE',  #3617 ) ;
#5820 = EDGE_CURVE ( 'NONE', #6421, #6868, #2905, .T. ) ;
#5821 = VECTOR ( 'NONE', #4548, 1000.000000000000000 ) ;
#5822 = UNCERTAINTY_MEASURE_WITH_UNIT (LENGTH_MEASURE( 1.000000000000000082E-05 ), #1724, 'distance_accuracy_value', 'NONE');
#5823 = EDGE_CURVE ( 'NONE', #3147, #1887, #5831, .T. ) ;
#5824 = VERTEX_POINT ( 'NONE', #7072 ) ;
#5825 = ORIENTED_EDGE ( 'NONE', *, *, #2165, .T. ) ;
#5826 = VECTOR ( 'NONE', #3583, 1000.000000000000000 ) ;
#5827 = PLANE ( 'NONE',  #7514 ) ;
#5828 = ORIENTED_EDGE ( 'NONE', *, *, #1903, .T. ) ;
#5829 = EDGE_LOOP ( 'NONE', ( #2056, #4912, #5289, #5646 ) ) ;
#5830 = CARTESIAN_POINT ( 'NONE',  ( -18.16100000000000136, 0.000000000000000000, 1.270000000000002904 ) ) ;
#5831 = LINE ( 'NONE', #7661, #7549 ) ;
#5832 = VECTOR ( 'NONE', #2681, 1000.000000000000000 ) ;
#5833 = VECTOR ( 'NONE', #3212, 1000.000000000000000 ) ;
#5834 = EDGE_CURVE ( 'NONE', #5230, #1900, #3532, .T. ) ;
#5835 = CONTEXT_DEPENDENT_SHAPE_REPRESENTATION ( #6281, #6653 ) ;
#5836 = VECTOR ( 'NONE', #1735, 1000.000000000000000 ) ;
#5837 = DIRECTION ( 'NONE',  ( 0.000000000000000000, 1.000000000000000000, 0.000000000000000000 ) ) ;
#5838 = ORIENTED_EDGE ( 'NONE', *, *, #942, .F. ) ;
#5839 = VECTOR ( 'NONE', #1479, 1000.000000000000000 ) ;
#5840 = LINE ( 'NONE', #6458, #5509 ) ;
#5841 = VECTOR ( 'NONE', #4852, 1000.000000000000000 ) ;
#5842 = FACE_OUTER_BOUND ( 'NONE', #7409, .T. ) ;
#5843 = MECHANICAL_DESIGN_GEOMETRIC_PRESENTATION_REPRESENTATION (  '', ( #4983 ), #4100 ) ;
#5844 = CARTESIAN_POINT ( 'NONE',  ( 5.080000000000000959, 0.000000000000000000, -0.8889999999999974589 ) ) ;
#5845 = ADVANCED_FACE ( 'NONE', ( #4573 ), #6954, .F. ) ;
#5846 = VECTOR ( 'NONE', #7128, 1000.000000000000114 ) ;
#5847 = FILL_AREA_STYLE ('',( #5960 ) ) ;
#5848 = AXIS2_PLACEMENT_3D ( 'NONE', #4371, #3784, #6160 ) ;
#5849 = ORIENTED_EDGE ( 'NONE', *, *, #2879, .F. ) ;
#5850 = FACE_OUTER_BOUND ( 'NONE', #4013, .T. ) ;
#5851 = VECTOR ( 'NONE', #1488, 1000.000000000000000 ) ;
#5852 = ORIENTED_EDGE ( 'NONE', *, *, #6849, .F. ) ;
#5853 = DIRECTION ( 'NONE',  ( -0.7071067811865474617, -0.000000000000000000, 0.7071067811865474617 ) ) ;
#5854 = ORIENTED_EDGE ( 'NONE', *, *, #1079, .F. ) ;
#5855 = DIRECTION ( 'NONE',  ( 1.000000000000000000, 0.000000000000000000, -2.439149994343089694E-16 ) ) ;
#5856 = VECTOR ( 'NONE', #4366, 1000.000000000000000 ) ;
#5857 = DIRECTION ( 'NONE',  ( 0.000000000000000000, 1.000000000000000000, 0.000000000000000000 ) ) ;
#5858 = EDGE_LOOP ( 'NONE', ( #2662, #7161, #4679, #2406 ) ) ;
#5859 = VECTOR ( 'NONE', #7521, 1000.000000000000000 ) ;
#5860 = ORIENTED_EDGE ( 'NONE', *, *, #4782, .F. ) ;
#5861 = DIRECTION ( 'NONE',  ( 0.7071067811865473507, 0.000000000000000000, -0.7071067811865476838 ) ) ;
#5862 = FACE_OUTER_BOUND ( 'NONE', #5456, .T. ) ;
#5863 = FACE_OUTER_BOUND ( 'NONE', #3698, .T. ) ;
#5864 = DIRECTION ( 'NONE',  ( 1.000000000000000000, 0.000000000000000000, -2.439149994343089694E-16 ) ) ;
#5865 = CARTESIAN_POINT ( 'NONE',  ( 20.32000000000000028, 0.000000000000000000, 0.8890000000000015667 ) ) ;
#5866 = FACE_OUTER_BOUND ( 'NONE', #6761, .T. ) ;
#5867 = VERTEX_POINT ( 'NONE', #4621 ) ;
#5868 = ORIENTED_EDGE ( 'NONE', *, *, #6065, .F. ) ;
#5869 = FACE_OUTER_BOUND ( 'NONE', #7275, .T. ) ;
#5870 = FACE_OUTER_BOUND ( 'NONE', #6907, .T. ) ;
#5871 = VERTEX_POINT ( 'NONE', #6994 ) ;
#5872 = VERTEX_POINT ( 'NONE', #4780 ) ;
#5873 = FACE_OUTER_BOUND ( 'NONE', #2065, .T. ) ;
#5874 = LINE ( 'NONE', #4541, #5444 ) ;
#5875 = EDGE_CURVE ( 'NONE', #6894, #7333, #592, .T. ) ;
#5876 = ADVANCED_FACE ( 'NONE', ( #5489 ), #2984, .T. ) ;
#5877 = CARTESIAN_POINT ( 'NONE',  ( -0.3174999999999999489, 2.540000000000000036, -0.3174999999999999489 ) ) ;
#5878 = ORIENTED_EDGE ( 'NONE', *, *, #1959, .F. ) ;
#5879 = DIRECTION ( 'NONE',  ( 0.000000000000000000, 0.000000000000000000, -1.000000000000000000 ) ) ;
#5880 = ADVANCED_FACE ( 'NONE', ( #5947 ), #2942, .T. ) ;
#5881 = EDGE_CURVE ( 'NONE', #6283, #7333, #1326, .T. ) ;
#5882 = DIRECTION ( 'NONE',  ( -1.000000000000000000, 0.000000000000000000, 0.000000000000000000 ) ) ;
#5883 = LINE ( 'NONE', #6498, #5617 ) ;
#5884 = ORIENTED_EDGE ( 'NONE', *, *, #6122, .T. ) ;
#5885 = ADVANCED_FACE ( 'NONE', ( #5441 ), #5331, .T. ) ;
#5886 = CARTESIAN_POINT ( 'NONE',  ( -12.70000000000000107, 2.540000000000000036, -0.8889999999999974589 ) ) ;
#5887 = EDGE_LOOP ( 'NONE', ( #3923, #1767, #5400, #1174 ) ) ;
#5888 = FACE_OUTER_BOUND ( 'NONE', #5703, .T. ) ;
#5889 = ORIENTED_EDGE ( 'NONE', *, *, #3749, .T. ) ;
#5890 = CARTESIAN_POINT ( 'NONE',  ( 13.65250000000000163, 0.000000000000000000, -0.3174999999999983946 ) ) ;
#5891 = ADVANCED_FACE ( 'NONE', ( #1793 ), #37, .F. ) ;
#5892 = CARTESIAN_POINT ( 'NONE',  ( -2.540000000000000480, 0.000000000000000000, 0.8890000000000022329 ) ) ;
#5893 = LINE ( 'NONE', #575, #1997 ) ;
#5894 = VERTEX_POINT ( 'NONE', #3647 ) ;
#5895 = ORIENTED_EDGE ( 'NONE', *, *, #5740, .F. ) ;
#5896 = LINE ( 'NONE', #1629, #5133 ) ;
#5897 = DIRECTION ( 'NONE',  ( -1.000000000000000000, -0.000000000000000000, -0.000000000000000000 ) ) ;
#5898 = VECTOR ( 'NONE', #4700, 1000.000000000000000 ) ;
#5899 = LINE ( 'NONE', #5246, #3722 ) ;
#5900 = CARTESIAN_POINT ( 'NONE',  ( -15.24000000000000021, 0.000000000000000000, -0.8889999999999981251 ) ) ;
#5901 = CARTESIAN_POINT ( 'NONE',  ( -15.62099999999999866, 0.000000000000000000, 1.270000000000002904 ) ) ;
#5902 = DIRECTION ( 'NONE',  ( 1.000000000000000000, -0.000000000000000000, 0.000000000000000000 ) ) ;
#5903 = VERTEX_POINT ( 'NONE', #4868 ) ;
#5904 = EDGE_LOOP ( 'NONE', ( #2634, #2353, #4489, #1145 ) ) ;
#5905 = LINE ( 'NONE', #2332, #7559 ) ;
#5906 = MECHANICAL_DESIGN_GEOMETRIC_PRESENTATION_REPRESENTATION (  '', ( #3906 ), #4925 ) ;
#5907 = FILL_AREA_STYLE_COLOUR ( '', #5540 ) ;
#5908 = ORIENTED_EDGE ( 'NONE', *, *, #521, .T. ) ;
#5909 = DIRECTION ( 'NONE',  ( -0.7071067811865474617, -0.000000000000000000, 0.7071067811865474617 ) ) ;
#5910 = DIRECTION ( 'NONE',  ( 0.000000000000000000, 1.000000000000000000, 0.000000000000000000 ) ) ;
#5911 = VECTOR ( 'NONE', #763, 1000.000000000000000 ) ;
#5912 = ITEM_DEFINED_TRANSFORMATION ( 'NONE', 'NONE', #391,  #259 ) ;
#5913 = VECTOR ( 'NONE', #3453, 1000.000000000000000 ) ;
#5914 = LINE ( 'NONE', #593, #7641 ) ;
#5915 = VERTEX_POINT ( 'NONE', #3056 ) ;
#5916 = FACE_BOUND ( 'NONE', #5754, .T. ) ;
#5917 = CARTESIAN_POINT ( 'NONE',  ( -9.779000000000001691, 0.000000000000000000, -1.269999999999996909 ) ) ;
#5918 = VECTOR ( 'NONE', #3886, 1000.000000000000000 ) ;
#5919 = EDGE_CURVE ( 'NONE', #7022, #5459, #7235, .T. ) ;
#5920 = DIRECTION ( 'NONE',  ( 0.000000000000000000, 1.000000000000000000, 0.000000000000000000 ) ) ;
#5921 = CARTESIAN_POINT ( 'NONE',  ( 18.73250000000000171, 0.000000000000000000, -0.3174999999999983946 ) ) ;
#5922 = EDGE_CURVE ( 'NONE', #2976, #5942, #3098, .T. ) ;
#5923 = EDGE_CURVE ( 'NONE', #4148, #5678, #1915, .T. ) ;
#5924 = ORIENTED_EDGE ( 'NONE', *, *, #3827, .F. ) ;
#5925 = CARTESIAN_POINT ( 'NONE',  ( -10.16000000000000014, 0.000000000000000000, -0.8889999999999981251 ) ) ;
#5926 = EDGE_LOOP ( 'NONE', ( #1421, #3609, #2121, #1472 ) ) ;
#5927 = CARTESIAN_POINT ( 'NONE',  ( -0.3174999999999999489, -10.32509999999999373, -0.3174999999999999489 ) ) ;
#5928 = CARTESIAN_POINT ( 'NONE',  ( -1.587499999999998579, 0.000000000000000000, 0.3175000000000017808 ) ) ;
#5929 = DIRECTION ( 'NONE',  ( -0.7071067811865477948, -0.000000000000000000, -0.7071067811865473507 ) ) ;
#5930 = EDGE_CURVE ( 'NONE', #4619, #1576, #1953, .T. ) ;
#5931 = ORIENTED_EDGE ( 'NONE', *, *, #3265, .T. ) ;
#5932 = VERTEX_POINT ( 'NONE', #4906 ) ;
#5933 = CARTESIAN_POINT ( 'NONE',  ( 8.001000000000001222, 0.000000000000000000, -1.269999999999996909 ) ) ;
#5934 = DIRECTION ( 'NONE',  ( 0.000000000000000000, -0.000000000000000000, 1.000000000000000000 ) ) ;
#5935 = DIRECTION ( 'NONE',  ( 0.000000000000000000, -0.000000000000000000, -1.000000000000000000 ) ) ;
#5936 = DIRECTION ( 'NONE',  ( -1.000000000000000000, -0.000000000000000000, -0.000000000000000000 ) ) ;
#5937 = DIRECTION ( 'NONE',  ( -0.000000000000000000, -1.000000000000000000, -0.000000000000000000 ) ) ;
#5938 = CARTESIAN_POINT ( 'NONE',  ( -18.73249999999999815, 0.000000000000000000, -0.3174999999999983946 ) ) ;
#5939 = EDGE_CURVE ( 'NONE', #7254, #6991, #6062, .T. ) ;
#5940 = EDGE_LOOP ( 'NONE', ( #2775, #6056, #2656, #4865, #7252, #3996, #2843, #1944 ) ) ;
#5941 = AXIS2_PLACEMENT_3D ( 'NONE', #7036, #5176, #1716 ) ;
#5942 = VERTEX_POINT ( 'NONE', #1245 ) ;
#5943 = DIRECTION ( 'NONE',  ( 0.7071067811865456854, 0.000000000000000000, -0.7071067811865493491 ) ) ;
#5944 = CARTESIAN_POINT ( 'NONE',  ( -17.78000000000000114, 0.000000000000000000, 0.8890000000000022329 ) ) ;
#5945 = ORIENTED_EDGE ( 'NONE', *, *, #6934, .F. ) ;
#5946 = FACE_OUTER_BOUND ( 'NONE', #3591, .T. ) ;
#5947 = FACE_OUTER_BOUND ( 'NONE', #1346, .T. ) ;
#5948 = DIRECTION ( 'NONE',  ( -0.000000000000000000, 1.000000000000000000, 0.000000000000000000 ) ) ;
#5949 = VECTOR ( 'NONE', #4068, 1000.000000000000000 ) ;
#5950 = FACE_OUTER_BOUND ( 'NONE', #3420, .T. ) ;
#5951 = ITEM_DEFINED_TRANSFORMATION ( 'NONE', 'NONE', #4866,  #259 ) ;
#5952 = CARTESIAN_POINT ( 'NONE',  ( 2.159000000000001140, 2.540000000000000036, -1.269999999999997353 ) ) ;
#5953 = AXIS2_PLACEMENT_3D ( 'NONE', #4829, #6619, #1297 ) ;
#5954 = EDGE_LOOP ( 'NONE', ( #6766, #157, #6325, #2146 ) ) ;
#5955 = CARTESIAN_POINT ( 'NONE',  ( 13.65250000000000163, 0.000000000000000000, -0.3174999999999983946 ) ) ;
#5956 = PLANE ( 'NONE',  #3712 ) ;
#5957 = AXIS2_PLACEMENT_3D ( 'NONE', #1277, #1196, #5935 ) ;
#5958 = DIRECTION ( 'NONE',  ( 1.000000000000000000, 0.000000000000000000, 0.000000000000000000 ) ) ;
#5959 = PRESENTATION_LAYER_ASSIGNMENT (  '', '', ( #3848 ) ) ;
#5960 = FILL_AREA_STYLE_COLOUR ( '', #3228 ) ;
#5961 = ORIENTED_EDGE ( 'NONE', *, *, #4400, .T. ) ;
#5962 = VECTOR ( 'NONE', #5478, 1000.000000000000000 ) ;
#5963 = CARTESIAN_POINT ( 'NONE',  ( 17.78000000000000114, 2.540000000000000036, 0.8890000000000022329 ) ) ;
#5964 = ORIENTED_EDGE ( 'NONE', *, *, #5449, .F. ) ;
#5965 = LINE ( 'NONE', #6888, #3270 ) ;
#5966 = LINE ( 'NONE', #6005, #5826 ) ;
#5967 =( GEOMETRIC_REPRESENTATION_CONTEXT ( 3 ) GLOBAL_UNCERTAINTY_ASSIGNED_CONTEXT ( ( #4036 ) ) GLOBAL_UNIT_ASSIGNED_CONTEXT ( ( #2426, #3577, #7003 ) ) REPRESENTATION_CONTEXT ( 'NONE', 'WORKASPACE' ) );
#5968 = EDGE_CURVE ( 'NONE', #1457, #1024, #7146, .T. ) ;
#5969 = EDGE_CURVE ( 'NONE', #1654, #2169, #5992, .T. ) ;
#5970 = AXIS2_PLACEMENT_3D ( 'NONE', #4639, #7013, #1699 ) ;
#5971 = SURFACE_SIDE_STYLE ('',( #6587 ) ) ;
#5972 = CLOSED_SHELL ( 'NONE', ( #2789, #5312, #6540, #4778, #4601, #5880, #3015, #2926, #5313, #141, #2915, #2461, #7270, #7391 ) ) ;
#5973 = CARTESIAN_POINT ( 'NONE',  ( 19.93900000000000361, 0.000000000000000000, -1.269999999999997353 ) ) ;
#5974 = EDGE_LOOP ( 'NONE', ( #7009, #4214, #3424, #6768 ) ) ;
#5975 = ORIENTED_EDGE ( 'NONE', *, *, #5881, .F. ) ;
#5976 = VECTOR ( 'NONE', #954, 1000.000000000000000 ) ;
#5977 = EDGE_CURVE ( 'NONE', #5795, #7358, #3612, .T. ) ;
#5978 = CARTESIAN_POINT ( 'NONE',  ( -6.032499999999997975, 0.000000000000000000, -0.3174999999999983946 ) ) ;
#5979 = LINE ( 'NONE', #730, #1241 ) ;
#5980 = DIRECTION ( 'NONE',  ( 1.000000000000000000, -0.000000000000000000, 0.000000000000000000 ) ) ;
#5981 = ADVANCED_FACE ( 'NONE', ( #3726 ), #5405, .F. ) ;
#5982 = EDGE_CURVE ( 'NONE', #2125, #6292, #1868, .T. ) ;
#5983 = DIRECTION ( 'NONE',  ( 0.000000000000000000, 1.000000000000000000, 0.000000000000000000 ) ) ;
#5984 = DIRECTION ( 'NONE',  ( -0.7071067811865474617, 0.000000000000000000, 0.7071067811865474617 ) ) ;
#5985 = VECTOR ( 'NONE', #2442, 1000.000000000000000 ) ;
#5986 = VERTEX_POINT ( 'NONE', #6107 ) ;
#5987 = ORIENTED_EDGE ( 'NONE', *, *, #7440, .F. ) ;
#5988 = DIRECTION ( 'NONE',  ( -1.000000000000000000, 0.000000000000000000, -0.000000000000000000 ) ) ;
#5989 = PLANE ( 'NONE',  #3663 ) ;
#5990 = ORIENTED_EDGE ( 'NONE', *, *, #5655, .T. ) ;
#5991 = CARTESIAN_POINT ( 'NONE',  ( -19.36749999999999972, 0.000000000000000000, -0.3174999999999983946 ) ) ;
#5992 = LINE ( 'NONE', #6562, #2219 ) ;
#5993 = ADVANCED_FACE ( 'NONE', ( #4500 ), #6838, .T. ) ;
#5994 = LINE ( 'NONE', #633, #3594 ) ;
#5995 = LINE ( 'NONE', #6686, #6830 ) ;
#5996 = CARTESIAN_POINT ( 'NONE',  ( -0.3174999999999999489, -10.32509999999999373, 0.3174999999999999489 ) ) ;
#5997 = ORIENTED_EDGE ( 'NONE', *, *, #2272, .F. ) ;
#5998 = DIRECTION ( 'NONE',  ( -0.000000000000000000, 1.000000000000000000, 0.000000000000000000 ) ) ;
#5999 = CARTESIAN_POINT ( 'NONE',  ( -10.16000000000000014, 0.000000000000000000, -0.8889999999999974589 ) ) ;
#6000 = PLANE ( 'NONE',  #2743 ) ;
#6001 = VERTEX_POINT ( 'NONE', #6145 ) ;
#6002 = CARTESIAN_POINT ( 'NONE',  ( -7.239000000000000767, 0.000000000000000000, 1.270000000000003348 ) ) ;
#6003 = ORIENTED_EDGE ( 'NONE', *, *, #6030, .F. ) ;
#6004 = CARTESIAN_POINT ( 'NONE',  ( -0.3174999999999999489, 8.039099999999994139, 0.3174999999999999489 ) ) ;
#6005 = CARTESIAN_POINT ( 'NONE',  ( -0.3809999999999993947, 0.000000000000000000, 1.270000000000002904 ) ) ;
#6006 = VERTEX_POINT ( 'NONE', #7423 ) ;
#6007 = EDGE_CURVE ( 'NONE', #394, #1900, #5641, .T. ) ;
#6008 = EDGE_LOOP ( 'NONE', ( #1190, #3360, #4614, #5513 ) ) ;
#6009 = ORIENTED_EDGE ( 'NONE', *, *, #6217, .F. ) ;
#6010 = DIRECTION ( 'NONE',  ( -2.439149994343089694E-16, 0.000000000000000000, -1.000000000000000000 ) ) ;
#6011 = DIRECTION ( 'NONE',  ( 1.000000000000000000, 0.000000000000000000, -0.000000000000000000 ) ) ;
#6012 = DIRECTION ( 'NONE',  ( -1.000000000000000000, -0.000000000000000000, -0.000000000000000000 ) ) ;
#6013 = DIRECTION ( 'NONE',  ( 0.000000000000000000, 0.000000000000000000, 1.000000000000000000 ) ) ;
#6014 = CARTESIAN_POINT ( 'NONE',  ( -18.16100000000000136, 2.540000000000000036, 1.270000000000002904 ) ) ;
#6015 = LINE ( 'NONE', #5435, #4872 ) ;
#6016 = EDGE_CURVE ( 'NONE', #5942, #5044, #6763, .T. ) ;
#6017 = ORIENTED_EDGE ( 'NONE', *, *, #5131, .F. ) ;
#6018 = ADVANCED_FACE ( 'NONE', ( #2140 ), #198, .T. ) ;
#6019 = ORIENTED_EDGE ( 'NONE', *, *, #5939, .F. ) ;
#6020 = AXIS2_PLACEMENT_3D ( 'NONE', #5001, #172, #4835 ) ;
#6021 = PLANE ( 'NONE',  #6852 ) ;
#6022 = EDGE_CURVE ( 'NONE', #6908, #5059, #1478, .T. ) ;
#6023 = ORIENTED_EDGE ( 'NONE', *, *, #5977, .F. ) ;
#6024 = CARTESIAN_POINT ( 'NONE',  ( 16.82750000000000057, 0.000000000000000000, -0.3174999999999983946 ) ) ;
#6025 = CARTESIAN_POINT ( 'NONE',  ( -9.207499999999997797, 0.000000000000000000, -0.3174999999999983946 ) ) ;
#6026 = DIRECTION ( 'NONE',  ( 0.000000000000000000, -0.000000000000000000, 1.000000000000000000 ) ) ;
#6027 = EDGE_CURVE ( 'NONE', #3079, #2049, #277, .T. ) ;
#6028 = LINE ( 'NONE', #1330, #3335 ) ;
#6029 = PRODUCT_DEFINITION_SHAPE ( 'NONE', 'NONE',  #7698 ) ;
#6030 = EDGE_CURVE ( 'NONE', #2733, #1395, #310, .T. ) ;
#6031 = MECHANICAL_DESIGN_GEOMETRIC_PRESENTATION_REPRESENTATION (  '', ( #6516 ), #6534 ) ;
#6032 = CARTESIAN_POINT ( 'NONE',  ( 7.239000000000002544, 2.540000000000000036, -1.269999999999997353 ) ) ;
#6033 = ORIENTED_EDGE ( 'NONE', *, *, #1607, .T. ) ;
#6034 = DIRECTION ( 'NONE',  ( 0.7071067811865459074, 0.000000000000000000, 0.7071067811865491270 ) ) ;
#6035 = FACE_OUTER_BOUND ( 'NONE', #5110, .T. ) ;
#6036 =( REPRESENTATION_RELATIONSHIP ('NONE','NONE', #6526, #1223 ) REPRESENTATION_RELATIONSHIP_WITH_TRANSFORMATION ( #5951 )SHAPE_REPRESENTATION_RELATIONSHIP( ) );
#6037 = LINE ( 'NONE', #5382, #15 ) ;
#6038 = CARTESIAN_POINT ( 'NONE',  ( -16.51000000000000156, 0.000000000000000000, 1.788933584601082316E-15 ) ) ;
#6039 = EDGE_CURVE ( 'NONE', #7526, #5420, #6250, .T. ) ;
#6040 = ORIENTED_EDGE ( 'NONE', *, *, #2324, .T. ) ;
#6041 = CARTESIAN_POINT ( 'NONE',  ( -10.16000000000000014, 0.000000000000000000, 0.8890000000000022329 ) ) ;
#6042 = ORIENTED_EDGE ( 'NONE', *, *, #6590, .T. ) ;
#6043 = DIRECTION ( 'NONE',  ( 0.7071067811865459074, 0.000000000000000000, 0.7071067811865491270 ) ) ;
#6044 = CARTESIAN_POINT ( 'NONE',  ( 7.620000000000001883, 0.000000000000000000, -0.8889999999999981251 ) ) ;
#6045 =( NAMED_UNIT ( * ) SI_UNIT ( $, .STERADIAN. ) SOLID_ANGLE_UNIT ( ) );
#6046 = CARTESIAN_POINT ( 'NONE',  ( -1.587499999999998579, 0.000000000000000000, -0.3174999999999983946 ) ) ;
#6047 = ORIENTED_EDGE ( 'NONE', *, *, #3181, .F. ) ;
#6048 = VERTEX_POINT ( 'NONE', #3840 ) ;
#6049 = ORIENTED_EDGE ( 'NONE', *, *, #6335, .T. ) ;
#6050 = DIRECTION ( 'NONE',  ( -0.000000000000000000, 1.000000000000000000, 0.000000000000000000 ) ) ;
#6051 = FACE_OUTER_BOUND ( 'NONE', #421, .T. ) ;
#6052 = CARTESIAN_POINT ( 'NONE',  ( 5.080000000000000959, 0.000000000000000000, -0.8889999999999974589 ) ) ;
#6053 = FACE_OUTER_BOUND ( 'NONE', #1815, .T. ) ;
#6054 = LINE ( 'NONE', #6514, #2615 ) ;
#6055 = DIRECTION ( 'NONE',  ( 1.000000000000000000, 0.000000000000000000, 0.000000000000000000 ) ) ;
#6056 = ORIENTED_EDGE ( 'NONE', *, *, #6906, .F. ) ;
#6057 = VERTEX_POINT ( 'NONE', #3142 ) ;
#6058 = LINE ( 'NONE', #2980, #1892 ) ;
#6059 = FILL_AREA_STYLE_COLOUR ( '', #1690 ) ;
#6060 = ORIENTED_EDGE ( 'NONE', *, *, #807, .T. ) ;
#6061 = CARTESIAN_POINT ( 'NONE',  ( 19.36750000000000327, 0.000000000000000000, 0.3175000000000017808 ) ) ;
#6062 = LINE ( 'NONE', #742, #6305 ) ;
#6063 = LINE ( 'NONE', #4907, #7331 ) ;
#6064 = EDGE_CURVE ( 'NONE', #4256, #2049, #4945, .T. ) ;
#6065 = EDGE_CURVE ( 'NONE', #5127, #2373, #1445, .T. ) ;
#6066 = DIRECTION ( 'NONE',  ( -1.000000000000000000, 0.000000000000000000, 2.439149994343089694E-16 ) ) ;
#6067 = VECTOR ( 'NONE', #1960, 1000.000000000000000 ) ;
#6068 = EDGE_LOOP ( 'NONE', ( #1646, #410, #5020, #2601 ) ) ;
#6069 = DIRECTION ( 'NONE',  ( -0.000000000000000000, -0.000000000000000000, -1.000000000000000000 ) ) ;
#6070 = ORIENTED_EDGE ( 'NONE', *, *, #5445, .T. ) ;
#6071 = FACE_OUTER_BOUND ( 'NONE', #2586, .T. ) ;
#6072 = VECTOR ( 'NONE', #5675, 1000.000000000000000 ) ;
#6073 = LINE ( 'NONE', #754, #5851 ) ;
#6074 = EDGE_CURVE ( 'NONE', #1013, #590, #7461, .T. ) ;
#6075 = CARTESIAN_POINT ( 'NONE',  ( 5.080000000000000959, 2.540000000000000036, -0.8889999999999974589 ) ) ;
#6076 = CARTESIAN_POINT ( 'NONE',  ( -3.810000000000000941, 0.000000000000000000, 1.788933584601082316E-15 ) ) ;
#6077 = VECTOR ( 'NONE', #596, 1000.000000000000000 ) ;
#6078 = ORIENTED_EDGE ( 'NONE', *, *, #1852, .F. ) ;
#6079 = CARTESIAN_POINT ( 'NONE',  ( -18.73249999999999815, 0.000000000000000000, 0.3175000000000017808 ) ) ;
#6080 = ORIENTED_EDGE ( 'NONE', *, *, #7253, .T. ) ;
#6081 = AXIS2_PLACEMENT_3D ( 'NONE', #5210, #550, #4741 ) ;
#6082 = DIRECTION ( 'NONE',  ( -0.7071067811865474617, -0.000000000000000000, 0.7071067811865474617 ) ) ;
#6083 = PLANE ( 'NONE',  #5848 ) ;
#6084 = EDGE_CURVE ( 'NONE', #5009, #3042, #4426, .T. ) ;
#6085 = CARTESIAN_POINT ( 'NONE',  ( 1.587500000000002132, 2.540000000000000036, 0.3175000000000017808 ) ) ;
#6086 = VECTOR ( 'NONE', #2813, 1000.000000000000000 ) ;
#6087 = FACE_OUTER_BOUND ( 'NONE', #110, .T. ) ;
#6088 = EDGE_LOOP ( 'NONE', ( #7124, #2285, #3367, #4487 ) ) ;
#6089 = VECTOR ( 'NONE', #1030, 1000.000000000000114 ) ;
#6090 = ORIENTED_EDGE ( 'NONE', *, *, #7359, .F. ) ;
#6091 = ORIENTED_EDGE ( 'NONE', *, *, #1520, .T. ) ;
#6092 = CARTESIAN_POINT ( 'NONE',  ( -15.24000000000000021, 0.000000000000000000, -0.8889999999999974589 ) ) ;
#6093 = LINE ( 'NONE', #185, #6214 ) ;
#6094 = VECTOR ( 'NONE', #2097, 1000.000000000000000 ) ;
#6095 = DIRECTION ( 'NONE',  ( -0.000000000000000000, -0.000000000000000000, -1.000000000000000000 ) ) ;
#6096 = CARTESIAN_POINT ( 'NONE',  ( 5.080000000000000959, 0.000000000000000000, 0.8890000000000022329 ) ) ;
#6097 = CLOSED_SHELL ( 'NONE', ( #7265, #7303, #1796, #33, #710, #1937, #3387, #7153, #3297, #1844, #2751, #4587, #39, #6573 ) ) ;
#6098 = CARTESIAN_POINT ( 'NONE',  ( -15.62099999999999866, 0.000000000000000000, 1.270000000000002904 ) ) ;
#6099 = CARTESIAN_POINT ( 'NONE',  ( 15.24000000000000021, 0.000000000000000000, -0.8889999999999974589 ) ) ;
#6100 = ORIENTED_EDGE ( 'NONE', *, *, #4580, .F. ) ;
#6101 = VECTOR ( 'NONE', #994, 1000.000000000000000 ) ;
#6102 = ORIENTED_EDGE ( 'NONE', *, *, #2703, .T. ) ;
#6103 = DIRECTION ( 'NONE',  ( 0.000000000000000000, 0.000000000000000000, -1.000000000000000000 ) ) ;
#6104 = DIRECTION ( 'NONE',  ( -0.7071067811865476838, 0.000000000000000000, -0.7071067811865473507 ) ) ;
#6105 = ORIENTED_EDGE ( 'NONE', *, *, #2728, .F. ) ;
#6106 = DIRECTION ( 'NONE',  ( 1.000000000000000000, 0.000000000000000000, 0.000000000000000000 ) ) ;
#6107 = CARTESIAN_POINT ( 'NONE',  ( 10.54099999999999859, 0.000000000000000000, 1.270000000000003348 ) ) ;
#6108 = VECTOR ( 'NONE', #6620, 1000.000000000000000 ) ;
#6109 = PLANE ( 'NONE',  #1381 ) ;
#6110 = DIRECTION ( 'NONE',  ( 0.000000000000000000, 1.000000000000000000, 0.000000000000000000 ) ) ;
#6111 = VECTOR ( 'NONE', #6055, 1000.000000000000000 ) ;
#6112 = LINE ( 'NONE', #2496, #5296 ) ;
#6113 = EDGE_CURVE ( 'NONE', #4206, #446, #6179, .T. ) ;
#6114 = VERTEX_POINT ( 'NONE', #7309 ) ;
#6115 = LINE ( 'NONE', #2422, #2591 ) ;
#6116 = LINE ( 'NONE', #46, #6699 ) ;
#6117 = LINE ( 'NONE', #6232, #2379 ) ;
#6118 = EDGE_CURVE ( 'NONE', #1405, #1798, #903, .T. ) ;
#6119 = CARTESIAN_POINT ( 'NONE',  ( 0.000000000000000000, 0.000000000000000000, 0.000000000000000000 ) ) ;
#6120 = ORIENTED_EDGE ( 'NONE', *, *, #49, .T. ) ;
#6121 = PLANE ( 'NONE',  #6020 ) ;
#6122 = EDGE_CURVE ( 'NONE', #576, #4942, #3769, .T. ) ;
#6123 = ORIENTED_EDGE ( 'NONE', *, *, #2375, .T. ) ;
#6124 = EDGE_CURVE ( 'NONE', #6541, #4664, #7350, .T. ) ;
#6125 = CARTESIAN_POINT ( 'NONE',  ( 0.9525000000000019007, 0.000000000000000000, 0.3175000000000017808 ) ) ;
#6126 = CARTESIAN_POINT ( 'NONE',  ( -4.699000000000001620, 0.000000000000000000, 1.270000000000003348 ) ) ;
#6127 = DIRECTION ( 'NONE',  ( 0.000000000000000000, 0.000000000000000000, -1.000000000000000000 ) ) ;
#6128 = EDGE_CURVE ( 'NONE', #3184, #2434, #5606, .T. ) ;
#6129 = DIRECTION ( 'NONE',  ( -0.000000000000000000, -0.000000000000000000, -1.000000000000000000 ) ) ;
#6130 = ORIENTED_EDGE ( 'NONE', *, *, #6027, .T. ) ;
#6131 = ORIENTED_EDGE ( 'NONE', *, *, #4887, .T. ) ;
#6132 = EDGE_CURVE ( 'NONE', #7069, #1274, #7386, .T. ) ;
#6133 = EDGE_LOOP ( 'NONE', ( #3349, #44, #1253, #941 ) ) ;
#6134 = LINE ( 'NONE', #815, #939 ) ;
#6135 = PLANE ( 'NONE',  #3854 ) ;
#6136 = PLANE ( 'NONE',  #7565 ) ;
#6137 = PRESENTATION_STYLE_ASSIGNMENT (( #3761 ) ) ;
#6138 = CARTESIAN_POINT ( 'NONE',  ( 4.127500000000003055, 0.000000000000000000, 0.3175000000000017808 ) ) ;
#6139 = ORIENTED_EDGE ( 'NONE', *, *, #7593, .T. ) ;
#6140 = ORIENTED_EDGE ( 'NONE', *, *, #359, .T. ) ;
#6141 = DIRECTION ( 'NONE',  ( -0.000000000000000000, -0.000000000000000000, 1.000000000000000000 ) ) ;
#6142 = DIRECTION ( 'NONE',  ( 0.7071067811865459074, 0.000000000000000000, 0.7071067811865491270 ) ) ;
#6143 = ORIENTED_EDGE ( 'NONE', *, *, #609, .T. ) ;
#6144 = CARTESIAN_POINT ( 'NONE',  ( 4.699000000000001620, 2.540000000000000036, 1.270000000000002904 ) ) ;
#6145 = CARTESIAN_POINT ( 'NONE',  ( 13.65250000000000163, 2.540000000000000036, -0.3174999999999983946 ) ) ;
#6146 = DIRECTION ( 'NONE',  ( 0.7071067811865459074, 0.000000000000000000, 0.7071067811865491270 ) ) ;
#6147 = LINE ( 'NONE', #2644, #7449 ) ;
#6148 = AXIS2_PLACEMENT_3D ( 'NONE', #1615, #7305, #5600 ) ;
#6149 = LINE ( 'NONE', #3146, #7653 ) ;
#6150 = ORIENTED_EDGE ( 'NONE', *, *, #2456, .T. ) ;
#6151 = DIRECTION ( 'NONE',  ( 0.7071067811865456854, 0.000000000000000000, -0.7071067811865493491 ) ) ;
#6152 = VECTOR ( 'NONE', #2762, 1000.000000000000000 ) ;
#6153 = LINE ( 'NONE', #1882, #4085 ) ;
#6154 = LINE ( 'NONE', #2577, #5856 ) ;
#6155 = DIRECTION ( 'NONE',  ( 0.000000000000000000, 0.000000000000000000, 1.000000000000000000 ) ) ;
#6156 = CARTESIAN_POINT ( 'NONE',  ( 7.620000000000001883, 0.000000000000000000, -0.8889999999999974589 ) ) ;
#6157 = ORIENTED_EDGE ( 'NONE', *, *, #288, .T. ) ;
#6158 = VECTOR ( 'NONE', #2900, 1000.000000000000000 ) ;
#6159 = CARTESIAN_POINT ( 'NONE',  ( 10.16000000000000192, 2.540000000000000036, -0.8889999999999981251 ) ) ;
#6160 = DIRECTION ( 'NONE',  ( 0.7071067811865459074, 0.000000000000000000, 0.7071067811865491270 ) ) ;
#6161 = EDGE_CURVE ( 'NONE', #2952, #1921, #1047, .T. ) ;
#6162 = CARTESIAN_POINT ( 'NONE',  ( -8.000999999999999446, 0.000000000000000000, 1.270000000000002904 ) ) ;
#6163 = EDGE_CURVE ( 'NONE', #3944, #144, #4031, .T. ) ;
#6164 = ADVANCED_FACE ( 'NONE', ( #6904 ), #6983, .F. ) ;
#6165 = LINE ( 'NONE', #2470, #6322 ) ;
#6166 = ORIENTED_EDGE ( 'NONE', *, *, #6614, .T. ) ;
#6167 = ORIENTED_EDGE ( 'NONE', *, *, #146, .T. ) ;
#6168 = EDGE_LOOP ( 'NONE', ( #4322, #804, #4271, #258 ) ) ;
#6169 = CARTESIAN_POINT ( 'NONE',  ( 15.24000000000000021, 2.540000000000000036, 0.000000000000000000 ) ) ;
#6170 = DIRECTION ( 'NONE',  ( 0.000000000000000000, 0.000000000000000000, 1.000000000000000000 ) ) ;
#6171 = EDGE_CURVE ( 'NONE', #587, #272, #6320, .T. ) ;
#6172 = LINE ( 'NONE', #1436, #5493 ) ;
#6173 = ORIENTED_EDGE ( 'NONE', *, *, #2556, .F. ) ;
#6174 = ORIENTED_EDGE ( 'NONE', *, *, #5796, .T. ) ;
#6175 = LINE ( 'NONE', #1404, #2658 ) ;
#6176 = FILL_AREA_STYLE_COLOUR ( '', #1011 ) ;
#6177 = ORIENTED_EDGE ( 'NONE', *, *, #5168, .F. ) ;
#6178 = LINE ( 'NONE', #4387, #877 ) ;
#6179 = LINE ( 'NONE', #5094, #2711 ) ;
#6180 = DIRECTION ( 'NONE',  ( 0.7071067811865456854, 0.000000000000000000, -0.7071067811865493491 ) ) ;
#6181 = EDGE_CURVE ( 'NONE', #5185, #5664, #1632, .T. ) ;
#6182 = FACE_OUTER_BOUND ( 'NONE', #4765, .T. ) ;
#6183 = VERTEX_POINT ( 'NONE', #6434 ) ;
#6184 = CARTESIAN_POINT ( 'NONE',  ( -16.19249999999999901, 0.000000000000000000, -0.3174999999999983946 ) ) ;
#6185 = ORIENTED_EDGE ( 'NONE', *, *, #3652, .T. ) ;
#6186 = CARTESIAN_POINT ( 'NONE',  ( -16.19249999999999901, 2.540000000000000036, 0.3175000000000017808 ) ) ;
#6187 = CARTESIAN_POINT ( 'NONE',  ( 10.16000000000000192, 0.000000000000000000, -0.8889999999999981251 ) ) ;
#6188 = DIRECTION ( 'NONE',  ( -0.7071067811865476838, 0.000000000000000000, -0.7071067811865473507 ) ) ;
#6189 = DIRECTION ( 'NONE',  ( 0.000000000000000000, 0.000000000000000000, 1.000000000000000000 ) ) ;
#6190 = CARTESIAN_POINT ( 'NONE',  ( 6.032500000000003304, 0.000000000000000000, 0.3175000000000017808 ) ) ;
#6191 = VECTOR ( 'NONE', #6294, 1000.000000000000000 ) ;
#6192 = ORIENTED_EDGE ( 'NONE', *, *, #3430, .F. ) ;
#6193 = LINE ( 'NONE', #5687, #7143 ) ;
#6194 = LINE ( 'NONE', #843, #1018 ) ;
#6195 = VECTOR ( 'NONE', #3380, 1000.000000000000000 ) ;
#6196 = DIRECTION ( 'NONE',  ( 0.000000000000000000, 1.000000000000000000, 0.000000000000000000 ) ) ;
#6197 = ORIENTED_EDGE ( 'NONE', *, *, #6027, .F. ) ;
#6198 = VERTEX_POINT ( 'NONE', #2780 ) ;
#6199 = ORIENTED_EDGE ( 'NONE', *, *, #1079, .T. ) ;
#6200 = DIRECTION ( 'NONE',  ( 0.7071067811865493491, -0.000000000000000000, 0.7071067811865456854 ) ) ;
#6201 = EDGE_CURVE ( 'NONE', #4713, #701, #4529, .T. ) ;
#6202 = VECTOR ( 'NONE', #1769, 1000.000000000000000 ) ;
#6203 = ADVANCED_FACE ( 'NONE', ( #6398 ), #457, .F. ) ;
#6204 = CARTESIAN_POINT ( 'NONE',  ( 12.31900000000000084, 2.540000000000000036, 1.270000000000002904 ) ) ;
#6205 = VECTOR ( 'NONE', #4562, 1000.000000000000000 ) ;
#6206 = SURFACE_STYLE_USAGE ( .BOTH. , #3282 ) ;
#6207 = CARTESIAN_POINT ( 'NONE',  ( -5.460999999999998522, 2.540000000000000036, 1.270000000000002904 ) ) ;
#6208 = VECTOR ( 'NONE', #6129, 1000.000000000000000 ) ;
#6209 = ORIENTED_EDGE ( 'NONE', *, *, #2455, .F. ) ;
#6210 = EDGE_CURVE ( 'NONE', #2761, #5144, #7496, .T. ) ;
#6211 = ORIENTED_EDGE ( 'NONE', *, *, #2081, .F. ) ;
#6212 = LINE ( 'NONE', #898, #5401 ) ;
#6213 = VECTOR ( 'NONE', #1048, 1000.000000000000000 ) ;
#6214 = VECTOR ( 'NONE', #1397, 1000.000000000000000 ) ;
#6215 = VERTEX_POINT ( 'NONE', #5163 ) ;
#6216 = EDGE_CURVE ( 'NONE', #1773, #1393, #2245, .T. ) ;
#6217 = EDGE_CURVE ( 'NONE', #3259, #928, #4563, .T. ) ;
#6218 = FACE_OUTER_BOUND ( 'NONE', #2898, .T. ) ;
#6219 = CARTESIAN_POINT ( 'NONE',  ( 0.000000000000000000, 2.540000000000000036, -0.8889999999999981251 ) ) ;
#6220 = CARTESIAN_POINT ( 'NONE',  ( 0.3174999999999999489, 2.540000000000000036, 0.3174999999999999489 ) ) ;
#6221 = VECTOR ( 'NONE', #54, 1000.000000000000000 ) ;
#6222 = FACE_OUTER_BOUND ( 'NONE', #1843, .T. ) ;
#6223 = ORIENTED_EDGE ( 'NONE', *, *, #7588, .T. ) ;
#6224 = PRODUCT_DEFINITION_SHAPE ( 'NONE', 'NONE',  #7695 ) ;
#6225 = AXIS2_PLACEMENT_3D ( 'NONE', #6853, #3300, #914 ) ;
#6226 = CARTESIAN_POINT ( 'NONE',  ( 2.540000000000000480, 2.540000000000000036, -0.8889999999999981251 ) ) ;
#6227 = ORIENTED_EDGE ( 'NONE', *, *, #1141, .F. ) ;
#6228 = EDGE_CURVE ( 'NONE', #2701, #450, #7059, .T. ) ;
#6229 = VECTOR ( 'NONE', #3299, 1000.000000000000227 ) ;
#6230 = CARTESIAN_POINT ( 'NONE',  ( 5.461000000000000298, 0.000000000000000000, 1.270000000000003348 ) ) ;
#6231 = CARTESIAN_POINT ( 'NONE',  ( -12.31900000000000261, 2.540000000000000036, 1.270000000000003348 ) ) ;
#6232 = CARTESIAN_POINT ( 'NONE',  ( -16.19249999999999901, 0.000000000000000000, 0.3175000000000017808 ) ) ;
#6233 = VECTOR ( 'NONE', #6519, 1000.000000000000000 ) ;
#6234 = CARTESIAN_POINT ( 'NONE',  ( -7.620000000000000107, 0.000000000000000000, -0.8889999999999981251 ) ) ;
#6235 = ORIENTED_EDGE ( 'NONE', *, *, #2360, .F. ) ;
#6236 = LINE ( 'NONE', #918, #7165 ) ;
#6237 = LINE ( 'NONE', #1573, #2476 ) ;
#6238 = DIRECTION ( 'NONE',  ( -0.7071067811865474617, -0.000000000000000000, 0.7071067811865474617 ) ) ;
#6239 = DIRECTION ( 'NONE',  ( -0.000000000000000000, -0.000000000000000000, -1.000000000000000000 ) ) ;
#6240 = ORIENTED_EDGE ( 'NONE', *, *, #4826, .F. ) ;
#6241 = VERTEX_POINT ( 'NONE', #5283 ) ;
#6242 = ORIENTED_EDGE ( 'NONE', *, *, #4263, .F. ) ;
#6243 = FACE_OUTER_BOUND ( 'NONE', #4471, .T. ) ;
#6244 = CARTESIAN_POINT ( 'NONE',  ( 10.15999999999999837, 2.540000000000000036, 0.8890000000000022329 ) ) ;
#6245 = DIRECTION ( 'NONE',  ( 0.7071067811865456854, 0.000000000000000000, -0.7071067811865493491 ) ) ;
#6246 = ORIENTED_EDGE ( 'NONE', *, *, #5168, .T. ) ;
#6247 = ORIENTED_EDGE ( 'NONE', *, *, #2328, .T. ) ;
#6248 = ORIENTED_EDGE ( 'NONE', *, *, #4175, .F. ) ;
#6249 = PLANE ( 'NONE',  #7194 ) ;
#6250 = LINE ( 'NONE', #4982, #7556 ) ;
#6251 = EDGE_CURVE ( 'NONE', #2514, #5390, #3364, .T. ) ;
#6252 = PLANE ( 'NONE',  #2848 ) ;
#6253 = EDGE_CURVE ( 'NONE', #1736, #7517, #7651, .T. ) ;
#6254 = ADVANCED_FACE ( 'NONE', ( #5709 ), #5247, .T. ) ;
#6255 = VERTEX_POINT ( 'NONE', #3482 ) ;
#6256 = ORIENTED_EDGE ( 'NONE', *, *, #6273, .T. ) ;
#6257 = CARTESIAN_POINT ( 'NONE',  ( 4.699000000000001620, 0.000000000000000000, -1.269999999999997353 ) ) ;
#6258 = EDGE_LOOP ( 'NONE', ( #6105, #5366, #3954, #2395 ) ) ;
#6259 = LINE ( 'NONE', #943, #1482 ) ;
#6260 = FACE_OUTER_BOUND ( 'NONE', #2134, .T. ) ;
#6261 = EDGE_CURVE ( 'NONE', #3136, #7229, #4646, .T. ) ;
#6262 = CARTESIAN_POINT ( 'NONE',  ( -4.699000000000001620, 2.540000000000000036, -1.269999999999996909 ) ) ;
#6263 = EDGE_CURVE ( 'NONE', #5390, #2228, #7024, .T. ) ;
#6264 = UNCERTAINTY_MEASURE_WITH_UNIT (LENGTH_MEASURE( 1.000000000000000082E-05 ), #5744, 'distance_accuracy_value', 'NONE');
#6265 = ITEM_DEFINED_TRANSFORMATION ( 'NONE', 'NONE', #757,  #259 ) ;
#6266 = DIRECTION ( 'NONE',  ( 0.000000000000000000, 0.000000000000000000, 1.000000000000000000 ) ) ;
#6267 = ORIENTED_EDGE ( 'NONE', *, *, #424, .F. ) ;
#6268 = AXIS2_PLACEMENT_3D ( 'NONE', #7670, #1263, #2997 ) ;
#6269 = DIRECTION ( 'NONE',  ( 0.7071067811865493491, -0.000000000000000000, 0.7071067811865456854 ) ) ;
#6270 = COLOUR_RGB ( '',0.2509803921568627416, 0.2509803921568627416, 0.2509803921568627416 ) ;
#6271 = LINE ( 'NONE', #5112, #6195 ) ;
#6272 = CARTESIAN_POINT ( 'NONE',  ( 16.19250000000000256, 0.000000000000000000, 0.3175000000000017808 ) ) ;
#6273 = EDGE_CURVE ( 'NONE', #839, #5390, #539, .T. ) ;
#6274 = DIRECTION ( 'NONE',  ( -0.000000000000000000, -0.000000000000000000, 1.000000000000000000 ) ) ;
#6275 = ORIENTED_EDGE ( 'NONE', *, *, #2966, .F. ) ;
#6276 = ORIENTED_EDGE ( 'NONE', *, *, #6849, .T. ) ;
#6277 = ORIENTED_EDGE ( 'NONE', *, *, #3645, .F. ) ;
#6278 = DIRECTION ( 'NONE',  ( 0.000000000000000000, 1.000000000000000000, 0.000000000000000000 ) ) ;
#6279 = LINE ( 'NONE', #960, #1003 ) ;
#6280 = LINE ( 'NONE', #961, #6341 ) ;
#6281 =( REPRESENTATION_RELATIONSHIP ('NONE','NONE', #6526, #1223 ) REPRESENTATION_RELATIONSHIP_WITH_TRANSFORMATION ( #6995 )SHAPE_REPRESENTATION_RELATIONSHIP( ) );
#6282 = VERTEX_POINT ( 'NONE', #390 ) ;
#6283 = VERTEX_POINT ( 'NONE', #2748 ) ;
#6284 = FACE_OUTER_BOUND ( 'NONE', #4735, .T. ) ;
#6285 = LINE ( 'NONE', #5706, #5352 ) ;
#6286 = DIRECTION ( 'NONE',  ( -1.000000000000000000, 0.000000000000000000, -0.000000000000000000 ) ) ;
#6287 = DIRECTION ( 'NONE',  ( 0.000000000000000000, 1.000000000000000000, 0.000000000000000000 ) ) ;
#6288 = CARTESIAN_POINT ( 'NONE',  ( -0.3174999999999999489, 2.540000000000000036, 0.3174999999999999489 ) ) ;
#6289 = EDGE_LOOP ( 'NONE', ( #1129, #3240, #4132, #7611 ) ) ;
#6290 = ORIENTED_EDGE ( 'NONE', *, *, #1387, .F. ) ;
#6291 = CARTESIAN_POINT ( 'NONE',  ( -8.000999999999999446, 0.000000000000000000, 1.270000000000002904 ) ) ;
#6292 = VERTEX_POINT ( 'NONE', #5476 ) ;
#6293 = CARTESIAN_POINT ( 'NONE',  ( -15.24000000000000021, 0.000000000000000000, -0.8889999999999974589 ) ) ;
#6294 = DIRECTION ( 'NONE',  ( -0.7071067811865477948, -0.000000000000000000, -0.7071067811865473507 ) ) ;
#6295 = ADVANCED_FACE ( 'NONE', ( #7174 ), #731, .F. ) ;
#6296 = EDGE_CURVE ( 'NONE', #1348, #4148, #4184, .T. ) ;
#6297 = DIRECTION ( 'NONE',  ( 1.000000000000000000, 0.000000000000000000, 0.000000000000000000 ) ) ;
#6298 = LINE ( 'NONE', #1570, #7134 ) ;
#6299 = VERTEX_POINT ( 'NONE', #5900 ) ;
#6300 = LINE ( 'NONE', #3339, #4517 ) ;
#6301 = EDGE_CURVE ( 'NONE', #7491, #6183, #63, .T. ) ;
#6302 = CARTESIAN_POINT ( 'NONE',  ( -4.127499999999999503, 0.000000000000000000, 0.3175000000000017808 ) ) ;
#6303 = DIRECTION ( 'NONE',  ( 0.000000000000000000, 1.000000000000000000, 0.000000000000000000 ) ) ;
#6304 = DIRECTION ( 'NONE',  ( 0.7071067811865456854, 0.000000000000000000, -0.7071067811865493491 ) ) ;
#6305 = VECTOR ( 'NONE', #161, 1000.000000000000000 ) ;
#6306 = ORIENTED_EDGE ( 'NONE', *, *, #1653, .F. ) ;
#6307 = ORIENTED_EDGE ( 'NONE', *, *, #3432, .T. ) ;
#6308 = VERTEX_POINT ( 'NONE', #2520 ) ;
#6309 = CARTESIAN_POINT ( 'NONE',  ( 5.080000000000000959, 2.540000000000000036, 0.8890000000000022329 ) ) ;
#6310 = EDGE_CURVE ( 'NONE', #855, #2514, #1857, .T. ) ;
#6311 = VECTOR ( 'NONE', #6513, 1000.000000000000114 ) ;
#6312 = LINE ( 'NONE', #5809, #4606 ) ;
#6313 = ORIENTED_EDGE ( 'NONE', *, *, #4849, .T. ) ;
#6314 = VECTOR ( 'NONE', #5653, 1000.000000000000000 ) ;
#6315 = ORIENTED_EDGE ( 'NONE', *, *, #5643, .T. ) ;
#6316 = CARTESIAN_POINT ( 'NONE',  ( 5.080000000000000959, 0.000000000000000000, -0.8889999999999974589 ) ) ;
#6317 = ORIENTED_EDGE ( 'NONE', *, *, #7011, .F. ) ;
#6318 = VECTOR ( 'NONE', #3949, 1000.000000000000000 ) ;
#6319 = FACE_OUTER_BOUND ( 'NONE', #3279, .T. ) ;
#6320 = LINE ( 'NONE', #423, #1487 ) ;
#6321 = LINE ( 'NONE', #7652, #1871 ) ;
#6322 = VECTOR ( 'NONE', #1932, 1000.000000000000000 ) ;
#6323 = ORIENTED_EDGE ( 'NONE', *, *, #3687, .F. ) ;
#6324 = VECTOR ( 'NONE', #6840, 1000.000000000000000 ) ;
#6325 = ORIENTED_EDGE ( 'NONE', *, *, #6310, .T. ) ;
#6326 = LINE ( 'NONE', #4568, #2956 ) ;
#6327 = PLANE ( 'NONE',  #4046 ) ;
#6328 = ORIENTED_EDGE ( 'NONE', *, *, #4114, .T. ) ;
#6329 = AXIS2_PLACEMENT_3D ( 'NONE', #6621, #2503, #799 ) ;
#6330 = ORIENTED_EDGE ( 'NONE', *, *, #5738, .T. ) ;
#6331 = DIRECTION ( 'NONE',  ( -0.7071067811865474617, -0.000000000000000000, 0.7071067811865474617 ) ) ;
#6332 = CARTESIAN_POINT ( 'NONE',  ( 7.239000000000002544, 2.540000000000000036, 1.270000000000002904 ) ) ;
#6333 = PRESENTATION_LAYER_ASSIGNMENT (  '', '', ( #639 ) ) ;
#6334 = VECTOR ( 'NONE', #6788, 1000.000000000000000 ) ;
#6335 = EDGE_CURVE ( 'NONE', #2638, #2485, #2440, .T. ) ;
#6336 = AXIS2_PLACEMENT_3D ( 'NONE', #6747, #1930, #4289 ) ;
#6337 = CARTESIAN_POINT ( 'NONE',  ( 7.239000000000002544, 0.000000000000000000, -1.269999999999997353 ) ) ;
#6338 = ORIENTED_EDGE ( 'NONE', *, *, #4203, .F. ) ;
#6339 = DIRECTION ( 'NONE',  ( -0.000000000000000000, 1.000000000000000000, 0.000000000000000000 ) ) ;
#6340 = DIRECTION ( 'NONE',  ( 0.7071067811865473507, 0.000000000000000000, -0.7071067811865476838 ) ) ;
#6341 = VECTOR ( 'NONE', #1073, 1000.000000000000000 ) ;
#6342 = EDGE_CURVE ( 'NONE', #2756, #3311, #2363, .T. ) ;
#6343 = DIRECTION ( 'NONE',  ( 0.000000000000000000, 0.000000000000000000, 1.000000000000000000 ) ) ;
#6344 = LINE ( 'NONE', #1651, #3600 ) ;
#6345 = ADVANCED_FACE ( 'NONE', ( #3523 ), #6478, .F. ) ;
#6346 = EDGE_CURVE ( 'NONE', #1013, #6241, #4145, .T. ) ;
#6347 = EDGE_LOOP ( 'NONE', ( #6315, #2174, #5734, #3640 ) ) ;
#6348 = CARTESIAN_POINT ( 'NONE',  ( 7.620000000000001883, 2.540000000000000036, 0.8890000000000022329 ) ) ;
#6349 = ORIENTED_EDGE ( 'NONE', *, *, #3341, .T. ) ;
#6350 = ORIENTED_EDGE ( 'NONE', *, *, #5777, .F. ) ;
#6351 = DIRECTION ( 'NONE',  ( 0.7071067811865459074, 0.000000000000000000, 0.7071067811865491270 ) ) ;
#6352 = EDGE_CURVE ( 'NONE', #2199, #1184, #4262, .T. ) ;
#6353 = DIRECTION ( 'NONE',  ( -0.7071067811865476838, 0.000000000000000000, -0.7071067811865473507 ) ) ;
#6354 = CARTESIAN_POINT ( 'NONE',  ( 7.239000000000002544, 0.000000000000000000, 1.270000000000002904 ) ) ;
#6355 = EDGE_CURVE ( 'NONE', #6593, #6662, #6637, .T. ) ;
#6356 = ORIENTED_EDGE ( 'NONE', *, *, #3780, .T. ) ;
#6357 = ORIENTED_EDGE ( 'NONE', *, *, #7159, .T. ) ;
#6358 = DIRECTION ( 'NONE',  ( 0.000000000000000000, 1.000000000000000000, 0.000000000000000000 ) ) ;
#6359 = ORIENTED_EDGE ( 'NONE', *, *, #2960, .T. ) ;
#6360 = CARTESIAN_POINT ( 'NONE',  ( 13.65250000000000163, 0.000000000000000000, 0.3175000000000017808 ) ) ;
#6361 = DIRECTION ( 'NONE',  ( 0.000000000000000000, 1.000000000000000000, 0.000000000000000000 ) ) ;
#6362 = CARTESIAN_POINT ( 'NONE',  ( -18.16100000000000136, 2.540000000000000036, 1.270000000000002904 ) ) ;
#6363 = EDGE_CURVE ( 'NONE', #6456, #594, #582, .T. ) ;
#6364 = ORIENTED_EDGE ( 'NONE', *, *, #1373, .T. ) ;
#6365 = VECTOR ( 'NONE', #5543, 1000.000000000000000 ) ;
#6366 = EDGE_LOOP ( 'NONE', ( #6787, #4526, #4172, #4120 ) ) ;
#6367 = FILL_AREA_STYLE ('',( #2588 ) ) ;
#6368 = DIRECTION ( 'NONE',  ( 1.000000000000000000, -0.000000000000000000, 0.000000000000000000 ) ) ;
#6369 = EDGE_LOOP ( 'NONE', ( #2630, #6576, #5138, #1051 ) ) ;
#6370 = ORIENTED_EDGE ( 'NONE', *, *, #4651, .F. ) ;
#6371 = FACE_OUTER_BOUND ( 'NONE', #2014, .T. ) ;
#6372 = PLANE ( 'NONE',  #5941 ) ;
#6373 = CARTESIAN_POINT ( 'NONE',  ( 10.15999999999999837, 0.000000000000000000, 0.8890000000000022329 ) ) ;
#6374 = EDGE_LOOP ( 'NONE', ( #3913, #2429, #2746, #6631 ) ) ;
#6375 = CARTESIAN_POINT ( 'NONE',  ( 5.080000000000000959, 0.000000000000000000, -0.8889999999999981251 ) ) ;
#6376 = FACE_OUTER_BOUND ( 'NONE', #6876, .T. ) ;
#6377 = DIRECTION ( 'NONE',  ( 0.000000000000000000, 0.000000000000000000, 1.000000000000000000 ) ) ;
#6378 = CARTESIAN_POINT ( 'NONE',  ( 18.73250000000000171, 2.540000000000000036, 0.3175000000000017808 ) ) ;
#6379 = VECTOR ( 'NONE', #2462, 1000.000000000000000 ) ;
#6380 = ORIENTED_EDGE ( 'NONE', *, *, #5643, .F. ) ;
#6381 = CARTESIAN_POINT ( 'NONE',  ( 9.207500000000003126, 2.540000000000000036, 0.3175000000000017808 ) ) ;
#6382 = ORIENTED_EDGE ( 'NONE', *, *, #2035, .F. ) ;
#6383 = ADVANCED_BREP_SHAPE_REPRESENTATION ( '', ( #7320, #4857, #259 ), #4859 ) ;
#6384 = DIRECTION ( 'NONE',  ( 1.000000000000000000, -0.000000000000000000, 0.000000000000000000 ) ) ;
#6385 = VERTEX_POINT ( 'NONE', #1314 ) ;
#6386 = LINE ( 'NONE', #3350, #6464 ) ;
#6387 = PRODUCT_DEFINITION_CONTEXT ( 'detailed design', #879, 'design' ) ;
#6388 = ADVANCED_FACE ( 'NONE', ( #3007 ), #2971, .T. ) ;
#6389 = EDGE_CURVE ( 'NONE', #218, #812, #2932, .T. ) ;
#6390 = CARTESIAN_POINT ( 'NONE',  ( -17.39900000000000091, 0.000000000000000000, -1.269999999999996909 ) ) ;
#6391 = CARTESIAN_POINT ( 'NONE',  ( -13.08099999999999952, 2.540000000000000036, 1.270000000000002904 ) ) ;
#6392 =( NAMED_UNIT ( * ) PLANE_ANGLE_UNIT ( ) SI_UNIT ( $, .RADIAN. ) );
#6393 = EDGE_LOOP ( 'NONE', ( #4458, #5234, #5391, #4966 ) ) ;
#6394 = ORIENTED_EDGE ( 'NONE', *, *, #1988, .F. ) ;
#6395 = DIRECTION ( 'NONE',  ( -2.439149994343089694E-16, 0.000000000000000000, -1.000000000000000000 ) ) ;
#6396 = EDGE_LOOP ( 'NONE', ( #1000, #4813, #2525, #720 ) ) ;
#6397 = DIRECTION ( 'NONE',  ( -0.7071067811865476838, 0.000000000000000000, -0.7071067811865473507 ) ) ;
#6398 = FACE_OUTER_BOUND ( 'NONE', #6347, .T. ) ;
#6399 = EDGE_CURVE ( 'NONE', #2833, #4519, #1278, .T. ) ;
#6400 = CARTESIAN_POINT ( 'NONE',  ( -13.08099999999999952, 2.540000000000000036, -1.269999999999997353 ) ) ;
#6401 = LINE ( 'NONE', #3525, #3750 ) ;
#6402 = EDGE_LOOP ( 'NONE', ( #2541, #2620, #5717, #3579 ) ) ;
#6403 = ORIENTED_EDGE ( 'NONE', *, *, #5519, .T. ) ;
#6404 = CARTESIAN_POINT ( 'NONE',  ( 17.78000000000000114, 0.000000000000000000, -0.8889999999999981251 ) ) ;
#6405 = CARTESIAN_POINT ( 'NONE',  ( 11.11250000000000071, 0.000000000000000000, -0.3174999999999983946 ) ) ;
#6406 = ORIENTED_EDGE ( 'NONE', *, *, #899, .T. ) ;
#6407 = EDGE_LOOP ( 'NONE', ( #2192, #2628, #5290, #5814 ) ) ;
#6408 = VECTOR ( 'NONE', #6990, 1000.000000000000000 ) ;
#6409 = PLANE ( 'NONE',  #3715 ) ;
#6410 = CARTESIAN_POINT ( 'NONE',  ( 10.15999999999999837, 0.000000000000000000, -0.8889999999999974589 ) ) ;
#6411 = ADVANCED_FACE ( 'NONE', ( #6053 ), #3084, .T. ) ;
#6412 = CONTEXT_DEPENDENT_SHAPE_REPRESENTATION ( #3386, #3796 ) ;
#6413 = PLANE ( 'NONE',  #4418 ) ;
#6414 = ORIENTED_EDGE ( 'NONE', *, *, #7323, .T. ) ;
#6415 = CARTESIAN_POINT ( 'NONE',  ( 6.032500000000003304, 2.540000000000000036, -0.3174999999999983946 ) ) ;
#6416 = CARTESIAN_POINT ( 'NONE',  ( -19.93900000000000361, 0.000000000000000000, 1.270000000000003348 ) ) ;
#6417 = CARTESIAN_POINT ( 'NONE',  ( -10.16000000000000014, 0.000000000000000000, 0.8890000000000022329 ) ) ;
#6418 = DIRECTION ( 'NONE',  ( -0.7071067811865477948, -0.000000000000000000, -0.7071067811865473507 ) ) ;
#6419 = ORIENTED_EDGE ( 'NONE', *, *, #1917, .T. ) ;
#6420 = LINE ( 'NONE', #6041, #1058 ) ;
#6421 = VERTEX_POINT ( 'NONE', #5362 ) ;
#6422 = CARTESIAN_POINT ( 'NONE',  ( 14.85899999999999999, 0.000000000000000000, -1.269999999999997353 ) ) ;
#6423 = ORIENTED_EDGE ( 'NONE', *, *, #518, .T. ) ;
#6424 = CARTESIAN_POINT ( 'NONE',  ( -0.3809999999999993947, 0.000000000000000000, 1.270000000000002904 ) ) ;
#6425 = FACE_OUTER_BOUND ( 'NONE', #7335, .T. ) ;
#6426 = VECTOR ( 'NONE', #3620, 1000.000000000000000 ) ;
#6427 = DIRECTION ( 'NONE',  ( -0.7071067811865477948, -0.000000000000000000, -0.7071067811865473507 ) ) ;
#6428 = ORIENTED_EDGE ( 'NONE', *, *, #3058, .T. ) ;
#6429 = EDGE_CURVE ( 'NONE', #566, #2303, #660, .T. ) ;
#6430 = ORIENTED_EDGE ( 'NONE', *, *, #5083, .T. ) ;
#6431 = ORIENTED_EDGE ( 'NONE', *, *, #3257, .T. ) ;
#6432 = VECTOR ( 'NONE', #6361, 1000.000000000000000 ) ;
#6433 = FACE_BOUND ( 'NONE', #1878, .T. ) ;
#6434 = CARTESIAN_POINT ( 'NONE',  ( -6.032499999999997975, 0.000000000000000000, -0.3174999999999983946 ) ) ;
#6435 = LINE ( 'NONE', #5901, #2368 ) ;
#6436 = LINE ( 'NONE', #7615, #3985 ) ;
#6437 = EDGE_CURVE ( 'NONE', #2201, #4163, #1819, .T. ) ;
#6438 = VECTOR ( 'NONE', #2805, 1000.000000000000000 ) ;
#6439 = UNCERTAINTY_MEASURE_WITH_UNIT (LENGTH_MEASURE( 1.000000000000000082E-05 ), #4941, 'distance_accuracy_value', 'NONE');
#6440 = VERTEX_POINT ( 'NONE', #1352 ) ;
#6441 = EDGE_CURVE ( 'NONE', #7517, #3303, #4482, .T. ) ;
#6442 = ORIENTED_EDGE ( 'NONE', *, *, #3779, .F. ) ;
#6443 = LINE ( 'NONE', #4616, #872 ) ;
#6444 = ADVANCED_FACE ( 'NONE', ( #3714 ), #187, .F. ) ;
#6445 = VECTOR ( 'NONE', #252, 1000.000000000000000 ) ;
#6446 = DIRECTION ( 'NONE',  ( -1.000000000000000000, -0.000000000000000000, 2.439149994343089694E-16 ) ) ;
#6447 = ORIENTED_EDGE ( 'NONE', *, *, #2827, .F. ) ;
#6448 = ORIENTED_EDGE ( 'NONE', *, *, #4988, .F. ) ;
#6449 = DIRECTION ( 'NONE',  ( 0.000000000000000000, 0.000000000000000000, 1.000000000000000000 ) ) ;
#6450 = DIRECTION ( 'NONE',  ( 0.000000000000000000, 0.000000000000000000, 1.000000000000000000 ) ) ;
#6451 = AXIS2_PLACEMENT_3D ( 'NONE', #4349, #4425, #6728 ) ;
#6452 = EDGE_CURVE ( 'NONE', #1798, #4566, #6271, .T. ) ;
#6453 = VECTOR ( 'NONE', #6304, 1000.000000000000000 ) ;
#6454 = ADVANCED_FACE ( 'NONE', ( #6889 ), #3340, .F. ) ;
#6455 = LINE ( 'NONE', #6996, #1560 ) ;
#6456 = VERTEX_POINT ( 'NONE', #1940 ) ;
#6457 = VECTOR ( 'NONE', #1511, 1000.000000000000000 ) ;
#6458 = CARTESIAN_POINT ( 'NONE',  ( 18.16100000000000136, 0.000000000000000000, 1.270000000000003348 ) ) ;
#6459 = VECTOR ( 'NONE', #775, 1000.000000000000000 ) ;
#6460 = PLANE ( 'NONE',  #744 ) ;
#6461 = DIRECTION ( 'NONE',  ( 1.000000000000000000, -0.000000000000000000, 0.000000000000000000 ) ) ;
#6462 = LINE ( 'NONE', #5267, #3864 ) ;
#6463 = AXIS2_PLACEMENT_3D ( 'NONE', #7049, #532, #7606 ) ;
#6464 = VECTOR ( 'NONE', #5737, 1000.000000000000000 ) ;
#6465 = ORIENTED_EDGE ( 'NONE', *, *, #5323, .T. ) ;
#6466 = DIRECTION ( 'NONE',  ( 0.7071067811865459074, 0.000000000000000000, 0.7071067811865491270 ) ) ;
#6467 = ORIENTED_EDGE ( 'NONE', *, *, #5141, .T. ) ;
#6468 = DIRECTION ( 'NONE',  ( 1.000000000000000000, 0.000000000000000000, -2.439149994343089694E-16 ) ) ;
#6469 = EDGE_LOOP ( 'NONE', ( #1571, #4721, #5469, #238 ) ) ;
#6470 = DIRECTION ( 'NONE',  ( -1.000000000000000000, 0.000000000000000000, -0.000000000000000000 ) ) ;
#6471 = VECTOR ( 'NONE', #4051, 1000.000000000000114 ) ;
#6472 =( NAMED_UNIT ( * ) PLANE_ANGLE_UNIT ( ) SI_UNIT ( $, .RADIAN. ) );
#6473 = ORIENTED_EDGE ( 'NONE', *, *, #1988, .T. ) ;
#6474 = VECTOR ( 'NONE', #7415, 1000.000000000000000 ) ;
#6475 = ORIENTED_EDGE ( 'NONE', *, *, #2417, .F. ) ;
#6476 = DIRECTION ( 'NONE',  ( 0.000000000000000000, 0.000000000000000000, -1.000000000000000000 ) ) ;
#6477 = DIRECTION ( 'NONE',  ( -0.7071067811865477948, -0.000000000000000000, -0.7071067811865473507 ) ) ;
#6478 = PLANE ( 'NONE',  #4962 ) ;
#6479 = CARTESIAN_POINT ( 'NONE',  ( -7.620000000000000107, 0.000000000000000000, -0.8889999999999981251 ) ) ;
#6480 = DIRECTION ( 'NONE',  ( 0.000000000000000000, 0.000000000000000000, -1.000000000000000000 ) ) ;
#6481 = VERTEX_POINT ( 'NONE', #6923 ) ;
#6482 = ORIENTED_EDGE ( 'NONE', *, *, #7227, .T. ) ;
#6483 = CARTESIAN_POINT ( 'NONE',  ( 15.24000000000000021, 0.000000000000000000, 0.8890000000000022329 ) ) ;
#6484 = CARTESIAN_POINT ( 'NONE',  ( -13.08099999999999952, 2.540000000000000036, 1.270000000000002904 ) ) ;
#6485 = ORIENTED_EDGE ( 'NONE', *, *, #6614, .F. ) ;
#6486 = EDGE_CURVE ( 'NONE', #965, #5903, #4515, .T. ) ;
#6487 = CARTESIAN_POINT ( 'NONE',  ( 7.620000000000001883, 0.000000000000000000, -0.8889999999999981251 ) ) ;
#6488 = DIRECTION ( 'NONE',  ( -1.000000000000000000, -0.000000000000000000, -0.000000000000000000 ) ) ;
#6489 = EDGE_CURVE ( 'NONE', #1348, #3271, #7479, .T. ) ;
#6490 = EDGE_CURVE ( 'NONE', #6057, #4017, #6237, .T. ) ;
#6491 = PLANE ( 'NONE',  #2793 ) ;
#6492 = ORIENTED_EDGE ( 'NONE', *, *, #1834, .F. ) ;
#6493 = VECTOR ( 'NONE', #97, 1000.000000000000114 ) ;
#6494 = CARTESIAN_POINT ( 'NONE',  ( 5.080000000000000959, 0.000000000000000000, 0.8890000000000022329 ) ) ;
#6495 = CARTESIAN_POINT ( 'NONE',  ( 17.78000000000000114, 0.000000000000000000, 0.8890000000000022329 ) ) ;
#6496 = VECTOR ( 'NONE', #702, 1000.000000000000000 ) ;
#6497 = EDGE_CURVE ( 'NONE', #7243, #5156, #5146, .T. ) ;
#6498 = CARTESIAN_POINT ( 'NONE',  ( 6.032500000000003304, 2.540000000000000036, 0.3175000000000017808 ) ) ;
#6499 = CARTESIAN_POINT ( 'NONE',  ( 12.31900000000000084, 2.540000000000000036, -1.269999999999997353 ) ) ;
#6500 = ORIENTED_EDGE ( 'NONE', *, *, #1279, .T. ) ;
#6501 = CARTESIAN_POINT ( 'NONE',  ( 0.3174999999999999489, -10.32509999999999373, 0.3174999999999999489 ) ) ;
#6502 = ORIENTED_EDGE ( 'NONE', *, *, #2684, .F. ) ;
#6503 = CARTESIAN_POINT ( 'NONE',  ( 19.93900000000000361, 0.000000000000000000, 1.270000000000002904 ) ) ;
#6504 = LINE ( 'NONE', #4799, #5610 ) ;
#6505 = EDGE_CURVE ( 'NONE', #5367, #3884, #5071, .T. ) ;
#6506 =( LENGTH_UNIT ( ) NAMED_UNIT ( * ) SI_UNIT ( .MILLI., .METRE. ) );
#6507 = VECTOR ( 'NONE', #3980, 1000.000000000000000 ) ;
#6508 = DIRECTION ( 'NONE',  ( 1.000000000000000000, 0.000000000000000000, 0.000000000000000000 ) ) ;
#6509 = ORIENTED_EDGE ( 'NONE', *, *, #1172, .T. ) ;
#6510 = VERTEX_POINT ( 'NONE', #331 ) ;
#6511 = CARTESIAN_POINT ( 'NONE',  ( -0.3174999999999999489, 2.540000000000000036, -0.3174999999999999489 ) ) ;
#6512 = CARTESIAN_POINT ( 'NONE',  ( -20.32000000000000028, 2.540000000000000036, -0.8889999999999974589 ) ) ;
#6513 = DIRECTION ( 'NONE',  ( -0.7071067811865474617, -0.000000000000000000, 0.7071067811865474617 ) ) ;
#6514 = CARTESIAN_POINT ( 'NONE',  ( -10.54100000000000037, 0.000000000000000000, 1.270000000000002904 ) ) ;
#6515 = CARTESIAN_POINT ( 'NONE',  ( 0.2344784897417124814, 8.429685496895514163, -0.2344784897417124814 ) ) ;
#6516 = STYLED_ITEM ( 'NONE', ( #3608 ), #4660 ) ;
#6517 = ORIENTED_EDGE ( 'NONE', *, *, #3829, .T. ) ;
#6518 = ORIENTED_EDGE ( 'NONE', *, *, #4257, .F. ) ;
#6519 = DIRECTION ( 'NONE',  ( -1.000000000000000000, -0.000000000000000000, -0.000000000000000000 ) ) ;
#6520 = LINE ( 'NONE', #1090, #337 ) ;
#6521 = VERTEX_POINT ( 'NONE', #2554 ) ;
#6522 = CARTESIAN_POINT ( 'NONE',  ( -15.24000000000000021, 0.000000000000000000, -0.8889999999999981251 ) ) ;
#6523 = DIRECTION ( 'NONE',  ( 1.000000000000000000, -0.000000000000000000, 0.000000000000000000 ) ) ;
#6524 = PLANE ( 'NONE',  #255 ) ;
#6525 = CARTESIAN_POINT ( 'NONE',  ( -11.74749999999999872, 0.000000000000000000, -0.3174999999999983946 ) ) ;
#6526 = SHAPE_REPRESENTATION ( 'PEC16SADN', ( #2246, #757, #4351, #137, #999, #6329, #5607, #4476, #5479, #3732, #267, #514, #6225, #1140, #391, #4866, #3236, #143 ), #1258 ) ;
#6527 = VECTOR ( 'NONE', #5026, 1000.000000000000000 ) ;
#6528 = DIRECTION ( 'NONE',  ( 0.000000000000000000, 0.000000000000000000, 1.000000000000000000 ) ) ;
#6529 = EDGE_CURVE ( 'NONE', #5636, #5144, #5660, .T. ) ;
#6530 = EDGE_LOOP ( 'NONE', ( #6871, #4078, #894, #6070 ) ) ;
#6531 = ADVANCED_FACE ( 'NONE', ( #6718 ), #1976, .F. ) ;
#6532 = CARTESIAN_POINT ( 'NONE',  ( -4.127499999999999503, 0.000000000000000000, 0.3175000000000017808 ) ) ;
#6533 = CARTESIAN_POINT ( 'NONE',  ( -10.54100000000000037, 0.000000000000000000, -1.269999999999997353 ) ) ;
#6534 =( GEOMETRIC_REPRESENTATION_CONTEXT ( 3 ) GLOBAL_UNCERTAINTY_ASSIGNED_CONTEXT ( ( #1535 ) ) GLOBAL_UNIT_ASSIGNED_CONTEXT ( ( #4232, #1360, #5523 ) ) REPRESENTATION_CONTEXT ( 'NONE', 'WORKASPACE' ) );
#6535 = CARTESIAN_POINT ( 'NONE',  ( 12.69999999999999929, 0.000000000000000000, 0.8890000000000015667 ) ) ;
#6536 = EDGE_CURVE ( 'NONE', #4382, #602, #3934, .T. ) ;
#6537 = CARTESIAN_POINT ( 'NONE',  ( 0.000000000000000000, 0.000000000000000000, 0.000000000000000000 ) ) ;
#6538 = VERTEX_POINT ( 'NONE', #3972 ) ;
#6539 = CARTESIAN_POINT ( 'NONE',  ( -17.78000000000000114, 0.000000000000000000, -0.8889999999999974589 ) ) ;
#6540 = ADVANCED_FACE ( 'NONE', ( #7438 ), #952, .T. ) ;
#6541 = VERTEX_POINT ( 'NONE', #984 ) ;
#6542 = ADVANCED_FACE ( 'NONE', ( #1609 ), #7512, .T. ) ;
#6543 = LINE ( 'NONE', #6503, #2483 ) ;
#6544 = CARTESIAN_POINT ( 'NONE',  ( 17.78000000000000114, 0.000000000000000000, -0.8889999999999974589 ) ) ;
#6545 = PLANE ( 'NONE',  #5723 ) ;
#6546 = LINE ( 'NONE', #1270, #5096 ) ;
#6547 = ORIENTED_EDGE ( 'NONE', *, *, #851, .F. ) ;
#6548 = ORIENTED_EDGE ( 'NONE', *, *, #2141, .T. ) ;
#6549 = EDGE_CURVE ( 'NONE', #2784, #3317, #7257, .T. ) ;
#6550 = PRESENTATION_STYLE_ASSIGNMENT (( #3130 ) ) ;
#6551 = CARTESIAN_POINT ( 'NONE',  ( 7.620000000000001883, 2.540000000000000036, -0.8889999999999974589 ) ) ;
#6552 = CARTESIAN_POINT ( 'NONE',  ( -11.74749999999999872, 2.540000000000000036, -0.3174999999999983946 ) ) ;
#6553 = CARTESIAN_POINT ( 'NONE',  ( -2.159000000000001140, 0.000000000000000000, 1.270000000000003348 ) ) ;
#6554 = FACE_OUTER_BOUND ( 'NONE', #6655, .T. ) ;
#6555 = DIRECTION ( 'NONE',  ( -1.000000000000000000, -0.000000000000000000, 2.439149994343089694E-16 ) ) ;
#6556 = VERTEX_POINT ( 'NONE', #5688 ) ;
#6557 = VECTOR ( 'NONE', #6488, 1000.000000000000000 ) ;
#6558 = ORIENTED_EDGE ( 'NONE', *, *, #5213, .F. ) ;
#6559 = LINE ( 'NONE', #2486, #155 ) ;
#6560 = ORIENTED_EDGE ( 'NONE', *, *, #3676, .F. ) ;
#6561 = CARTESIAN_POINT ( 'NONE',  ( -17.78000000000000114, 0.000000000000000000, -0.8889999999999981251 ) ) ;
#6562 = CARTESIAN_POINT ( 'NONE',  ( -17.39900000000000091, 0.000000000000000000, 1.270000000000003348 ) ) ;
#6563 = CARTESIAN_POINT ( 'NONE',  ( 2.540000000000000480, 2.540000000000000036, 0.8890000000000022329 ) ) ;
#6564 = VECTOR ( 'NONE', #2895, 1000.000000000000000 ) ;
#6565 = CARTESIAN_POINT ( 'NONE',  ( -11.11249999999999893, 0.000000000000000000, -0.3174999999999983946 ) ) ;
#6566 = DIRECTION ( 'NONE',  ( 0.7071067811865456854, 0.000000000000000000, -0.7071067811865493491 ) ) ;
#6567 = AXIS2_PLACEMENT_3D ( 'NONE', #2273, #7088, #1185 ) ;
#6568 = ORIENTED_EDGE ( 'NONE', *, *, #2818, .F. ) ;
#6569 = DIRECTION ( 'NONE',  ( 0.000000000000000000, 0.000000000000000000, 1.000000000000000000 ) ) ;
#6570 = PLANE ( 'NONE',  #5953 ) ;
#6571 = AXIS2_PLACEMENT_3D ( 'NONE', #7222, #1939, #5361 ) ;
#6572 = CARTESIAN_POINT ( 'NONE',  ( -12.31900000000000261, 0.000000000000000000, 1.270000000000003348 ) ) ;
#6573 = ADVANCED_FACE ( 'NONE', ( #2725 ), #5956, .F. ) ;
#6574 =( GEOMETRIC_REPRESENTATION_CONTEXT ( 3 ) GLOBAL_UNCERTAINTY_ASSIGNED_CONTEXT ( ( #543 ) ) GLOBAL_UNIT_ASSIGNED_CONTEXT ( ( #533, #6472, #3516 ) ) REPRESENTATION_CONTEXT ( 'NONE', 'WORKASPACE' ) );
#6575 = CARTESIAN_POINT ( 'NONE',  ( 0.000000000000000000, 0.000000000000000000, 0.000000000000000000 ) ) ;
#6576 = ORIENTED_EDGE ( 'NONE', *, *, #370, .F. ) ;
#6577 = VECTOR ( 'NONE', #7060, 1000.000000000000000 ) ;
#6578 = AXIS2_PLACEMENT_3D ( 'NONE', #4726, #7682, #5934 ) ;
#6579 = LINE ( 'NONE', #4712, #2906 ) ;
#6580 = ORIENTED_EDGE ( 'NONE', *, *, #6782, .F. ) ;
#6581 = CARTESIAN_POINT ( 'NONE',  ( -0.2344784897417124814, 8.429685496895514163, -0.2344784897417124814 ) ) ;
#6582 = PRODUCT_DEFINITION_SHAPE ( 'NONE', 'NONE',  #7700 ) ;
#6583 = DIRECTION ( 'NONE',  ( 0.000000000000000000, 0.000000000000000000, 1.000000000000000000 ) ) ;
#6584 = VECTOR ( 'NONE', #2227, 1000.000000000000000 ) ;
#6585 = ADVANCED_FACE ( 'NONE', ( #4588 ), #4129, .T. ) ;
#6586 = VECTOR ( 'NONE', #3314, 1000.000000000000000 ) ;
#6587 = SURFACE_STYLE_FILL_AREA ( #1188 ) ;
#6588 = VECTOR ( 'NONE', #2392, 1000.000000000000000 ) ;
#6589 = ADVANCED_FACE ( 'NONE', ( #7040, #3457 ), #6460, .T. ) ;
#6590 = EDGE_CURVE ( 'NONE', #6642, #1450, #4008, .T. ) ;
#6591 = DIRECTION ( 'NONE',  ( -1.000000000000000000, 0.000000000000000000, 0.000000000000000000 ) ) ;
#6592 = ORIENTED_EDGE ( 'NONE', *, *, #4933, .F. ) ;
#6593 = VERTEX_POINT ( 'NONE', #474 ) ;
#6594 = VECTOR ( 'NONE', #4627, 1000.000000000000000 ) ;
#6595 = ORIENTED_EDGE ( 'NONE', *, *, #7675, .T. ) ;
#6596 =( LENGTH_UNIT ( ) NAMED_UNIT ( * ) SI_UNIT ( .MILLI., .METRE. ) );
#6597 = CARTESIAN_POINT ( 'NONE',  ( -4.699000000000001620, 0.000000000000000000, 1.270000000000003348 ) ) ;
#6598 = ADVANCED_FACE ( 'NONE', ( #6376 ), #4089, .F. ) ;
#6599 = DIRECTION ( 'NONE',  ( -1.000000000000000000, 0.000000000000000000, 2.439149994343089694E-16 ) ) ;
#6600 = CARTESIAN_POINT ( 'NONE',  ( -6.032499999999997975, 0.000000000000000000, 0.3175000000000017808 ) ) ;
#6601 = DIRECTION ( 'NONE',  ( 0.000000000000000000, -0.000000000000000000, 1.000000000000000000 ) ) ;
#6602 = ADVANCED_FACE ( 'NONE', ( #2342 ), #2880, .T. ) ;
#6603 = DIRECTION ( 'NONE',  ( -1.000000000000000000, -0.000000000000000000, 2.439149994343089694E-16 ) ) ;
#6604 = VECTOR ( 'NONE', #1321, 1000.000000000000000 ) ;
#6605 = STYLED_ITEM ( 'NONE', ( #3836 ), #4744 ) ;
#6606 = ORIENTED_EDGE ( 'NONE', *, *, #1559, .F. ) ;
#6607 = ORIENTED_EDGE ( 'NONE', *, *, #4274, .T. ) ;
#6608 = LINE ( 'NONE', #1285, #4511 ) ;
#6609 = CARTESIAN_POINT ( 'NONE',  ( -8.000999999999999446, 0.000000000000000000, -1.269999999999997353 ) ) ;
#6610 = ORIENTED_EDGE ( 'NONE', *, *, #6363, .F. ) ;
#6611 = CARTESIAN_POINT ( 'NONE',  ( -10.16000000000000014, 0.000000000000000000, -0.8889999999999974589 ) ) ;
#6612 = DIRECTION ( 'NONE',  ( 0.000000000000000000, 1.000000000000000000, 0.000000000000000000 ) ) ;
#6613 = LINE ( 'NONE', #1247, #1864 ) ;
#6614 = EDGE_CURVE ( 'NONE', #1220, #3501, #642, .T. ) ;
#6615 = FACE_OUTER_BOUND ( 'NONE', #5520, .T. ) ;
#6616 = DIRECTION ( 'NONE',  ( 0.000000000000000000, 1.000000000000000000, 0.000000000000000000 ) ) ;
#6617 = ORIENTED_EDGE ( 'NONE', *, *, #4306, .F. ) ;
#6618 = LINE ( 'NONE', #4827, #6067 ) ;
#6619 = DIRECTION ( 'NONE',  ( -2.439149994343089694E-16, 0.000000000000000000, -1.000000000000000000 ) ) ;
#6620 = DIRECTION ( 'NONE',  ( 0.000000000000000000, 1.000000000000000000, 0.000000000000000000 ) ) ;
#6621 = CARTESIAN_POINT ( 'NONE',  ( -11.43000000000000149, 0.000000000000000000, 1.788933584601082316E-15 ) ) ;
#6622 = ORIENTED_EDGE ( 'NONE', *, *, #4365, .F. ) ;
#6623 = LINE ( 'NONE', #4248, #5536 ) ;
#6624 = ORIENTED_EDGE ( 'NONE', *, *, #4675, .T. ) ;
#6625 = CARTESIAN_POINT ( 'NONE',  ( -7.620000000000000107, 2.540000000000000036, -0.8889999999999974589 ) ) ;
#6626 = DIRECTION ( 'NONE',  ( -1.000000000000000000, -0.000000000000000000, 2.439149994343089694E-16 ) ) ;
#6627 = SURFACE_STYLE_FILL_AREA ( #5311 ) ;
#6628 = VECTOR ( 'NONE', #4049, 1000.000000000000000 ) ;
#6629 = LINE ( 'NONE', #3752, #2365 ) ;
#6630 = ORIENTED_EDGE ( 'NONE', *, *, #2829, .F. ) ;
#6631 = ORIENTED_EDGE ( 'NONE', *, *, #2642, .T. ) ;
#6632 = EDGE_LOOP ( 'NONE', ( #2810, #1153, #5945, #3189, #6843, #7646, #6610, #6678 ) ) ;
#6633 = LINE ( 'NONE', #580, #3729 ) ;
#6634 = EDGE_CURVE ( 'NONE', #4975, #3945, #559, .T. ) ;
#6635 = ADVANCED_FACE ( 'NONE', ( #5842 ), #3504, .T. ) ;
#6636 = DIRECTION ( 'NONE',  ( 0.000000000000000000, 0.000000000000000000, 1.000000000000000000 ) ) ;
#6637 = LINE ( 'NONE', #4221, #5332 ) ;
#6638 = FACE_OUTER_BOUND ( 'NONE', #3291, .T. ) ;
#6639 = LINE ( 'NONE', #3675, #6111 ) ;
#6640 = VECTOR ( 'NONE', #2371, 1000.000000000000000 ) ;
#6641 = ORIENTED_EDGE ( 'NONE', *, *, #1706, .T. ) ;
#6642 = VERTEX_POINT ( 'NONE', #4704 ) ;
#6643 = AXIS2_PLACEMENT_3D ( 'NONE', #7086, #1774, #479 ) ;
#6644 = DIRECTION ( 'NONE',  ( -0.7071067811865475727, 0.000000000000000000, -0.7071067811865475727 ) ) ;
#6645 =( NAMED_UNIT ( * ) SI_UNIT ( $, .STERADIAN. ) SOLID_ANGLE_UNIT ( ) );
#6646 = VERTEX_POINT ( 'NONE', #5182 ) ;
#6647 = AXIS2_PLACEMENT_3D ( 'NONE', #6714, #1396, #3757 ) ;
#6648 = EDGE_CURVE ( 'NONE', #4056, #3348, #2384, .T. ) ;
#6649 = LINE ( 'NONE', #2410, #2738 ) ;
#6650 = DIRECTION ( 'NONE',  ( -1.000000000000000000, -0.000000000000000000, -0.000000000000000000 ) ) ;
#6651 = DIRECTION ( 'NONE',  ( 0.000000000000000000, 1.000000000000000000, 0.000000000000000000 ) ) ;
#6652 = CARTESIAN_POINT ( 'NONE',  ( 9.779000000000003467, 0.000000000000000000, -1.269999999999997353 ) ) ;
#6653 = PRODUCT_DEFINITION_SHAPE ( 'NONE', 'NONE',  #7696 ) ;
#6654 = CARTESIAN_POINT ( 'NONE',  ( 2.540000000000000480, 2.540000000000000036, -0.8889999999999981251 ) ) ;
#6655 = EDGE_LOOP ( 'NONE', ( #938, #864, #6855, #5990 ) ) ;
#6656 = EDGE_CURVE ( 'NONE', #2370, #1921, #2948, .T. ) ;
#6657 = DIRECTION ( 'NONE',  ( -1.000000000000000000, 0.000000000000000000, 2.439149994343089694E-16 ) ) ;
#6658 = CARTESIAN_POINT ( 'NONE',  ( -12.70000000000000107, 2.540000000000000036, -0.8889999999999974589 ) ) ;
#6659 = DIRECTION ( 'NONE',  ( 0.000000000000000000, 0.000000000000000000, 1.000000000000000000 ) ) ;
#6660 = EDGE_LOOP ( 'NONE', ( #6475, #3764, #7053, #6977 ) ) ;
#6661 = FACE_OUTER_BOUND ( 'NONE', #7284, .T. ) ;
#6662 = VERTEX_POINT ( 'NONE', #5339 ) ;
#6663 = DIRECTION ( 'NONE',  ( -0.000000000000000000, -0.000000000000000000, 1.000000000000000000 ) ) ;
#6664 = DIRECTION ( 'NONE',  ( 0.000000000000000000, 0.000000000000000000, 1.000000000000000000 ) ) ;
#6665 = LINE ( 'NONE', #6085, #3237 ) ;
#6666 = LINE ( 'NONE', #3787, #6208 ) ;
#6667 = ORIENTED_EDGE ( 'NONE', *, *, #5072, .F. ) ;
#6668 = ORIENTED_EDGE ( 'NONE', *, *, #1462, .F. ) ;
#6669 = ORIENTED_EDGE ( 'NONE', *, *, #2504, .T. ) ;
#6670 = FACE_OUTER_BOUND ( 'NONE', #1636, .T. ) ;
#6671 = PLANE ( 'NONE',  #265 ) ;
#6672 = CARTESIAN_POINT ( 'NONE',  ( -11.74749999999999872, 2.540000000000000036, -0.3174999999999983946 ) ) ;
#6673 = DIRECTION ( 'NONE',  ( 0.000000000000000000, 0.000000000000000000, 1.000000000000000000 ) ) ;
#6674 = CARTESIAN_POINT ( 'NONE',  ( -8.000999999999999446, 0.000000000000000000, 1.270000000000002904 ) ) ;
#6675 = CARTESIAN_POINT ( 'NONE',  ( -13.65249999999999808, 2.540000000000000036, 0.3175000000000017808 ) ) ;
#6676 = ADVANCED_FACE ( 'NONE', ( #4626 ), #4167, .T. ) ;
#6677 = VERTEX_POINT ( 'NONE', #2305 ) ;
#6678 = ORIENTED_EDGE ( 'NONE', *, *, #6884, .F. ) ;
#6679 = CARTESIAN_POINT ( 'NONE',  ( 2.540000000000000480, 0.000000000000000000, -0.8889999999999981251 ) ) ;
#6680 = CARTESIAN_POINT ( 'NONE',  ( 7.620000000000001883, 2.540000000000000036, 0.8890000000000022329 ) ) ;
#6681 = ORIENTED_EDGE ( 'NONE', *, *, #3345, .T. ) ;
#6682 = DIRECTION ( 'NONE',  ( -0.000000000000000000, -1.000000000000000000, -0.000000000000000000 ) ) ;
#6683 = DIRECTION ( 'NONE',  ( 0.000000000000000000, 0.000000000000000000, -1.000000000000000000 ) ) ;
#6684 = EDGE_CURVE ( 'NONE', #5420, #7033, #1722, .T. ) ;
#6685 = FACE_BOUND ( 'NONE', #3861, .T. ) ;
#6686 = CARTESIAN_POINT ( 'NONE',  ( -12.31900000000000261, 0.000000000000000000, -1.269999999999996909 ) ) ;
#6687 = ADVANCED_FACE ( 'NONE', ( #3417 ), #5223, .T. ) ;
#6688 = AXIS2_PLACEMENT_3D ( 'NONE', #4742, #3683, #7111 ) ;
#6689 = EDGE_CURVE ( 'NONE', #7140, #5664, #4666, .T. ) ;
#6690 = ORIENTED_EDGE ( 'NONE', *, *, #5823, .F. ) ;
#6691 = DIRECTION ( 'NONE',  ( -1.000000000000000000, -0.000000000000000000, 2.439149994343089694E-16 ) ) ;
#6692 = ORIENTED_EDGE ( 'NONE', *, *, #3876, .F. ) ;
#6693 = CARTESIAN_POINT ( 'NONE',  ( 0.000000000000000000, 8.382000000000001450, 0.2446143550033490766 ) ) ;
#6694 = VECTOR ( 'NONE', #1905, 1000.000000000000000 ) ;
#6695 = FACE_OUTER_BOUND ( 'NONE', #5561, .T. ) ;
#6696 = ADVANCED_FACE ( 'NONE', ( #6695 ), #3111, .T. ) ;
#6697 = CARTESIAN_POINT ( 'NONE',  ( 10.15999999999999837, 0.000000000000000000, -0.8889999999999974589 ) ) ;
#6698 = ADVANCED_FACE ( 'NONE', ( #5497 ), #7241, .T. ) ;
#6699 = VECTOR ( 'NONE', #7193, 1000.000000000000000 ) ;
#6700 = VERTEX_POINT ( 'NONE', #207 ) ;
#6701 = CARTESIAN_POINT ( 'NONE',  ( -0.2446143550033490766, 8.382000000000001450, 0.000000000000000000 ) ) ;
#6702 = VERTEX_POINT ( 'NONE', #3740 ) ;
#6703 = VECTOR ( 'NONE', #6682, 1000.000000000000000 ) ;
#6704 = DIRECTION ( 'NONE',  ( 0.7071067811865493491, -0.000000000000000000, 0.7071067811865456854 ) ) ;
#6705 = DIRECTION ( 'NONE',  ( 1.000000000000000000, 0.000000000000000000, 0.000000000000000000 ) ) ;
#6706 = AXIS2_PLACEMENT_3D ( 'NONE', #6732, #1074, #5810 ) ;
#6707 = LINE ( 'NONE', #294, #2977 ) ;
#6708 = VECTOR ( 'NONE', #5434, 1000.000000000000000 ) ;
#6709 = CARTESIAN_POINT ( 'NONE',  ( -20.32000000000000028, 0.000000000000000000, -0.8889999999999974589 ) ) ;
#6710 = ORIENTED_EDGE ( 'NONE', *, *, #7465, .T. ) ;
#6711 = VECTOR ( 'NONE', #6926, 1000.000000000000000 ) ;
#6712 = EDGE_LOOP ( 'NONE', ( #7536, #308, #5908, #1339 ) ) ;
#6713 = EDGE_LOOP ( 'NONE', ( #482, #7401, #4228, #6877 ) ) ;
#6714 = CARTESIAN_POINT ( 'NONE',  ( 0.2446143550033490766, 8.382000000000001450, 0.000000000000000000 ) ) ;
#6715 = DIRECTION ( 'NONE',  ( -0.000000000000000000, 1.000000000000000000, 0.000000000000000000 ) ) ;
#6716 = VECTOR ( 'NONE', #1009, 1000.000000000000000 ) ;
#6717 = CARTESIAN_POINT ( 'NONE',  ( 0.000000000000000000, 0.000000000000000000, 0.8890000000000015667 ) ) ;
#6718 = FACE_OUTER_BOUND ( 'NONE', #6981, .T. ) ;
#6719 = VECTOR ( 'NONE', #3521, 1000.000000000000000 ) ;
#6720 = SURFACE_STYLE_FILL_AREA ( #1978 ) ;
#6721 = CARTESIAN_POINT ( 'NONE',  ( 5.080000000000000959, 0.000000000000000000, 0.8890000000000015667 ) ) ;
#6722 = DIRECTION ( 'NONE',  ( 1.000000000000000000, 0.000000000000000000, -2.439149994343089694E-16 ) ) ;
#6723 = ORIENTED_EDGE ( 'NONE', *, *, #2873, .T. ) ;
#6724 = VECTOR ( 'NONE', #7370, 1000.000000000000000 ) ;
#6725 = VERTEX_POINT ( 'NONE', #2536 ) ;
#6726 = CARTESIAN_POINT ( 'NONE',  ( -5.460999999999998522, 0.000000000000000000, 1.270000000000002904 ) ) ;
#6727 = EDGE_LOOP ( 'NONE', ( #6017, #3326, #4304, #2497 ) ) ;
#6728 = DIRECTION ( 'NONE',  ( 0.7071067811865459074, 0.000000000000000000, 0.7071067811865491270 ) ) ;
#6729 = CARTESIAN_POINT ( 'NONE',  ( -20.32000000000000028, 2.540000000000000036, -0.8889999999999974589 ) ) ;
#6730 = VECTOR ( 'NONE', #2078, 1000.000000000000000 ) ;
#6731 = LINE ( 'NONE', #4984, #386 ) ;
#6732 = CARTESIAN_POINT ( 'NONE',  ( -19.93900000000000361, 0.000000000000000000, -1.269999999999996909 ) ) ;
#6733 = ORIENTED_EDGE ( 'NONE', *, *, #2505, .T. ) ;
#6734 = VECTOR ( 'NONE', #1317, 1000.000000000000000 ) ;
#6735 = CARTESIAN_POINT ( 'NONE',  ( -14.28749999999999787, 0.000000000000000000, 0.3175000000000017808 ) ) ;
#6736 = ORIENTED_EDGE ( 'NONE', *, *, #5563, .T. ) ;
#6737 = LINE ( 'NONE', #6230, #2706 ) ;
#6738 = EDGE_CURVE ( 'NONE', #7564, #6894, #6153, .T. ) ;
#6739 = EDGE_CURVE ( 'NONE', #6308, #1654, #2576, .T. ) ;
#6740 = DIRECTION ( 'NONE',  ( -0.7071067811865474617, -0.000000000000000000, 0.7071067811865474617 ) ) ;
#6741 = LINE ( 'NONE', #4916, #4731 ) ;
#6742 = DIRECTION ( 'NONE',  ( 0.000000000000000000, 0.000000000000000000, -1.000000000000000000 ) ) ;
#6743 = ORIENTED_EDGE ( 'NONE', *, *, #908, .T. ) ;
#6744 = CARTESIAN_POINT ( 'NONE',  ( -7.620000000000000107, 0.000000000000000000, 0.8890000000000022329 ) ) ;
#6745 = CARTESIAN_POINT ( 'NONE',  ( -1.587499999999998579, 0.000000000000000000, -0.3174999999999983946 ) ) ;
#6746 = EDGE_CURVE ( 'NONE', #1204, #7228, #2994, .T. ) ;
#6747 = CARTESIAN_POINT ( 'NONE',  ( 10.16000000000000014, 0.000000000000000000, 0.000000000000000000 ) ) ;
#6748 = LINE ( 'NONE', #5007, #1117 ) ;
#6749 = ORIENTED_EDGE ( 'NONE', *, *, #3267, .F. ) ;
#6750 = ORIENTED_EDGE ( 'NONE', *, *, #5411, .T. ) ;
#6751 = ORIENTED_EDGE ( 'NONE', *, *, #4353, .T. ) ;
#6752 = CARTESIAN_POINT ( 'NONE',  ( 17.78000000000000114, 2.540000000000000036, 0.000000000000000000 ) ) ;
#6753 = EDGE_CURVE ( 'NONE', #4496, #183, #2000, .T. ) ;
#6754 = DIRECTION ( 'NONE',  ( 0.7071067811865456854, 0.000000000000000000, -0.7071067811865493491 ) ) ;
#6755 = SURFACE_STYLE_FILL_AREA ( #3795 ) ;
#6756 = CARTESIAN_POINT ( 'NONE',  ( -4.127499999999999503, 2.540000000000000036, -0.3174999999999983946 ) ) ;
#6757 = ORIENTED_EDGE ( 'NONE', *, *, #5982, .T. ) ;
#6758 = ORIENTED_EDGE ( 'NONE', *, *, #3514, .T. ) ;
#6759 = CARTESIAN_POINT ( 'NONE',  ( 0.000000000000000000, 2.540000000000000036, -0.8889999999999974589 ) ) ;
#6760 = CARTESIAN_POINT ( 'NONE',  ( 15.24000000000000021, 0.000000000000000000, -0.8889999999999974589 ) ) ;
#6761 = EDGE_LOOP ( 'NONE', ( #3831, #2334, #7421, #3260 ) ) ;
#6762 = CARTESIAN_POINT ( 'NONE',  ( 11.11250000000000071, 2.540000000000000036, 0.3175000000000017808 ) ) ;
#6763 = LINE ( 'NONE', #827, #2951 ) ;
#6764 = DIRECTION ( 'NONE',  ( 1.000000000000000000, 0.000000000000000000, 0.000000000000000000 ) ) ;
#6765 = FACE_OUTER_BOUND ( 'NONE', #1517, .T. ) ;
#6766 = ORIENTED_EDGE ( 'NONE', *, *, #6273, .F. ) ;
#6767 = CARTESIAN_POINT ( 'NONE',  ( 20.32000000000000028, 0.000000000000000000, -0.8889999999999981251 ) ) ;
#6768 = ORIENTED_EDGE ( 'NONE', *, *, #5122, .T. ) ;
#6769 = CARTESIAN_POINT ( 'NONE',  ( -13.65249999999999808, 0.000000000000000000, -0.3174999999999983946 ) ) ;
#6770 = LINE ( 'NONE', #322, #3585 ) ;
#6771 = LINE ( 'NONE', #4434, #3742 ) ;
#6772 = EDGE_CURVE ( 'NONE', #6973, #2460, #4280, .T. ) ;
#6773 = EDGE_CURVE ( 'NONE', #6677, #6973, #82, .T. ) ;
#6774 = LINE ( 'NONE', #248, #5037 ) ;
#6775 = EDGE_LOOP ( 'NONE', ( #6819, #5327, #4316, #4582 ) ) ;
#6776 = CARTESIAN_POINT ( 'NONE',  ( 0.3174999999999999489, -10.32509999999999373, 0.3174999999999999489 ) ) ;
#6777 = PRODUCT_DEFINITION_SHAPE ( 'NONE', 'NONE',  #4530 ) ;
#6778 = LINE ( 'NONE', #3073, #3859 ) ;
#6779 = EDGE_CURVE ( 'NONE', #5370, #3136, #4915, .T. ) ;
#6780 = DIRECTION ( 'NONE',  ( -0.000000000000000000, -1.000000000000000000, -0.000000000000000000 ) ) ;
#6781 = CARTESIAN_POINT ( 'NONE',  ( 12.31900000000000084, 0.000000000000000000, -1.269999999999997353 ) ) ;
#6782 = EDGE_CURVE ( 'NONE', #272, #2370, #6116, .T. ) ;
#6783 = EDGE_CURVE ( 'NONE', #4708, #4739, #4318, .T. ) ;
#6784 = ORIENTED_EDGE ( 'NONE', *, *, #5655, .F. ) ;
#6785 = ORIENTED_EDGE ( 'NONE', *, *, #899, .F. ) ;
#6786 = VECTOR ( 'NONE', #2103, 1000.000000000000000 ) ;
#6787 = ORIENTED_EDGE ( 'NONE', *, *, #2051, .F. ) ;
#6788 = DIRECTION ( 'NONE',  ( 0.000000000000000000, 0.000000000000000000, 1.000000000000000000 ) ) ;
#6789 = LINE ( 'NONE', #224, #4970 ) ;
#6790 =( LENGTH_UNIT ( ) NAMED_UNIT ( * ) SI_UNIT ( .MILLI., .METRE. ) );
#6791 = DIRECTION ( 'NONE',  ( 0.7071067811865459074, 0.000000000000000000, 0.7071067811865491270 ) ) ;
#6792 = ADVANCED_FACE ( 'NONE', ( #2423, #3149 ), #4789, .T. ) ;
#6793 = ORIENTED_EDGE ( 'NONE', *, *, #5511, .T. ) ;
#6794 = ORIENTED_EDGE ( 'NONE', *, *, #4987, .T. ) ;
#6795 = DIRECTION ( 'NONE',  ( 1.000000000000000000, 0.000000000000000000, -2.439149994343089694E-16 ) ) ;
#6796 = PLANE ( 'NONE',  #7201 ) ;
#6797 = EDGE_LOOP ( 'NONE', ( #4255, #1229, #7590, #419 ) ) ;
#6798 = DIRECTION ( 'NONE',  ( 0.000000000000000000, 0.000000000000000000, 1.000000000000000000 ) ) ;
#6799 = DIRECTION ( 'NONE',  ( 0.000000000000000000, 0.000000000000000000, 1.000000000000000000 ) ) ;
#6800 = LINE ( 'NONE', #5023, #4583 ) ;
#6801 = PLANE ( 'NONE',  #6706 ) ;
#6802 = ORIENTED_EDGE ( 'NONE', *, *, #3963, .F. ) ;
#6803 = DIRECTION ( 'NONE',  ( -1.000000000000000000, 0.000000000000000000, 0.000000000000000000 ) ) ;
#6804 = ORIENTED_EDGE ( 'NONE', *, *, #1754, .F. ) ;
#6805 = LINE ( 'NONE', #4994, #3442 ) ;
#6806 = LINE ( 'NONE', #6231, #986 ) ;
#6807 = VECTOR ( 'NONE', #5574, 1000.000000000000000 ) ;
#6808 = FACE_OUTER_BOUND ( 'NONE', #3383, .T. ) ;
#6809 = UNCERTAINTY_MEASURE_WITH_UNIT (LENGTH_MEASURE( 1.000000000000000082E-05 ), #2351, 'distance_accuracy_value', 'NONE');
#6810 = DIRECTION ( 'NONE',  ( 1.000000000000000000, -0.000000000000000000, 0.000000000000000000 ) ) ;
#6811 = VECTOR ( 'NONE', #1522, 1000.000000000000000 ) ;
#6812 = ORIENTED_EDGE ( 'NONE', *, *, #6839, .F. ) ;
#6813 = CARTESIAN_POINT ( 'NONE',  ( 7.620000000000000107, 2.540000000000000036, 0.000000000000000000 ) ) ;
#6814 = CARTESIAN_POINT ( 'NONE',  ( -10.16000000000000014, 2.540000000000000036, -0.8889999999999981251 ) ) ;
#6815 = AXIS2_PLACEMENT_3D ( 'NONE', #4714, #2955, #7126 ) ;
#6816 = CARTESIAN_POINT ( 'NONE',  ( 7.239000000000002544, 0.000000000000000000, 1.270000000000002904 ) ) ;
#6817 = VERTEX_POINT ( 'NONE', #677 ) ;
#6818 = AXIS2_PLACEMENT_3D ( 'NONE', #5806, #2846, #5235 ) ;
#6819 = ORIENTED_EDGE ( 'NONE', *, *, #3749, .F. ) ;
#6820 = ADVANCED_FACE ( 'NONE', ( #4199 ), #6570, .T. ) ;
#6821 = ORIENTED_EDGE ( 'NONE', *, *, #4640, .F. ) ;
#6822 = DIRECTION ( 'NONE',  ( -0.000000000000000000, 1.000000000000000000, 0.000000000000000000 ) ) ;
#6823 = VECTOR ( 'NONE', #5853, 1000.000000000000114 ) ;
#6824 = ADVANCED_FACE ( 'NONE', ( #6035 ), #1923, .T. ) ;
#6825 = EDGE_CURVE ( 'NONE', #7659, #7204, #4876, .T. ) ;
#6826 = AXIS2_PLACEMENT_3D ( 'NONE', #4272, #160, #4905 ) ;
#6827 = SURFACE_SIDE_STYLE ('',( #6755 ) ) ;
#6828 = CARTESIAN_POINT ( 'NONE',  ( -7.620000000000000107, 2.540000000000000036, 0.8890000000000015667 ) ) ;
#6829 =( REPRESENTATION_RELATIONSHIP ('NONE','NONE', #6526, #1223 ) REPRESENTATION_RELATIONSHIP_WITH_TRANSFORMATION ( #6957 )SHAPE_REPRESENTATION_RELATIONSHIP( ) );
#6830 = VECTOR ( 'NONE', #6110, 1000.000000000000000 ) ;
#6831 = ORIENTED_EDGE ( 'NONE', *, *, #3535, .T. ) ;
#6832 = ORIENTED_EDGE ( 'NONE', *, *, #3785, .F. ) ;
#6833 = STYLED_ITEM ( 'NONE', ( #7414 ), #2086 ) ;
#6834 = EDGE_CURVE ( 'NONE', #1438, #845, #6073, .T. ) ;
#6835 = VECTOR ( 'NONE', #483, 1000.000000000000000 ) ;
#6836 = EDGE_LOOP ( 'NONE', ( #2017, #3434, #4486, #792, #722, #5685, #4369, #4308 ) ) ;
#6837 = DIRECTION ( 'NONE',  ( 0.7071067811865456854, 0.000000000000000000, -0.7071067811865493491 ) ) ;
#6838 = PLANE ( 'NONE',  #5450 ) ;
#6839 = EDGE_CURVE ( 'NONE', #1043, #6385, #5576, .T. ) ;
#6840 = DIRECTION ( 'NONE',  ( 0.000000000000000000, 0.000000000000000000, -1.000000000000000000 ) ) ;
#6841 = STYLED_ITEM ( 'NONE', ( #7341 ), #2101 ) ;
#6842 = AXIS2_PLACEMENT_3D ( 'NONE', #3122, #5545, #6664 ) ;
#6843 = ORIENTED_EDGE ( 'NONE', *, *, #3199, .F. ) ;
#6844 = ORIENTED_EDGE ( 'NONE', *, *, #6074, .T. ) ;
#6845 = CARTESIAN_POINT ( 'NONE',  ( 0.2446143550033492986, -10.66799999999999926, 0.2446143550033492986 ) ) ;
#6846 = EDGE_LOOP ( 'NONE', ( #3822, #6240, #3610, #5587 ) ) ;
#6847 = AXIS2_PLACEMENT_3D ( 'NONE', #1126, #4475, #5324 ) ;
#6848 = LINE ( 'NONE', #3850, #5076 ) ;
#6849 = EDGE_CURVE ( 'NONE', #5942, #156, #5619, .T. ) ;
#6850 = DIRECTION ( 'NONE',  ( 1.000000000000000000, 0.000000000000000000, -2.439149994343089694E-16 ) ) ;
#6851 = CARTESIAN_POINT ( 'NONE',  ( 19.93900000000000361, 0.000000000000000000, -1.269999999999997353 ) ) ;
#6852 = AXIS2_PLACEMENT_3D ( 'NONE', #194, #6103, #5988 ) ;
#6853 = CARTESIAN_POINT ( 'NONE',  ( 6.350000000000001421, 0.000000000000000000, 1.788933584601082316E-15 ) ) ;
#6854 = LINE ( 'NONE', #1537, #5153 ) ;
#6855 = ORIENTED_EDGE ( 'NONE', *, *, #4066, .F. ) ;
#6856 = CARTESIAN_POINT ( 'NONE',  ( 19.93900000000000361, 0.000000000000000000, 1.270000000000002904 ) ) ;
#6857 = DIRECTION ( 'NONE',  ( 0.7071067811865456854, 0.000000000000000000, -0.7071067811865493491 ) ) ;
#6858 = CARTESIAN_POINT ( 'NONE',  ( 12.69999999999999929, 2.540000000000000036, -0.8889999999999974589 ) ) ;
#6859 = CARTESIAN_POINT ( 'NONE',  ( 4.699000000000001620, 2.540000000000000036, 1.270000000000002904 ) ) ;
#6860 = ORIENTED_EDGE ( 'NONE', *, *, #4257, .T. ) ;
#6861 = ORIENTED_EDGE ( 'NONE', *, *, #5398, .T. ) ;
#6862 = EDGE_LOOP ( 'NONE', ( #4680, #88, #1664, #6743, #7622, #5658, #5079, #5403 ) ) ;
#6863 = FACE_OUTER_BOUND ( 'NONE', #7251, .T. ) ;
#6864 = LINE ( 'NONE', #188, #3 ) ;
#6865 = DIRECTION ( 'NONE',  ( 0.000000000000000000, 0.000000000000000000, 1.000000000000000000 ) ) ;
#6866 = VERTEX_POINT ( 'NONE', #5031 ) ;
#6867 = EDGE_CURVE ( 'NONE', #2303, #292, #6806, .T. ) ;
#6868 = VERTEX_POINT ( 'NONE', #912 ) ;
#6869 = EDGE_CURVE ( 'NONE', #1656, #6048, #2069, .T. ) ;
#6870 = FILL_AREA_STYLE ('',( #3912 ) ) ;
#6871 = ORIENTED_EDGE ( 'NONE', *, *, #4182, .T. ) ;
#6872 = DIRECTION ( 'NONE',  ( -1.000000000000000000, -0.000000000000000000, 2.439149994343089694E-16 ) ) ;
#6873 = DIRECTION ( 'NONE',  ( 0.000000000000000000, 0.000000000000000000, 1.000000000000000000 ) ) ;
#6874 = CARTESIAN_POINT ( 'NONE',  ( -0.3174999999999999489, 8.039099999999994139, -0.3174999999999999489 ) ) ;
#6875 = CARTESIAN_POINT ( 'NONE',  ( 7.239000000000002544, 2.540000000000000036, 1.270000000000002904 ) ) ;
#6876 = EDGE_LOOP ( 'NONE', ( #6669, #1985, #3701, #6758 ) ) ;
#6877 = ORIENTED_EDGE ( 'NONE', *, *, #6738, .T. ) ;
#6878 = EDGE_CURVE ( 'NONE', #1565, #2679, #4995, .T. ) ;
#6879 = CARTESIAN_POINT ( 'NONE',  ( 15.24000000000000021, 0.000000000000000000, -0.8889999999999974589 ) ) ;
#6880 = ORIENTED_EDGE ( 'NONE', *, *, #76, .F. ) ;
#6881 = DIRECTION ( 'NONE',  ( 1.000000000000000000, 0.000000000000000000, -2.439149994343089694E-16 ) ) ;
#6882 = VECTOR ( 'NONE', #2842, 1000.000000000000000 ) ;
#6883 = DIRECTION ( 'NONE',  ( 0.000000000000000000, 0.000000000000000000, 1.000000000000000000 ) ) ;
#6884 = EDGE_CURVE ( 'NONE', #2863, #6456, #5064, .T. ) ;
#6885 = CARTESIAN_POINT ( 'NONE',  ( 16.19250000000000256, 0.000000000000000000, -0.3174999999999983946 ) ) ;
#6886 = ORIENTED_EDGE ( 'NONE', *, *, #6216, .F. ) ;
#6887 = AXIS2_PLACEMENT_3D ( 'NONE', #6190, #5068, #3930 ) ;
#6888 = CARTESIAN_POINT ( 'NONE',  ( -11.74749999999999872, 0.000000000000000000, 0.3175000000000017808 ) ) ;
#6889 = FACE_OUTER_BOUND ( 'NONE', #7380, .T. ) ;
#6890 = FACE_OUTER_BOUND ( 'NONE', #353, .T. ) ;
#6891 = LINE ( 'NONE', #3419, #7334 ) ;
#6892 = ORIENTED_EDGE ( 'NONE', *, *, #5738, .F. ) ;
#6893 = ORIENTED_EDGE ( 'NONE', *, *, #2215, .F. ) ;
#6894 = VERTEX_POINT ( 'NONE', #4433 ) ;
#6895 = CARTESIAN_POINT ( 'NONE',  ( 0.000000000000000000, 0.000000000000000000, -0.8889999999999981251 ) ) ;
#6896 = FACE_OUTER_BOUND ( 'NONE', #6369, .T. ) ;
#6897 = DIRECTION ( 'NONE',  ( -0.000000000000000000, 1.000000000000000000, 0.000000000000000000 ) ) ;
#6898 = AXIS2_PLACEMENT_3D ( 'NONE', #5944, #5172, #2296 ) ;
#6899 = ORIENTED_EDGE ( 'NONE', *, *, #7197, .T. ) ;
#6900 = ORIENTED_EDGE ( 'NONE', *, *, #6867, .F. ) ;
#6901 =( NAMED_UNIT ( * ) SI_UNIT ( $, .STERADIAN. ) SOLID_ANGLE_UNIT ( ) );
#6902 = ORIENTED_EDGE ( 'NONE', *, *, #2206, .F. ) ;
#6903 = DIRECTION ( 'NONE',  ( 0.000000000000000000, 0.000000000000000000, 1.000000000000000000 ) ) ;
#6904 = FACE_OUTER_BOUND ( 'NONE', #4615, .T. ) ;
#6905 = LINE ( 'NONE', #6400, #6577 ) ;
#6906 = EDGE_CURVE ( 'NONE', #4256, #3362, #4396, .T. ) ;
#6907 = EDGE_LOOP ( 'NONE', ( #3983, #3377, #275, #3756 ) ) ;
#6908 = VERTEX_POINT ( 'NONE', #3264 ) ;
#6909 = CARTESIAN_POINT ( 'NONE',  ( -0.3174999999999999489, 2.540000000000000036, 0.3174999999999999489 ) ) ;
#6910 = DIRECTION ( 'NONE',  ( 0.000000000000000000, 1.000000000000000000, 0.000000000000000000 ) ) ;
#6911 = ORIENTED_EDGE ( 'NONE', *, *, #2467, .F. ) ;
#6912 = ORIENTED_EDGE ( 'NONE', *, *, #5131, .T. ) ;
#6913 = EDGE_CURVE ( 'NONE', #446, #2677, #6770, .T. ) ;
#6914 = LINE ( 'NONE', #6126, #7445 ) ;
#6915 = PLANE ( 'NONE',  #3201 ) ;
#6916 = EDGE_CURVE ( 'NONE', #3849, #4619, #7430, .T. ) ;
#6917 = EDGE_CURVE ( 'NONE', #2199, #7216, #1533, .T. ) ;
#6918 = APPLICATION_PROTOCOL_DEFINITION ( 'draft international standard', 'automotive_design', 1998, #375 ) ;
#6919 = DIRECTION ( 'NONE',  ( 0.000000000000000000, -0.000000000000000000, 1.000000000000000000 ) ) ;
#6920 = ORIENTED_EDGE ( 'NONE', *, *, #2359, .F. ) ;
#6921 = ADVANCED_FACE ( 'NONE', ( #3889 ), #3186, .F. ) ;
#6922 = FACE_OUTER_BOUND ( 'NONE', #6068, .T. ) ;
#6923 = CARTESIAN_POINT ( 'NONE',  ( -5.460999999999998522, 0.000000000000000000, -1.269999999999997353 ) ) ;
#6924 = ADVANCED_FACE ( 'NONE', ( #6260 ), #1154, .T. ) ;
#6925 = PLANE ( 'NONE',  #2862 ) ;
#6926 = DIRECTION ( 'NONE',  ( 1.000000000000000000, 0.000000000000000000, -2.439149994343089694E-16 ) ) ;
#6927 = VECTOR ( 'NONE', #7192, 1000.000000000000000 ) ;
#6928 = ORIENTED_EDGE ( 'NONE', *, *, #3210, .T. ) ;
#6929 = LINE ( 'NONE', #2024, #180 ) ;
#6930 = ORIENTED_EDGE ( 'NONE', *, *, #6022, .F. ) ;
#6931 = VERTEX_POINT ( 'NONE', #6422 ) ;
#6932 = DIRECTION ( 'NONE',  ( -0.7071067811865474617, 0.000000000000000000, 0.7071067811865474617 ) ) ;
#6933 = VECTOR ( 'NONE', #4350, 1000.000000000000000 ) ;
#6934 = EDGE_CURVE ( 'NONE', #7022, #1898, #6543, .T. ) ;
#6935 = DIRECTION ( 'NONE',  ( 0.7071067811865473507, 0.000000000000000000, -0.7071067811865476838 ) ) ;
#6936 = DIRECTION ( 'NONE',  ( -0.7071067811865474617, -0.000000000000000000, 0.7071067811865474617 ) ) ;
#6937 = ORIENTED_EDGE ( 'NONE', *, *, #5923, .T. ) ;
#6938 = VECTOR ( 'NONE', #2691, 1000.000000000000000 ) ;
#6939 = VERTEX_POINT ( 'NONE', #3423 ) ;
#6940 = DIRECTION ( 'NONE',  ( 0.000000000000000000, 1.000000000000000000, 0.000000000000000000 ) ) ;
#6941 = AXIS2_PLACEMENT_3D ( 'NONE', #6982, #1669, #6397 ) ;
#6942 = CARTESIAN_POINT ( 'NONE',  ( 27.94000000000000128, 2.540000000000000036, 0.000000000000000000 ) ) ;
#6943 = DIRECTION ( 'NONE',  ( -0.7071067811865477948, -0.000000000000000000, -0.7071067811865473507 ) ) ;
#6944 = DIRECTION ( 'NONE',  ( -1.000000000000000000, -0.000000000000000000, -0.000000000000000000 ) ) ;
#6945 = PRESENTATION_LAYER_ASSIGNMENT (  '', '', ( #5464 ) ) ;
#6946 = ORIENTED_EDGE ( 'NONE', *, *, #675, .F. ) ;
#6947 = AXIS2_PLACEMENT_3D ( 'NONE', #199, #1328, #7184 ) ;
#6948 = ORIENTED_EDGE ( 'NONE', *, *, #3275, .T. ) ;
#6949 = DIRECTION ( 'NONE',  ( 0.000000000000000000, 1.000000000000000000, 0.000000000000000000 ) ) ;
#6950 = DIRECTION ( 'NONE',  ( 0.7071067811865459074, 0.000000000000000000, 0.7071067811865491270 ) ) ;
#6951 = VERTEX_POINT ( 'NONE', #568 ) ;
#6952 = ORIENTED_EDGE ( 'NONE', *, *, #2916, .T. ) ;
#6953 = DIRECTION ( 'NONE',  ( 0.000000000000000000, -0.000000000000000000, 1.000000000000000000 ) ) ;
#6954 = PLANE ( 'NONE',  #4073 ) ;
#6955 = COLOUR_RGB ( '',0.2509803921568627416, 0.2509803921568627416, 0.2509803921568627416 ) ;
#6956 = VECTOR ( 'NONE', #5897, 1000.000000000000000 ) ;
#6957 = ITEM_DEFINED_TRANSFORMATION ( 'NONE', 'NONE', #514,  #259 ) ;
#6958 = AXIS2_PLACEMENT_3D ( 'NONE', #5620, #208, #2537 ) ;
#6959 = CARTESIAN_POINT ( 'NONE',  ( -11.11249999999999893, 2.540000000000000036, 0.3175000000000017808 ) ) ;
#6960 = EDGE_CURVE ( 'NONE', #3362, #5185, #5347, .T. ) ;
#6961 = ORIENTED_EDGE ( 'NONE', *, *, #4010, .T. ) ;
#6962 = ADVANCED_FACE ( 'NONE', ( #13 ), #1729, .F. ) ;
#6963 = CARTESIAN_POINT ( 'NONE',  ( -6.667499999999997762, 0.000000000000000000, 0.3175000000000017808 ) ) ;
#6964 = CARTESIAN_POINT ( 'NONE',  ( 0.3809999999999993947, 0.000000000000000000, 1.270000000000003348 ) ) ;
#6965 = VECTOR ( 'NONE', #3438, 1000.000000000000000 ) ;
#6966 = CARTESIAN_POINT ( 'NONE',  ( 13.08099999999999952, 0.000000000000000000, -1.269999999999996909 ) ) ;
#6967 = CARTESIAN_POINT ( 'NONE',  ( -0.3174999999999999489, 2.540000000000000036, 0.3174999999999999489 ) ) ;
#6968 = ORIENTED_EDGE ( 'NONE', *, *, #1127, .T. ) ;
#6969 = PLANE ( 'NONE',  #6148 ) ;
#6970 = ORIENTED_EDGE ( 'NONE', *, *, #1895, .T. ) ;
#6971 = EDGE_CURVE ( 'NONE', #7621, #2976, #7602, .T. ) ;
#6972 = CARTESIAN_POINT ( 'NONE',  ( 7.620000000000001883, 0.000000000000000000, 0.8890000000000022329 ) ) ;
#6973 = VERTEX_POINT ( 'NONE', #1694 ) ;
#6974 = DIRECTION ( 'NONE',  ( -0.7071067811865491270, 0.000000000000000000, 0.7071067811865459074 ) ) ;
#6975 = FACE_OUTER_BOUND ( 'NONE', #6712, .T. ) ;
#6976 = CARTESIAN_POINT ( 'NONE',  ( -4.127499999999999503, 2.540000000000000036, -0.3174999999999983946 ) ) ;
#6977 = ORIENTED_EDGE ( 'NONE', *, *, #3841, .F. ) ;
#6978 = EDGE_LOOP ( 'NONE', ( #4795, #2696, #4042, #4343 ) ) ;
#6979 = EDGE_CURVE ( 'NONE', #6931, #3691, #445, .T. ) ;
#6980 = DIRECTION ( 'NONE',  ( 0.000000000000000000, 0.000000000000000000, -1.000000000000000000 ) ) ;
#6981 = EDGE_LOOP ( 'NONE', ( #6733, #7571, #2937, #260 ) ) ;
#6982 = CARTESIAN_POINT ( 'NONE',  ( -13.08099999999999952, 0.000000000000000000, -1.269999999999997353 ) ) ;
#6983 = PLANE ( 'NONE',  #980 ) ;
#6984 = CARTESIAN_POINT ( 'NONE',  ( -2.540000000000000480, 0.000000000000000000, 0.8890000000000022329 ) ) ;
#6985 = LINE ( 'NONE', #1673, #3988 ) ;
#6986 = UNCERTAINTY_MEASURE_WITH_UNIT (LENGTH_MEASURE( 1.000000000000000082E-05 ), #6596, 'distance_accuracy_value', 'NONE');
#6987 = ORIENTED_EDGE ( 'NONE', *, *, #6128, .T. ) ;
#6988 = ORIENTED_EDGE ( 'NONE', *, *, #4131, .T. ) ;
#6989 = CARTESIAN_POINT ( 'NONE',  ( 0.000000000000000000, 2.540000000000000036, 0.8890000000000015667 ) ) ;
#6990 = DIRECTION ( 'NONE',  ( -1.000000000000000000, -0.000000000000000000, 2.439149994343089694E-16 ) ) ;
#6991 = VERTEX_POINT ( 'NONE', #4135 ) ;
#6992 = ORIENTED_EDGE ( 'NONE', *, *, #2077, .T. ) ;
#6993 = CARTESIAN_POINT ( 'NONE',  ( 6.667500000000003091, 2.540000000000000036, -0.3174999999999983946 ) ) ;
#6994 = CARTESIAN_POINT ( 'NONE',  ( 12.31900000000000084, 0.000000000000000000, -1.269999999999997353 ) ) ;
#6995 = ITEM_DEFINED_TRANSFORMATION ( 'NONE', 'NONE', #267,  #259 ) ;
#6996 = CARTESIAN_POINT ( 'NONE',  ( 5.080000000000000959, 2.540000000000000036, -0.8889999999999974589 ) ) ;
#6997 = EDGE_LOOP ( 'NONE', ( #6482, #2418, #86, #4062 ) ) ;
#6998 = FACE_OUTER_BOUND ( 'NONE', #1067, .T. ) ;
#6999 = CARTESIAN_POINT ( 'NONE',  ( -5.080000000000000959, 0.000000000000000000, 0.8890000000000022329 ) ) ;
#7000 = DIRECTION ( 'NONE',  ( 0.000000000000000000, 0.000000000000000000, -1.000000000000000000 ) ) ;
#7001 = ADVANCED_FACE ( 'NONE', ( #2232 ), #7553, .F. ) ;
#7002 = EDGE_CURVE ( 'NONE', #1034, #1680, #2920, .T. ) ;
#7003 =( NAMED_UNIT ( * ) SI_UNIT ( $, .STERADIAN. ) SOLID_ANGLE_UNIT ( ) );
#7004 = AXIS2_PLACEMENT_3D ( 'NONE', #3421, #3251, #6795 ) ;
#7005 = VERTEX_POINT ( 'NONE', #7046 ) ;
#7006 = DIRECTION ( 'NONE',  ( -0.000000000000000000, -0.000000000000000000, 1.000000000000000000 ) ) ;
#7007 = ORIENTED_EDGE ( 'NONE', *, *, #6064, .F. ) ;
#7008 = DIRECTION ( 'NONE',  ( 0.000000000000000000, 1.000000000000000000, 0.000000000000000000 ) ) ;
#7009 = ORIENTED_EDGE ( 'NONE', *, *, #5690, .F. ) ;
#7010 = LINE ( 'NONE', #3903, #3102 ) ;
#7011 = EDGE_CURVE ( 'NONE', #3720, #4938, #4598, .T. ) ;
#7012 = PRODUCT_DEFINITION_CONTEXT ( 'detailed design', #1124, 'design' ) ;
#7013 = DIRECTION ( 'NONE',  ( 1.000000000000000000, -0.000000000000000000, 0.000000000000000000 ) ) ;
#7014 = EDGE_CURVE ( 'NONE', #426, #2701, #1068, .T. ) ;
#7015 = ADVANCED_FACE ( 'NONE', ( #5888 ), #4097, .F. ) ;
#7016 = SURFACE_STYLE_FILL_AREA ( #5314 ) ;
#7017 = ORIENTED_EDGE ( 'NONE', *, *, #1182, .T. ) ;
#7018 = VECTOR ( 'NONE', #69, 1000.000000000000000 ) ;
#7019 = ORIENTED_EDGE ( 'NONE', *, *, #1801, .T. ) ;
#7020 = VECTOR ( 'NONE', #2338, 1000.000000000000000 ) ;
#7021 = SURFACE_STYLE_USAGE ( .BOTH. , #3361 ) ;
#7022 = VERTEX_POINT ( 'NONE', #5804 ) ;
#7023 = DIRECTION ( 'NONE',  ( 1.000000000000000000, 0.000000000000000000, -0.000000000000000000 ) ) ;
#7024 = LINE ( 'NONE', #1705, #4698 ) ;
#7025 = LINE ( 'NONE', #2205, #2493 ) ;
#7026 = VECTOR ( 'NONE', #79, 1000.000000000000000 ) ;
#7027 = EDGE_CURVE ( 'NONE', #1393, #3095, #481, .T. ) ;
#7028 = FACE_OUTER_BOUND ( 'NONE', #7477, .T. ) ;
#7029 = ORIENTED_EDGE ( 'NONE', *, *, #7633, .F. ) ;
#7030 = ORIENTED_EDGE ( 'NONE', *, *, #3759, .F. ) ;
#7031 = CARTESIAN_POINT ( 'NONE',  ( -2.540000000000000480, 0.000000000000000000, 0.8890000000000015667 ) ) ;
#7032 = PLANE ( 'NONE',  #6898 ) ;
#7033 = VERTEX_POINT ( 'NONE', #7672 ) ;
#7034 = ORIENTED_EDGE ( 'NONE', *, *, #7505, .T. ) ;
#7035 = CARTESIAN_POINT ( 'NONE',  ( -10.16000000000000014, 2.540000000000000036, -0.8889999999999974589 ) ) ;
#7036 = CARTESIAN_POINT ( 'NONE',  ( 8.001000000000001222, 0.000000000000000000, -1.269999999999996909 ) ) ;
#7037 = DIRECTION ( 'NONE',  ( -0.7071067811865474617, 0.000000000000000000, 0.7071067811865474617 ) ) ;
#7038 = ORIENTED_EDGE ( 'NONE', *, *, #2165, .F. ) ;
#7039 = DIRECTION ( 'NONE',  ( 0.000000000000000000, -0.000000000000000000, 1.000000000000000000 ) ) ;
#7040 = FACE_BOUND ( 'NONE', #6133, .T. ) ;
#7041 = LINE ( 'NONE', #3622, #2986 ) ;
#7042 = PRESENTATION_STYLE_ASSIGNMENT (( #4092 ) ) ;
#7043 = EDGE_LOOP ( 'NONE', ( #6692, #5769, #313, #3707 ) ) ;
#7044 = LINE ( 'NONE', #5886, #4150 ) ;
#7045 = ORIENTED_EDGE ( 'NONE', *, *, #5302, .T. ) ;
#7046 = CARTESIAN_POINT ( 'NONE',  ( -17.39900000000000091, 0.000000000000000000, -1.269999999999996909 ) ) ;
#7047 = ORIENTED_EDGE ( 'NONE', *, *, #470, .F. ) ;
#7048 = LINE ( 'NONE', #1222, #4839 ) ;
#7049 = CARTESIAN_POINT ( 'NONE',  ( 0.3809999999999993947, 0.000000000000000000, 1.270000000000003348 ) ) ;
#7050 = VECTOR ( 'NONE', #5535, 1000.000000000000000 ) ;
#7051 =( NAMED_UNIT ( * ) SI_UNIT ( $, .STERADIAN. ) SOLID_ANGLE_UNIT ( ) );
#7052 = ORIENTED_EDGE ( 'NONE', *, *, #6536, .F. ) ;
#7053 = ORIENTED_EDGE ( 'NONE', *, *, #7632, .F. ) ;
#7054 = PLANE ( 'NONE',  #7573 ) ;
#7055 = ADVANCED_FACE ( 'NONE', ( #2844, #5233 ), #2348, .F. ) ;
#7056 = AXIS2_PLACEMENT_3D ( 'NONE', #2096, #3805, #4461 ) ;
#7057 = EDGE_CURVE ( 'NONE', #7523, #3691, #4173, .T. ) ;
#7058 = PLANE ( 'NONE',  #7450 ) ;
#7059 = LINE ( 'NONE', #3994, #6432 ) ;
#7060 = DIRECTION ( 'NONE',  ( -0.7071067811865477948, -0.000000000000000000, -0.7071067811865473507 ) ) ;
#7061 = DIRECTION ( 'NONE',  ( -0.000000000000000000, -0.000000000000000000, -1.000000000000000000 ) ) ;
#7062 = AXIS2_PLACEMENT_3D ( 'NONE', #2115, #364, #6857 ) ;
#7063 = ORIENTED_EDGE ( 'NONE', *, *, #4675, .F. ) ;
#7064 = EDGE_CURVE ( 'NONE', #3920, #2524, #1109, .T. ) ;
#7065 = EDGE_LOOP ( 'NONE', ( #1361, #555, #3878, #7537 ) ) ;
#7066 = CARTESIAN_POINT ( 'NONE',  ( -9.207499999999997797, 0.000000000000000000, -0.3174999999999983946 ) ) ;
#7067 = VECTOR ( 'NONE', #591, 1000.000000000000000 ) ;
#7068 = DIRECTION ( 'NONE',  ( 0.000000000000000000, 1.000000000000000000, 0.000000000000000000 ) ) ;
#7069 = VERTEX_POINT ( 'NONE', #3510 ) ;
#7070 = ADVANCED_FACE ( 'NONE', ( #115 ), #5530, .T. ) ;
#7071 = LINE ( 'NONE', #4620, #2718 ) ;
#7072 = CARTESIAN_POINT ( 'NONE',  ( -3.492499999999999272, 0.000000000000000000, -0.3174999999999983946 ) ) ;
#7073 = VECTOR ( 'NONE', #7468, 1000.000000000000000 ) ;
#7074 = VECTOR ( 'NONE', #1444, 1000.000000000000000 ) ;
#7075 = VECTOR ( 'NONE', #5170, 1000.000000000000000 ) ;
#7076 = ITEM_DEFINED_TRANSFORMATION ( 'NONE', 'NONE', #3732,  #259 ) ;
#7077 = VECTOR ( 'NONE', #9, 1000.000000000000000 ) ;
#7078 = CARTESIAN_POINT ( 'NONE',  ( 13.65250000000000163, 2.540000000000000036, 0.3175000000000017808 ) ) ;
#7079 = ORIENTED_EDGE ( 'NONE', *, *, #3576, .F. ) ;
#7080 = VECTOR ( 'NONE', #1125, 1000.000000000000000 ) ;
#7081 = LINE ( 'NONE', #7627, #108 ) ;
#7082 = CLOSED_SHELL ( 'NONE', ( #20, #3502, #4534, #2150, #6388, #7402, #3021, #1431, #1951, #6792, #1322, #5463, #5160, #3439 ) ) ;
#7083 = DIRECTION ( 'NONE',  ( -1.000000000000000000, 0.000000000000000000, 2.439149994343089694E-16 ) ) ;
#7084 = PLANE ( 'NONE',  #7587 ) ;
#7085 = VERTEX_POINT ( 'NONE', #201 ) ;
#7086 = CARTESIAN_POINT ( 'NONE',  ( -10.54100000000000037, 0.000000000000000000, 1.270000000000002904 ) ) ;
#7087 = ORIENTED_EDGE ( 'NONE', *, *, #3267, .T. ) ;
#7088 = DIRECTION ( 'NONE',  ( 1.000000000000000000, 0.000000000000000000, 0.000000000000000000 ) ) ;
#7089 = AXIS2_PLACEMENT_3D ( 'NONE', #1025, #3379, #5879 ) ;
#7090 = CARTESIAN_POINT ( 'NONE',  ( -17.39900000000000091, 0.000000000000000000, -1.269999999999996909 ) ) ;
#7091 = AXIS2_PLACEMENT_3D ( 'NONE', #8, #2386, #4751 ) ;
#7092 = PLANE ( 'NONE',  #1388 ) ;
#7093 = DIRECTION ( 'NONE',  ( -0.2035585949527762561, 0.9576678948579737671, 0.2035585949527762561 ) ) ;
#7094 = EDGE_LOOP ( 'NONE', ( #2669, #5245, #4632, #7459 ) ) ;
#7095 = VECTOR ( 'NONE', #225, 1000.000000000000000 ) ;
#7096 = VERTEX_POINT ( 'NONE', #4821 ) ;
#7097 =( NAMED_UNIT ( * ) PLANE_ANGLE_UNIT ( ) SI_UNIT ( $, .RADIAN. ) );
#7098 = CARTESIAN_POINT ( 'NONE',  ( 0.3174999999999999489, 2.540000000000000036, -0.3174999999999999489 ) ) ;
#7099 = CARTESIAN_POINT ( 'NONE',  ( -4.127499999999999503, 0.000000000000000000, -0.3174999999999983946 ) ) ;
#7100 = CARTESIAN_POINT ( 'NONE',  ( -4.127499999999999503, 0.000000000000000000, -0.3174999999999983946 ) ) ;
#7101 = CARTESIAN_POINT ( 'NONE',  ( -17.78000000000000114, 0.000000000000000000, -0.8889999999999981251 ) ) ;
#7102 = CARTESIAN_POINT ( 'NONE',  ( -16.19249999999999901, 0.000000000000000000, 0.3175000000000017808 ) ) ;
#7103 = EDGE_CURVE ( 'NONE', #3095, #5161, #3568, .T. ) ;
#7104 = EDGE_CURVE ( 'NONE', #5801, #5232, #6028, .T. ) ;
#7105 = EDGE_LOOP ( 'NONE', ( #2280, #3870, #491, #2597 ) ) ;
#7106 = ORIENTED_EDGE ( 'NONE', *, *, #7486, .T. ) ;
#7107 = DIRECTION ( 'NONE',  ( 0.000000000000000000, 0.000000000000000000, -1.000000000000000000 ) ) ;
#7108 = FACE_OUTER_BOUND ( 'NONE', #5002, .T. ) ;
#7109 = ORIENTED_EDGE ( 'NONE', *, *, #3065, .F. ) ;
#7110 = CARTESIAN_POINT ( 'NONE',  ( -0.3174999999999999489, -10.32509999999999373, 0.3174999999999999489 ) ) ;
#7111 = DIRECTION ( 'NONE',  ( 0.7071067811865456854, 0.000000000000000000, -0.7071067811865493491 ) ) ;
#7112 = ADVANCED_FACE ( 'NONE', ( #5950 ), #4276, .F. ) ;
#7113 = EDGE_CURVE ( 'NONE', #5316, #7392, #3686, .T. ) ;
#7114 = ITEM_DEFINED_TRANSFORMATION ( 'NONE', 'NONE', #4476,  #259 ) ;
#7115 = CARTESIAN_POINT ( 'NONE',  ( 2.540000000000000480, 0.000000000000000000, -0.8889999999999974589 ) ) ;
#7116 = EDGE_LOOP ( 'NONE', ( #3767, #654, #2104, #6757 ) ) ;
#7117 = DIRECTION ( 'NONE',  ( -0.000000000000000000, -0.000000000000000000, -1.000000000000000000 ) ) ;
#7118 = DIRECTION ( 'NONE',  ( 0.000000000000000000, -0.000000000000000000, 1.000000000000000000 ) ) ;
#7119 = DIRECTION ( 'NONE',  ( 1.000000000000000000, 0.000000000000000000, -0.000000000000000000 ) ) ;
#7120 = ADVANCED_FACE ( 'NONE', ( #5443 ), #1830, .T. ) ;
#7121 = LINE ( 'NONE', #5303, #5224 ) ;
#7122 = VERTEX_POINT ( 'NONE', #40 ) ;
#7123 = CARTESIAN_POINT ( 'NONE',  ( 11.11250000000000071, 0.000000000000000000, 0.3175000000000017808 ) ) ;
#7124 = ORIENTED_EDGE ( 'NONE', *, *, #3353, .T. ) ;
#7125 = VECTOR ( 'NONE', #5052, 1000.000000000000000 ) ;
#7126 = DIRECTION ( 'NONE',  ( 0.000000000000000000, -0.000000000000000000, 1.000000000000000000 ) ) ;
#7127 = CARTESIAN_POINT ( 'NONE',  ( 12.31900000000000084, 0.000000000000000000, 1.270000000000002904 ) ) ;
#7128 = DIRECTION ( 'NONE',  ( -0.2035585949527762561, -0.9576678948579737671, 0.2035585949527762561 ) ) ;
#7129 = AXIS2_PLACEMENT_3D ( 'NONE', #4670, #5345, #4053 ) ;
#7130 = ORIENTED_EDGE ( 'NONE', *, *, #4124, .T. ) ;
#7131 = ORIENTED_EDGE ( 'NONE', *, *, #6352, .T. ) ;
#7132 = LINE ( 'NONE', #3710, #3513 ) ;
#7133 = DIRECTION ( 'NONE',  ( 0.000000000000000000, 1.000000000000000000, 0.000000000000000000 ) ) ;
#7134 = VECTOR ( 'NONE', #875, 1000.000000000000000 ) ;
#7135 = DIRECTION ( 'NONE',  ( -1.000000000000000000, -0.000000000000000000, -0.000000000000000000 ) ) ;
#7136 = DIRECTION ( 'NONE',  ( -0.7071067811865491270, 0.000000000000000000, 0.7071067811865459074 ) ) ;
#7137 = DIRECTION ( 'NONE',  ( -1.000000000000000000, 0.000000000000000000, 0.000000000000000000 ) ) ;
#7138 = CARTESIAN_POINT ( 'NONE',  ( 0.000000000000000000, 2.540000000000000036, -0.8889999999999981251 ) ) ;
#7139 = ORIENTED_EDGE ( 'NONE', *, *, #7500, .T. ) ;
#7140 = VERTEX_POINT ( 'NONE', #6652 ) ;
#7141 = DIRECTION ( 'NONE',  ( 0.000000000000000000, 1.000000000000000000, 0.000000000000000000 ) ) ;
#7142 = FILL_AREA_STYLE ('',( #6059 ) ) ;
#7143 = VECTOR ( 'NONE', #840, 1000.000000000000000 ) ;
#7144 = ORIENTED_EDGE ( 'NONE', *, *, #850, .T. ) ;
#7145 = CARTESIAN_POINT ( 'NONE',  ( 0.000000000000000000, 0.000000000000000000, -0.8889999999999981251 ) ) ;
#7146 = LINE ( 'NONE', #631, #7312 ) ;
#7147 = EDGE_CURVE ( 'NONE', #4333, #5694, #4194, .T. ) ;
#7148 = CARTESIAN_POINT ( 'NONE',  ( 8.572500000000003340, 0.000000000000000000, -0.3174999999999983946 ) ) ;
#7149 = CARTESIAN_POINT ( 'NONE',  ( 12.31900000000000084, 0.000000000000000000, -1.269999999999997353 ) ) ;
#7150 = LINE ( 'NONE', #749, #2923 ) ;
#7151 = VERTEX_POINT ( 'NONE', #6565 ) ;
#7152 = LINE ( 'NONE', #4317, #5197 ) ;
#7153 = ADVANCED_FACE ( 'NONE', ( #2988 ), #78, .T. ) ;
#7154 = EDGE_CURVE ( 'NONE', #6700, #5169, #3730, .T. ) ;
#7155 = CARTESIAN_POINT ( 'NONE',  ( 20.32000000000000028, 2.540000000000000036, 0.000000000000000000 ) ) ;
#7156 = DIRECTION ( 'NONE',  ( -0.7071067811865474617, -0.000000000000000000, 0.7071067811865474617 ) ) ;
#7157 = LINE ( 'NONE', #2950, #2974 ) ;
#7158 = ORIENTED_EDGE ( 'NONE', *, *, #6039, .F. ) ;
#7159 = EDGE_CURVE ( 'NONE', #4918, #7659, #5995, .T. ) ;
#7160 = LINE ( 'NONE', #5963, #4402 ) ;
#7161 = ORIENTED_EDGE ( 'NONE', *, *, #6689, .F. ) ;
#7162 = LINE ( 'NONE', #53, #5911 ) ;
#7163 = DIRECTION ( 'NONE',  ( 0.000000000000000000, 1.000000000000000000, 0.000000000000000000 ) ) ;
#7164 = EDGE_CURVE ( 'NONE', #6292, #5251, #1873, .T. ) ;
#7165 = VECTOR ( 'NONE', #3272, 1000.000000000000000 ) ;
#7166 = CARTESIAN_POINT ( 'NONE',  ( -14.28749999999999787, 2.540000000000000036, 0.3175000000000017808 ) ) ;
#7167 = CARTESIAN_POINT ( 'NONE',  ( -0.3174999999999999489, -10.32509999999999373, 0.3174999999999999489 ) ) ;
#7168 = EDGE_LOOP ( 'NONE', ( #5868, #1320, #2084, #3868 ) ) ;
#7169 = ORIENTED_EDGE ( 'NONE', *, *, #3652, .F. ) ;
#7170 = EDGE_LOOP ( 'NONE', ( #1685, #4420, #4848, #1372 ) ) ;
#7171 = CARTESIAN_POINT ( 'NONE',  ( -0.3809999999999993947, 2.540000000000000036, -1.269999999999997353 ) ) ;
#7172 = ADVANCED_FACE ( 'NONE', ( #3022 ), #4312, .T. ) ;
#7173 = DIRECTION ( 'NONE',  ( 0.7071067811865459074, 0.000000000000000000, 0.7071067811865491270 ) ) ;
#7174 = FACE_OUTER_BOUND ( 'NONE', #6088, .T. ) ;
#7175 = FACE_BOUND ( 'NONE', #2812, .T. ) ;
#7176 = CARTESIAN_POINT ( 'NONE',  ( 4.699000000000001620, 0.000000000000000000, -1.269999999999997353 ) ) ;
#7177 = EDGE_LOOP ( 'NONE', ( #5552, #2388, #3660, #6167, #1861, #7499, #6130, #3422 ) ) ;
#7178 = VECTOR ( 'NONE', #6450, 1000.000000000000000 ) ;
#7179 = EDGE_LOOP ( 'NONE', ( #3013, #299, #212, #2311 ) ) ;
#7180 = DIRECTION ( 'NONE',  ( 0.000000000000000000, 1.000000000000000000, 0.000000000000000000 ) ) ;
#7181 = ORIENTED_EDGE ( 'NONE', *, *, #370, .T. ) ;
#7182 = DIRECTION ( 'NONE',  ( 0.000000000000000000, 1.000000000000000000, 0.000000000000000000 ) ) ;
#7183 = CARTESIAN_POINT ( 'NONE',  ( -5.079999999999999183, 0.000000000000000000, -0.8889999999999981251 ) ) ;
#7184 = DIRECTION ( 'NONE',  ( 0.7071067811865459074, 0.000000000000000000, 0.7071067811865491270 ) ) ;
#7185 = VECTOR ( 'NONE', #6612, 1000.000000000000000 ) ;
#7186 = DIRECTION ( 'NONE',  ( -1.000000000000000000, 0.000000000000000000, 0.000000000000000000 ) ) ;
#7187 = EDGE_LOOP ( 'NONE', ( #1780, #2753, #4294, #3708 ) ) ;
#7188 = VECTOR ( 'NONE', #6331, 1000.000000000000114 ) ;
#7189 = LINE ( 'NONE', #1996, #1072 ) ;
#7190 = VECTOR ( 'NONE', #603, 1000.000000000000000 ) ;
#7191 = ORIENTED_EDGE ( 'NONE', *, *, #2545, .T. ) ;
#7192 = DIRECTION ( 'NONE',  ( 0.000000000000000000, 1.000000000000000000, 0.000000000000000000 ) ) ;
#7193 = DIRECTION ( 'NONE',  ( -0.000000000000000000, -0.000000000000000000, -1.000000000000000000 ) ) ;
#7194 = AXIS2_PLACEMENT_3D ( 'NONE', #389, #7460, #931 ) ;
#7195 = CARTESIAN_POINT ( 'NONE',  ( 8.001000000000001222, 0.000000000000000000, 1.270000000000003348 ) ) ;
#7196 = AXIS2_PLACEMENT_3D ( 'NONE', #3428, #488, #830 ) ;
#7197 = EDGE_CURVE ( 'NONE', #6481, #4468, #2495, .T. ) ;
#7198 = EDGE_CURVE ( 'NONE', #2160, #812, #4158, .T. ) ;
#7199 = ORIENTED_EDGE ( 'NONE', *, *, #30, .F. ) ;
#7200 = AXIS2_PLACEMENT_3D ( 'NONE', #661, #7137, #4299 ) ;
#7201 = AXIS2_PLACEMENT_3D ( 'NONE', #274, #964, #5090 ) ;
#7202 = VECTOR ( 'NONE', #7133, 1000.000000000000000 ) ;
#7203 = PLANE ( 'NONE',  #3904 ) ;
#7204 = VERTEX_POINT ( 'NONE', #4239 ) ;
#7205 = CARTESIAN_POINT ( 'NONE',  ( -2.540000000000000480, 2.540000000000000036, -0.8889999999999974589 ) ) ;
#7206 = PRODUCT_DEFINITION_SHAPE ( 'NONE', 'NONE',  #7691 ) ;
#7207 = CARTESIAN_POINT ( 'NONE',  ( -15.24000000000000021, 0.000000000000000000, -0.8889999999999981251 ) ) ;
#7208 = VECTOR ( 'NONE', #3308, 1000.000000000000000 ) ;
#7209 = VECTOR ( 'NONE', #5857, 1000.000000000000000 ) ;
#7210 = ADVANCED_FACE ( 'NONE', ( #6615 ), #3103, .T. ) ;
#7211 = FILL_AREA_STYLE_COLOUR ( '', #2617 ) ;
#7212 = VECTOR ( 'NONE', #4309, 1000.000000000000000 ) ;
#7213 = PLANE ( 'NONE',  #2611 ) ;
#7214 = MANIFOLD_SOLID_BREP ( 'LPattern1[3]', #1502 ) ;
#7215 = ADVANCED_FACE ( 'NONE', ( #5611, #4465 ), #7237, .T. ) ;
#7216 = VERTEX_POINT ( 'NONE', #2029 ) ;
#7217 = ORIENTED_EDGE ( 'NONE', *, *, #1917, .F. ) ;
#7218 = VECTOR ( 'NONE', #1574, 1000.000000000000000 ) ;
#7219 = ORIENTED_EDGE ( 'NONE', *, *, #5507, .F. ) ;
#7220 =( NAMED_UNIT ( * ) SI_UNIT ( $, .STERADIAN. ) SOLID_ANGLE_UNIT ( ) );
#7221 = CARTESIAN_POINT ( 'NONE',  ( 8.572500000000003340, 0.000000000000000000, -0.3174999999999983946 ) ) ;
#7222 = CARTESIAN_POINT ( 'NONE',  ( 1.587500000000002132, 0.000000000000000000, 0.3175000000000017808 ) ) ;
#7223 = CARTESIAN_POINT ( 'NONE',  ( 19.36750000000000327, 0.000000000000000000, 0.3175000000000017808 ) ) ;
#7224 = LINE ( 'NONE', #1941, #1749 ) ;
#7225 = CARTESIAN_POINT ( 'NONE',  ( -8.000999999999999446, 2.540000000000000036, -1.269999999999997353 ) ) ;
#7226 = VECTOR ( 'NONE', #665, 1000.000000000000000 ) ;
#7227 = EDGE_CURVE ( 'NONE', #6662, #7579, #4024, .T. ) ;
#7228 = VERTEX_POINT ( 'NONE', #936 ) ;
#7229 = VERTEX_POINT ( 'NONE', #6875 ) ;
#7230 = FACE_OUTER_BOUND ( 'NONE', #3724, .T. ) ;
#7231 = FACE_OUTER_BOUND ( 'NONE', #6008, .T. ) ;
#7232 = ORIENTED_EDGE ( 'NONE', *, *, #3780, .F. ) ;
#7233 =( REPRESENTATION_RELATIONSHIP ('NONE','NONE', #6526, #1223 ) REPRESENTATION_RELATIONSHIP_WITH_TRANSFORMATION ( #1512 )SHAPE_REPRESENTATION_RELATIONSHIP( ) );
#7234 = CARTESIAN_POINT ( 'NONE',  ( 18.73250000000000171, 2.540000000000000036, -0.3174999999999983946 ) ) ;
#7235 = LINE ( 'NONE', #5374, #3320 ) ;
#7236 = CARTESIAN_POINT ( 'NONE',  ( 2.920999999999999819, 0.000000000000000000, 1.270000000000003348 ) ) ;
#7237 = PLANE ( 'NONE',  #7329 ) ;
#7238 = CARTESIAN_POINT ( 'NONE',  ( -8.572499999999998010, 2.540000000000000036, -0.3174999999999983946 ) ) ;
#7239 = ORIENTED_EDGE ( 'NONE', *, *, #5614, .T. ) ;
#7240 = CARTESIAN_POINT ( 'NONE',  ( -14.85899999999999999, 2.540000000000000036, -1.269999999999996909 ) ) ;
#7241 = PLANE ( 'NONE',  #7322 ) ;
#7242 = DIRECTION ( 'NONE',  ( -1.000000000000000000, 0.000000000000000000, 0.000000000000000000 ) ) ;
#7243 = VERTEX_POINT ( 'NONE', #3771 ) ;
#7244 = LINE ( 'NONE', #5421, #3028 ) ;
#7245 = ORIENTED_EDGE ( 'NONE', *, *, #4362, .F. ) ;
#7246 = DIRECTION ( 'NONE',  ( -0.2035585949527758676, -0.9576678948579738782, -0.2035585949527758676 ) ) ;
#7247 = FACE_OUTER_BOUND ( 'NONE', #1430, .T. ) ;
#7248 = EDGE_CURVE ( 'NONE', #928, #7447, #2606, .T. ) ;
#7249 = CARTESIAN_POINT ( 'NONE',  ( 18.16100000000000136, 0.000000000000000000, 1.270000000000003348 ) ) ;
#7250 = DIRECTION ( 'NONE',  ( 0.7071067811865456854, 0.000000000000000000, -0.7071067811865493491 ) ) ;
#7251 = EDGE_LOOP ( 'NONE', ( #7343, #2075, #503, #4394 ) ) ;
#7252 = ORIENTED_EDGE ( 'NONE', *, *, #7014, .F. ) ;
#7253 = EDGE_CURVE ( 'NONE', #1184, #4056, #4502, .T. ) ;
#7254 = VERTEX_POINT ( 'NONE', #2144 ) ;
#7255 = FACE_BOUND ( 'NONE', #181, .T. ) ;
#7256 = PLANE ( 'NONE',  #2608 ) ;
#7257 = LINE ( 'NONE', #3896, #3454 ) ;
#7258 = ADVANCED_FACE ( 'NONE', ( #5241 ), #6801, .T. ) ;
#7259 = EDGE_CURVE ( 'NONE', #2784, #1405, #6147, .T. ) ;
#7260 = LINE ( 'NONE', #6674, #4853 ) ;
#7261 = FACE_OUTER_BOUND ( 'NONE', #4525, .T. ) ;
#7262 = ORIENTED_EDGE ( 'NONE', *, *, #4125, .F. ) ;
#7263 = ORIENTED_EDGE ( 'NONE', *, *, #6399, .F. ) ;
#7264 = DIRECTION ( 'NONE',  ( 1.000000000000000000, 0.000000000000000000, -0.000000000000000000 ) ) ;
#7265 = ADVANCED_FACE ( 'NONE', ( #6765 ), #3808, .T. ) ;
#7266 = LINE ( 'NONE', #3766, #7640 ) ;
#7267 = ORIENTED_EDGE ( 'NONE', *, *, #4574, .T. ) ;
#7268 = LINE ( 'NONE', #111, #1995 ) ;
#7269 = DIRECTION ( 'NONE',  ( -0.7071067811865477948, -0.000000000000000000, -0.7071067811865473507 ) ) ;
#7270 = ADVANCED_FACE ( 'NONE', ( #6182 ), #1447, .F. ) ;
#7271 = DIRECTION ( 'NONE',  ( 1.000000000000000000, 0.000000000000000000, -2.439149994343089694E-16 ) ) ;
#7272 = STYLED_ITEM ( 'NONE', ( #3053 ), #4699 ) ;
#7273 = DIRECTION ( 'NONE',  ( 0.000000000000000000, 0.000000000000000000, -1.000000000000000000 ) ) ;
#7274 = CARTESIAN_POINT ( 'NONE',  ( -0.3174999999999999489, 8.382000000000001450, -0.3174999999999999489 ) ) ;
#7275 = EDGE_LOOP ( 'NONE', ( #3196, #5852, #3883, #5242 ) ) ;
#7276 = CARTESIAN_POINT ( 'NONE',  ( 25.40000000000000213, 2.540000000000000036, 0.000000000000000000 ) ) ;
#7277 = DIRECTION ( 'NONE',  ( 0.000000000000000000, 1.000000000000000000, 0.000000000000000000 ) ) ;
#7278 = MANIFOLD_SOLID_BREP ( 'LPattern1[5]', #6097 ) ;
#7279 = VECTOR ( 'NONE', #6082, 1000.000000000000114 ) ;
#7280 = PLANE ( 'NONE',  #5728 ) ;
#7281 = AXIS2_PLACEMENT_3D ( 'NONE', #2657, #5038, #7403 ) ;
#7282 = VECTOR ( 'NONE', #4277, 1000.000000000000000 ) ;
#7283 = SURFACE_SIDE_STYLE ('',( #4282 ) ) ;
#7284 = EDGE_LOOP ( 'NONE', ( #6749, #4607, #2795, #4204 ) ) ;
#7285 = CARTESIAN_POINT ( 'NONE',  ( 5.080000000000000959, 2.540000000000000036, 0.8890000000000022329 ) ) ;
#7286 = EDGE_LOOP ( 'NONE', ( #4643, #5931, #7131, #6080 ) ) ;
#7287 = DIRECTION ( 'NONE',  ( 0.000000000000000000, 1.000000000000000000, 0.000000000000000000 ) ) ;
#7288 = PRESENTATION_LAYER_ASSIGNMENT (  '', '', ( #3178 ) ) ;
#7289 = CARTESIAN_POINT ( 'NONE',  ( -12.69999999999999929, 0.000000000000000000, 0.8890000000000015667 ) ) ;
#7290 = LINE ( 'NONE', #1968, #5236 ) ;
#7291 = DIRECTION ( 'NONE',  ( -1.000000000000000000, 0.000000000000000000, -0.000000000000000000 ) ) ;
#7292 = ORIENTED_EDGE ( 'NONE', *, *, #4497, .T. ) ;
#7293 = ORIENTED_EDGE ( 'NONE', *, *, #3546, .F. ) ;
#7294 = ORIENTED_EDGE ( 'NONE', *, *, #83, .F. ) ;
#7295 = DIRECTION ( 'NONE',  ( 0.000000000000000000, 1.000000000000000000, 0.000000000000000000 ) ) ;
#7296 = DIRECTION ( 'NONE',  ( 0.000000000000000000, -0.000000000000000000, 1.000000000000000000 ) ) ;
#7297 = CARTESIAN_POINT ( 'NONE',  ( 12.69999999999999929, 0.000000000000000000, -0.8889999999999974589 ) ) ;
#7298 = DIRECTION ( 'NONE',  ( 0.000000000000000000, 0.000000000000000000, 1.000000000000000000 ) ) ;
#7299 = DIRECTION ( 'NONE',  ( 0.000000000000000000, 1.000000000000000000, 0.000000000000000000 ) ) ;
#7300 = CARTESIAN_POINT ( 'NONE',  ( -0.3809999999999993947, 0.000000000000000000, 1.270000000000002904 ) ) ;
#7301 = ORIENTED_EDGE ( 'NONE', *, *, #2412, .T. ) ;
#7302 = VECTOR ( 'NONE', #1539, 1000.000000000000000 ) ;
#7303 = ADVANCED_FACE ( 'NONE', ( #6222 ), #2962, .T. ) ;
#7304 = ORIENTED_EDGE ( 'NONE', *, *, #4498, .F. ) ;
#7305 = DIRECTION ( 'NONE',  ( 0.7071067811865473507, 0.000000000000000000, -0.7071067811865476838 ) ) ;
#7306 = ADVANCED_FACE ( 'NONE', ( #17 ), #4802, .T. ) ;
#7307 = EDGE_LOOP ( 'NONE', ( #6442, #5924, #1626, #956 ) ) ;
#7308 = PLANE ( 'NONE',  #6451 ) ;
#7309 = CARTESIAN_POINT ( 'NONE',  ( 17.78000000000000114, 0.000000000000000000, -0.8889999999999981251 ) ) ;
#7310 = CARTESIAN_POINT ( 'NONE',  ( 2.920999999999999819, 2.540000000000000036, -1.269999999999996909 ) ) ;
#7311 = CARTESIAN_POINT ( 'NONE',  ( -0.9524999999999984590, 2.540000000000000036, 0.3175000000000017808 ) ) ;
#7312 = VECTOR ( 'NONE', #2411, 1000.000000000000000 ) ;
#7313 = ORIENTED_EDGE ( 'NONE', *, *, #7582, .T. ) ;
#7314 = EDGE_CURVE ( 'NONE', #1970, #7470, #1189, .T. ) ;
#7315 = LINE ( 'NONE', #203, #7282 ) ;
#7316 = ORIENTED_EDGE ( 'NONE', *, *, #3334, .F. ) ;
#7317 = DIRECTION ( 'NONE',  ( 0.000000000000000000, 1.000000000000000000, 0.000000000000000000 ) ) ;
#7318 = VECTOR ( 'NONE', #3213, 1000.000000000000000 ) ;
#7319 = DIRECTION ( 'NONE',  ( -0.7071067811865474617, -0.000000000000000000, 0.7071067811865474617 ) ) ;
#7320 = MANIFOLD_SOLID_BREP ( 'Chamfer1', #5106 ) ;
#7321 = CARTESIAN_POINT ( 'NONE',  ( -12.69999999999999929, 0.000000000000000000, 0.8890000000000015667 ) ) ;
#7322 = AXIS2_PLACEMENT_3D ( 'NONE', #2457, #168, #5381 ) ;
#7323 = EDGE_CURVE ( 'NONE', #5120, #4641, #5893, .T. ) ;
#7324 = CARTESIAN_POINT ( 'NONE',  ( 17.78000000000000114, 0.000000000000000000, 0.8890000000000022329 ) ) ;
#7325 = VERTEX_POINT ( 'NONE', #7678 ) ;
#7326 = AXIS2_PLACEMENT_3D ( 'NONE', #3804, #2026, #6286 ) ;
#7327 = CARTESIAN_POINT ( 'NONE',  ( -12.70000000000000107, 0.000000000000000000, 0.8890000000000022329 ) ) ;
#7328 = DIRECTION ( 'NONE',  ( 0.7071067811865459074, 0.000000000000000000, 0.7071067811865491270 ) ) ;
#7329 = AXIS2_PLACEMENT_3D ( 'NONE', #3882, #280, #7355 ) ;
#7330 = DIRECTION ( 'NONE',  ( -0.7071067811865476838, 0.000000000000000000, -0.7071067811865473507 ) ) ;
#7331 = VECTOR ( 'NONE', #7271, 1000.000000000000000 ) ;
#7332 = LINE ( 'NONE', #2013, #382 ) ;
#7333 = VERTEX_POINT ( 'NONE', #5388 ) ;
#7334 = VECTOR ( 'NONE', #6418, 1000.000000000000000 ) ;
#7335 = EDGE_LOOP ( 'NONE', ( #1006, #1218, #1545, #2323 ) ) ;
#7336 = ORIENTED_EDGE ( 'NONE', *, *, #1269, .F. ) ;
#7337 = FACE_BOUND ( 'NONE', #3625, .T. ) ;
#7338 = STYLED_ITEM ( 'NONE', ( #6137 ), #2131 ) ;
#7339 = DIRECTION ( 'NONE',  ( 0.000000000000000000, 1.000000000000000000, 0.000000000000000000 ) ) ;
#7340 = VECTOR ( 'NONE', #1195, 1000.000000000000000 ) ;
#7341 = PRESENTATION_STYLE_ASSIGNMENT (( #5048 ) ) ;
#7342 = CARTESIAN_POINT ( 'NONE',  ( -16.82749999999999702, 0.000000000000000000, 0.3175000000000017808 ) ) ;
#7343 = ORIENTED_EDGE ( 'NONE', *, *, #5209, .F. ) ;
#7344 = VECTOR ( 'NONE', #5682, 1000.000000000000000 ) ;
#7345 = ORIENTED_EDGE ( 'NONE', *, *, #118, .T. ) ;
#7346 = DIRECTION ( 'NONE',  ( 0.000000000000000000, 1.000000000000000000, 0.000000000000000000 ) ) ;
#7347 = LINE ( 'NONE', #7420, #3108 ) ;
#7348 = ORIENTED_EDGE ( 'NONE', *, *, #3400, .F. ) ;
#7349 = CARTESIAN_POINT ( 'NONE',  ( -2.159000000000001140, 2.540000000000000036, -1.269999999999996909 ) ) ;
#7350 = LINE ( 'NONE', #4388, #7318 ) ;
#7351 = VECTOR ( 'NONE', #6245, 1000.000000000000000 ) ;
#7352 = CARTESIAN_POINT ( 'NONE',  ( -6.667499999999997762, 0.000000000000000000, 0.3175000000000017808 ) ) ;
#7353 = EDGE_CURVE ( 'NONE', #5481, #4302, #2433, .T. ) ;
#7354 = EDGE_CURVE ( 'NONE', #5428, #1494, #3038, .T. ) ;
#7355 = DIRECTION ( 'NONE',  ( 0.000000000000000000, -0.000000000000000000, 1.000000000000000000 ) ) ;
#7356 = EDGE_LOOP ( 'NONE', ( #7534, #5599, #7472, #2138, #4594, #6930, #2787, #3292 ) ) ;
#7357 = FACE_OUTER_BOUND ( 'NONE', #6978, .T. ) ;
#7358 = VERTEX_POINT ( 'NONE', #3550 ) ;
#7359 = EDGE_CURVE ( 'NONE', #794, #3448, #687, .T. ) ;
#7360 = CARTESIAN_POINT ( 'NONE',  ( -9.779000000000001691, 0.000000000000000000, 1.270000000000003348 ) ) ;
#7361 = DIRECTION ( 'NONE',  ( 0.000000000000000000, 1.000000000000000000, 0.000000000000000000 ) ) ;
#7362 = ADVANCED_FACE ( 'NONE', ( #2278 ), #4762, .T. ) ;
#7363 = EDGE_CURVE ( 'NONE', #6817, #3089, #6546, .T. ) ;
#7364 = CARTESIAN_POINT ( 'NONE',  ( -20.32000000000000028, 0.000000000000000000, -0.8889999999999974589 ) ) ;
#7365 = DIRECTION ( 'NONE',  ( 1.000000000000000000, 0.000000000000000000, -2.439149994343089694E-16 ) ) ;
#7366 = VERTEX_POINT ( 'NONE', #3629 ) ;
#7367 = DIRECTION ( 'NONE',  ( 0.7071067811865456854, 0.000000000000000000, -0.7071067811865493491 ) ) ;
#7368 = LINE ( 'NONE', #7289, #3085 ) ;
#7369 = EDGE_CURVE ( 'NONE', #3042, #144, #6165, .T. ) ;
#7370 = DIRECTION ( 'NONE',  ( 0.000000000000000000, 0.000000000000000000, -1.000000000000000000 ) ) ;
#7371 = PLANE ( 'NONE',  #4470 ) ;
#7372 = ORIENTED_EDGE ( 'NONE', *, *, #4831, .T. ) ;
#7373 = ORIENTED_EDGE ( 'NONE', *, *, #4542, .T. ) ;
#7374 = ORIENTED_EDGE ( 'NONE', *, *, #2777, .F. ) ;
#7375 = LINE ( 'NONE', #221, #6334 ) ;
#7376 = MECHANICAL_DESIGN_GEOMETRIC_PRESENTATION_REPRESENTATION (  '', ( #5758 ), #4510 ) ;
#7377 = DIRECTION ( 'NONE',  ( 0.000000000000000000, 1.000000000000000000, 0.000000000000000000 ) ) ;
#7378 =( NAMED_UNIT ( * ) SI_UNIT ( $, .STERADIAN. ) SOLID_ANGLE_UNIT ( ) );
#7379 = CARTESIAN_POINT ( 'NONE',  ( 17.78000000000000114, 0.000000000000000000, 0.8890000000000022329 ) ) ;
#7380 = EDGE_LOOP ( 'NONE', ( #7550, #5788, #6690, #6607 ) ) ;
#7381 = EDGE_LOOP ( 'NONE', ( #2998, #7217, #3285, #4286 ) ) ;
#7382 = CARTESIAN_POINT ( 'NONE',  ( 13.65250000000000163, 0.000000000000000000, -0.3174999999999983946 ) ) ;
#7383 =( NAMED_UNIT ( * ) PLANE_ANGLE_UNIT ( ) SI_UNIT ( $, .RADIAN. ) );
#7384 = VERTEX_POINT ( 'NONE', #3161 ) ;
#7385 = LINE ( 'NONE', #6762, #7074 ) ;
#7386 = LINE ( 'NONE', #2061, #4449 ) ;
#7387 = CARTESIAN_POINT ( 'NONE',  ( -12.70000000000000107, 0.000000000000000000, 0.8890000000000022329 ) ) ;
#7388 = PRESENTATION_STYLE_ASSIGNMENT (( #3844 ) ) ;
#7389 = ORIENTED_EDGE ( 'NONE', *, *, #3687, .T. ) ;
#7390 = DIRECTION ( 'NONE',  ( 0.000000000000000000, 1.000000000000000000, 0.000000000000000000 ) ) ;
#7391 = ADVANCED_FACE ( 'NONE', ( #4926 ), #7371, .F. ) ;
#7392 = VERTEX_POINT ( 'NONE', #2046 ) ;
#7393 = LINE ( 'NONE', #354, #4444 ) ;
#7394 = VECTOR ( 'NONE', #3966, 1000.000000000000000 ) ;
#7395 = DIRECTION ( 'NONE',  ( 0.000000000000000000, 0.000000000000000000, 1.000000000000000000 ) ) ;
#7396 = FACE_OUTER_BOUND ( 'NONE', #2330, .T. ) ;
#7397 = CARTESIAN_POINT ( 'NONE',  ( 13.97000000000000064, 0.000000000000000000, 1.788933584601082316E-15 ) ) ;
#7398 = AXIS2_PLACEMENT_3D ( 'NONE', #1755, #6368, #1053 ) ;
#7399 = PLANE ( 'NONE',  #6887 ) ;
#7400 = ADVANCED_FACE ( 'NONE', ( #1428 ), #7213, .T. ) ;
#7401 = ORIENTED_EDGE ( 'NONE', *, *, #992, .F. ) ;
#7402 = ADVANCED_FACE ( 'NONE', ( #6087 ), #1463, .T. ) ;
#7403 = DIRECTION ( 'NONE',  ( -0.7071067811865474617, 0.000000000000000000, 0.7071067811865474617 ) ) ;
#7404 = PRODUCT_DEFINITION_SHAPE ( 'NONE', 'NONE',  #7694 ) ;
#7405 = VECTOR ( 'NONE', #3061, 1000.000000000000000 ) ;
#7406 = DIRECTION ( 'NONE',  ( 1.000000000000000000, 0.000000000000000000, 0.000000000000000000 ) ) ;
#7407 = EDGE_CURVE ( 'NONE', #418, #762, #6666, .T. ) ;
#7408 = CARTESIAN_POINT ( 'NONE',  ( 17.78000000000000114, 2.540000000000000036, -0.8889999999999974589 ) ) ;
#7409 = EDGE_LOOP ( 'NONE', ( #1050, #6173, #6595, #1851 ) ) ;
#7410 = ORIENTED_EDGE ( 'NONE', *, *, #5213, .T. ) ;
#7411 = ADVANCED_FACE ( 'NONE', ( #1345 ), #3076, .T. ) ;
#7412 = ORIENTED_EDGE ( 'NONE', *, *, #28, .F. ) ;
#7413 = DIRECTION ( 'NONE',  ( -1.000000000000000000, -0.000000000000000000, 2.439149994343089694E-16 ) ) ;
#7414 = PRESENTATION_STYLE_ASSIGNMENT (( #6206 ) ) ;
#7415 = DIRECTION ( 'NONE',  ( -1.000000000000000000, -0.000000000000000000, 2.439149994343089694E-16 ) ) ;
#7416 = ORIENTED_EDGE ( 'NONE', *, *, #2176, .T. ) ;
#7417 = VERTEX_POINT ( 'NONE', #3821 ) ;
#7418 = CARTESIAN_POINT ( 'NONE',  ( -9.779000000000001691, 2.540000000000000036, 1.270000000000003348 ) ) ;
#7419 = ADVANCED_FACE ( 'NONE', ( #2584 ), #3193, .T. ) ;
#7420 = CARTESIAN_POINT ( 'NONE',  ( 0.3809999999999993947, 0.000000000000000000, -1.269999999999996909 ) ) ;
#7421 = ORIENTED_EDGE ( 'NONE', *, *, #2648, .T. ) ;
#7422 = CARTESIAN_POINT ( 'NONE',  ( 13.08099999999999952, 0.000000000000000000, -1.269999999999996909 ) ) ;
#7423 = CARTESIAN_POINT ( 'NONE',  ( 4.127500000000003055, 2.540000000000000036, 0.3175000000000017808 ) ) ;
#7424 = LINE ( 'NONE', #7352, #501 ) ;
#7425 = ORIENTED_EDGE ( 'NONE', *, *, #2264, .T. ) ;
#7426 = ORIENTED_EDGE ( 'NONE', *, *, #6834, .T. ) ;
#7427 = LINE ( 'NONE', #4537, #6786 ) ;
#7428 = VERTEX_POINT ( 'NONE', #5548 ) ;
#7429 = DIRECTION ( 'NONE',  ( -1.000000000000000000, 0.000000000000000000, 0.000000000000000000 ) ) ;
#7430 = LINE ( 'NONE', #4473, #1113 ) ;
#7431 = VECTOR ( 'NONE', #5295, 1000.000000000000000 ) ;
#7432 = LINE ( 'NONE', #2109, #2385 ) ;
#7433 = PRODUCT_CONTEXT ( 'NONE', #1466, 'mechanical' ) ;
#7434 = PLANE ( 'NONE',  #822 ) ;
#7435 = VECTOR ( 'NONE', #4728, 1000.000000000000000 ) ;
#7436 = ORIENTED_EDGE ( 'NONE', *, *, #4033, .F. ) ;
#7437 = PLANE ( 'NONE',  #7464 ) ;
#7438 = FACE_OUTER_BOUND ( 'NONE', #351, .T. ) ;
#7439 = FACE_OUTER_BOUND ( 'NONE', #3241, .T. ) ;
#7440 = EDGE_CURVE ( 'NONE', #3837, #4278, #6748, .T. ) ;
#7441 = VECTOR ( 'NONE', #3539, 1000.000000000000000 ) ;
#7442 = ADVANCED_FACE ( 'NONE', ( #5510, #4845 ), #5585, .F. ) ;
#7443 = CARTESIAN_POINT ( 'NONE',  ( 15.24000000000000021, 2.540000000000000036, -0.8889999999999981251 ) ) ;
#7444 = ORIENTED_EDGE ( 'NONE', *, *, #1763, .T. ) ;
#7445 = VECTOR ( 'NONE', #724, 1000.000000000000000 ) ;
#7446 = ORIENTED_EDGE ( 'NONE', *, *, #1747, .T. ) ;
#7447 = VERTEX_POINT ( 'NONE', #1391 ) ;
#7448 = CARTESIAN_POINT ( 'NONE',  ( -5.080000000000000959, 0.000000000000000000, -0.8889999999999974589 ) ) ;
#7449 = VECTOR ( 'NONE', #5058, 1000.000000000000000 ) ;
#7450 = AXIS2_PLACEMENT_3D ( 'NONE', #7527, #2202, #6903 ) ;
#7451 = EDGE_CURVE ( 'NONE', #5871, #7649, #256, .T. ) ;
#7452 = CARTESIAN_POINT ( 'NONE',  ( -2.540000000000000480, 0.000000000000000000, -0.8889999999999974589 ) ) ;
#7453 = VECTOR ( 'NONE', #1839, 1000.000000000000000 ) ;
#7454 = ORIENTED_EDGE ( 'NONE', *, *, #200, .T. ) ;
#7455 = ORIENTED_EDGE ( 'NONE', *, *, #7323, .F. ) ;
#7456 = VECTOR ( 'NONE', #2364, 1000.000000000000000 ) ;
#7457 = AXIS2_PLACEMENT_3D ( 'NONE', #1579, #4057, #3389 ) ;
#7458 = LINE ( 'NONE', #2168, #380 ) ;
#7459 = ORIENTED_EDGE ( 'NONE', *, *, #1417, .T. ) ;
#7460 = DIRECTION ( 'NONE',  ( 0.7071067811865473507, 0.000000000000000000, -0.7071067811865476838 ) ) ;
#7461 = LINE ( 'NONE', #5056, #3205 ) ;
#7462 = EDGE_CURVE ( 'NONE', #4268, #965, #3542, .T. ) ;
#7463 = DIRECTION ( 'NONE',  ( -0.7071067811865491270, 0.000000000000000000, 0.7071067811865459074 ) ) ;
#7464 = AXIS2_PLACEMENT_3D ( 'NONE', #6856, #2222, #4665 ) ;
#7465 = EDGE_CURVE ( 'NONE', #846, #5586, #2626, .T. ) ;
#7466 = MECHANICAL_DESIGN_GEOMETRIC_PRESENTATION_REPRESENTATION (  '', ( #639 ), #4724 ) ;
#7467 = VECTOR ( 'NONE', #2528, 1000.000000000000000 ) ;
#7468 = DIRECTION ( 'NONE',  ( -0.000000000000000000, -0.000000000000000000, 1.000000000000000000 ) ) ;
#7469 = ORIENTED_EDGE ( 'NONE', *, *, #2643, .F. ) ;
#7470 = VERTEX_POINT ( 'NONE', #5426 ) ;
#7471 = LINE ( 'NONE', #2066, #712 ) ;
#7472 = ORIENTED_EDGE ( 'NONE', *, *, #6122, .F. ) ;
#7473 = VECTOR ( 'NONE', #2692, 1000.000000000000000 ) ;
#7474 = LINE ( 'NONE', #911, #863 ) ;
#7475 = VECTOR ( 'NONE', #449, 1000.000000000000000 ) ;
#7476 = CARTESIAN_POINT ( 'NONE',  ( 17.78000000000000114, 0.000000000000000000, 0.8890000000000022329 ) ) ;
#7477 = EDGE_LOOP ( 'NONE', ( #1710, #230, #6447, #5745 ) ) ;
#7478 = LINE ( 'NONE', #5626, #7302 ) ;
#7479 = LINE ( 'NONE', #2155, #5821 ) ;
#7480 = LINE ( 'NONE', #2881, #3358 ) ;
#7481 = LINE ( 'NONE', #2157, #5716 ) ;
#7482 = ORIENTED_EDGE ( 'NONE', *, *, #598, .F. ) ;
#7483 = ORIENTED_EDGE ( 'NONE', *, *, #6022, .T. ) ;
#7484 = ORIENTED_EDGE ( 'NONE', *, *, #3265, .F. ) ;
#7485 = DIRECTION ( 'NONE',  ( 0.000000000000000000, 1.000000000000000000, 0.000000000000000000 ) ) ;
#7486 = EDGE_CURVE ( 'NONE', #4694, #4410, #6629, .T. ) ;
#7487 = CARTESIAN_POINT ( 'NONE',  ( 1.587500000000002132, 0.000000000000000000, -0.3174999999999983946 ) ) ;
#7488 = PLANE ( 'NONE',  #4240 ) ;
#7489 = VERTEX_POINT ( 'NONE', #2547 ) ;
#7490 = ADVANCED_FACE ( 'NONE', ( #93 ), #216, .F. ) ;
#7491 = VERTEX_POINT ( 'NONE', #4963 ) ;
#7492 = DIRECTION ( 'NONE',  ( 2.439149994343089694E-16, -0.000000000000000000, 1.000000000000000000 ) ) ;
#7493 = EDGE_CURVE ( 'NONE', #5270, #1590, #7332, .T. ) ;
#7494 = EDGE_CURVE ( 'NONE', #3328, #1739, #5148, .T. ) ;
#7495 = LINE ( 'NONE', #2170, #5465 ) ;
#7496 = LINE ( 'NONE', #3915, #7683 ) ;
#7497 = AXIS2_PLACEMENT_3D ( 'NONE', #6679, #3138, #7107 ) ;
#7498 = DIRECTION ( 'NONE',  ( -1.000000000000000000, 0.000000000000000000, 0.000000000000000000 ) ) ;
#7499 = ORIENTED_EDGE ( 'NONE', *, *, #2449, .T. ) ;
#7500 = EDGE_CURVE ( 'NONE', #2917, #7243, #4550, .T. ) ;
#7501 = EDGE_LOOP ( 'NONE', ( #2712, #5255, #525, #962 ) ) ;
#7502 = CARTESIAN_POINT ( 'NONE',  ( -7.620000000000000107, 2.540000000000000036, -0.8889999999999974589 ) ) ;
#7503 = VERTEX_POINT ( 'NONE', #3344 ) ;
#7504 = EDGE_LOOP ( 'NONE', ( #7516, #2506, #5512, #6961 ) ) ;
#7505 = EDGE_CURVE ( 'NONE', #1970, #5325, #4443, .T. ) ;
#7506 = LINE ( 'NONE', #3748, #1115 ) ;
#7507 = CARTESIAN_POINT ( 'NONE',  ( -6.667499999999997762, 2.540000000000000036, -0.3174999999999983946 ) ) ;
#7508 = DIRECTION ( 'NONE',  ( 0.000000000000000000, 0.000000000000000000, 1.000000000000000000 ) ) ;
#7509 = LINE ( 'NONE', #5179, #4035 ) ;
#7510 = ORIENTED_EDGE ( 'NONE', *, *, #1852, .T. ) ;
#7511 = CARTESIAN_POINT ( 'NONE',  ( -7.620000000000000107, 2.540000000000000036, 0.8890000000000022329 ) ) ;
#7512 = PLANE ( 'NONE',  #5212 ) ;
#7513 = CARTESIAN_POINT ( 'NONE',  ( 0.3809999999999993947, 2.540000000000000036, -1.269999999999996909 ) ) ;
#7514 = AXIS2_PLACEMENT_3D ( 'NONE', #4119, #2866, #5254 ) ;
#7515 = LINE ( 'NONE', #6967, #4589 ) ;
#7516 = ORIENTED_EDGE ( 'NONE', *, *, #7529, .F. ) ;
#7517 = VERTEX_POINT ( 'NONE', #2765 ) ;
#7518 = VERTEX_POINT ( 'NONE', #1575 ) ;
#7519 = LINE ( 'NONE', #6309, #5721 ) ;
#7520 = CARTESIAN_POINT ( 'NONE',  ( 15.24000000000000021, 0.000000000000000000, -0.8889999999999981251 ) ) ;
#7521 = DIRECTION ( 'NONE',  ( -0.000000000000000000, -0.000000000000000000, -1.000000000000000000 ) ) ;
#7522 = VECTOR ( 'NONE', #547, 1000.000000000000000 ) ;
#7523 = VERTEX_POINT ( 'NONE', #7443 ) ;
#7524 = ORIENTED_EDGE ( 'NONE', *, *, #7363, .T. ) ;
#7525 = PLANE ( 'NONE',  #796 ) ;
#7526 = VERTEX_POINT ( 'NONE', #4485 ) ;
#7527 = CARTESIAN_POINT ( 'NONE',  ( -14.28749999999999787, 0.000000000000000000, 0.3175000000000017808 ) ) ;
#7528 = DIRECTION ( 'NONE',  ( 0.7071067811865456854, 0.000000000000000000, -0.7071067811865493491 ) ) ;
#7529 = EDGE_CURVE ( 'NONE', #4552, #1465, #2731, .T. ) ;
#7530 = CARTESIAN_POINT ( 'NONE',  ( -1.587499999999998579, 2.540000000000000036, 0.3175000000000017808 ) ) ;
#7531 = EDGE_CURVE ( 'NONE', #1042, #7470, #3898, .T. ) ;
#7532 = EDGE_CURVE ( 'NONE', #196, #4447, #7515, .T. ) ;
#7533 = ORIENTED_EDGE ( 'NONE', *, *, #4412, .T. ) ;
#7534 = ORIENTED_EDGE ( 'NONE', *, *, #6878, .F. ) ;
#7535 = PLANE ( 'NONE',  #209 ) ;
#7536 = ORIENTED_EDGE ( 'NONE', *, *, #4412, .F. ) ;
#7537 = ORIENTED_EDGE ( 'NONE', *, *, #1559, .T. ) ;
#7538 = CARTESIAN_POINT ( 'NONE',  ( 25.40000000000000213, 0.000000000000000000, 0.000000000000000000 ) ) ;
#7539 = CARTESIAN_POINT ( 'NONE',  ( -15.24000000000000021, 0.000000000000000000, 0.8890000000000022329 ) ) ;
#7540 = ADVANCED_FACE ( 'NONE', ( #2190 ), #1612, .T. ) ;
#7541 = DIRECTION ( 'NONE',  ( 0.000000000000000000, 0.000000000000000000, 1.000000000000000000 ) ) ;
#7542 = DIRECTION ( 'NONE',  ( 0.000000000000000000, 0.000000000000000000, 1.000000000000000000 ) ) ;
#7543 = ORIENTED_EDGE ( 'NONE', *, *, #4998, .F. ) ;
#7544 = FACE_OUTER_BOUND ( 'NONE', #4553, .T. ) ;
#7545 = CARTESIAN_POINT ( 'NONE',  ( -15.62099999999999866, 2.540000000000000036, 1.270000000000002904 ) ) ;
#7546 = CARTESIAN_POINT ( 'NONE',  ( 2.159000000000001140, 2.540000000000000036, 1.270000000000002904 ) ) ;
#7547 = EDGE_CURVE ( 'NONE', #2755, #6198, #3866, .T. ) ;
#7548 = CARTESIAN_POINT ( 'NONE',  ( 7.239000000000002544, 0.000000000000000000, 1.270000000000002904 ) ) ;
#7549 = VECTOR ( 'NONE', #2214, 1000.000000000000000 ) ;
#7550 = ORIENTED_EDGE ( 'NONE', *, *, #2659, .T. ) ;
#7551 = DIRECTION ( 'NONE',  ( 0.000000000000000000, -0.2079116908177565115, -0.9781476007338062439 ) ) ;
#7552 = ORIENTED_EDGE ( 'NONE', *, *, #950, .F. ) ;
#7553 = PLANE ( 'NONE',  #4968 ) ;
#7554 = ORIENTED_EDGE ( 'NONE', *, *, #6960, .F. ) ;
#7555 = DIRECTION ( 'NONE',  ( 0.000000000000000000, 1.000000000000000000, 0.000000000000000000 ) ) ;
#7556 = VECTOR ( 'NONE', #2565, 1000.000000000000000 ) ;
#7557 = CARTESIAN_POINT ( 'NONE',  ( 6.667500000000003091, 0.000000000000000000, -0.3174999999999983946 ) ) ;
#7558 = CARTESIAN_POINT ( 'NONE',  ( 0.9525000000000019007, 2.540000000000000036, 0.3175000000000017808 ) ) ;
#7559 = VECTOR ( 'NONE', #428, 1000.000000000000000 ) ;
#7560 = ORIENTED_EDGE ( 'NONE', *, *, #6296, .F. ) ;
#7561 = VECTOR ( 'NONE', #1648, 1000.000000000000000 ) ;
#7562 = ORIENTED_EDGE ( 'NONE', *, *, #4973, .F. ) ;
#7563 = CARTESIAN_POINT ( 'NONE',  ( 17.78000000000000114, 0.000000000000000000, 0.8890000000000015667 ) ) ;
#7564 = VERTEX_POINT ( 'NONE', #3937 ) ;
#7565 = AXIS2_PLACEMENT_3D ( 'NONE', #5591, #3826, #4337 ) ;
#7566 = CARTESIAN_POINT ( 'NONE',  ( -0.9524999999999984590, 0.000000000000000000, 0.3175000000000017808 ) ) ;
#7567 = CARTESIAN_POINT ( 'NONE',  ( 5.461000000000000298, 2.540000000000000036, 1.270000000000003348 ) ) ;
#7568 = DIRECTION ( 'NONE',  ( -1.000000000000000000, -0.000000000000000000, -0.000000000000000000 ) ) ;
#7569 = VECTOR ( 'NONE', #2451, 1000.000000000000000 ) ;
#7570 = LINE ( 'NONE', #356, #2502 ) ;
#7571 = ORIENTED_EDGE ( 'NONE', *, *, #5982, .F. ) ;
#7572 = AXIS2_PLACEMENT_3D ( 'NONE', #2987, #1916, #4311 ) ;
#7573 = AXIS2_PLACEMENT_3D ( 'NONE', #7221, #6476, #1817 ) ;
#7574 = ORIENTED_EDGE ( 'NONE', *, *, #6783, .F. ) ;
#7575 = LINE ( 'NONE', #588, #748 ) ;
#7576 = CARTESIAN_POINT ( 'NONE',  ( -19.93900000000000361, 2.540000000000000036, 1.270000000000003348 ) ) ;
#7577 = ORIENTED_EDGE ( 'NONE', *, *, #5122, .F. ) ;
#7578 = AXIS2_PLACEMENT_3D ( 'NONE', #6119, #5499, #2039 ) ;
#7579 = VERTEX_POINT ( 'NONE', #5764 ) ;
#7580 = CARTESIAN_POINT ( 'NONE',  ( 18.16100000000000136, 2.540000000000000036, -1.269999999999996909 ) ) ;
#7581 = CARTESIAN_POINT ( 'NONE',  ( 2.920999999999999819, 0.000000000000000000, 1.270000000000003348 ) ) ;
#7582 = EDGE_CURVE ( 'NONE', #814, #5680, #1542, .T. ) ;
#7583 = EDGE_CURVE ( 'NONE', #3958, #7069, #6344, .T. ) ;
#7584 = STYLED_ITEM ( 'NONE', ( #4843 ), #2252 ) ;
#7585 = VECTOR ( 'NONE', #6705, 1000.000000000000000 ) ;
#7586 = PRODUCT_DEFINITION_FORMATION_WITH_SPECIFIED_SOURCE ( 'ANY', '', #5613, .NOT_KNOWN. ) ;
#7587 = AXIS2_PLACEMENT_3D ( 'NONE', #4667, #4706, #7119 ) ;
#7588 = EDGE_CURVE ( 'NONE', #3217, #1271, #987, .T. ) ;
#7589 = CARTESIAN_POINT ( 'NONE',  ( 20.32000000000000028, 0.000000000000000000, -0.8889999999999981251 ) ) ;
#7590 = ORIENTED_EDGE ( 'NONE', *, *, #2382, .F. ) ;
#7591 = PLANE ( 'NONE',  #1523 ) ;
#7592 = EDGE_CURVE ( 'NONE', #6198, #7503, #921, .T. ) ;
#7593 = EDGE_CURVE ( 'NONE', #2256, #7526, #4012, .T. ) ;
#7594 = DIRECTION ( 'NONE',  ( -0.000000000000000000, 1.000000000000000000, 0.000000000000000000 ) ) ;
#7595 = VECTOR ( 'NONE', #499, 1000.000000000000000 ) ;
#7596 = DIRECTION ( 'NONE',  ( -0.7071067811865477948, -0.000000000000000000, -0.7071067811865473507 ) ) ;
#7597 = CARTESIAN_POINT ( 'NONE',  ( -12.31900000000000261, 2.540000000000000036, -1.269999999999996909 ) ) ;
#7598 = ORIENTED_EDGE ( 'NONE', *, *, #2283, .F. ) ;
#7599 = FACE_OUTER_BOUND ( 'NONE', #7168, .T. ) ;
#7600 = ORIENTED_EDGE ( 'NONE', *, *, #5507, .T. ) ;
#7601 = MECHANICAL_DESIGN_GEOMETRIC_PRESENTATION_REPRESENTATION (  '', ( #6605 ), #1415 ) ;
#7602 = LINE ( 'NONE', #1221, #4575 ) ;
#7603 = EDGE_LOOP ( 'NONE', ( #6900, #663, #1625, #4026 ) ) ;
#7604 = LINE ( 'NONE', #2275, #4705 ) ;
#7605 = EDGE_CURVE ( 'NONE', #5903, #590, #2801, .T. ) ;
#7606 = DIRECTION ( 'NONE',  ( 1.000000000000000000, 0.000000000000000000, -2.439149994343089694E-16 ) ) ;
#7607 = CARTESIAN_POINT ( 'NONE',  ( -2.920999999999999819, 0.000000000000000000, -1.269999999999997353 ) ) ;
#7608 = VERTEX_POINT ( 'NONE', #5628 ) ;
#7609 = EDGE_LOOP ( 'NONE', ( #2048, #4028, #1287, #335 ) ) ;
#7610 = DIRECTION ( 'NONE',  ( 1.000000000000000000, 0.000000000000000000, -2.439149994343089694E-16 ) ) ;
#7611 = ORIENTED_EDGE ( 'NONE', *, *, #4362, .T. ) ;
#7612 = DIRECTION ( 'NONE',  ( 0.000000000000000000, 0.000000000000000000, 1.000000000000000000 ) ) ;
#7613 = DIRECTION ( 'NONE',  ( -1.000000000000000000, -0.000000000000000000, 2.439149994343089694E-16 ) ) ;
#7614 = CARTESIAN_POINT ( 'NONE',  ( 1.587500000000002132, 2.540000000000000036, 0.3175000000000017808 ) ) ;
#7615 = CARTESIAN_POINT ( 'NONE',  ( 15.24000000000000021, 0.000000000000000000, 0.8890000000000015667 ) ) ;
#7616 = UNCERTAINTY_MEASURE_WITH_UNIT (LENGTH_MEASURE( 1.000000000000000082E-05 ), #5638, 'distance_accuracy_value', 'NONE');
#7617 = ORIENTED_EDGE ( 'NONE', *, *, #915, .F. ) ;
#7618 = ORIENTED_EDGE ( 'NONE', *, *, #2077, .F. ) ;
#7619 = SURFACE_STYLE_USAGE ( .BOTH. , #5291 ) ;
#7620 = PLANE ( 'NONE',  #5425 ) ;
#7621 = VERTEX_POINT ( 'NONE', #296 ) ;
#7622 = ORIENTED_EDGE ( 'NONE', *, *, #3759, .T. ) ;
#7623 = LINE ( 'NONE', #4002, #4090 ) ;
#7624 = CARTESIAN_POINT ( 'NONE',  ( -5.080000000000000959, 2.540000000000000036, -0.8889999999999974589 ) ) ;
#7625 = CARTESIAN_POINT ( 'NONE',  ( -9.779000000000001691, 0.000000000000000000, 1.270000000000003348 ) ) ;
#7626 = VERTEX_POINT ( 'NONE', #5691 ) ;
#7627 = CARTESIAN_POINT ( 'NONE',  ( -6.032499999999997975, 0.000000000000000000, 0.3175000000000017808 ) ) ;
#7628 = DIRECTION ( 'NONE',  ( -0.7071067811865474617, 0.000000000000000000, 0.7071067811865474617 ) ) ;
#7629 = ADVANCED_FACE ( 'NONE', ( #5663 ), #2694, .T. ) ;
#7630 = FACE_OUTER_BOUND ( 'NONE', #5616, .T. ) ;
#7631 = SURFACE_STYLE_FILL_AREA ( #5847 ) ;
#7632 = EDGE_CURVE ( 'NONE', #3370, #3348, #7481, .T. ) ;
#7633 = EDGE_CURVE ( 'NONE', #2373, #7680, #6891, .T. ) ;
#7634 = ORIENTED_EDGE ( 'NONE', *, *, #3452, .F. ) ;
#7635 = LINE ( 'NONE', #6501, #3153 ) ;
#7636 = ORIENTED_EDGE ( 'NONE', *, *, #2729, .F. ) ;
#7637 = DIRECTION ( 'NONE',  ( 0.000000000000000000, 0.000000000000000000, 1.000000000000000000 ) ) ;
#7638 = ORIENTED_EDGE ( 'NONE', *, *, #3924, .F. ) ;
#7639 = CARTESIAN_POINT ( 'NONE',  ( -3.492499999999999272, 0.000000000000000000, 0.3175000000000017808 ) ) ;
#7640 = VECTOR ( 'NONE', #1948, 1000.000000000000000 ) ;
#7641 = VECTOR ( 'NONE', #3570, 1000.000000000000000 ) ;
#7642 = ADVANCED_FACE ( 'NONE', ( #4752 ), #5228, .T. ) ;
#7643 = FACE_OUTER_BOUND ( 'NONE', #2175, .T. ) ;
#7644 = PRESENTATION_STYLE_ASSIGNMENT (( #2393 ) ) ;
#7645 = EDGE_CURVE ( 'NONE', #4803, #5367, #2387, .T. ) ;
#7646 = ORIENTED_EDGE ( 'NONE', *, *, #1279, .F. ) ;
#7647 = ORIENTED_EDGE ( 'NONE', *, *, #6210, .F. ) ;
#7648 = DIRECTION ( 'NONE',  ( -0.7071067811865476838, 0.000000000000000000, -0.7071067811865473507 ) ) ;
#7649 = VERTEX_POINT ( 'NONE', #6499 ) ;
#7650 = DIRECTION ( 'NONE',  ( -0.000000000000000000, 1.000000000000000000, 0.000000000000000000 ) ) ;
#7651 = LINE ( 'NONE', #2859, #5698 ) ;
#7652 = CARTESIAN_POINT ( 'NONE',  ( 3.492500000000002380, 0.000000000000000000, -0.3174999999999983946 ) ) ;
#7653 = VECTOR ( 'NONE', #1831, 1000.000000000000000 ) ;
#7654 = FACE_OUTER_BOUND ( 'NONE', #4634, .T. ) ;
#7655 = EDGE_CURVE ( 'NONE', #3163, #7608, #7121, .T. ) ;
#7656 = EDGE_LOOP ( 'NONE', ( #2158, #5467, #787, #4570 ) ) ;
#7657 = ORIENTED_EDGE ( 'NONE', *, *, #6118, .F. ) ;
#7658 = CARTESIAN_POINT ( 'NONE',  ( 10.54099999999999859, 2.540000000000000036, 1.270000000000003348 ) ) ;
#7659 = VERTEX_POINT ( 'NONE', #7597 ) ;
#7660 = PLANE ( 'NONE',  #1510 ) ;
#7661 = CARTESIAN_POINT ( 'NONE',  ( 6.032500000000003304, 0.000000000000000000, 0.3175000000000017808 ) ) ;
#7662 = CONTEXT_DEPENDENT_SHAPE_REPRESENTATION ( #6036, #7 ) ;
#7663 = FACE_OUTER_BOUND ( 'NONE', #2435, .T. ) ;
#7664 = VERTEX_POINT ( 'NONE', #2308 ) ;
#7665 = FACE_OUTER_BOUND ( 'NONE', #2735, .T. ) ;
#7666 = DIRECTION ( 'NONE',  ( 0.7071067811865456854, 0.000000000000000000, -0.7071067811865493491 ) ) ;
#7667 = DIRECTION ( 'NONE',  ( -1.000000000000000000, 0.000000000000000000, 0.000000000000000000 ) ) ;
#7668 = LINE ( 'NONE', #1180, #1876 ) ;
#7669 = ORIENTED_EDGE ( 'NONE', *, *, #4365, .T. ) ;
#7670 = CARTESIAN_POINT ( 'NONE',  ( -14.85899999999999999, 0.000000000000000000, 1.270000000000003348 ) ) ;
#7671 = ORIENTED_EDGE ( 'NONE', *, *, #5410, .F. ) ;
#7672 = CARTESIAN_POINT ( 'NONE',  ( 2.159000000000001140, 0.000000000000000000, 1.270000000000002904 ) ) ;
#7673 = ORIENTED_EDGE ( 'NONE', *, *, #4533, .F. ) ;
#7674 = CARTESIAN_POINT ( 'NONE',  ( 20.32000000000000028, 0.000000000000000000, -0.8889999999999981251 ) ) ;
#7675 = EDGE_CURVE ( 'NONE', #7664, #886, #1772, .T. ) ;
#7676 = EDGE_CURVE ( 'NONE', #821, #5766, #7668, .T. ) ;
#7677 = VECTOR ( 'NONE', #6034, 1000.000000000000000 ) ;
#7678 = CARTESIAN_POINT ( 'NONE',  ( 8.001000000000001222, 0.000000000000000000, -1.269999999999996909 ) ) ;
#7679 = ORIENTED_EDGE ( 'NONE', *, *, #5969, .F. ) ;
#7680 = VERTEX_POINT ( 'NONE', #2268 ) ;
#7681 = DIRECTION ( 'NONE',  ( 1.000000000000000000, 0.000000000000000000, 0.000000000000000000 ) ) ;
#7682 = DIRECTION ( 'NONE',  ( -0.000000000000000000, 1.000000000000000000, 0.000000000000000000 ) ) ;
#7683 = VECTOR ( 'NONE', #7613, 1000.000000000000000 ) ;
#7684 = LINE ( 'NONE', #2439, #4596 ) ;
#7685 = DIRECTION ( 'NONE',  ( -0.7071067811865474617, 0.000000000000000000, 0.7071067811865474617 ) ) ;
#7686 = MECHANICAL_DESIGN_GEOMETRIC_PRESENTATION_REPRESENTATION (  '', ( #5350 ), #3474 ) ;
#7687 = NEXT_ASSEMBLY_USAGE_OCCURRENCE ( 'NAUO1', ' ', ' ', #4530, #4884, $ ) ;
#7688 = NEXT_ASSEMBLY_USAGE_OCCURRENCE ( 'NAUO2', ' ', ' ', #4530, #3584, $ ) ;
#7689 = NEXT_ASSEMBLY_USAGE_OCCURRENCE ( 'NAUO3', ' ', ' ', #4530, #3584, $ ) ;
#7690 = NEXT_ASSEMBLY_USAGE_OCCURRENCE ( 'NAUO4', ' ', ' ', #4530, #3584, $ ) ;
#7691 = NEXT_ASSEMBLY_USAGE_OCCURRENCE ( 'NAUO5', ' ', ' ', #4530, #3584, $ ) ;
#7692 = NEXT_ASSEMBLY_USAGE_OCCURRENCE ( 'NAUO6', ' ', ' ', #4530, #3584, $ ) ;
#7693 = NEXT_ASSEMBLY_USAGE_OCCURRENCE ( 'NAUO7', ' ', ' ', #4530, #3584, $ ) ;
#7694 = NEXT_ASSEMBLY_USAGE_OCCURRENCE ( 'NAUO8', ' ', ' ', #4530, #3584, $ ) ;
#7695 = NEXT_ASSEMBLY_USAGE_OCCURRENCE ( 'NAUO9', ' ', ' ', #4530, #3584, $ ) ;
#7696 = NEXT_ASSEMBLY_USAGE_OCCURRENCE ( 'NAUO10', ' ', ' ', #4530, #3584, $ ) ;
#7697 = NEXT_ASSEMBLY_USAGE_OCCURRENCE ( 'NAUO11', ' ', ' ', #4530, #3584, $ ) ;
#7698 = NEXT_ASSEMBLY_USAGE_OCCURRENCE ( 'NAUO12', ' ', ' ', #4530, #3584, $ ) ;
#7699 = NEXT_ASSEMBLY_USAGE_OCCURRENCE ( 'NAUO13', ' ', ' ', #4530, #3584, $ ) ;
#7700 = NEXT_ASSEMBLY_USAGE_OCCURRENCE ( 'NAUO14', ' ', ' ', #4530, #3584, $ ) ;
#7701 = NEXT_ASSEMBLY_USAGE_OCCURRENCE ( 'NAUO15', ' ', ' ', #4530, #3584, $ ) ;
#7702 = NEXT_ASSEMBLY_USAGE_OCCURRENCE ( 'NAUO16', ' ', ' ', #4530, #3584, $ ) ;
#7703 = NEXT_ASSEMBLY_USAGE_OCCURRENCE ( 'NAUO17', ' ', ' ', #4530, #3584, $ ) ;
ENDSEC;
END-ISO-10303-21;
