ISO-10303-21;
HEADER;
FILE_DESCRIPTION (( 'STEP AP214' ),
    '1' );
FILE_NAME ('PEC12SADN.STEP',
    '2024-09-03T18:11:14',
    ( '' ),
    ( '' ),
    'SwSTEP 2.0',
    'SolidWorks 2021',
    '' );
FILE_SCHEMA (( 'AUTOMOTIVE_DESIGN' ));
ENDSEC;

DATA;
#1 = DIRECTION ( 'NONE',  ( -1.000000000000000000, 0.000000000000000000, 0.000000000000000000 ) ) ;
#2 = ORIENTED_EDGE ( 'NONE', *, *, #823, .T. ) ;
#3 = DIRECTION ( 'NONE',  ( 0.000000000000000000, 0.000000000000000000, -1.000000000000000000 ) ) ;
#4 = ORIENTED_EDGE ( 'NONE', *, *, #43, .F. ) ;
#5 = DIRECTION ( 'NONE',  ( -0.000000000000000000, -0.000000000000000000, 1.000000000000000000 ) ) ;
#6 = ORIENTED_EDGE ( 'NONE', *, *, #3457, .T. ) ;
#7 = DIRECTION ( 'NONE',  ( 0.000000000000000000, 0.000000000000000000, -1.000000000000000000 ) ) ;
#8 = ORIENTED_EDGE ( 'NONE', *, *, #5277, .F. ) ;
#9 = CLOSED_SHELL ( 'NONE', ( #3314, #3160, #2794, #2983, #4947, #983, #1555, #2123, #4290, #5059, #4187, #310, #3060, #274 ) ) ;
#10 = EDGE_CURVE ( 'NONE', #1591, #1078, #3082, .T. ) ;
#11 = EDGE_CURVE ( 'NONE', #5647, #3399, #3804, .T. ) ;
#12 = DIRECTION ( 'NONE',  ( 1.951319995474474122E-15, 0.000000000000000000, 1.000000000000000000 ) ) ;
#13 = ORIENTED_EDGE ( 'NONE', *, *, #904, .F. ) ;
#14 = EDGE_LOOP ( 'NONE', ( #4169, #509, #5042, #3069 ) ) ;
#15 = AXIS2_PLACEMENT_3D ( 'NONE', #1946, #4236, #1917 ) ;
#16 = LINE ( 'NONE', #4532, #3865 ) ;
#17 = FACE_OUTER_BOUND ( 'NONE', #1752, .T. ) ;
#18 = CARTESIAN_POINT ( 'NONE',  ( -0.3174999999999999489, -10.32509999999999373, 0.3174999999999999489 ) ) ;
#19 = CARTESIAN_POINT ( 'NONE',  ( -5.079999999999999183, 2.540000000000000036, -0.8889999999999981251 ) ) ;
#20 = ORIENTED_EDGE ( 'NONE', *, *, #3239, .T. ) ;
#21 = DIRECTION ( 'NONE',  ( -0.7071067811865471286, 0.000000000000000000, 0.7071067811865479058 ) ) ;
#22 = ORIENTED_EDGE ( 'NONE', *, *, #4799, .F. ) ;
#23 =( NAMED_UNIT ( * ) PLANE_ANGLE_UNIT ( ) SI_UNIT ( $, .RADIAN. ) );
#24 = FACE_OUTER_BOUND ( 'NONE', #1034, .T. ) ;
#25 = PRODUCT_DEFINITION_SHAPE ( 'NONE', 'NONE',  #5924 ) ;
#26 = CARTESIAN_POINT ( 'NONE',  ( 11.11250000000000426, 0.000000000000000000, -0.3174999999999990052 ) ) ;
#27 = ORIENTED_EDGE ( 'NONE', *, *, #5095, .F. ) ;
#28 = FACE_BOUND ( 'NONE', #4704, .T. ) ;
#29 = VERTEX_POINT ( 'NONE', #292 ) ;
#30 = DIRECTION ( 'NONE',  ( 0.000000000000000000, 0.000000000000000000, 1.000000000000000000 ) ) ;
#31 = VECTOR ( 'NONE', #2229, 1000.000000000000000 ) ;
#32 = VERTEX_POINT ( 'NONE', #3910 ) ;
#33 = VECTOR ( 'NONE', #1791, 1000.000000000000000 ) ;
#34 =( REPRESENTATION_RELATIONSHIP ('NONE','NONE', #5475, #3634 ) REPRESENTATION_RELATIONSHIP_WITH_TRANSFORMATION ( #5179 )SHAPE_REPRESENTATION_RELATIONSHIP( ) );
#35 =( LENGTH_UNIT ( ) NAMED_UNIT ( * ) SI_UNIT ( .MILLI., .METRE. ) );
#36 = ORIENTED_EDGE ( 'NONE', *, *, #4915, .F. ) ;
#37 = AXIS2_PLACEMENT_3D ( 'NONE', #1777, #3567, #3095 ) ;
#38 = DIRECTION ( 'NONE',  ( 0.000000000000000000, -0.000000000000000000, 1.000000000000000000 ) ) ;
#39 = ORIENTED_EDGE ( 'NONE', *, *, #1823, .F. ) ;
#40 = ORIENTED_EDGE ( 'NONE', *, *, #4760, .F. ) ;
#41 = DIRECTION ( 'NONE',  ( 1.000000000000000000, -0.000000000000000000, 0.000000000000000000 ) ) ;
#42 = CARTESIAN_POINT ( 'NONE',  ( -15.24000000000000021, 0.000000000000000000, -0.8889999999999981251 ) ) ;
#43 = EDGE_CURVE ( 'NONE', #5455, #1208, #2151, .T. ) ;
#44 = VECTOR ( 'NONE', #2703, 1000.000000000000000 ) ;
#45 = ADVANCED_FACE ( 'NONE', ( #5598, #4699 ), #2569, .F. ) ;
#46 = PLANE ( 'NONE',  #5899 ) ;
#47 = CARTESIAN_POINT ( 'NONE',  ( -0.3174999999999999489, 8.039099999999994139, 0.3174999999999999489 ) ) ;
#48 = AXIS2_PLACEMENT_3D ( 'NONE', #2412, #5129, #4225 ) ;
#49 = EDGE_CURVE ( 'NONE', #5753, #3665, #4354, .T. ) ;
#50 = AXIS2_PLACEMENT_3D ( 'NONE', #3234, #3646, #5473 ) ;
#51 = ORIENTED_EDGE ( 'NONE', *, *, #1723, .T. ) ;
#52 = PLANE ( 'NONE',  #1299 ) ;
#53 = ORIENTED_EDGE ( 'NONE', *, *, #1296, .F. ) ;
#54 = VECTOR ( 'NONE', #2891, 1000.000000000000000 ) ;
#55 =( NAMED_UNIT ( * ) SI_UNIT ( $, .STERADIAN. ) SOLID_ANGLE_UNIT ( ) );
#56 = EDGE_CURVE ( 'NONE', #1172, #2710, #769, .T. ) ;
#57 = EDGE_CURVE ( 'NONE', #5563, #1246, #5283, .T. ) ;
#58 = LINE ( 'NONE', #1435, #4745 ) ;
#59 = VECTOR ( 'NONE', #4301, 1000.000000000000000 ) ;
#60 = CARTESIAN_POINT ( 'NONE',  ( -0.3174999999999999489, 2.540000000000000036, 0.3174999999999999489 ) ) ;
#61 = ORIENTED_EDGE ( 'NONE', *, *, #2769, .F. ) ;
#62 = CARTESIAN_POINT ( 'NONE',  ( 1.587500000000002132, 0.000000000000000000, -0.3174999999999990052 ) ) ;
#63 = ORIENTED_EDGE ( 'NONE', *, *, #2427, .F. ) ;
#64 = UNCERTAINTY_MEASURE_WITH_UNIT (LENGTH_MEASURE( 1.000000000000000082E-05 ), #4785, 'distance_accuracy_value', 'NONE');
#65 = DIRECTION ( 'NONE',  ( -0.7071067811865471286, -0.000000000000000000, 0.7071067811865479058 ) ) ;
#66 = ORIENTED_EDGE ( 'NONE', *, *, #4760, .T. ) ;
#67 = AXIS2_PLACEMENT_3D ( 'NONE', #3882, #4720, #1162 ) ;
#68 = AXIS2_PLACEMENT_3D ( 'NONE', #3170, #1735, #1799 ) ;
#69 = CARTESIAN_POINT ( 'NONE',  ( -0.3174999999999999489, 2.540000000000000036, 0.3174999999999999489 ) ) ;
#70 = PLANE ( 'NONE',  #1480 ) ;
#71 = VERTEX_POINT ( 'NONE', #3967 ) ;
#72 = VECTOR ( 'NONE', #2044, 1000.000000000000114 ) ;
#73 = SHAPE_REPRESENTATION_RELATIONSHIP ( 'NONE' , 'NONE' ,  #3634, #871 ) ;
#74 = DIRECTION ( 'NONE',  ( 1.000000000000000000, 0.000000000000000000, -2.439149994343089694E-16 ) ) ;
#75 = MECHANICAL_DESIGN_GEOMETRIC_PRESENTATION_REPRESENTATION (  '', ( #2759 ), #2557 ) ;
#76 = ORIENTED_EDGE ( 'NONE', *, *, #461, .F. ) ;
#77 = ORIENTED_EDGE ( 'NONE', *, *, #1407, .T. ) ;
#78 = PRODUCT_DEFINITION_SHAPE ( 'NONE', 'NONE',  #5927 ) ;
#79 = CARTESIAN_POINT ( 'NONE',  ( 7.239000000000006096, 2.540000000000000036, -1.269999999999998241 ) ) ;
#80 = CARTESIAN_POINT ( 'NONE',  ( -11.11249999999999716, 2.540000000000000036, -0.3174999999999990052 ) ) ;
#81 = DIRECTION ( 'NONE',  ( -0.9781476007338063550, 0.2079116908177560674, 0.000000000000000000 ) ) ;
#82 = CARTESIAN_POINT ( 'NONE',  ( -6.667499999999997762, 0.000000000000000000, 0.3175000000000011702 ) ) ;
#83 = EDGE_CURVE ( 'NONE', #1600, #5850, #5811, .T. ) ;
#84 = EDGE_LOOP ( 'NONE', ( #1535, #2916, #5737, #2786 ) ) ;
#85 = DIRECTION ( 'NONE',  ( 0.000000000000000000, 1.000000000000000000, 0.000000000000000000 ) ) ;
#86 = VERTEX_POINT ( 'NONE', #4897 ) ;
#87 = EDGE_CURVE ( 'NONE', #3268, #468, #3019, .T. ) ;
#88 = CARTESIAN_POINT ( 'NONE',  ( -10.54099999999999504, 0.000000000000000000, 1.270000000000001794 ) ) ;
#89 = DIRECTION ( 'NONE',  ( 1.000000000000000000, 0.000000000000000000, 0.000000000000000000 ) ) ;
#90 = ADVANCED_FACE ( 'NONE', ( #5254 ), #2426, .T. ) ;
#91 = CARTESIAN_POINT ( 'NONE',  ( 10.54100000000000570, 0.000000000000000000, 1.270000000000002238 ) ) ;
#92 = ORIENTED_EDGE ( 'NONE', *, *, #1076, .F. ) ;
#93 = EDGE_CURVE ( 'NONE', #1991, #4893, #5632, .T. ) ;
#94 = DIRECTION ( 'NONE',  ( 0.000000000000000000, 1.000000000000000000, 0.000000000000000000 ) ) ;
#95 = ORIENTED_EDGE ( 'NONE', *, *, #1522, .F. ) ;
#96 = CARTESIAN_POINT ( 'NONE',  ( 12.70000000000000284, 0.000000000000000000, -0.8889999999999981251 ) ) ;
#97 = ORIENTED_EDGE ( 'NONE', *, *, #3134, .T. ) ;
#98 = DIRECTION ( 'NONE',  ( 0.7071067811865462405, 0.000000000000000000, 0.7071067811865489050 ) ) ;
#99 = DIRECTION ( 'NONE',  ( 1.000000000000000000, 0.000000000000000000, 0.000000000000000000 ) ) ;
#100 = LINE ( 'NONE', #4674, #1958 ) ;
#101 = VERTEX_POINT ( 'NONE', #1618 ) ;
#102 = DIRECTION ( 'NONE',  ( -0.000000000000000000, 1.000000000000000000, 0.000000000000000000 ) ) ;
#103 = ORIENTED_EDGE ( 'NONE', *, *, #5317, .F. ) ;
#104 = ORIENTED_EDGE ( 'NONE', *, *, #3090, .F. ) ;
#105 = DIRECTION ( 'NONE',  ( -0.7071067811865489050, 0.000000000000000000, 0.7071067811865462405 ) ) ;
#106 = DIRECTION ( 'NONE',  ( -0.000000000000000000, -0.000000000000000000, -1.000000000000000000 ) ) ;
#107 = VECTOR ( 'NONE', #2991, 1000.000000000000000 ) ;
#108 = PLANE ( 'NONE',  #5602 ) ;
#109 = FACE_OUTER_BOUND ( 'NONE', #4230, .T. ) ;
#110 = AXIS2_PLACEMENT_3D ( 'NONE', #3179, #1, #1408 ) ;
#111 = VERTEX_POINT ( 'NONE', #4838 ) ;
#112 = CARTESIAN_POINT ( 'NONE',  ( -12.31900000000000084, 2.540000000000000036, -1.269999999999998019 ) ) ;
#113 = ORIENTED_EDGE ( 'NONE', *, *, #1239, .F. ) ;
#114 = CARTESIAN_POINT ( 'NONE',  ( -8.000999999999994117, 0.000000000000000000, 1.270000000000001794 ) ) ;
#115 = SURFACE_STYLE_FILL_AREA ( #4630 ) ;
#116 = DIRECTION ( 'NONE',  ( 0.000000000000000000, 0.000000000000000000, -1.000000000000000000 ) ) ;
#117 = ORIENTED_EDGE ( 'NONE', *, *, #2378, .T. ) ;
#118 = LINE ( 'NONE', #5688, #179 ) ;
#119 = VERTEX_POINT ( 'NONE', #1248 ) ;
#120 = UNCERTAINTY_MEASURE_WITH_UNIT (LENGTH_MEASURE( 1.000000000000000082E-05 ), #5801, 'distance_accuracy_value', 'NONE');
#121 = DIRECTION ( 'NONE',  ( -0.000000000000000000, -1.000000000000000000, -0.000000000000000000 ) ) ;
#122 = ORIENTED_EDGE ( 'NONE', *, *, #5430, .T. ) ;
#123 = VECTOR ( 'NONE', #5395, 1000.000000000000000 ) ;
#124 = ADVANCED_FACE ( 'NONE', ( #738 ), #2094, .T. ) ;
#125 = DIRECTION ( 'NONE',  ( 0.000000000000000000, 0.000000000000000000, 1.000000000000000000 ) ) ;
#126 = ADVANCED_FACE ( 'NONE', ( #3501 ), #5315, .F. ) ;
#127 = LINE ( 'NONE', #1627, #3701 ) ;
#128 = FACE_OUTER_BOUND ( 'NONE', #840, .T. ) ;
#129 = ORIENTED_EDGE ( 'NONE', *, *, #2911, .F. ) ;
#130 = ADVANCED_FACE ( 'NONE', ( #2880 ), #1221, .F. ) ;
#131 = DIRECTION ( 'NONE',  ( 0.000000000000000000, 0.000000000000000000, 1.000000000000000000 ) ) ;
#132 = LINE ( 'NONE', #1453, #2331 ) ;
#133 = ORIENTED_EDGE ( 'NONE', *, *, #1677, .F. ) ;
#134 = ORIENTED_EDGE ( 'NONE', *, *, #5541, .T. ) ;
#135 = LINE ( 'NONE', #1546, #4920 ) ;
#136 = CARTESIAN_POINT ( 'NONE',  ( 3.469446951953614189E-15, 0.000000000000000000, -0.8889999999999986802 ) ) ;
#137 = DIRECTION ( 'NONE',  ( 0.7071067811865462405, 0.000000000000000000, 0.7071067811865489050 ) ) ;
#138 = CARTESIAN_POINT ( 'NONE',  ( 2.159000000000004693, 2.540000000000000036, 1.270000000000001794 ) ) ;
#139 = AXIS2_PLACEMENT_3D ( 'NONE', #3517, #2684, #4428 ) ;
#140 = ORIENTED_EDGE ( 'NONE', *, *, #3357, .T. ) ;
#141 = PLANE ( 'NONE',  #3762 ) ;
#142 = ORIENTED_EDGE ( 'NONE', *, *, #4653, .T. ) ;
#143 = CARTESIAN_POINT ( 'NONE',  ( 0.3174999999999999489, 8.382000000000001450, -0.3174999999999999489 ) ) ;
#144 = VECTOR ( 'NONE', #953, 1000.000000000000000 ) ;
#145 = AXIS2_PLACEMENT_3D ( 'NONE', #3828, #1079, #2906 ) ;
#146 = CARTESIAN_POINT ( 'NONE',  ( -0.3809999999999941767, 0.000000000000000000, -1.269999999999998241 ) ) ;
#147 =( NAMED_UNIT ( * ) SI_UNIT ( $, .STERADIAN. ) SOLID_ANGLE_UNIT ( ) );
#148 = VECTOR ( 'NONE', #3589, 1000.000000000000000 ) ;
#150 = DIRECTION ( 'NONE',  ( 0.000000000000000000, 1.000000000000000000, 0.000000000000000000 ) ) ;
#149 = VECTOR ( 'NONE', #1528, 1000.000000000000114 ) ;
#151 = ORIENTED_EDGE ( 'NONE', *, *, #1867, .F. ) ;
#152 = FACE_BOUND ( 'NONE', #530, .T. ) ;
#153 = ORIENTED_EDGE ( 'NONE', *, *, #4337, .T. ) ;
#154 = DIRECTION ( 'NONE',  ( 0.000000000000000000, 1.000000000000000000, 0.000000000000000000 ) ) ;
#155 = CARTESIAN_POINT ( 'NONE',  ( -0.3174999999999999489, 8.382000000000001450, 0.3174999999999999489 ) ) ;
#156 = CARTESIAN_POINT ( 'NONE',  ( 13.65250000000000519, 0.000000000000000000, -0.3174999999999990052 ) ) ;
#157 = VECTOR ( 'NONE', #2688, 1000.000000000000000 ) ;
#158 = CARTESIAN_POINT ( 'NONE',  ( 6.032500000000003304, 0.000000000000000000, 0.3175000000000011702 ) ) ;
#159 = EDGE_CURVE ( 'NONE', #395, #3118, #1984, .T. ) ;
#160 = VECTOR ( 'NONE', #3493, 1000.000000000000000 ) ;
#161 = LINE ( 'NONE', #1990, #1676 ) ;
#162 = ORIENTED_EDGE ( 'NONE', *, *, #2226, .F. ) ;
#163 = CARTESIAN_POINT ( 'NONE',  ( 3.810000000000002718, 0.000000000000000000, 1.192622389734054877E-15 ) ) ;
#164 = SURFACE_SIDE_STYLE ('',( #3836 ) ) ;
#165 = ADVANCED_FACE ( 'NONE', ( #917 ), #1826, .F. ) ;
#166 = ORIENTED_EDGE ( 'NONE', *, *, #3352, .F. ) ;
#167 = EDGE_CURVE ( 'NONE', #1420, #791, #2184, .T. ) ;
#168 = ORIENTED_EDGE ( 'NONE', *, *, #2802, .F. ) ;
#169 = AXIS2_PLACEMENT_3D ( 'NONE', #4962, #5319, #3084 ) ;
#170 = DIRECTION ( 'NONE',  ( -1.000000000000000000, 0.000000000000000000, 1.951319995474474122E-15 ) ) ;
#171 = DIRECTION ( 'NONE',  ( -0.000000000000000000, -0.000000000000000000, -1.000000000000000000 ) ) ;
#172 = CARTESIAN_POINT ( 'NONE',  ( -9.207499999999997797, 0.000000000000000000, -0.3174999999999990052 ) ) ;
#173 = CARTESIAN_POINT ( 'NONE',  ( 0.000000000000000000, 2.540000000000000036, 0.000000000000000000 ) ) ;
#174 = AXIS2_PLACEMENT_3D ( 'NONE', #1200, #1327, #396 ) ;
#175 = EDGE_CURVE ( 'NONE', #2259, #2231, #5861, .T. ) ;
#176 = ORIENTED_EDGE ( 'NONE', *, *, #3349, .T. ) ;
#177 = CARTESIAN_POINT ( 'NONE',  ( 13.65250000000000519, 2.540000000000000036, -0.3174999999999990052 ) ) ;
#178 = ORIENTED_EDGE ( 'NONE', *, *, #4041, .T. ) ;
#179 = VECTOR ( 'NONE', #2453, 1000.000000000000000 ) ;
#180 = CARTESIAN_POINT ( 'NONE',  ( -13.08099999999999596, 0.000000000000000000, 1.270000000000001794 ) ) ;
#181 = CARTESIAN_POINT ( 'NONE',  ( 13.08100000000000662, 0.000000000000000000, 1.270000000000002238 ) ) ;
#182 = LINE ( 'NONE', #624, #5513 ) ;
#183 = EDGE_LOOP ( 'NONE', ( #2556, #3595, #2078, #982 ) ) ;
#184 = EDGE_CURVE ( 'NONE', #5321, #4429, #1733, .T. ) ;
#185 = DIRECTION ( 'NONE',  ( 1.000000000000000000, 0.000000000000000000, -2.439149994343089694E-16 ) ) ;
#186 = EDGE_LOOP ( 'NONE', ( #5578, #3103, #5783, #1935 ) ) ;
#187 = DIRECTION ( 'NONE',  ( 0.7071067811865505703, -0.000000000000000000, 0.7071067811865444641 ) ) ;
#188 = LINE ( 'NONE', #4815, #5905 ) ;
#189 = CARTESIAN_POINT ( 'NONE',  ( -12.69999999999999751, 0.000000000000000000, -0.8889999999999986802 ) ) ;
#190 = DIRECTION ( 'NONE',  ( 0.000000000000000000, -0.000000000000000000, 1.000000000000000000 ) ) ;
#191 = ORIENTED_EDGE ( 'NONE', *, *, #5392, .T. ) ;
#192 = DIRECTION ( 'NONE',  ( 1.000000000000000000, 0.000000000000000000, 0.000000000000000000 ) ) ;
#193 = LINE ( 'NONE', #5269, #5096 ) ;
#194 = ORIENTED_EDGE ( 'NONE', *, *, #5731, .F. ) ;
#195 = ORIENTED_EDGE ( 'NONE', *, *, #2003, .F. ) ;
#196 = CARTESIAN_POINT ( 'NONE',  ( -2.920999999999994934, 0.000000000000000000, -1.269999999999998241 ) ) ;
#197 = DIRECTION ( 'NONE',  ( 0.000000000000000000, 0.000000000000000000, -1.000000000000000000 ) ) ;
#198 = CARTESIAN_POINT ( 'NONE',  ( -0.3174999999999999489, -10.32509999999999373, 0.3174999999999999489 ) ) ;
#199 = EDGE_CURVE ( 'NONE', #759, #833, #3167, .T. ) ;
#200 = DIRECTION ( 'NONE',  ( 0.000000000000000000, 1.000000000000000000, 0.000000000000000000 ) ) ;
#201 = EDGE_CURVE ( 'NONE', #4328, #4021, #4960, .T. ) ;
#202 = ORIENTED_EDGE ( 'NONE', *, *, #2837, .F. ) ;
#203 = DIRECTION ( 'NONE',  ( 0.000000000000000000, 1.000000000000000000, 0.000000000000000000 ) ) ;
#204 = EDGE_LOOP ( 'NONE', ( #2860, #4867, #1391, #1184 ) ) ;
#205 = DIRECTION ( 'NONE',  ( 0.000000000000000000, -0.2079116908177565115, -0.9781476007338062439 ) ) ;
#206 = DIRECTION ( 'NONE',  ( 1.000000000000000000, -0.000000000000000000, 0.000000000000000000 ) ) ;
#207 = EDGE_CURVE ( 'NONE', #3448, #5563, #5045, .T. ) ;
#208 = AXIS2_PLACEMENT_3D ( 'NONE', #1036, #4682, #1090 ) ;
#209 = ORIENTED_EDGE ( 'NONE', *, *, #831, .F. ) ;
#210 = PLANE ( 'NONE',  #447 ) ;
#211 = EDGE_LOOP ( 'NONE', ( #4164, #4272, #3006, #1810 ) ) ;
#212 = VECTOR ( 'NONE', #2785, 1000.000000000000114 ) ;
#213 = DIRECTION ( 'NONE',  ( 0.000000000000000000, 1.000000000000000000, 0.000000000000000000 ) ) ;
#214 = CARTESIAN_POINT ( 'NONE',  ( 2.159000000000004693, 2.540000000000000036, -1.269999999999998241 ) ) ;
#215 = CARTESIAN_POINT ( 'NONE',  ( -5.460999999999994969, 0.000000000000000000, 1.270000000000001794 ) ) ;
#216 = VERTEX_POINT ( 'NONE', #3555 ) ;
#217 = PRODUCT_CONTEXT ( 'NONE', #2722, 'mechanical' ) ;
#218 = LINE ( 'NONE', #5638, #1942 ) ;
#219 = EDGE_LOOP ( 'NONE', ( #2340, #5048, #5073, #77 ) ) ;
#220 = ORIENTED_EDGE ( 'NONE', *, *, #4775, .F. ) ;
#221 = LINE ( 'NONE', #3784, #631 ) ;
#222 = FACE_BOUND ( 'NONE', #2566, .T. ) ;
#223 = DIRECTION ( 'NONE',  ( 0.000000000000000000, 1.000000000000000000, 0.000000000000000000 ) ) ;
#224 = CARTESIAN_POINT ( 'NONE',  ( 14.85900000000000709, 2.540000000000000036, -1.269999999999998241 ) ) ;
#225 = ORIENTED_EDGE ( 'NONE', *, *, #745, .T. ) ;
#226 = CARTESIAN_POINT ( 'NONE',  ( -2.158999999999999364, 0.000000000000000000, -1.269999999999998019 ) ) ;
#227 = ORIENTED_EDGE ( 'NONE', *, *, #1666, .F. ) ;
#228 = EDGE_CURVE ( 'NONE', #3399, #4237, #5466, .T. ) ;
#229 = DIRECTION ( 'NONE',  ( 0.7071067811865463515, 0.000000000000000000, 0.7071067811865487940 ) ) ;
#230 = DIRECTION ( 'NONE',  ( -0.7071067811865489050, 0.000000000000000000, 0.7071067811865462405 ) ) ;
#231 = LINE ( 'NONE', #2037, #2173 ) ;
#232 = VECTOR ( 'NONE', #878, 1000.000000000000000 ) ;
#233 = ORIENTED_EDGE ( 'NONE', *, *, #3280, .T. ) ;
#234 = DIRECTION ( 'NONE',  ( -0.7071067811865471286, 0.000000000000000000, 0.7071067811865479058 ) ) ;
#235 = ORIENTED_EDGE ( 'NONE', *, *, #236, .T. ) ;
#236 = EDGE_CURVE ( 'NONE', #5286, #468, #865, .T. ) ;
#237 = VECTOR ( 'NONE', #3449, 1000.000000000000114 ) ;
#238 = VECTOR ( 'NONE', #3623, 1000.000000000000000 ) ;
#239 = EDGE_CURVE ( 'NONE', #1930, #5658, #4058, .T. ) ;
#240 = DIRECTION ( 'NONE',  ( 0.000000000000000000, 1.000000000000000000, 0.000000000000000000 ) ) ;
#241 = VECTOR ( 'NONE', #2961, 1000.000000000000000 ) ;
#242 = CARTESIAN_POINT ( 'NONE',  ( -14.28749999999999787, 0.000000000000000000, 0.3175000000000011702 ) ) ;
#243 = AXIS2_PLACEMENT_3D ( 'NONE', #2183, #1907, #948 ) ;
#244 = CARTESIAN_POINT ( 'NONE',  ( 5.461000000000003851, 0.000000000000000000, 1.270000000000002238 ) ) ;
#245 = CARTESIAN_POINT ( 'NONE',  ( -2.920999999999994934, 2.540000000000000036, 1.270000000000001794 ) ) ;
#246 = ORIENTED_EDGE ( 'NONE', *, *, #2501, .T. ) ;
#247 = VECTOR ( 'NONE', #825, 1000.000000000000000 ) ;
#248 = VECTOR ( 'NONE', #561, 1000.000000000000000 ) ;
#249 = ORIENTED_EDGE ( 'NONE', *, *, #2429, .F. ) ;
#250 = EDGE_CURVE ( 'NONE', #4362, #5455, #5867, .T. ) ;
#251 = VERTEX_POINT ( 'NONE', #3113 ) ;
#252 = DIRECTION ( 'NONE',  ( 0.000000000000000000, 0.000000000000000000, 1.000000000000000000 ) ) ;
#253 = CARTESIAN_POINT ( 'NONE',  ( 0.000000000000000000, 0.000000000000000000, -0.8889999999999981251 ) ) ;
#254 = COLOUR_RGB ( '',0.2509803921568627416, 0.2509803921568627416, 0.2509803921568627416 ) ;
#255 = CARTESIAN_POINT ( 'NONE',  ( 2.920999999999999819, 0.000000000000000000, -1.269999999999998019 ) ) ;
#256 = FACE_OUTER_BOUND ( 'NONE', #183, .T. ) ;
#257 = VECTOR ( 'NONE', #2403, 1000.000000000000000 ) ;
#258 = LINE ( 'NONE', #3334, #4125 ) ;
#259 = VECTOR ( 'NONE', #1504, 1000.000000000000000 ) ;
#260 = VECTOR ( 'NONE', #1213, 1000.000000000000000 ) ;
#261 = ORIENTED_EDGE ( 'NONE', *, *, #2217, .T. ) ;
#262 = LINE ( 'NONE', #317, #371 ) ;
#263 = VERTEX_POINT ( 'NONE', #3584 ) ;
#264 = CARTESIAN_POINT ( 'NONE',  ( -9.207499999999997797, 0.000000000000000000, -0.3174999999999990052 ) ) ;
#265 = CARTESIAN_POINT ( 'NONE',  ( 12.31900000000000617, 0.000000000000000000, -1.269999999999998241 ) ) ;
#266 = DIRECTION ( 'NONE',  ( -0.000000000000000000, -1.000000000000000000, -0.000000000000000000 ) ) ;
#267 = AXIS2_PLACEMENT_3D ( 'NONE', #3596, #2548, #4370 ) ;
#268 = ORIENTED_EDGE ( 'NONE', *, *, #4910, .F. ) ;
#269 = PRODUCT_RELATED_PRODUCT_CATEGORY ( 'part', '', ( #986 ) ) ;
#270 = LINE ( 'NONE', #3087, #942 ) ;
#271 = ORIENTED_EDGE ( 'NONE', *, *, #1239, .T. ) ;
#272 = CARTESIAN_POINT ( 'NONE',  ( -2.158999999999995811, 2.540000000000000036, 1.270000000000002238 ) ) ;
#273 = ADVANCED_FACE ( 'NONE', ( #5408, #1797 ), #2302, .F. ) ;
#274 = ADVANCED_FACE ( 'NONE', ( #4926 ), #4985, .F. ) ;
#275 = CARTESIAN_POINT ( 'NONE',  ( -2.539999999999995595, 2.540000000000000036, 0.8890000000000015667 ) ) ;
#276 = PLANE ( 'NONE',  #4660 ) ;
#277 = PLANE ( 'NONE',  #4145 ) ;
#278 = EDGE_LOOP ( 'NONE', ( #5515, #1022, #4296, #3111 ) ) ;
#279 = EDGE_CURVE ( 'NONE', #4254, #1930, #1310, .T. ) ;
#280 = DIRECTION ( 'NONE',  ( 0.7071067811865444641, 0.000000000000000000, -0.7071067811865505703 ) ) ;
#281 = ORIENTED_EDGE ( 'NONE', *, *, #4883, .T. ) ;
#282 = ORIENTED_EDGE ( 'NONE', *, *, #4765, .T. ) ;
#283 = LINE ( 'NONE', #3991, #247 ) ;
#284 = LINE ( 'NONE', #253, #1067 ) ;
#285 = DIRECTION ( 'NONE',  ( 0.000000000000000000, 1.000000000000000000, 0.000000000000000000 ) ) ;
#286 = FACE_OUTER_BOUND ( 'NONE', #5881, .T. ) ;
#287 = CARTESIAN_POINT ( 'NONE',  ( 2.159000000000004693, 0.000000000000000000, -1.269999999999998241 ) ) ;
#288 = ORIENTED_EDGE ( 'NONE', *, *, #4612, .T. ) ;
#289 = CARTESIAN_POINT ( 'NONE',  ( 0.3810000000000028919, 2.540000000000000036, 1.270000000000002238 ) ) ;
#290 = ORIENTED_EDGE ( 'NONE', *, *, #4215, .T. ) ;
#291 = CARTESIAN_POINT ( 'NONE',  ( 5.461000000000003851, 0.000000000000000000, 1.270000000000002238 ) ) ;
#292 = CARTESIAN_POINT ( 'NONE',  ( 4.699000000000005173, 0.000000000000000000, -1.269999999999998241 ) ) ;
#293 = CARTESIAN_POINT ( 'NONE',  ( -6.032499999999997975, 0.000000000000000000, -0.3174999999999990052 ) ) ;
#294 = PLANE ( 'NONE',  #68 ) ;
#295 = ORIENTED_EDGE ( 'NONE', *, *, #4765, .F. ) ;
#296 = CARTESIAN_POINT ( 'NONE',  ( -6.667499999999997762, 0.000000000000000000, 0.3175000000000011702 ) ) ;
#297 = ORIENTED_EDGE ( 'NONE', *, *, #4180, .F. ) ;
#298 = DIRECTION ( 'NONE',  ( -0.000000000000000000, 1.000000000000000000, 0.000000000000000000 ) ) ;
#299 = CARTESIAN_POINT ( 'NONE',  ( -4.127499999999997726, 2.540000000000000036, 0.3175000000000011702 ) ) ;
#300 = VECTOR ( 'NONE', #470, 1000.000000000000000 ) ;
#301 = DIRECTION ( 'NONE',  ( 1.000000000000000000, 0.000000000000000000, 0.000000000000000000 ) ) ;
#302 = LINE ( 'NONE', #3094, #365 ) ;
#303 = VECTOR ( 'NONE', #2563, 1000.000000000000000 ) ;
#304 = DIRECTION ( 'NONE',  ( 0.000000000000000000, 0.000000000000000000, -1.000000000000000000 ) ) ;
#305 = VERTEX_POINT ( 'NONE', #4090 ) ;
#306 = EDGE_CURVE ( 'NONE', #4603, #5893, #3145, .T. ) ;
#307 = ADVANCED_FACE ( 'NONE', ( #17 ), #383, .F. ) ;
#308 = VERTEX_POINT ( 'NONE', #5490 ) ;
#309 = ORIENTED_EDGE ( 'NONE', *, *, #3372, .T. ) ;
#310 = ADVANCED_FACE ( 'NONE', ( #2241 ), #5442, .F. ) ;
#311 = ADVANCED_FACE ( 'NONE', ( #3288 ), #5582, .T. ) ;
#312 = DIRECTION ( 'NONE',  ( 0.000000000000000000, 0.000000000000000000, 1.000000000000000000 ) ) ;
#313 = LINE ( 'NONE', #3523, #1303 ) ;
#314 = SURFACE_SIDE_STYLE ('',( #4473 ) ) ;
#315 = FACE_OUTER_BOUND ( 'NONE', #4774, .T. ) ;
#316 = ORIENTED_EDGE ( 'NONE', *, *, #1291, .T. ) ;
#317 = CARTESIAN_POINT ( 'NONE',  ( -15.24000000000000021, 0.000000000000000000, -0.8889999999999981251 ) ) ;
#318 = VECTOR ( 'NONE', #2178, 1000.000000000000000 ) ;
#319 = ORIENTED_EDGE ( 'NONE', *, *, #3057, .T. ) ;
#320 = CARTESIAN_POINT ( 'NONE',  ( -12.31899999999999729, 2.540000000000000036, 1.270000000000002238 ) ) ;
#321 = CARTESIAN_POINT ( 'NONE',  ( 3.469446951953614189E-15, 0.000000000000000000, 0.8890000000000015667 ) ) ;
#322 = CARTESIAN_POINT ( 'NONE',  ( -1.587499999999996803, 2.540000000000000036, 0.3175000000000011702 ) ) ;
#323 = LINE ( 'NONE', #3970, #644 ) ;
#324 = VERTEX_POINT ( 'NONE', #1547 ) ;
#325 = CARTESIAN_POINT ( 'NONE',  ( -6.667499999999997762, 2.540000000000000036, 0.3175000000000011702 ) ) ;
#326 = EDGE_LOOP ( 'NONE', ( #5085, #4882, #3559, #4453 ) ) ;
#327 = FILL_AREA_STYLE_COLOUR ( '', #622 ) ;
#328 = VECTOR ( 'NONE', #2227, 1000.000000000000000 ) ;
#329 = CARTESIAN_POINT ( 'NONE',  ( 12.31900000000000617, 0.000000000000000000, 1.270000000000001794 ) ) ;
#331 = FACE_OUTER_BOUND ( 'NONE', #712, .T. ) ;
#330 = MECHANICAL_DESIGN_GEOMETRIC_PRESENTATION_REPRESENTATION (  '', ( #3207 ), #4821 ) ;
#332 = FACE_OUTER_BOUND ( 'NONE', #2432, .T. ) ;
#333 = FACE_OUTER_BOUND ( 'NONE', #3833, .T. ) ;
#334 = VERTEX_POINT ( 'NONE', #5158 ) ;
#335 = AXIS2_PLACEMENT_3D ( 'NONE', #3759, #205, #1497 ) ;
#336 = ITEM_DEFINED_TRANSFORMATION ( 'NONE', 'NONE', #5915,  #1320 ) ;
#337 = EDGE_CURVE ( 'NONE', #1246, #2165, #3378, .T. ) ;
#338 = VECTOR ( 'NONE', #2979, 1000.000000000000000 ) ;
#339 = ORIENTED_EDGE ( 'NONE', *, *, #939, .F. ) ;
#340 = ORIENTED_EDGE ( 'NONE', *, *, #5608, .F. ) ;
#341 = DIRECTION ( 'NONE',  ( 0.7071067811865492381, 0.000000000000000000, -0.7071067811865457964 ) ) ;
#342 = LINE ( 'NONE', #4828, #160 ) ;
#343 = DIRECTION ( 'NONE',  ( -2.439149994343084764E-16, 0.000000000000000000, -1.000000000000000000 ) ) ;
#344 = VECTOR ( 'NONE', #5225, 1000.000000000000000 ) ;
#345 = ADVANCED_FACE ( 'NONE', ( #2925 ), #1488, .T. ) ;
#346 = EDGE_CURVE ( 'NONE', #71, #1416, #2327, .T. ) ;
#347 = CARTESIAN_POINT ( 'NONE',  ( -8.000999999999994117, 0.000000000000000000, 1.270000000000001794 ) ) ;
#348 = ORIENTED_EDGE ( 'NONE', *, *, #4553, .F. ) ;
#349 = EDGE_CURVE ( 'NONE', #2494, #3746, #4140, .T. ) ;
#350 = DIRECTION ( 'NONE',  ( 1.000000000000000000, 0.000000000000000000, 0.000000000000000000 ) ) ;
#351 = ORIENTED_EDGE ( 'NONE', *, *, #1148, .F. ) ;
#352 = VECTOR ( 'NONE', #3339, 1000.000000000000000 ) ;
#353 = PLANE ( 'NONE',  #243 ) ;
#354 = DIRECTION ( 'NONE',  ( 0.7071067811865463515, 0.000000000000000000, 0.7071067811865487940 ) ) ;
#355 = DIRECTION ( 'NONE',  ( 1.951319995474474122E-15, 0.000000000000000000, 1.000000000000000000 ) ) ;
#356 = CARTESIAN_POINT ( 'NONE',  ( 12.70000000000000639, 2.540000000000000036, 0.8890000000000015667 ) ) ;
#357 = STYLED_ITEM ( 'NONE', ( #2450 ), #5363 ) ;
#358 = ADVANCED_FACE ( 'NONE', ( #1937 ), #2413, .F. ) ;
#359 = ORIENTED_EDGE ( 'NONE', *, *, #3171, .F. ) ;
#360 = DIRECTION ( 'NONE',  ( -1.000000000000000000, -0.000000000000000000, -0.000000000000000000 ) ) ;
#361 = ORIENTED_EDGE ( 'NONE', *, *, #4393, .T. ) ;
#362 = CARTESIAN_POINT ( 'NONE',  ( -10.54099999999999504, 0.000000000000000000, -1.269999999999998241 ) ) ;
#363 = VECTOR ( 'NONE', #5553, 1000.000000000000000 ) ;
#364 = DIRECTION ( 'NONE',  ( 0.7071067811865462405, 0.000000000000000000, 0.7071067811865489050 ) ) ;
#365 = VECTOR ( 'NONE', #4906, 1000.000000000000000 ) ;
#366 = EDGE_CURVE ( 'NONE', #3690, #1525, #2832, .T. ) ;
#367 = AXIS2_PLACEMENT_3D ( 'NONE', #2918, #3313, #1542 ) ;
#368 = CARTESIAN_POINT ( 'NONE',  ( 0.000000000000000000, 0.000000000000000000, -0.8889999999999981251 ) ) ;
#369 = CARTESIAN_POINT ( 'NONE',  ( 0.3809999999999993947, 0.000000000000000000, -1.269999999999998019 ) ) ;
#370 = LINE ( 'NONE', #3154, #5585 ) ;
#371 = VECTOR ( 'NONE', #5744, 1000.000000000000000 ) ;
#372 = ORIENTED_EDGE ( 'NONE', *, *, #2768, .T. ) ;
#373 = LINE ( 'NONE', #4913, #4092 ) ;
#374 = ORIENTED_EDGE ( 'NONE', *, *, #3271, .T. ) ;
#375 = DIRECTION ( 'NONE',  ( 1.000000000000000000, 0.000000000000000000, -2.439149994343089694E-16 ) ) ;
#376 = LINE ( 'NONE', #4439, #5702 ) ;
#377 = LINE ( 'NONE', #1639, #2080 ) ;
#378 = DIRECTION ( 'NONE',  ( -1.000000000000000000, 0.000000000000000000, 1.951319995474474122E-15 ) ) ;
#379 = ORIENTED_EDGE ( 'NONE', *, *, #3021, .T. ) ;
#380 = FACE_OUTER_BOUND ( 'NONE', #2245, .T. ) ;
#381 = ORIENTED_EDGE ( 'NONE', *, *, #4734, .T. ) ;
#382 = DIRECTION ( 'NONE',  ( 1.951319995474474122E-15, 0.000000000000000000, 1.000000000000000000 ) ) ;
#383 = PLANE ( 'NONE',  #4119 ) ;
#384 = EDGE_CURVE ( 'NONE', #111, #3088, #3698, .T. ) ;
#385 = EDGE_CURVE ( 'NONE', #511, #476, #4257, .T. ) ;
#386 = DIRECTION ( 'NONE',  ( 1.951319995474474122E-15, 0.000000000000000000, 1.000000000000000000 ) ) ;
#387 = CARTESIAN_POINT ( 'NONE',  ( -11.11249999999999716, 0.000000000000000000, 0.3175000000000011702 ) ) ;
#388 = EDGE_LOOP ( 'NONE', ( #5256, #4909, #500, #2040 ) ) ;
#389 = DIRECTION ( 'NONE',  ( 1.000000000000000000, 0.000000000000000000, -2.439149994343089694E-16 ) ) ;
#390 = EDGE_LOOP ( 'NONE', ( #558, #53, #5534, #4278 ) ) ;
#391 = CARTESIAN_POINT ( 'NONE',  ( -4.127499999999997726, 0.000000000000000000, 0.3175000000000011702 ) ) ;
#392 = EDGE_CURVE ( 'NONE', #883, #4603, #3256, .T. ) ;
#393 = DIRECTION ( 'NONE',  ( 0.7071067811865444641, 0.000000000000000000, -0.7071067811865505703 ) ) ;
#394 = DIRECTION ( 'NONE',  ( 1.000000000000000000, 0.000000000000000000, -2.439149994343089694E-16 ) ) ;
#395 = VERTEX_POINT ( 'NONE', #612 ) ;
#396 = DIRECTION ( 'NONE',  ( 0.7071067811865444641, 0.000000000000000000, -0.7071067811865505703 ) ) ;
#397 = FACE_OUTER_BOUND ( 'NONE', #5558, .T. ) ;
#398 = VERTEX_POINT ( 'NONE', #4226 ) ;
#399 = CLOSED_SHELL ( 'NONE', ( #130, #1297, #4001, #3100, #3295, #5725, #5813, #2706, #463, #4511 ) ) ;
#400 = EDGE_CURVE ( 'NONE', #5538, #1042, #2440, .T. ) ;
#401 = VECTOR ( 'NONE', #4861, 1000.000000000000000 ) ;
#402 = DIRECTION ( 'NONE',  ( 0.000000000000000000, 0.000000000000000000, -1.000000000000000000 ) ) ;
#403 = EDGE_LOOP ( 'NONE', ( #3140, #5670, #3645, #2885 ) ) ;
#404 = DIRECTION ( 'NONE',  ( 1.000000000000000000, 0.000000000000000000, -2.439149994343089694E-16 ) ) ;
#405 = DIRECTION ( 'NONE',  ( -1.000000000000000000, 0.000000000000000000, -0.000000000000000000 ) ) ;
#406 = LINE ( 'NONE', #3046, #4846 ) ;
#407 = DIRECTION ( 'NONE',  ( 0.000000000000000000, 0.000000000000000000, 1.000000000000000000 ) ) ;
#408 = ORIENTED_EDGE ( 'NONE', *, *, #3897, .T. ) ;
#409 = PLANE ( 'NONE',  #2913 ) ;
#410 = ORIENTED_EDGE ( 'NONE', *, *, #705, .F. ) ;
#411 = DIRECTION ( 'NONE',  ( 0.000000000000000000, 1.000000000000000000, 0.000000000000000000 ) ) ;
#412 = CARTESIAN_POINT ( 'NONE',  ( -11.74749999999999694, 0.000000000000000000, 0.3175000000000011702 ) ) ;
#413 = DIRECTION ( 'NONE',  ( -1.000000000000000000, 0.000000000000000000, 2.439149994343084764E-16 ) ) ;
#414 = CARTESIAN_POINT ( 'NONE',  ( 6.032500000000003304, 0.000000000000000000, -0.3174999999999990052 ) ) ;
#415 = EDGE_CURVE ( 'NONE', #1831, #5893, #523, .T. ) ;
#416 = ORIENTED_EDGE ( 'NONE', *, *, #5276, .F. ) ;
#417 = UNCERTAINTY_MEASURE_WITH_UNIT (LENGTH_MEASURE( 1.000000000000000082E-05 ), #4705, 'distance_accuracy_value', 'NONE');
#418 = LINE ( 'NONE', #1769, #5694 ) ;
#419 = ORIENTED_EDGE ( 'NONE', *, *, #384, .T. ) ;
#420 = CARTESIAN_POINT ( 'NONE',  ( -8.572499999999996234, 0.000000000000000000, 0.3175000000000011702 ) ) ;
#421 = FACE_OUTER_BOUND ( 'NONE', #3766, .T. ) ;
#422 = EDGE_CURVE ( 'NONE', #4305, #1991, #3753, .T. ) ;
#423 = CARTESIAN_POINT ( 'NONE',  ( 10.16000000000000369, 0.000000000000000000, 0.8890000000000009006 ) ) ;
#424 = VECTOR ( 'NONE', #4747, 1000.000000000000000 ) ;
#425 = EDGE_LOOP ( 'NONE', ( #1836, #2127, #3480, #3355 ) ) ;
#426 = ADVANCED_FACE ( 'NONE', ( #3785 ), #1520, .T. ) ;
#427 = PLANE ( 'NONE',  #650 ) ;
#428 = LINE ( 'NONE', #3068, #3007 ) ;
#429 = ORIENTED_EDGE ( 'NONE', *, *, #525, .F. ) ;
#430 = VECTOR ( 'NONE', #360, 1000.000000000000000 ) ;
#431 = AXIS2_PLACEMENT_3D ( 'NONE', #1139, #2915, #4372 ) ;
#432 = CARTESIAN_POINT ( 'NONE',  ( 9.779000000000007020, 0.000000000000000000, 1.270000000000001794 ) ) ;
#433 = ORIENTED_EDGE ( 'NONE', *, *, #1886, .T. ) ;
#434 = PLANE ( 'NONE',  #4449 ) ;
#435 = CARTESIAN_POINT ( 'NONE',  ( 9.779000000000007020, 0.000000000000000000, 1.270000000000001794 ) ) ;
#436 = SURFACE_SIDE_STYLE ('',( #5063 ) ) ;
#437 = VECTOR ( 'NONE', #4266, 1000.000000000000000 ) ;
#438 = EDGE_CURVE ( 'NONE', #4790, #2444, #977, .T. ) ;
#439 = CARTESIAN_POINT ( 'NONE',  ( 22.86000000000000298, 0.000000000000000000, 0.000000000000000000 ) ) ;
#440 = ORIENTED_EDGE ( 'NONE', *, *, #2389, .T. ) ;
#441 = VERTEX_POINT ( 'NONE', #2354 ) ;
#442 = DIRECTION ( 'NONE',  ( 0.7071067811865463515, 0.000000000000000000, 0.7071067811865487940 ) ) ;
#443 = CARTESIAN_POINT ( 'NONE',  ( 9.779000000000007020, 0.000000000000000000, 1.270000000000001794 ) ) ;
#444 = VECTOR ( 'NONE', #611, 1000.000000000000000 ) ;
#445 = PLANE ( 'NONE',  #448 ) ;
#446 = DIRECTION ( 'NONE',  ( -1.000000000000000000, 0.000000000000000000, 2.439149994343084764E-16 ) ) ;
#447 = AXIS2_PLACEMENT_3D ( 'NONE', #1622, #2511, #3765 ) ;
#448 = AXIS2_PLACEMENT_3D ( 'NONE', #3729, #3042, #4141 ) ;
#449 = VERTEX_POINT ( 'NONE', #80 ) ;
#450 = CARTESIAN_POINT ( 'NONE',  ( 5.080000000000000959, 0.000000000000000000, -0.8889999999999981251 ) ) ;
#451 = ORIENTED_EDGE ( 'NONE', *, *, #4407, .T. ) ;
#452 = LINE ( 'NONE', #329, #4646 ) ;
#453 = VECTOR ( 'NONE', #2015, 1000.000000000000000 ) ;
#454 = DIRECTION ( 'NONE',  ( 0.000000000000000000, 1.000000000000000000, 0.000000000000000000 ) ) ;
#455 = VERTEX_POINT ( 'NONE', #1908 ) ;
#456 = DIRECTION ( 'NONE',  ( -2.439149994343084764E-16, 0.000000000000000000, -1.000000000000000000 ) ) ;
#457 = ORIENTED_EDGE ( 'NONE', *, *, #2177, .T. ) ;
#458 = VECTOR ( 'NONE', #4228, 1000.000000000000227 ) ;
#459 = DIRECTION ( 'NONE',  ( -0.000000000000000000, -1.000000000000000000, -0.000000000000000000 ) ) ;
#460 = ORIENTED_EDGE ( 'NONE', *, *, #2138, .F. ) ;
#461 = EDGE_CURVE ( 'NONE', #3473, #2424, #1458, .T. ) ;
#462 = VECTOR ( 'NONE', #3000, 1000.000000000000000 ) ;
#463 = ADVANCED_FACE ( 'NONE', ( #2383 ), #647, .T. ) ;
#464 = DIRECTION ( 'NONE',  ( 0.000000000000000000, 0.000000000000000000, -1.000000000000000000 ) ) ;
#465 = ORIENTED_EDGE ( 'NONE', *, *, #2532, .T. ) ;
#466 = DIRECTION ( 'NONE',  ( -1.000000000000000000, 0.000000000000000000, 0.000000000000000000 ) ) ;
#467 = VERTEX_POINT ( 'NONE', #1122 ) ;
#468 = VERTEX_POINT ( 'NONE', #4312 ) ;
#469 = CARTESIAN_POINT ( 'NONE',  ( -7.238999999999997215, 2.540000000000000036, 1.270000000000002238 ) ) ;
#470 = DIRECTION ( 'NONE',  ( 1.000000000000000000, 0.000000000000000000, -2.439149994343089694E-16 ) ) ;
#471 = EDGE_CURVE ( 'NONE', #861, #1103, #1664, .T. ) ;
#472 = CARTESIAN_POINT ( 'NONE',  ( -13.65249999999999808, 0.000000000000000000, -0.3174999999999990052 ) ) ;
#473 = LINE ( 'NONE', #47, #548 ) ;
#474 = ORIENTED_EDGE ( 'NONE', *, *, #3921, .T. ) ;
#475 = PLANE ( 'NONE',  #3011 ) ;
#476 = VERTEX_POINT ( 'NONE', #4287 ) ;
#477 = FACE_OUTER_BOUND ( 'NONE', #1794, .T. ) ;
#478 = LINE ( 'NONE', #1325, #4406 ) ;
#479 = ORIENTED_EDGE ( 'NONE', *, *, #1044, .T. ) ;
#480 = CARTESIAN_POINT ( 'NONE',  ( 11.11250000000000426, 2.540000000000000036, -0.3174999999999990052 ) ) ;
#481 = ORIENTED_EDGE ( 'NONE', *, *, #3098, .F. ) ;
#482 = PLANE ( 'NONE',  #3205 ) ;
#483 = ORIENTED_EDGE ( 'NONE', *, *, #2466, .T. ) ;
#484 = VECTOR ( 'NONE', #4866, 1000.000000000000227 ) ;
#485 = CARTESIAN_POINT ( 'NONE',  ( -8.572499999999996234, 0.000000000000000000, -0.3174999999999990052 ) ) ;
#486 = ADVANCED_FACE ( 'NONE', ( #1637 ), #4771, .F. ) ;
#487 = EDGE_CURVE ( 'NONE', #1175, #4549, #3492, .T. ) ;
#488 = EDGE_LOOP ( 'NONE', ( #4944, #1652, #1955, #5417 ) ) ;
#489 = CLOSED_SHELL ( 'NONE', ( #4076, #1446, #1748, #4134, #5165, #4111, #5351, #5667, #45, #528, #3432, #4994, #786, #2064 ) ) ;
#490 = DIRECTION ( 'NONE',  ( -1.000000000000000000, 0.000000000000000000, 1.951319995474474122E-15 ) ) ;
#491 = EDGE_CURVE ( 'NONE', #334, #607, #1150, .T. ) ;
#492 = ORIENTED_EDGE ( 'NONE', *, *, #3780, .F. ) ;
#493 = EDGE_CURVE ( 'NONE', #455, #4825, #3044, .T. ) ;
#494 = VERTEX_POINT ( 'NONE', #3407 ) ;
#495 = AXIS2_PLACEMENT_3D ( 'NONE', #727, #1576, #5709 ) ;
#496 = LINE ( 'NONE', #2326, #4733 ) ;
#497 = DIRECTION ( 'NONE',  ( -1.000000000000000000, 0.000000000000000000, 1.951319995474474122E-15 ) ) ;
#498 = DIRECTION ( 'NONE',  ( -2.439149994343084764E-16, 0.000000000000000000, -1.000000000000000000 ) ) ;
#499 = LINE ( 'NONE', #1461, #5036 ) ;
#500 = ORIENTED_EDGE ( 'NONE', *, *, #803, .F. ) ;
#501 = CARTESIAN_POINT ( 'NONE',  ( -5.079999999999999183, 0.000000000000000000, -0.8889999999999981251 ) ) ;
#502 = VERTEX_POINT ( 'NONE', #3870 ) ;
#503 = DIRECTION ( 'NONE',  ( 0.000000000000000000, 1.000000000000000000, 0.000000000000000000 ) ) ;
#504 = CARTESIAN_POINT ( 'NONE',  ( 11.11250000000000426, 2.540000000000000036, 0.3175000000000011702 ) ) ;
#505 = AXIS2_PLACEMENT_3D ( 'NONE', #1264, #3070, #402 ) ;
#506 = CARTESIAN_POINT ( 'NONE',  ( 0.000000000000000000, 2.540000000000000036, -0.8889999999999981251 ) ) ;
#507 = ORIENTED_EDGE ( 'NONE', *, *, #5617, .F. ) ;
#508 = CARTESIAN_POINT ( 'NONE',  ( -2.539999999999996927, 2.540000000000000036, 0.8890000000000009006 ) ) ;
#509 = ORIENTED_EDGE ( 'NONE', *, *, #4692, .T. ) ;
#510 = CARTESIAN_POINT ( 'NONE',  ( -13.08099999999999596, 0.000000000000000000, -1.269999999999998241 ) ) ;
#511 = VERTEX_POINT ( 'NONE', #4378 ) ;
#512 = AXIS2_PLACEMENT_3D ( 'NONE', #2920, #4374, #3004 ) ;
#513 = DIRECTION ( 'NONE',  ( -0.7071067811865471286, -0.000000000000000000, 0.7071067811865479058 ) ) ;
#514 = LINE ( 'NONE', #5089, #1574 ) ;
#515 = ORIENTED_EDGE ( 'NONE', *, *, #645, .T. ) ;
#516 = VECTOR ( 'NONE', #2971, 1000.000000000000000 ) ;
#517 = EDGE_CURVE ( 'NONE', #932, #5343, #761, .T. ) ;
#518 = CARTESIAN_POINT ( 'NONE',  ( 0.3174999999999999489, 2.540000000000000036, 0.3174999999999999489 ) ) ;
#519 = VECTOR ( 'NONE', #121, 1000.000000000000000 ) ;
#520 = ORIENTED_EDGE ( 'NONE', *, *, #1291, .F. ) ;
#521 = VERTEX_POINT ( 'NONE', #2980 ) ;
#522 = LINE ( 'NONE', #4984, #2443 ) ;
#523 = LINE ( 'NONE', #5614, #2126 ) ;
#524 = FACE_OUTER_BOUND ( 'NONE', #2936, .T. ) ;
#525 = EDGE_CURVE ( 'NONE', #5816, #2347, #284, .T. ) ;
#526 = LINE ( 'NONE', #5071, #3702 ) ;
#527 = VECTOR ( 'NONE', #3614, 1000.000000000000000 ) ;
#528 = ADVANCED_FACE ( 'NONE', ( #222, #1177 ), #3009, .T. ) ;
#529 = ADVANCED_FACE ( 'NONE', ( #5245 ), #2086, .T. ) ;
#530 = EDGE_LOOP ( 'NONE', ( #5373, #2400, #4004, #1251 ) ) ;
#531 = DIRECTION ( 'NONE',  ( 0.7071067811865444641, 0.000000000000000000, -0.7071067811865505703 ) ) ;
#532 = ORIENTED_EDGE ( 'NONE', *, *, #43, .T. ) ;
#533 = VECTOR ( 'NONE', #3115, 1000.000000000000000 ) ;
#534 = AXIS2_PLACEMENT_3D ( 'NONE', #3581, #2346, #5405 ) ;
#535 = DIRECTION ( 'NONE',  ( 0.7071067811865463515, 0.000000000000000000, 0.7071067811865487940 ) ) ;
#536 = CARTESIAN_POINT ( 'NONE',  ( -9.207499999999997797, 0.000000000000000000, 0.3175000000000011702 ) ) ;
#537 = ADVANCED_FACE ( 'NONE', ( #5273 ), #5673, .T. ) ;
#538 = AXIS2_PLACEMENT_3D ( 'NONE', #2328, #3670, #3230 ) ;
#539 = LINE ( 'NONE', #2255, #1649 ) ;
#540 = ORIENTED_EDGE ( 'NONE', *, *, #49, .F. ) ;
#541 = CARTESIAN_POINT ( 'NONE',  ( 0.3174999999999999489, 8.382000000000001450, 0.3174999999999999489 ) ) ;
#542 = EDGE_LOOP ( 'NONE', ( #4783, #2737, #906, #3827 ) ) ;
#543 = DIRECTION ( 'NONE',  ( 0.000000000000000000, 1.000000000000000000, 0.000000000000000000 ) ) ;
#544 = VERTEX_POINT ( 'NONE', #2524 ) ;
#545 = AXIS2_PLACEMENT_3D ( 'NONE', #5755, #5726, #5233 ) ;
#546 = DIRECTION ( 'NONE',  ( 0.000000000000000000, -0.000000000000000000, 1.000000000000000000 ) ) ;
#547 = EDGE_CURVE ( 'NONE', #2710, #4063, #3902, .T. ) ;
#548 = VECTOR ( 'NONE', #2807, 1000.000000000000000 ) ;
#549 = CARTESIAN_POINT ( 'NONE',  ( 14.28750000000000497, 0.000000000000000000, 0.3175000000000011702 ) ) ;
#550 = ORIENTED_EDGE ( 'NONE', *, *, #788, .F. ) ;
#551 = VECTOR ( 'NONE', #2075, 1000.000000000000000 ) ;
#552 = PRODUCT_DEFINITION_FORMATION_WITH_SPECIFIED_SOURCE ( 'ANY', '', #5043, .NOT_KNOWN. ) ;
#553 = DIRECTION ( 'NONE',  ( 1.000000000000000000, 0.000000000000000000, 0.000000000000000000 ) ) ;
#554 = VECTOR ( 'NONE', #5879, 1000.000000000000114 ) ;
#555 =( GEOMETRIC_REPRESENTATION_CONTEXT ( 3 ) GLOBAL_UNCERTAINTY_ASSIGNED_CONTEXT ( ( #2645 ) ) GLOBAL_UNIT_ASSIGNED_CONTEXT ( ( #4856, #2137, #3951 ) ) REPRESENTATION_CONTEXT ( 'NONE', 'WORKASPACE' ) );
#556 = CARTESIAN_POINT ( 'NONE',  ( 12.31900000000000617, 0.000000000000000000, -1.269999999999998241 ) ) ;
#557 = ORIENTED_EDGE ( 'NONE', *, *, #2034, .F. ) ;
#558 = ORIENTED_EDGE ( 'NONE', *, *, #2974, .F. ) ;
#559 = LINE ( 'NONE', #3347, #54 ) ;
#560 = CARTESIAN_POINT ( 'NONE',  ( -6.667499999999997762, 0.000000000000000000, -0.3174999999999990052 ) ) ;
#561 = DIRECTION ( 'NONE',  ( 0.000000000000000000, 1.000000000000000000, 0.000000000000000000 ) ) ;
#562 = CARTESIAN_POINT ( 'NONE',  ( 0.9525000000000019007, 0.000000000000000000, 0.3175000000000011702 ) ) ;
#563 = ORIENTED_EDGE ( 'NONE', *, *, #969, .F. ) ;
#564 = DIRECTION ( 'NONE',  ( -1.000000000000000000, -0.000000000000000000, -0.000000000000000000 ) ) ;
#565 = EDGE_LOOP ( 'NONE', ( #1119, #5270, #4872, #3375, #2587, #3126, #1087, #5544 ) ) ;
#566 = ADVANCED_FACE ( 'NONE', ( #814, #1655 ), #2102, .T. ) ;
#567 = ADVANCED_FACE ( 'NONE', ( #3483 ), #2580, .F. ) ;
#568 = DIRECTION ( 'NONE',  ( -0.000000000000000000, -0.000000000000000000, 1.000000000000000000 ) ) ;
#569 = PLANE ( 'NONE',  #3485 ) ;
#570 = EDGE_LOOP ( 'NONE', ( #1424, #515, #724, #5743 ) ) ;
#571 = CARTESIAN_POINT ( 'NONE',  ( -10.15999999999999837, 0.000000000000000000, -0.8889999999999981251 ) ) ;
#572 = ORIENTED_EDGE ( 'NONE', *, *, #1269, .T. ) ;
#573 = ADVANCED_FACE ( 'NONE', ( #3565 ), #4938, .T. ) ;
#574 = DIRECTION ( 'NONE',  ( -0.7071067811865489050, 0.000000000000000000, 0.7071067811865462405 ) ) ;
#575 = ORIENTED_EDGE ( 'NONE', *, *, #3605, .F. ) ;
#576 = DIRECTION ( 'NONE',  ( 0.000000000000000000, 1.000000000000000000, 0.000000000000000000 ) ) ;
#577 = LINE ( 'NONE', #4055, #5412 ) ;
#578 = ORIENTED_EDGE ( 'NONE', *, *, #5204, .T. ) ;
#579 = CARTESIAN_POINT ( 'NONE',  ( 11.43000000000000504, 0.000000000000000000, 1.192622389734054877E-15 ) ) ;
#580 = CARTESIAN_POINT ( 'NONE',  ( -5.460999999999994969, 2.540000000000000036, -1.269999999999998241 ) ) ;
#581 = VERTEX_POINT ( 'NONE', #4817 ) ;
#582 = ORIENTED_EDGE ( 'NONE', *, *, #5202, .F. ) ;
#583 = DIRECTION ( 'NONE',  ( 0.000000000000000000, 1.000000000000000000, 0.000000000000000000 ) ) ;
#584 = CARTESIAN_POINT ( 'NONE',  ( -9.207499999999997797, 0.000000000000000000, 0.3175000000000011702 ) ) ;
#585 = AXIS2_PLACEMENT_3D ( 'NONE', #2777, #836, #890 ) ;
#586 = PLANE ( 'NONE',  #3414 ) ;
#587 = DIRECTION ( 'NONE',  ( 0.7071067811865462405, 0.000000000000000000, 0.7071067811865489050 ) ) ;
#588 = VECTOR ( 'NONE', #3979, 1000.000000000000000 ) ;
#589 = ORIENTED_EDGE ( 'NONE', *, *, #56, .F. ) ;
#590 = CARTESIAN_POINT ( 'NONE',  ( 8.572500000000003340, 0.000000000000000000, -0.3174999999999990052 ) ) ;
#591 = ORIENTED_EDGE ( 'NONE', *, *, #4432, .F. ) ;
#592 = LINE ( 'NONE', #1529, #1871 ) ;
#593 = SURFACE_STYLE_USAGE ( .BOTH. , #5477 ) ;
#594 = ADVANCED_FACE ( 'NONE', ( #331 ), #2132, .T. ) ;
#595 = LINE ( 'NONE', #91, #5078 ) ;
#596 = ORIENTED_EDGE ( 'NONE', *, *, #4664, .T. ) ;
#597 = DIRECTION ( 'NONE',  ( 0.000000000000000000, 1.000000000000000000, 0.000000000000000000 ) ) ;
#598 = ORIENTED_EDGE ( 'NONE', *, *, #385, .T. ) ;
#599 = UNCERTAINTY_MEASURE_WITH_UNIT (LENGTH_MEASURE( 1.000000000000000082E-05 ), #2772, 'distance_accuracy_value', 'NONE');
#600 = CARTESIAN_POINT ( 'NONE',  ( 11.11250000000000426, 0.000000000000000000, -0.3174999999999990052 ) ) ;
#601 = CARTESIAN_POINT ( 'NONE',  ( -5.079999999999995630, 0.000000000000000000, 0.8890000000000015667 ) ) ;
#602 = DIRECTION ( 'NONE',  ( 1.000000000000000000, 0.000000000000000000, -2.439149994343089694E-16 ) ) ;
#603 = EDGE_CURVE ( 'NONE', #3118, #4328, #1257, .T. ) ;
#604 = EDGE_CURVE ( 'NONE', #702, #1195, #3453, .T. ) ;
#605 = DIRECTION ( 'NONE',  ( 0.000000000000000000, 0.000000000000000000, -1.000000000000000000 ) ) ;
#606 = FACE_OUTER_BOUND ( 'NONE', #4697, .T. ) ;
#607 = VERTEX_POINT ( 'NONE', #2681 ) ;
#608 = AXIS2_PLACEMENT_3D ( 'NONE', #3749, #490, #2297 ) ;
#609 = ORIENTED_EDGE ( 'NONE', *, *, #715, .T. ) ;
#610 = ORIENTED_EDGE ( 'NONE', *, *, #3494, .T. ) ;
#611 = DIRECTION ( 'NONE',  ( 0.000000000000000000, 1.000000000000000000, 0.000000000000000000 ) ) ;
#612 = CARTESIAN_POINT ( 'NONE',  ( 2.540000000000004032, 0.000000000000000000, 0.8890000000000015667 ) ) ;
#613 = LINE ( 'NONE', #5400, #5414 ) ;
#614 = CARTESIAN_POINT ( 'NONE',  ( 4.127500000000003055, 0.000000000000000000, 0.3175000000000011702 ) ) ;
#615 = ADVANCED_FACE ( 'NONE', ( #5386 ), #1686, .T. ) ;
#616 = VECTOR ( 'NONE', #1194, 1000.000000000000000 ) ;
#617 = VECTOR ( 'NONE', #1355, 1000.000000000000000 ) ;
#618 = VERTEX_POINT ( 'NONE', #3539 ) ;
#619 = DIRECTION ( 'NONE',  ( -0.000000000000000000, -0.000000000000000000, -1.000000000000000000 ) ) ;
#620 = VERTEX_POINT ( 'NONE', #4368 ) ;
#621 = DIRECTION ( 'NONE',  ( 0.000000000000000000, 1.000000000000000000, 0.000000000000000000 ) ) ;
#622 = COLOUR_RGB ( '',0.7921568627450980005, 0.8196078431372548767, 0.9333333333333333481 ) ;
#623 = LINE ( 'NONE', #2536, #5021 ) ;
#624 = CARTESIAN_POINT ( 'NONE',  ( 12.31900000000000617, 0.000000000000000000, 1.270000000000001794 ) ) ;
#625 = VECTOR ( 'NONE', #1393, 1000.000000000000000 ) ;
#626 = ORIENTED_EDGE ( 'NONE', *, *, #4954, .T. ) ;
#627 = CARTESIAN_POINT ( 'NONE',  ( 13.08100000000000307, 0.000000000000000000, -1.269999999999998019 ) ) ;
#628 = EDGE_LOOP ( 'NONE', ( #3611, #1271, #2897, #2551 ) ) ;
#629 = CARTESIAN_POINT ( 'NONE',  ( 9.207500000000003126, 2.540000000000000036, 0.3175000000000011702 ) ) ;
#630 = DIRECTION ( 'NONE',  ( -0.000000000000000000, 1.000000000000000000, 0.000000000000000000 ) ) ;
#631 = VECTOR ( 'NONE', #1006, 1000.000000000000000 ) ;
#632 = LINE ( 'NONE', #189, #3806 ) ;
#633 = VECTOR ( 'NONE', #3575, 1000.000000000000114 ) ;
#634 = DIRECTION ( 'NONE',  ( 0.7071067811865505703, -0.000000000000000000, 0.7071067811865444641 ) ) ;
#635 = ORIENTED_EDGE ( 'NONE', *, *, #5098, .T. ) ;
#636 = EDGE_CURVE ( 'NONE', #2780, #1096, #2222, .T. ) ;
#637 = EDGE_CURVE ( 'NONE', #1416, #3714, #3514, .T. ) ;
#638 =( NAMED_UNIT ( * ) PLANE_ANGLE_UNIT ( ) SI_UNIT ( $, .RADIAN. ) );
#639 = AXIS2_PLACEMENT_3D ( 'NONE', #2760, #3332, #4573 ) ;
#640 = DIRECTION ( 'NONE',  ( 0.000000000000000000, 1.000000000000000000, 0.000000000000000000 ) ) ;
#641 = ORIENTED_EDGE ( 'NONE', *, *, #3240, .T. ) ;
#642 = VECTOR ( 'NONE', #1597, 1000.000000000000000 ) ;
#643 = ORIENTED_EDGE ( 'NONE', *, *, #1817, .T. ) ;
#644 = VECTOR ( 'NONE', #4451, 1000.000000000000000 ) ;
#645 = EDGE_CURVE ( 'NONE', #3365, #5199, #4395, .T. ) ;
#646 = LINE ( 'NONE', #1457, #1870 ) ;
#647 = PLANE ( 'NONE',  #495 ) ;
#648 = DIRECTION ( 'NONE',  ( 0.7071067811865463515, 0.000000000000000000, 0.7071067811865487940 ) ) ;
#649 = DIRECTION ( 'NONE',  ( -1.000000000000000000, -0.000000000000000000, -0.000000000000000000 ) ) ;
#650 = AXIS2_PLACEMENT_3D ( 'NONE', #2764, #2257, #1862 ) ;
#651 = ORIENTED_EDGE ( 'NONE', *, *, #3090, .T. ) ;
#652 = ORIENTED_EDGE ( 'NONE', *, *, #87, .T. ) ;
#653 = LINE ( 'NONE', #4658, #3664 ) ;
#654 = VERTEX_POINT ( 'NONE', #5727 ) ;
#655 = FACE_OUTER_BOUND ( 'NONE', #3188, .T. ) ;
#656 = ORIENTED_EDGE ( 'NONE', *, *, #4331, .T. ) ;
#657 = LINE ( 'NONE', #2483, #941 ) ;
#658 = ORIENTED_EDGE ( 'NONE', *, *, #3926, .T. ) ;
#659 = LINE ( 'NONE', #4274, #1773 ) ;
#660 = DIRECTION ( 'NONE',  ( 0.000000000000000000, 1.000000000000000000, 0.000000000000000000 ) ) ;
#661 = DIRECTION ( 'NONE',  ( 1.000000000000000000, 0.000000000000000000, -0.000000000000000000 ) ) ;
#662 = CARTESIAN_POINT ( 'NONE',  ( -10.15999999999999659, 2.540000000000000036, -0.8889999999999986802 ) ) ;
#663 = ORIENTED_EDGE ( 'NONE', *, *, #2585, .F. ) ;
#664 = DIRECTION ( 'NONE',  ( 1.000000000000000000, 0.000000000000000000, 0.000000000000000000 ) ) ;
#665 = EDGE_CURVE ( 'NONE', #3152, #4063, #3945, .T. ) ;
#666 = VERTEX_POINT ( 'NONE', #718 ) ;
#667 = ORIENTED_EDGE ( 'NONE', *, *, #87, .F. ) ;
#668 = PLANE ( 'NONE',  #48 ) ;
#669 = DIRECTION ( 'NONE',  ( 1.000000000000000000, -0.000000000000000000, 0.000000000000000000 ) ) ;
#670 = LINE ( 'NONE', #2441, #2073 ) ;
#671 = CARTESIAN_POINT ( 'NONE',  ( 3.492500000000002380, 0.000000000000000000, -0.3174999999999990052 ) ) ;
#672 = EDGE_CURVE ( 'NONE', #305, #5054, #5790, .T. ) ;
#673 = EDGE_CURVE ( 'NONE', #1947, #1145, #5358, .T. ) ;
#674 = ORIENTED_EDGE ( 'NONE', *, *, #184, .T. ) ;
#675 = CARTESIAN_POINT ( 'NONE',  ( -14.85899999999999999, 0.000000000000000000, -1.269999999999998019 ) ) ;
#676 = ORIENTED_EDGE ( 'NONE', *, *, #5883, .F. ) ;
#677 = CARTESIAN_POINT ( 'NONE',  ( 10.16000000000000369, 2.540000000000000036, 0.8890000000000009006 ) ) ;
#678 = FACE_OUTER_BOUND ( 'NONE', #2813, .T. ) ;
#679 = DIRECTION ( 'NONE',  ( 1.000000000000000000, 0.000000000000000000, -2.439149994343089694E-16 ) ) ;
#680 = CLOSED_SHELL ( 'NONE', ( #928, #311, #1058, #4142, #4726, #1144, #1995, #4543, #5025, #4030, #3366, #968, #2697, #1556 ) ) ;
#681 = ORIENTED_EDGE ( 'NONE', *, *, #5734, .F. ) ;
#682 = FACE_OUTER_BOUND ( 'NONE', #5161, .T. ) ;
#683 = EDGE_LOOP ( 'NONE', ( #3886, #2314, #2288, #4671 ) ) ;
#684 = LINE ( 'NONE', #2513, #2732 ) ;
#685 = VECTOR ( 'NONE', #5769, 1000.000000000000000 ) ;
#686 = FACE_OUTER_BOUND ( 'NONE', #3525, .T. ) ;
#687 = EDGE_CURVE ( 'NONE', #5323, #2687, #779, .T. ) ;
#688 = LINE ( 'NONE', #2515, #4175 ) ;
#689 = DIRECTION ( 'NONE',  ( 0.7071067811865444641, 0.000000000000000000, -0.7071067811865505703 ) ) ;
#690 = VERTEX_POINT ( 'NONE', #5823 ) ;
#691 =( LENGTH_UNIT ( ) NAMED_UNIT ( * ) SI_UNIT ( .MILLI., .METRE. ) );
#692 = ORIENTED_EDGE ( 'NONE', *, *, #5238, .F. ) ;
#693 = ORIENTED_EDGE ( 'NONE', *, *, #1677, .T. ) ;
#694 = CARTESIAN_POINT ( 'NONE',  ( -6.032499999999997975, 0.000000000000000000, 0.3175000000000011702 ) ) ;
#695 = DIRECTION ( 'NONE',  ( 0.7071067811865444641, 0.000000000000000000, -0.7071067811865505703 ) ) ;
#696 = VECTOR ( 'NONE', #3076, 1000.000000000000000 ) ;
#697 = DIRECTION ( 'NONE',  ( -1.000000000000000000, -0.000000000000000000, -0.000000000000000000 ) ) ;
#698 = CARTESIAN_POINT ( 'NONE',  ( 0.2344784897417124814, 8.429685496895514163, -0.2344784897417124814 ) ) ;
#699 = CARTESIAN_POINT ( 'NONE',  ( 8.001000000000001222, 0.000000000000000000, -1.269999999999998019 ) ) ;
#700 = ORIENTED_EDGE ( 'NONE', *, *, #3577, .T. ) ;
#701 = DIRECTION ( 'NONE',  ( 0.7071067811865444641, 0.000000000000000000, -0.7071067811865505703 ) ) ;
#702 = VERTEX_POINT ( 'NONE', #4905 ) ;
#703 = CARTESIAN_POINT ( 'NONE',  ( -0.2344784897417124814, 8.429685496895514163, -0.2344784897417124814 ) ) ;
#704 = CARTESIAN_POINT ( 'NONE',  ( -5.460999999999994969, 2.540000000000000036, -1.269999999999998241 ) ) ;
#705 = EDGE_CURVE ( 'NONE', #4893, #3746, #2642, .T. ) ;
#706 = EDGE_CURVE ( 'NONE', #2058, #2199, #3594, .T. ) ;
#707 = DIRECTION ( 'NONE',  ( 0.000000000000000000, 0.000000000000000000, -1.000000000000000000 ) ) ;
#708 = VECTOR ( 'NONE', #3277, 1000.000000000000000 ) ;
#709 = EDGE_CURVE ( 'NONE', #3175, #4475, #3242, .T. ) ;
#710 = ORIENTED_EDGE ( 'NONE', *, *, #415, .F. ) ;
#711 = CARTESIAN_POINT ( 'NONE',  ( 14.85900000000000709, 2.540000000000000036, 1.270000000000001794 ) ) ;
#712 = EDGE_LOOP ( 'NONE', ( #5547, #39, #2066, #5061 ) ) ;
#713 = VECTOR ( 'NONE', #535, 1000.000000000000000 ) ;
#714 = DIRECTION ( 'NONE',  ( 1.000000000000000000, 0.000000000000000000, -2.439149994343089694E-16 ) ) ;
#715 = EDGE_CURVE ( 'NONE', #2347, #4980, #988, .T. ) ;
#716 = DIRECTION ( 'NONE',  ( 0.7071067811865463515, 0.000000000000000000, 0.7071067811865487940 ) ) ;
#717 = VECTOR ( 'NONE', #1071, 1000.000000000000000 ) ;
#718 = CARTESIAN_POINT ( 'NONE',  ( -8.000999999999994117, 2.540000000000000036, -1.269999999999998241 ) ) ;
#719 = LINE ( 'NONE', #2488, #462 ) ;
#720 = CARTESIAN_POINT ( 'NONE',  ( 0.3174999999999999489, 2.540000000000000036, 0.3174999999999999489 ) ) ;
#721 = ORIENTED_EDGE ( 'NONE', *, *, #4043, .T. ) ;
#722 = AXIS2_PLACEMENT_3D ( 'NONE', #5829, #341, #3008 ) ;
#723 = VECTOR ( 'NONE', #697, 1000.000000000000000 ) ;
#724 = ORIENTED_EDGE ( 'NONE', *, *, #3462, .T. ) ;
#725 = ORIENTED_EDGE ( 'NONE', *, *, #1564, .F. ) ;
#726 = CARTESIAN_POINT ( 'NONE',  ( 0.3174999999999999489, 8.382000000000001450, -0.3174999999999999489 ) ) ;
#727 = CARTESIAN_POINT ( 'NONE',  ( 0.000000000000000000, 8.382000000000001450, 0.2446143550033490766 ) ) ;
#728 = MECHANICAL_DESIGN_GEOMETRIC_PRESENTATION_REPRESENTATION (  '', ( #5419 ), #4459 ) ;
#729 = LINE ( 'NONE', #435, #4075 ) ;
#730 = PLANE ( 'NONE',  #1314 ) ;
#731 = STYLED_ITEM ( 'NONE', ( #2854 ), #1436 ) ;
#732 = DIRECTION ( 'NONE',  ( 0.000000000000000000, 0.000000000000000000, 1.000000000000000000 ) ) ;
#733 = VECTOR ( 'NONE', #2959, 1000.000000000000000 ) ;
#734 = ORIENTED_EDGE ( 'NONE', *, *, #2140, .T. ) ;
#735 = CARTESIAN_POINT ( 'NONE',  ( -9.778999999999996362, 2.540000000000000036, 1.270000000000002238 ) ) ;
#736 = ORIENTED_EDGE ( 'NONE', *, *, #5033, .F. ) ;
#737 = CARTESIAN_POINT ( 'NONE',  ( -5.079999999999999183, 0.000000000000000000, -0.8889999999999981251 ) ) ;
#738 = FACE_OUTER_BOUND ( 'NONE', #2770, .T. ) ;
#739 = CARTESIAN_POINT ( 'NONE',  ( -7.620000000000000107, 2.540000000000000036, -0.8889999999999981251 ) ) ;
#740 = PLANE ( 'NONE',  #3232 ) ;
#741 = AXIS2_PLACEMENT_3D ( 'NONE', #4677, #1931, #4306 ) ;
#742 = EDGE_CURVE ( 'NONE', #3226, #3588, #2709, .T. ) ;
#743 = AXIS2_PLACEMENT_3D ( 'NONE', #1382, #2711, #3181 ) ;
#744 = VERTEX_POINT ( 'NONE', #60 ) ;
#745 = EDGE_CURVE ( 'NONE', #3048, #1588, #478, .T. ) ;
#746 = FACE_OUTER_BOUND ( 'NONE', #4456, .T. ) ;
#747 = ORIENTED_EDGE ( 'NONE', *, *, #709, .T. ) ;
#748 = LINE ( 'NONE', #1716, #2154 ) ;
#749 = DIRECTION ( 'NONE',  ( 0.000000000000000000, 1.000000000000000000, 0.000000000000000000 ) ) ;
#750 = EDGE_CURVE ( 'NONE', #3175, #3200, #1774, .T. ) ;
#751 = DIRECTION ( 'NONE',  ( 0.000000000000000000, 1.000000000000000000, 0.000000000000000000 ) ) ;
#752 = EDGE_CURVE ( 'NONE', #791, #3441, #4602, .T. ) ;
#753 = LINE ( 'NONE', #4941, #554 ) ;
#754 = DIRECTION ( 'NONE',  ( 1.000000000000000000, -0.000000000000000000, 0.000000000000000000 ) ) ;
#755 = ORIENTED_EDGE ( 'NONE', *, *, #2251, .T. ) ;
#756 = ITEM_DEFINED_TRANSFORMATION ( 'NONE', 'NONE', #5040,  #1320 ) ;
#757 = LINE ( 'NONE', #5884, #5575 ) ;
#758 = VERTEX_POINT ( 'NONE', #423 ) ;
#759 = VERTEX_POINT ( 'NONE', #4996 ) ;
#760 = CARTESIAN_POINT ( 'NONE',  ( 10.54100000000000215, 2.540000000000000036, -1.269999999999998019 ) ) ;
#761 = LINE ( 'NONE', #2496, #5265 ) ;
#762 = CARTESIAN_POINT ( 'NONE',  ( -15.23999999999999666, 2.540000000000000036, 0.8890000000000015667 ) ) ;
#763 = CARTESIAN_POINT ( 'NONE',  ( 3.492500000000002380, 2.540000000000000036, 0.3175000000000011702 ) ) ;
#764 = PLANE ( 'NONE',  #5674 ) ;
#765 = ORIENTED_EDGE ( 'NONE', *, *, #2260, .F. ) ;
#766 = LINE ( 'NONE', #2181, #3395 ) ;
#767 = ORIENTED_EDGE ( 'NONE', *, *, #2074, .T. ) ;
#768 = DIRECTION ( 'NONE',  ( -0.2035585949527758676, -0.9576678948579738782, -0.2035585949527758676 ) ) ;
#769 = LINE ( 'NONE', #265, #2120 ) ;
#770 = DIRECTION ( 'NONE',  ( 0.000000000000000000, 1.000000000000000000, 0.000000000000000000 ) ) ;
#771 = FACE_OUTER_BOUND ( 'NONE', #5604, .T. ) ;
#772 = ORIENTED_EDGE ( 'NONE', *, *, #1925, .F. ) ;
#773 = LINE ( 'NONE', #5287, #616 ) ;
#774 = EDGE_LOOP ( 'NONE', ( #1134, #5223, #2117, #4538 ) ) ;
#775 = DIRECTION ( 'NONE',  ( 1.000000000000000000, 0.000000000000000000, 0.000000000000000000 ) ) ;
#776 = EDGE_CURVE ( 'NONE', #2890, #2584, #4546, .T. ) ;
#777 = DIRECTION ( 'NONE',  ( 0.000000000000000000, 1.000000000000000000, 0.000000000000000000 ) ) ;
#778 = VECTOR ( 'NONE', #1763, 1000.000000000000000 ) ;
#779 = LINE ( 'NONE', #3093, #3650 ) ;
#780 = DIRECTION ( 'NONE',  ( -0.000000000000000000, -0.000000000000000000, 1.000000000000000000 ) ) ;
#781 = AXIS2_PLACEMENT_3D ( 'NONE', #2024, #4827, #1609 ) ;
#782 = UNCERTAINTY_MEASURE_WITH_UNIT (LENGTH_MEASURE( 1.000000000000000082E-05 ), #2010, 'distance_accuracy_value', 'NONE');
#783 = PLANE ( 'NONE',  #139 ) ;
#784 = ORIENTED_EDGE ( 'NONE', *, *, #5458, .F. ) ;
#785 = EDGE_CURVE ( 'NONE', #4721, #3226, #1809, .T. ) ;
#786 = ADVANCED_FACE ( 'NONE', ( #2337 ), #5503, .F. ) ;
#787 = CONTEXT_DEPENDENT_SHAPE_REPRESENTATION ( #1767, #1518 ) ;
#788 = EDGE_CURVE ( 'NONE', #4964, #1831, #957, .T. ) ;
#789 = LINE ( 'NONE', #4015, #2042 ) ;
#790 = ORIENTED_EDGE ( 'NONE', *, *, #5580, .T. ) ;
#791 = VERTEX_POINT ( 'NONE', #5877 ) ;
#792 = LINE ( 'NONE', #2053, #338 ) ;
#793 = EDGE_CURVE ( 'NONE', #2797, #2083, #4154, .T. ) ;
#794 = PLANE ( 'NONE',  #4352 ) ;
#795 = CARTESIAN_POINT ( 'NONE',  ( -4.127499999999997726, 0.000000000000000000, 0.3175000000000011702 ) ) ;
#796 = CARTESIAN_POINT ( 'NONE',  ( -2.158999999999995811, 0.000000000000000000, 1.270000000000002238 ) ) ;
#797 = ORIENTED_EDGE ( 'NONE', *, *, #175, .T. ) ;
#798 = LINE ( 'NONE', #3498, #1805 ) ;
#799 = AXIS2_PLACEMENT_3D ( 'NONE', #5805, #5342, #5403 ) ;
#800 = ORIENTED_EDGE ( 'NONE', *, *, #4987, .F. ) ;
#801 = LINE ( 'NONE', #2093, #1010 ) ;
#802 = CARTESIAN_POINT ( 'NONE',  ( -13.08099999999999596, 0.000000000000000000, -1.269999999999998241 ) ) ;
#803 = EDGE_CURVE ( 'NONE', #5323, #5181, #1890, .T. ) ;
#804 = CARTESIAN_POINT ( 'NONE',  ( 8.572500000000003340, 0.000000000000000000, 0.3175000000000011702 ) ) ;
#805 = DIRECTION ( 'NONE',  ( -1.000000000000000000, 0.000000000000000000, -0.000000000000000000 ) ) ;
#806 = ORIENTED_EDGE ( 'NONE', *, *, #4878, .F. ) ;
#807 = DIRECTION ( 'NONE',  ( -1.000000000000000000, 0.000000000000000000, -0.000000000000000000 ) ) ;
#808 = ORIENTED_EDGE ( 'NONE', *, *, #4358, .F. ) ;
#809 = VECTOR ( 'NONE', #2387, 1000.000000000000000 ) ;
#810 = SURFACE_SIDE_STYLE ('',( #2606 ) ) ;
#811 = VECTOR ( 'NONE', #1448, 1000.000000000000000 ) ;
#812 = DIRECTION ( 'NONE',  ( -0.7071067811865471286, -0.000000000000000000, 0.7071067811865479058 ) ) ;
#814 = FACE_BOUND ( 'NONE', #1244, .T. ) ;
#813 = VECTOR ( 'NONE', #1442, 1000.000000000000000 ) ;
#815 = EDGE_LOOP ( 'NONE', ( #5451, #2135, #4196, #1290, #4572, #1478, #4990, #1381 ) ) ;
#816 = CARTESIAN_POINT ( 'NONE',  ( 0.3809999999999993947, 2.540000000000000036, -1.269999999999998019 ) ) ;
#817 = FACE_BOUND ( 'NONE', #1998, .T. ) ;
#818 = ORIENTED_EDGE ( 'NONE', *, *, #4107, .T. ) ;
#819 = VECTOR ( 'NONE', #1965, 1000.000000000000000 ) ;
#820 = PLANE ( 'NONE',  #4830 ) ;
#821 = EDGE_CURVE ( 'NONE', #3725, #1493, #539, .T. ) ;
#822 = VECTOR ( 'NONE', #2152, 1000.000000000000000 ) ;
#823 = EDGE_CURVE ( 'NONE', #3148, #1195, #3710, .T. ) ;
#824 = VERTEX_POINT ( 'NONE', #5450 ) ;
#825 = DIRECTION ( 'NONE',  ( -0.000000000000000000, -0.000000000000000000, -1.000000000000000000 ) ) ;
#826 = CARTESIAN_POINT ( 'NONE',  ( 5.080000000000000959, 0.000000000000000000, -0.8889999999999981251 ) ) ;
#827 = DIRECTION ( 'NONE',  ( -0.000000000000000000, -0.000000000000000000, 1.000000000000000000 ) ) ;
#828 = AXIS2_PLACEMENT_3D ( 'NONE', #18, #5443, #5012 ) ;
#829 = CARTESIAN_POINT ( 'NONE',  ( -7.620000000000000107, 2.540000000000000036, -0.8889999999999981251 ) ) ;
#830 = ORIENTED_EDGE ( 'NONE', *, *, #2870, .F. ) ;
#831 = EDGE_CURVE ( 'NONE', #4582, #1240, #1833, .T. ) ;
#832 = CARTESIAN_POINT ( 'NONE',  ( -7.239000000000000767, 0.000000000000000000, -1.269999999999998019 ) ) ;
#833 = VERTEX_POINT ( 'NONE', #2812 ) ;
#834 = MECHANICAL_DESIGN_GEOMETRIC_PRESENTATION_REPRESENTATION (  '', ( #357 ), #4078 ) ;
#835 = DIRECTION ( 'NONE',  ( -1.000000000000000000, -0.000000000000000000, -0.000000000000000000 ) ) ;
#836 = DIRECTION ( 'NONE',  ( 0.000000000000000000, 0.000000000000000000, -1.000000000000000000 ) ) ;
#837 = PLANE ( 'NONE',  #1110 ) ;
#838 = CARTESIAN_POINT ( 'NONE',  ( 2.540000000000000480, 2.540000000000000036, -0.8889999999999981251 ) ) ;
#839 = AXIS2_PLACEMENT_3D ( 'NONE', #173, #5218, #3842 ) ;
#840 = EDGE_LOOP ( 'NONE', ( #2510, #3184, #4940, #2170 ) ) ;
#841 = PLANE ( 'NONE',  #4621 ) ;
#842 = ORIENTED_EDGE ( 'NONE', *, *, #5856, .F. ) ;
#843 = VECTOR ( 'NONE', #5176, 1000.000000000000227 ) ;
#844 = SURFACE_STYLE_USAGE ( .BOTH. , #810 ) ;
#845 = AXIS2_PLACEMENT_3D ( 'NONE', #911, #1844, #1789 ) ;
#846 = CARTESIAN_POINT ( 'NONE',  ( -11.74749999999999694, 0.000000000000000000, -0.3174999999999990052 ) ) ;
#847 = CARTESIAN_POINT ( 'NONE',  ( 2.921000000000003372, 0.000000000000000000, 1.270000000000002238 ) ) ;
#848 = ORIENTED_EDGE ( 'NONE', *, *, #3506, .T. ) ;
#849 = DIRECTION ( 'NONE',  ( -2.439149994343084764E-16, 0.000000000000000000, -1.000000000000000000 ) ) ;
#850 = PLANE ( 'NONE',  #4529 ) ;
#851 = APPLICATION_CONTEXT ( 'automotive_design' ) ;
#852 = VERTEX_POINT ( 'NONE', #1380 ) ;
#853 = DIRECTION ( 'NONE',  ( 1.000000000000000000, 0.000000000000000000, -2.439149994343089694E-16 ) ) ;
#854 = ORIENTED_EDGE ( 'NONE', *, *, #4265, .F. ) ;
#855 = DIRECTION ( 'NONE',  ( -0.7071067811865457964, -0.000000000000000000, -0.7071067811865492381 ) ) ;
#856 = LINE ( 'NONE', #5618, #4552 ) ;
#857 = EDGE_CURVE ( 'NONE', #5230, #1484, #929, .T. ) ;
#858 = CARTESIAN_POINT ( 'NONE',  ( -7.619999999999997442, 2.540000000000000036, -0.8889999999999986802 ) ) ;
#859 = ADVANCED_FACE ( 'NONE', ( #3651 ), #2762, .T. ) ;
#860 = PLANE ( 'NONE',  #4424 ) ;
#861 = VERTEX_POINT ( 'NONE', #3763 ) ;
#862 = DIRECTION ( 'NONE',  ( -1.000000000000000000, -0.000000000000000000, -0.000000000000000000 ) ) ;
#863 = VERTEX_POINT ( 'NONE', #2421 ) ;
#864 = LINE ( 'NONE', #469, #3312 ) ;
#865 = LINE ( 'NONE', #5375, #1644 ) ;
#866 = LINE ( 'NONE', #739, #5896 ) ;
#867 = EDGE_CURVE ( 'NONE', #5647, #4980, #3932, .T. ) ;
#868 = LINE ( 'NONE', #4507, #5820 ) ;
#869 = ADVANCED_FACE ( 'NONE', ( #5627 ), #5742, .T. ) ;
#870 = ORIENTED_EDGE ( 'NONE', *, *, #3723, .T. ) ;
#871 = ADVANCED_BREP_SHAPE_REPRESENTATION ( '', ( #5248, #3297, #1320 ), #1711 ) ;
#872 = DIRECTION ( 'NONE',  ( -0.000000000000000000, -0.000000000000000000, -1.000000000000000000 ) ) ;
#873 = EDGE_LOOP ( 'NONE', ( #4342, #5310, #1061, #4485 ) ) ;
#874 = LINE ( 'NONE', #4036, #5032 ) ;
#875 = DIRECTION ( 'NONE',  ( 0.000000000000000000, 1.000000000000000000, 0.000000000000000000 ) ) ;
#876 = VERTEX_POINT ( 'NONE', #1183 ) ;
#877 = CARTESIAN_POINT ( 'NONE',  ( 0.3809999999999993947, 0.000000000000000000, -1.269999999999998019 ) ) ;
#878 = DIRECTION ( 'NONE',  ( 0.000000000000000000, 1.000000000000000000, 0.000000000000000000 ) ) ;
#879 = ORIENTED_EDGE ( 'NONE', *, *, #1717, .T. ) ;
#880 = CLOSED_SHELL ( 'NONE', ( #5356, #1345, #537, #5532, #3065, #2295, #2673, #1459, #2771, #2919, #2845, #567, #1001, #5643 ) ) ;
#881 = EDGE_CURVE ( 'NONE', #991, #2316, #3798, .T. ) ;
#882 = VECTOR ( 'NONE', #2733, 1000.000000000000000 ) ;
#883 = VERTEX_POINT ( 'NONE', #2116 ) ;
#884 = LINE ( 'NONE', #5432, #157 ) ;
#885 = DIRECTION ( 'NONE',  ( 0.000000000000000000, 0.000000000000000000, -1.000000000000000000 ) ) ;
#886 = CARTESIAN_POINT ( 'NONE',  ( 3.469446951953614189E-15, 2.540000000000000036, -0.8889999999999986802 ) ) ;
#887 = ORIENTED_EDGE ( 'NONE', *, *, #366, .F. ) ;
#888 = ORIENTED_EDGE ( 'NONE', *, *, #1376, .F. ) ;
#889 = LINE ( 'NONE', #4617, #2638 ) ;
#890 = DIRECTION ( 'NONE',  ( -1.000000000000000000, 0.000000000000000000, -0.000000000000000000 ) ) ;
#891 = LINE ( 'NONE', #919, #1594 ) ;
#892 = DIRECTION ( 'NONE',  ( -0.7071067811865471286, -0.000000000000000000, 0.7071067811865479058 ) ) ;
#893 = VERTEX_POINT ( 'NONE', #3014 ) ;
#894 = CARTESIAN_POINT ( 'NONE',  ( -7.239000000000000767, 0.000000000000000000, -1.269999999999998019 ) ) ;
#895 = EDGE_LOOP ( 'NONE', ( #2989, #4298, #4208, #1315 ) ) ;
#896 = EDGE_CURVE ( 'NONE', #32, #3665, #4207, .T. ) ;
#897 = EDGE_CURVE ( 'NONE', #4016, #5474, #4831, .T. ) ;
#898 = SURFACE_STYLE_USAGE ( .BOTH. , #4993 ) ;
#899 = CARTESIAN_POINT ( 'NONE',  ( -7.620000000000000107, 0.000000000000000000, -0.8889999999999981251 ) ) ;
#900 = DIRECTION ( 'NONE',  ( 1.951319995474474122E-15, 0.000000000000000000, 1.000000000000000000 ) ) ;
#901 = EDGE_LOOP ( 'NONE', ( #2352, #1818, #4575, #3908 ) ) ;
#902 = DIRECTION ( 'NONE',  ( 0.000000000000000000, 0.000000000000000000, -1.000000000000000000 ) ) ;
#903 = ORIENTED_EDGE ( 'NONE', *, *, #5804, .T. ) ;
#904 = EDGE_CURVE ( 'NONE', #989, #618, #5772, .T. ) ;
#905 = LINE ( 'NONE', #2315, #2068 ) ;
#906 = ORIENTED_EDGE ( 'NONE', *, *, #4910, .T. ) ;
#907 = AXIS2_PLACEMENT_3D ( 'NONE', #3001, #5729, #3919 ) ;
#908 = SURFACE_SIDE_STYLE ('',( #3309 ) ) ;
#909 = VERTEX_POINT ( 'NONE', #1668 ) ;
#910 = VECTOR ( 'NONE', #4188, 1000.000000000000000 ) ;
#911 = CARTESIAN_POINT ( 'NONE',  ( -8.889999999999998792, 0.000000000000000000, 1.192622389734054877E-15 ) ) ;
#912 = VECTOR ( 'NONE', #3051, 1000.000000000000114 ) ;
#913 = PLANE ( 'NONE',  #5285 ) ;
#914 = ORIENTED_EDGE ( 'NONE', *, *, #3271, .F. ) ;
#915 = ORIENTED_EDGE ( 'NONE', *, *, #1155, .T. ) ;
#916 = CARTESIAN_POINT ( 'NONE',  ( -12.69999999999999929, 0.000000000000000000, -0.8889999999999981251 ) ) ;
#917 = FACE_OUTER_BOUND ( 'NONE', #3353, .T. ) ;
#918 = VECTOR ( 'NONE', #5672, 1000.000000000000000 ) ;
#919 = CARTESIAN_POINT ( 'NONE',  ( 12.31900000000000617, 0.000000000000000000, -1.269999999999998241 ) ) ;
#920 = DIRECTION ( 'NONE',  ( 0.000000000000000000, 1.000000000000000000, 0.000000000000000000 ) ) ;
#921 = VECTOR ( 'NONE', #4712, 1000.000000000000000 ) ;
#922 = ORIENTED_EDGE ( 'NONE', *, *, #3423, .F. ) ;
#923 = CARTESIAN_POINT ( 'NONE',  ( -7.620000000000000107, 0.000000000000000000, -0.8889999999999981251 ) ) ;
#924 = ORIENTED_EDGE ( 'NONE', *, *, #636, .T. ) ;
#925 = FILL_AREA_STYLE_COLOUR ( '', #4555 ) ;
#926 = AXIS2_PLACEMENT_3D ( 'NONE', #1197, #1807, #364 ) ;
#927 = ADVANCED_FACE ( 'NONE', ( #1501 ), #4693, .T. ) ;
#928 = ADVANCED_FACE ( 'NONE', ( #5249 ), #2528, .T. ) ;
#929 = LINE ( 'NONE', #4039, #3929 ) ;
#930 = VERTEX_POINT ( 'NONE', #5143 ) ;
#931 = CARTESIAN_POINT ( 'NONE',  ( -4.698999999999996291, 0.000000000000000000, 1.270000000000002238 ) ) ;
#932 = VERTEX_POINT ( 'NONE', #4666 ) ;
#933 = VECTOR ( 'NONE', #3360, 1000.000000000000000 ) ;
#934 = FACE_OUTER_BOUND ( 'NONE', #2293, .T. ) ;
#935 = ORIENTED_EDGE ( 'NONE', *, *, #2650, .T. ) ;
#936 = AXIS2_PLACEMENT_3D ( 'NONE', #369, #3980, #5360 ) ;
#937 = VECTOR ( 'NONE', #4412, 1000.000000000000000 ) ;
#938 = EDGE_CURVE ( 'NONE', #5312, #3711, #2874, .T. ) ;
#939 = EDGE_CURVE ( 'NONE', #4997, #2092, #258, .T. ) ;
#940 =( LENGTH_UNIT ( ) NAMED_UNIT ( * ) SI_UNIT ( .MILLI., .METRE. ) );
#941 = VECTOR ( 'NONE', #4297, 1000.000000000000000 ) ;
#942 = VECTOR ( 'NONE', #1252, 1000.000000000000000 ) ;
#943 = ORIENTED_EDGE ( 'NONE', *, *, #4179, .F. ) ;
#944 = DIRECTION ( 'NONE',  ( 0.000000000000000000, 0.000000000000000000, 1.000000000000000000 ) ) ;
#945 = FACE_OUTER_BOUND ( 'NONE', #1911, .T. ) ;
#946 = ORIENTED_EDGE ( 'NONE', *, *, #3203, .F. ) ;
#947 = EDGE_LOOP ( 'NONE', ( #2714, #1918, #290, #2611 ) ) ;
#948 = DIRECTION ( 'NONE',  ( 0.000000000000000000, 0.000000000000000000, 1.000000000000000000 ) ) ;
#949 = DIRECTION ( 'NONE',  ( 0.000000000000000000, 0.000000000000000000, -1.000000000000000000 ) ) ;
#950 = CARTESIAN_POINT ( 'NONE',  ( -9.778999999999999915, 0.000000000000000000, -1.269999999999998019 ) ) ;
#951 = LINE ( 'NONE', #4620, #3985 ) ;
#952 = VERTEX_POINT ( 'NONE', #5278 ) ;
#953 = DIRECTION ( 'NONE',  ( 0.000000000000000000, 1.000000000000000000, 0.000000000000000000 ) ) ;
#954 = VERTEX_POINT ( 'NONE', #5112 ) ;
#955 = CARTESIAN_POINT ( 'NONE',  ( 10.54100000000000570, 0.000000000000000000, 1.270000000000002238 ) ) ;
#956 = CARTESIAN_POINT ( 'NONE',  ( -10.15999999999999659, 0.000000000000000000, 0.8890000000000009006 ) ) ;
#957 = LINE ( 'NONE', #3151, #212 ) ;
#958 = ORIENTED_EDGE ( 'NONE', *, *, #517, .F. ) ;
#959 = DIRECTION ( 'NONE',  ( -0.000000000000000000, -0.000000000000000000, -1.000000000000000000 ) ) ;
#960 = VERTEX_POINT ( 'NONE', #3735 ) ;
#961 = DIRECTION ( 'NONE',  ( 0.000000000000000000, 0.000000000000000000, -1.000000000000000000 ) ) ;
#962 = ORIENTED_EDGE ( 'NONE', *, *, #1331, .F. ) ;
#963 = EDGE_CURVE ( 'NONE', #3418, #4997, #595, .T. ) ;
#964 = EDGE_CURVE ( 'NONE', #4888, #4637, #3299, .T. ) ;
#965 = LINE ( 'NONE', #2345, #5512 ) ;
#966 = CARTESIAN_POINT ( 'NONE',  ( -9.207499999999997797, 0.000000000000000000, 0.3175000000000011702 ) ) ;
#967 = ORIENTED_EDGE ( 'NONE', *, *, #4583, .F. ) ;
#968 = ADVANCED_FACE ( 'NONE', ( #3905 ), #569, .F. ) ;
#969 = EDGE_CURVE ( 'NONE', #5067, #2868, #1214, .T. ) ;
#970 = VECTOR ( 'NONE', #4710, 1000.000000000000000 ) ;
#971 = LINE ( 'NONE', #5485, #4330 ) ;
#972 = ORIENTED_EDGE ( 'NONE', *, *, #1667, .T. ) ;
#973 = EDGE_LOOP ( 'NONE', ( #3292, #4104, #2626, #790 ) ) ;
#974 = VECTOR ( 'NONE', #1468, 1000.000000000000000 ) ;
#975 = EDGE_CURVE ( 'NONE', #3450, #521, #2368, .T. ) ;
#976 = CARTESIAN_POINT ( 'NONE',  ( -2.158999999999999364, 2.540000000000000036, -1.269999999999998019 ) ) ;
#977 = LINE ( 'NONE', #2805, #5859 ) ;
#978 = DIRECTION ( 'NONE',  ( -1.000000000000000000, 0.000000000000000000, 2.439149994343084764E-16 ) ) ;
#979 = LINE ( 'NONE', #562, #1895 ) ;
#980 = ORIENTED_EDGE ( 'NONE', *, *, #5243, .F. ) ;
#981 = DIRECTION ( 'NONE',  ( 0.000000000000000000, -1.000000000000000000, 0.000000000000000000 ) ) ;
#982 = ORIENTED_EDGE ( 'NONE', *, *, #5326, .F. ) ;
#983 = ADVANCED_FACE ( 'NONE', ( #3524 ), #3162, .T. ) ;
#984 = DIRECTION ( 'NONE',  ( 0.000000000000000000, 1.000000000000000000, 0.000000000000000000 ) ) ;
#985 = PLANE ( 'NONE',  #67 ) ;
#986 = PRODUCT ( 'GBC36SAAN_GC12S', 'GBC36SAAN_GC12S', '', ( #5637 ) ) ;
#987 = VECTOR ( 'NONE', #853, 1000.000000000000000 ) ;
#988 = LINE ( 'NONE', #506, #2029 ) ;
#989 = VERTEX_POINT ( 'NONE', #796 ) ;
#990 = DIRECTION ( 'NONE',  ( 1.000000000000000000, 0.000000000000000000, 0.000000000000000000 ) ) ;
#991 = VERTEX_POINT ( 'NONE', #4474 ) ;
#992 = CARTESIAN_POINT ( 'NONE',  ( -0.2446143550033490766, 8.382000000000001450, 0.3174999999999999489 ) ) ;
#993 = ORIENTED_EDGE ( 'NONE', *, *, #4358, .T. ) ;
#994 = VECTOR ( 'NONE', #3107, 1000.000000000000000 ) ;
#995 = FACE_OUTER_BOUND ( 'NONE', #5494, .T. ) ;
#996 = FACE_OUTER_BOUND ( 'NONE', #5707, .T. ) ;
#997 = CARTESIAN_POINT ( 'NONE',  ( 2.540000000000002256, 0.000000000000000000, 0.8890000000000009006 ) ) ;
#998 = ORIENTED_EDGE ( 'NONE', *, *, #5134, .T. ) ;
#999 = VECTOR ( 'NONE', #1201, 1000.000000000000000 ) ;
#1000 = EDGE_CURVE ( 'NONE', #3329, #1754, #5370, .T. ) ;
#1001 = ADVANCED_FACE ( 'NONE', ( #2204 ), #4410, .F. ) ;
#1002 = FACE_OUTER_BOUND ( 'NONE', #4071, .T. ) ;
#1003 = COLOUR_RGB ( '',0.2509803921568627416, 0.2509803921568627416, 0.2509803921568627416 ) ;
#1004 = ORIENTED_EDGE ( 'NONE', *, *, #4735, .T. ) ;
#1005 = ORIENTED_EDGE ( 'NONE', *, *, #2355, .T. ) ;
#1006 = DIRECTION ( 'NONE',  ( 0.000000000000000000, 0.000000000000000000, -1.000000000000000000 ) ) ;
#1007 = DIRECTION ( 'NONE',  ( 0.000000000000000000, 0.000000000000000000, -1.000000000000000000 ) ) ;
#1008 = PLANE ( 'NONE',  #3879 ) ;
#1009 = DIRECTION ( 'NONE',  ( -0.000000000000000000, -0.000000000000000000, 1.000000000000000000 ) ) ;
#1010 = VECTOR ( 'NONE', #4896, 1000.000000000000000 ) ;
#1011 = EDGE_CURVE ( 'NONE', #5236, #3268, #4499, .T. ) ;
#1012 = ORIENTED_EDGE ( 'NONE', *, *, #1108, .T. ) ;
#1013 = DIRECTION ( 'NONE',  ( -0.7071067811865471286, -0.000000000000000000, 0.7071067811865479058 ) ) ;
#1014 = EDGE_LOOP ( 'NONE', ( #2082, #5189, #2149, #924 ) ) ;
#1015 = VECTOR ( 'NONE', #4961, 1000.000000000000000 ) ;
#1016 = FACE_OUTER_BOUND ( 'NONE', #3915, .T. ) ;
#1017 = CARTESIAN_POINT ( 'NONE',  ( -4.698999999999999844, 0.000000000000000000, -1.269999999999998019 ) ) ;
#1018 = AXIS2_PLACEMENT_3D ( 'NONE', #5131, #3815, #1038 ) ;
#1019 = DIRECTION ( 'NONE',  ( 1.000000000000000000, 0.000000000000000000, -2.439149994343089694E-16 ) ) ;
#1020 = ORIENTED_EDGE ( 'NONE', *, *, #2555, .T. ) ;
#1021 = CARTESIAN_POINT ( 'NONE',  ( -1.587499999999996803, 0.000000000000000000, 0.3175000000000011702 ) ) ;
#1022 = ORIENTED_EDGE ( 'NONE', *, *, #2501, .F. ) ;
#1023 = DIRECTION ( 'NONE',  ( 1.951319995474474122E-15, 0.000000000000000000, 1.000000000000000000 ) ) ;
#1024 = VERTEX_POINT ( 'NONE', #2235 ) ;
#1025 = STYLED_ITEM ( 'NONE', ( #5848 ), #5248 ) ;
#1026 = LINE ( 'NONE', #5633, #3977 ) ;
#1027 = VECTOR ( 'NONE', #4482, 1000.000000000000000 ) ;
#1028 = DIRECTION ( 'NONE',  ( -2.439149994343084764E-16, 0.000000000000000000, -1.000000000000000000 ) ) ;
#1029 = PLANE ( 'NONE',  #5684 ) ;
#1030 = ORIENTED_EDGE ( 'NONE', *, *, #3897, .F. ) ;
#1031 = AXIS2_PLACEMENT_3D ( 'NONE', #163, #3748, #1141 ) ;
#1032 = DIRECTION ( 'NONE',  ( 1.951319995474474122E-15, 0.000000000000000000, 1.000000000000000000 ) ) ;
#1033 = ORIENTED_EDGE ( 'NONE', *, *, #493, .F. ) ;
#1034 = EDGE_LOOP ( 'NONE', ( #3552, #3942, #2647, #233 ) ) ;
#1035 = CARTESIAN_POINT ( 'NONE',  ( 8.572500000000003340, 0.000000000000000000, 0.3175000000000011702 ) ) ;
#1036 = CARTESIAN_POINT ( 'NONE',  ( -6.667499999999997762, 0.000000000000000000, 0.3175000000000011702 ) ) ;
#1037 = EDGE_CURVE ( 'NONE', #893, #1175, #4528, .T. ) ;
#1038 = DIRECTION ( 'NONE',  ( 0.7071067811865462405, 0.000000000000000000, 0.7071067811865489050 ) ) ;
#1039 = DIRECTION ( 'NONE',  ( 0.000000000000000000, 1.000000000000000000, 0.000000000000000000 ) ) ;
#1040 = ORIENTED_EDGE ( 'NONE', *, *, #1531, .T. ) ;
#1041 = LINE ( 'NONE', #4231, #1358 ) ;
#1042 = VERTEX_POINT ( 'NONE', #5436 ) ;
#1043 =( NAMED_UNIT ( * ) SI_UNIT ( $, .STERADIAN. ) SOLID_ANGLE_UNIT ( ) );
#1044 = EDGE_CURVE ( 'NONE', #1525, #3405, #4020, .T. ) ;
#1045 = ADVANCED_FACE ( 'NONE', ( #3139 ), #860, .F. ) ;
#1046 = CARTESIAN_POINT ( 'NONE',  ( 2.540000000000000036, 0.000000000000000000, 0.000000000000000000 ) ) ;
#1047 = FACE_OUTER_BOUND ( 'NONE', #3659, .T. ) ;
#1048 = DIRECTION ( 'NONE',  ( 1.000000000000000000, 0.000000000000000000, -2.439149994343089694E-16 ) ) ;
#1049 = ORIENTED_EDGE ( 'NONE', *, *, #5173, .T. ) ;
#1050 = DIRECTION ( 'NONE',  ( 1.000000000000000000, 0.000000000000000000, 0.000000000000000000 ) ) ;
#1051 = ORIENTED_EDGE ( 'NONE', *, *, #2389, .F. ) ;
#1052 = PLANE ( 'NONE',  #4437 ) ;
#1053 = DIRECTION ( 'NONE',  ( -0.7071067811865489050, 0.000000000000000000, 0.7071067811865462405 ) ) ;
#1054 = FACE_BOUND ( 'NONE', #2157, .T. ) ;
#1055 = CARTESIAN_POINT ( 'NONE',  ( -12.69999999999999929, 0.000000000000000000, -0.8889999999999981251 ) ) ;
#1056 = FACE_OUTER_BOUND ( 'NONE', #2593, .T. ) ;
#1057 = ORIENTED_EDGE ( 'NONE', *, *, #487, .T. ) ;
#1058 = ADVANCED_FACE ( 'NONE', ( #315 ), #5231, .T. ) ;
#1059 = DIRECTION ( 'NONE',  ( 0.000000000000000000, 0.000000000000000000, 1.000000000000000000 ) ) ;
#1060 = SURFACE_STYLE_FILL_AREA ( #3434 ) ;
#1061 = ORIENTED_EDGE ( 'NONE', *, *, #1595, .T. ) ;
#1062 = EDGE_LOOP ( 'NONE', ( #1792, #4895, #5776, #2481 ) ) ;
#1063 = CARTESIAN_POINT ( 'NONE',  ( 7.620000000000003659, 0.000000000000000000, -0.8889999999999986802 ) ) ;
#1064 = CARTESIAN_POINT ( 'NONE',  ( -7.619999999999997442, 0.000000000000000000, -0.8889999999999986802 ) ) ;
#1065 = LINE ( 'NONE', #198, #4932 ) ;
#1066 = CARTESIAN_POINT ( 'NONE',  ( 13.65250000000000519, 0.000000000000000000, -0.3174999999999990052 ) ) ;
#1067 = VECTOR ( 'NONE', #4741, 1000.000000000000000 ) ;
#1068 = VERTEX_POINT ( 'NONE', #2145 ) ;
#1069 = DIRECTION ( 'NONE',  ( 0.7071067811865492381, 0.000000000000000000, -0.7071067811865457964 ) ) ;
#1070 = VERTEX_POINT ( 'NONE', #4052 ) ;
#1071 = DIRECTION ( 'NONE',  ( -0.000000000000000000, -1.000000000000000000, -0.000000000000000000 ) ) ;
#1072 = CARTESIAN_POINT ( 'NONE',  ( 6.032500000000003304, 0.000000000000000000, 0.3175000000000011702 ) ) ;
#1073 = CARTESIAN_POINT ( 'NONE',  ( -0.9524999999999967937, 2.540000000000000036, 0.3175000000000011702 ) ) ;
#1074 = EDGE_CURVE ( 'NONE', #5124, #3588, #2592, .T. ) ;
#1075 = VERTEX_POINT ( 'NONE', #5890 ) ;
#1076 = EDGE_CURVE ( 'NONE', #1096, #1991, #1243, .T. ) ;
#1077 = CARTESIAN_POINT ( 'NONE',  ( 0.3174999999999999489, -10.32509999999999373, 0.3174999999999999489 ) ) ;
#1078 = VERTEX_POINT ( 'NONE', #3637 ) ;
#1079 = DIRECTION ( 'NONE',  ( 1.000000000000000000, -0.000000000000000000, 0.000000000000000000 ) ) ;
#1080 = LINE ( 'NONE', #3367, #1211 ) ;
#1081 = DIRECTION ( 'NONE',  ( -1.000000000000000000, -0.000000000000000000, 2.439149994343084764E-16 ) ) ;
#1082 = FACE_OUTER_BOUND ( 'NONE', #973, .T. ) ;
#1083 = ORIENTED_EDGE ( 'NONE', *, *, #5661, .F. ) ;
#1084 = CARTESIAN_POINT ( 'NONE',  ( 1.270000000000002016, 0.000000000000000000, 1.192622389734054877E-15 ) ) ;
#1085 = CARTESIAN_POINT ( 'NONE',  ( -14.28749999999999787, 0.000000000000000000, 0.3175000000000011702 ) ) ;
#1086 = ORIENTED_EDGE ( 'NONE', *, *, #4321, .F. ) ;
#1087 = ORIENTED_EDGE ( 'NONE', *, *, #5876, .F. ) ;
#1088 = AXIS2_PLACEMENT_3D ( 'NONE', #5057, #4129, #961 ) ;
#1089 = CARTESIAN_POINT ( 'NONE',  ( -2.539999999999996927, 0.000000000000000000, 0.8890000000000009006 ) ) ;
#1090 = DIRECTION ( 'NONE',  ( 1.000000000000000000, 0.000000000000000000, -0.000000000000000000 ) ) ;
#1091 = LINE ( 'NONE', #1577, #1399 ) ;
#1092 = PLANE ( 'NONE',  #3038 ) ;
#1093 = VECTOR ( 'NONE', #984, 1000.000000000000000 ) ;
#1094 = ORIENTED_EDGE ( 'NONE', *, *, #4313, .F. ) ;
#1095 = DIRECTION ( 'NONE',  ( 0.000000000000000000, 1.000000000000000000, 0.000000000000000000 ) ) ;
#1096 = VERTEX_POINT ( 'NONE', #3549 ) ;
#1097 = SURFACE_STYLE_FILL_AREA ( #5589 ) ;
#1098 = AXIS2_PLACEMENT_3D ( 'NONE', #5184, #105, #2470 ) ;
#1099 = DIRECTION ( 'NONE',  ( -1.000000000000000000, -0.000000000000000000, 2.439149994343084764E-16 ) ) ;
#1100 = VECTOR ( 'NONE', #5244, 1000.000000000000000 ) ;
#1101 = ORIENTED_EDGE ( 'NONE', *, *, #4161, .F. ) ;
#1102 = DIRECTION ( 'NONE',  ( 0.7071067811865492381, 0.000000000000000000, -0.7071067811865457964 ) ) ;
#1103 = VERTEX_POINT ( 'NONE', #3994 ) ;
#1104 = PRESENTATION_STYLE_ASSIGNMENT (( #3393 ) ) ;
#1105 = ADVANCED_FACE ( 'NONE', ( #3961, #1337 ), #764, .F. ) ;
#1106 = LINE ( 'NONE', #3889, #5606 ) ;
#1107 = AXIS2_PLACEMENT_3D ( 'NONE', #2881, #630, #4786 ) ;
#1108 = EDGE_CURVE ( 'NONE', #1172, #3152, #4892, .T. ) ;
#1109 = DIRECTION ( 'NONE',  ( -0.7071067811865457964, -0.000000000000000000, -0.7071067811865492381 ) ) ;
#1110 = AXIS2_PLACEMENT_3D ( 'NONE', #4870, #4480, #413 ) ;
#1111 = CARTESIAN_POINT ( 'NONE',  ( -2.920999999999994934, 2.540000000000000036, -1.269999999999998241 ) ) ;
#1112 = ORIENTED_EDGE ( 'NONE', *, *, #83, .T. ) ;
#1113 = EDGE_CURVE ( 'NONE', #759, #1661, #2624, .T. ) ;
#1114 = EDGE_CURVE ( 'NONE', #4382, #824, #4921, .T. ) ;
#1115 = CONTEXT_DEPENDENT_SHAPE_REPRESENTATION ( #34, #25 ) ;
#1116 = PRESENTATION_LAYER_ASSIGNMENT (  '', '', ( #357 ) ) ;
#1117 = VERTEX_POINT ( 'NONE', #3317 ) ;
#1118 = AXIS2_PLACEMENT_3D ( 'NONE', #5601, #3397, #661 ) ;
#1119 = ORIENTED_EDGE ( 'NONE', *, *, #1745, .F. ) ;
#1120 = VECTOR ( 'NONE', #2096, 1000.000000000000000 ) ;
#1121 = DIRECTION ( 'NONE',  ( 2.439149994343089694E-16, -0.000000000000000000, 1.000000000000000000 ) ) ;
#1122 = CARTESIAN_POINT ( 'NONE',  ( -12.69999999999999751, 0.000000000000000000, -0.8889999999999986802 ) ) ;
#1123 = DIRECTION ( 'NONE',  ( -0.000000000000000000, -0.000000000000000000, -1.000000000000000000 ) ) ;
#1124 = PLANE ( 'NONE',  #5325 ) ;
#1125 = PRESENTATION_LAYER_ASSIGNMENT (  '', '', ( #2759 ) ) ;
#1126 = ORIENTED_EDGE ( 'NONE', *, *, #93, .F. ) ;
#1127 = CARTESIAN_POINT ( 'NONE',  ( 2.540000000000002256, 0.000000000000000000, -0.8889999999999986802 ) ) ;
#1128 = EDGE_LOOP ( 'NONE', ( #3899, #4563, #4657, #5221 ) ) ;
#1129 = CARTESIAN_POINT ( 'NONE',  ( -4.127499999999997726, 0.000000000000000000, 0.3175000000000011702 ) ) ;
#1130 = PLANE ( 'NONE',  #3593 ) ;
#1131 = FACE_OUTER_BOUND ( 'NONE', #2194, .T. ) ;
#1132 = ORIENTED_EDGE ( 'NONE', *, *, #1886, .F. ) ;
#1133 = CARTESIAN_POINT ( 'NONE',  ( -15.23999999999999666, 0.000000000000000000, 0.8890000000000015667 ) ) ;
#1134 = ORIENTED_EDGE ( 'NONE', *, *, #5353, .T. ) ;
#1135 = CARTESIAN_POINT ( 'NONE',  ( 8.001000000000004775, 2.540000000000000036, 1.270000000000002238 ) ) ;
#1136 = PLANE ( 'NONE',  #5320 ) ;
#1137 = DIRECTION ( 'NONE',  ( 0.000000000000000000, 1.000000000000000000, 0.000000000000000000 ) ) ;
#1138 = EDGE_CURVE ( 'NONE', #494, #1947, #5039, .T. ) ;
#1139 = CARTESIAN_POINT ( 'NONE',  ( -1.587499999999996803, 0.000000000000000000, -0.3174999999999990052 ) ) ;
#1140 = ORIENTED_EDGE ( 'NONE', *, *, #3847, .F. ) ;
#1141 = DIRECTION ( 'NONE',  ( 1.000000000000000000, 0.000000000000000000, 0.000000000000000000 ) ) ;
#1142 =( REPRESENTATION_RELATIONSHIP ('NONE','NONE', #5475, #3634 ) REPRESENTATION_RELATIONSHIP_WITH_TRANSFORMATION ( #2614 )SHAPE_REPRESENTATION_RELATIONSHIP( ) );
#1143 =( NAMED_UNIT ( * ) SI_UNIT ( $, .STERADIAN. ) SOLID_ANGLE_UNIT ( ) );
#1144 = ADVANCED_FACE ( 'NONE', ( #1002 ), #2773, .T. ) ;
#1145 = VERTEX_POINT ( 'NONE', #4110 ) ;
#1146 = EDGE_CURVE ( 'NONE', #468, #5878, #2323, .T. ) ;
#1147 = ORIENTED_EDGE ( 'NONE', *, *, #4216, .F. ) ;
#1148 = EDGE_CURVE ( 'NONE', #989, #5054, #3283, .T. ) ;
#1149 = CARTESIAN_POINT ( 'NONE',  ( -0.3174999999999999489, 2.540000000000000036, -0.3174999999999999489 ) ) ;
#1150 = LINE ( 'NONE', #4344, #2318 ) ;
#1151 = CARTESIAN_POINT ( 'NONE',  ( -9.778999999999999915, 0.000000000000000000, -1.269999999999998019 ) ) ;
#1152 = DIRECTION ( 'NONE',  ( 0.000000000000000000, 0.000000000000000000, -1.000000000000000000 ) ) ;
#1153 = CARTESIAN_POINT ( 'NONE',  ( 12.70000000000000284, 2.540000000000000036, -0.8889999999999981251 ) ) ;
#1154 = ORIENTED_EDGE ( 'NONE', *, *, #4676, .T. ) ;
#1155 = EDGE_CURVE ( 'NONE', #5212, #119, #132, .T. ) ;
#1156 = LINE ( 'NONE', #4833, #5882 ) ;
#1157 = EDGE_LOOP ( 'NONE', ( #4436, #4530, #3251, #3294 ) ) ;
#1158 = VECTOR ( 'NONE', #3475, 1000.000000000000000 ) ;
#1159 = CARTESIAN_POINT ( 'NONE',  ( -5.079999999999997407, 2.540000000000000036, 0.8890000000000009006 ) ) ;
#1160 = CARTESIAN_POINT ( 'NONE',  ( -0.3809999999999941767, 2.540000000000000036, -1.269999999999998241 ) ) ;
#1161 = PLANE ( 'NONE',  #1293 ) ;
#1162 = DIRECTION ( 'NONE',  ( -0.7071067811865457964, 0.000000000000000000, -0.7071067811865492381 ) ) ;
#1163 = VECTOR ( 'NONE', #2999, 1000.000000000000000 ) ;
#1164 = ORIENTED_EDGE ( 'NONE', *, *, #5919, .T. ) ;
#1165 = CARTESIAN_POINT ( 'NONE',  ( 11.11250000000000426, 0.000000000000000000, -0.3174999999999990052 ) ) ;
#1166 = ORIENTED_EDGE ( 'NONE', *, *, #4799, .T. ) ;
#1167 = CARTESIAN_POINT ( 'NONE',  ( 0.3810000000000028919, 2.540000000000000036, 1.270000000000002238 ) ) ;
#1168 = CARTESIAN_POINT ( 'NONE',  ( -11.11249999999999716, 0.000000000000000000, 0.3175000000000011702 ) ) ;
#1169 = CARTESIAN_POINT ( 'NONE',  ( 10.54100000000000215, 0.000000000000000000, -1.269999999999998019 ) ) ;
#1170 = DIRECTION ( 'NONE',  ( 1.951319995474474122E-15, 0.000000000000000000, 1.000000000000000000 ) ) ;
#1171 = LINE ( 'NONE', #2884, #516 ) ;
#1172 = VERTEX_POINT ( 'NONE', #556 ) ;
#1173 = PRESENTATION_STYLE_ASSIGNMENT (( #1570 ) ) ;
#1174 = ORIENTED_EDGE ( 'NONE', *, *, #3971, .T. ) ;
#1175 = VERTEX_POINT ( 'NONE', #2828 ) ;
#1176 = DIRECTION ( 'NONE',  ( 1.951319995474474122E-15, 0.000000000000000000, 1.000000000000000000 ) ) ;
#1177 = FACE_OUTER_BOUND ( 'NONE', #3337, .T. ) ;
#1178 = VECTOR ( 'NONE', #1728, 1000.000000000000000 ) ;
#1179 = CARTESIAN_POINT ( 'NONE',  ( -0.3809999999999941767, 2.540000000000000036, -1.269999999999998241 ) ) ;
#1180 =( REPRESENTATION_RELATIONSHIP ('NONE','NONE', #5475, #3634 ) REPRESENTATION_RELATIONSHIP_WITH_TRANSFORMATION ( #5763 )SHAPE_REPRESENTATION_RELATIONSHIP( ) );
#1181 = ADVANCED_FACE ( 'NONE', ( #945 ), #1960, .T. ) ;
#1182 = EDGE_CURVE ( 'NONE', #4047, #395, #5609, .T. ) ;
#1183 = CARTESIAN_POINT ( 'NONE',  ( -1.587499999999996803, 2.540000000000000036, 0.3175000000000011702 ) ) ;
#1184 = ORIENTED_EDGE ( 'NONE', *, *, #2208, .T. ) ;
#1185 = CARTESIAN_POINT ( 'NONE',  ( 13.65250000000000519, 2.540000000000000036, 0.3175000000000011702 ) ) ;
#1186 = ORIENTED_EDGE ( 'NONE', *, *, #4416, .F. ) ;
#1187 = CARTESIAN_POINT ( 'NONE',  ( 7.239000000000006096, 2.540000000000000036, 1.270000000000001794 ) ) ;
#1188 = DIRECTION ( 'NONE',  ( 0.7071067811865463515, 0.000000000000000000, 0.7071067811865487940 ) ) ;
#1189 = PLANE ( 'NONE',  #4160 ) ;
#1190 = FILL_AREA_STYLE_COLOUR ( '', #254 ) ;
#1191 = VECTOR ( 'NONE', #1813, 1000.000000000000000 ) ;
#1192 = EDGE_CURVE ( 'NONE', #2199, #3906, #5577, .T. ) ;
#1193 = ORIENTED_EDGE ( 'NONE', *, *, #2800, .T. ) ;
#1194 = DIRECTION ( 'NONE',  ( 0.000000000000000000, 1.000000000000000000, 0.000000000000000000 ) ) ;
#1195 = VERTEX_POINT ( 'NONE', #2379 ) ;
#1196 =( NAMED_UNIT ( * ) SI_UNIT ( $, .STERADIAN. ) SOLID_ANGLE_UNIT ( ) );
#1197 = CARTESIAN_POINT ( 'NONE',  ( 10.16000000000000547, 0.000000000000000000, 0.8890000000000015667 ) ) ;
#1198 = AXIS2_PLACEMENT_3D ( 'NONE', #3936, #1247, #4478 ) ;
#1199 = CARTESIAN_POINT ( 'NONE',  ( -2.539999999999996927, 0.000000000000000000, -0.8889999999999986802 ) ) ;
#1200 = CARTESIAN_POINT ( 'NONE',  ( 12.31900000000000617, 0.000000000000000000, 1.270000000000001794 ) ) ;
#1201 = DIRECTION ( 'NONE',  ( 0.000000000000000000, 1.000000000000000000, 0.000000000000000000 ) ) ;
#1202 = ORIENTED_EDGE ( 'NONE', *, *, #803, .T. ) ;
#1203 = VECTOR ( 'NONE', #4197, 1000.000000000000000 ) ;
#1204 = ITEM_DEFINED_TRANSFORMATION ( 'NONE', 'NONE', #2463,  #1320 ) ;
#1205 = VECTOR ( 'NONE', #1610, 1000.000000000000114 ) ;
#1206 = CARTESIAN_POINT ( 'NONE',  ( -4.698999999999999844, 0.000000000000000000, -1.269999999999998019 ) ) ;
#1207 = VERTEX_POINT ( 'NONE', #4135 ) ;
#1208 = VERTEX_POINT ( 'NONE', #580 ) ;
#1209 = FACE_OUTER_BOUND ( 'NONE', #815, .T. ) ;
#1210 = DIRECTION ( 'NONE',  ( -0.7071067811865471286, -0.000000000000000000, 0.7071067811865479058 ) ) ;
#1211 = VECTOR ( 'NONE', #2514, 1000.000000000000000 ) ;
#1212 = CARTESIAN_POINT ( 'NONE',  ( -12.69999999999999929, 0.000000000000000000, -0.8889999999999981251 ) ) ;
#1213 = DIRECTION ( 'NONE',  ( 1.000000000000000000, 0.000000000000000000, 0.000000000000000000 ) ) ;
#1214 = LINE ( 'NONE', #287, #4611 ) ;
#1215 = AXIS2_PLACEMENT_3D ( 'NONE', #1224, #3054, #4871 ) ;
#1216 = ORIENTED_EDGE ( 'NONE', *, *, #228, .T. ) ;
#1217 = DIRECTION ( 'NONE',  ( -1.000000000000000000, -0.000000000000000000, 2.439149994343084764E-16 ) ) ;
#1218 = EDGE_LOOP ( 'NONE', ( #4901, #8, #2849, #3463 ) ) ;
#1219 = ADVANCED_FACE ( 'NONE', ( #2859, #1845 ), #3662, .T. ) ;
#1220 = CARTESIAN_POINT ( 'NONE',  ( 14.85900000000000709, 0.000000000000000000, -1.269999999999998241 ) ) ;
#1221 = PLANE ( 'NONE',  #1452 ) ;
#1222 = ADVANCED_FACE ( 'NONE', ( #1481, #5125 ), #913, .T. ) ;
#1223 = FACE_BOUND ( 'NONE', #4469, .T. ) ;
#1224 = CARTESIAN_POINT ( 'NONE',  ( 2.921000000000003372, 0.000000000000000000, 1.270000000000002238 ) ) ;
#1225 = DIRECTION ( 'NONE',  ( 0.000000000000000000, 0.000000000000000000, 1.000000000000000000 ) ) ;
#1226 = ORIENTED_EDGE ( 'NONE', *, *, #3816, .T. ) ;
#1227 = DIRECTION ( 'NONE',  ( 0.000000000000000000, 1.000000000000000000, 0.000000000000000000 ) ) ;
#1228 = ORIENTED_EDGE ( 'NONE', *, *, #5210, .F. ) ;
#1229 = EDGE_CURVE ( 'NONE', #2215, #861, #1872, .T. ) ;
#1230 = ADVANCED_FACE ( 'NONE', ( #3779 ), #5005, .F. ) ;
#1231 = DIRECTION ( 'NONE',  ( -0.7071067811865457964, 0.000000000000000000, -0.7071067811865492381 ) ) ;
#1232 = CARTESIAN_POINT ( 'NONE',  ( -6.032499999999997975, 2.540000000000000036, -0.3174999999999990052 ) ) ;
#1233 = CARTESIAN_POINT ( 'NONE',  ( 7.620000000000005436, 0.000000000000000000, 0.8890000000000015667 ) ) ;
#1234 = CARTESIAN_POINT ( 'NONE',  ( -7.619999999999996554, 0.000000000000000000, 0.8890000000000015667 ) ) ;
#1235 = CARTESIAN_POINT ( 'NONE',  ( 2.540000000000002256, 0.000000000000000000, 0.8890000000000009006 ) ) ;
#1236 = ORIENTED_EDGE ( 'NONE', *, *, #4512, .T. ) ;
#1237 = FACE_OUTER_BOUND ( 'NONE', #4633, .T. ) ;
#1238 = ORIENTED_EDGE ( 'NONE', *, *, #1723, .F. ) ;
#1239 = EDGE_CURVE ( 'NONE', #2838, #4813, #971, .T. ) ;
#1240 = VERTEX_POINT ( 'NONE', #2799 ) ;
#1241 = CARTESIAN_POINT ( 'NONE',  ( 6.032500000000003304, 0.000000000000000000, 0.3175000000000011702 ) ) ;
#1242 = DIRECTION ( 'NONE',  ( 1.000000000000000000, 0.000000000000000000, -2.439149994343089694E-16 ) ) ;
#1243 = LINE ( 'NONE', #886, #696 ) ;
#1244 = EDGE_LOOP ( 'NONE', ( #1847, #3733, #663, #1696 ) ) ;
#1245 = CARTESIAN_POINT ( 'NONE',  ( -0.9524999999999967937, 0.000000000000000000, 0.3175000000000011702 ) ) ;
#1246 = VERTEX_POINT ( 'NONE', #3224 ) ;
#1247 = DIRECTION ( 'NONE',  ( 2.439149994343089694E-16, -0.000000000000000000, 1.000000000000000000 ) ) ;
#1248 = CARTESIAN_POINT ( 'NONE',  ( -6.667499999999997762, 2.540000000000000036, -0.3174999999999990052 ) ) ;
#1249 = CARTESIAN_POINT ( 'NONE',  ( 7.620000000000000107, 0.000000000000000000, 0.000000000000000000 ) ) ;
#1250 = DIRECTION ( 'NONE',  ( -0.7071067811865471286, -0.000000000000000000, 0.7071067811865479058 ) ) ;
#1251 = ORIENTED_EDGE ( 'NONE', *, *, #3537, .F. ) ;
#1252 = DIRECTION ( 'NONE',  ( 0.000000000000000000, 1.000000000000000000, 0.000000000000000000 ) ) ;
#1253 = EDGE_LOOP ( 'NONE', ( #5761, #5345, #2299, #2106 ) ) ;
#1254 = VECTOR ( 'NONE', #2122, 1000.000000000000000 ) ;
#1255 = EDGE_CURVE ( 'NONE', #2704, #3613, #2350, .T. ) ;
#1256 = EDGE_CURVE ( 'NONE', #852, #702, #1904, .T. ) ;
#1257 = LINE ( 'NONE', #847, #2887 ) ;
#1258 = LINE ( 'NONE', #1234, #1900 ) ;
#1259 = AXIS2_PLACEMENT_3D ( 'NONE', #5263, #4879, #394 ) ;
#1260 = CARTESIAN_POINT ( 'NONE',  ( 0.3174999999999999489, 2.540000000000000036, -0.3174999999999999489 ) ) ;
#1261 = ORIENTED_EDGE ( 'NONE', *, *, #1779, .T. ) ;
#1262 = CONTEXT_DEPENDENT_SHAPE_REPRESENTATION ( #5467, #3657 ) ;
#1263 = EDGE_CURVE ( 'NONE', #2719, #29, #3898, .T. ) ;
#1264 = CARTESIAN_POINT ( 'NONE',  ( 5.080000000000002736, 0.000000000000000000, -0.8889999999999986802 ) ) ;
#1265 = ORIENTED_EDGE ( 'NONE', *, *, #4916, .F. ) ;
#1266 = PLANE ( 'NONE',  #1395 ) ;
#1267 = DIRECTION ( 'NONE',  ( -0.000000000000000000, -0.000000000000000000, -1.000000000000000000 ) ) ;
#1268 = FILL_AREA_STYLE_COLOUR ( '', #2850 ) ;
#1269 = EDGE_CURVE ( 'NONE', #4212, #4893, #4339, .T. ) ;
#1270 = CARTESIAN_POINT ( 'NONE',  ( -0.9524999999999967937, 0.000000000000000000, 0.3175000000000011702 ) ) ;
#1271 = ORIENTED_EDGE ( 'NONE', *, *, #2738, .F. ) ;
#1272 = DIRECTION ( 'NONE',  ( 0.000000000000000000, 1.000000000000000000, 0.000000000000000000 ) ) ;
#1273 = VECTOR ( 'NONE', #1032, 1000.000000000000000 ) ;
#1274 = ORIENTED_EDGE ( 'NONE', *, *, #384, .F. ) ;
#1275 = CARTESIAN_POINT ( 'NONE',  ( -8.572499999999996234, 2.540000000000000036, 0.3175000000000011702 ) ) ;
#1276 = CARTESIAN_POINT ( 'NONE',  ( -5.079999999999997407, 0.000000000000000000, -0.8889999999999986802 ) ) ;
#1277 = CARTESIAN_POINT ( 'NONE',  ( -10.54099999999999504, 0.000000000000000000, 1.270000000000001794 ) ) ;
#1278 = FACE_OUTER_BOUND ( 'NONE', #3278, .T. ) ;
#1279 = ORIENTED_EDGE ( 'NONE', *, *, #11, .F. ) ;
#1280 = DIRECTION ( 'NONE',  ( 1.000000000000000000, 0.000000000000000000, 0.000000000000000000 ) ) ;
#1281 = EDGE_LOOP ( 'NONE', ( #4557, #557, #3973, #4270 ) ) ;
#1282 = CARTESIAN_POINT ( 'NONE',  ( -11.74749999999999694, 0.000000000000000000, 0.3175000000000011702 ) ) ;
#1283 = AXIS2_PLACEMENT_3D ( 'NONE', #2017, #1657, #4731 ) ;
#1284 = CARTESIAN_POINT ( 'NONE',  ( -9.778999999999996362, 0.000000000000000000, 1.270000000000002238 ) ) ;
#1286 = CARTESIAN_POINT ( 'NONE',  ( 27.94000000000000128, 2.540000000000000036, 0.000000000000000000 ) ) ;
#1285 = STYLED_ITEM ( 'NONE', ( #3562 ), #3297 ) ;
#1287 = ORIENTED_EDGE ( 'NONE', *, *, #2613, .T. ) ;
#1288 = FACE_OUTER_BOUND ( 'NONE', #1544, .T. ) ;
#1289 = LINE ( 'NONE', #1688, #1191 ) ;
#1290 = ORIENTED_EDGE ( 'NONE', *, *, #4008, .T. ) ;
#1291 = EDGE_CURVE ( 'NONE', #4021, #5472, #193, .T. ) ;
#1292 = VECTOR ( 'NONE', #503, 1000.000000000000000 ) ;
#1293 = AXIS2_PLACEMENT_3D ( 'NONE', #4355, #3823, #2449 ) ;
#1294 = AXIS2_PLACEMENT_3D ( 'NONE', #2646, #304, #3948 ) ;
#1295 = ORIENTED_EDGE ( 'NONE', *, *, #5276, .T. ) ;
#1296 = EDGE_CURVE ( 'NONE', #581, #1208, #2436, .T. ) ;
#1297 = ADVANCED_FACE ( 'NONE', ( #2049 ), #2888, .F. ) ;
#1298 = CARTESIAN_POINT ( 'NONE',  ( 10.16000000000000192, 0.000000000000000000, -0.8889999999999981251 ) ) ;
#1299 = AXIS2_PLACEMENT_3D ( 'NONE', #1883, #981, #2809 ) ;
#1300 = FACE_OUTER_BOUND ( 'NONE', #1281, .T. ) ;
#1301 = EDGE_CURVE ( 'NONE', #5333, #1527, #2952, .T. ) ;
#1302 =( NAMED_UNIT ( * ) PLANE_ANGLE_UNIT ( ) SI_UNIT ( $, .RADIAN. ) );
#1303 = VECTOR ( 'NONE', #2143, 1000.000000000000000 ) ;
#1304 = CARTESIAN_POINT ( 'NONE',  ( -12.31900000000000084, 0.000000000000000000, -1.269999999999998019 ) ) ;
#1305 = EDGE_LOOP ( 'NONE', ( #1020, #1801, #2011, #1633 ) ) ;
#1306 = DIRECTION ( 'NONE',  ( 1.000000000000000000, 0.000000000000000000, 0.000000000000000000 ) ) ;
#1307 = ORIENTED_EDGE ( 'NONE', *, *, #3105, .T. ) ;
#1308 = VECTOR ( 'NONE', #5904, 1000.000000000000000 ) ;
#1309 = CARTESIAN_POINT ( 'NONE',  ( -1.587499999999996803, 0.000000000000000000, -0.3174999999999990052 ) ) ;
#1310 = LINE ( 'NONE', #4479, #300 ) ;
#1311 = CARTESIAN_POINT ( 'NONE',  ( 0.3174999999999999489, 2.540000000000000036, 0.3174999999999999489 ) ) ;
#1312 = MANIFOLD_SOLID_BREP ( 'LPattern1[2]', #680 ) ;
#1313 = LINE ( 'NONE', #3618, #1509 ) ;
#1314 = AXIS2_PLACEMENT_3D ( 'NONE', #4380, #343, #5369 ) ;
#1315 = ORIENTED_EDGE ( 'NONE', *, *, #2660, .T. ) ;
#1316 = DIRECTION ( 'NONE',  ( -0.000000000000000000, -0.000000000000000000, -1.000000000000000000 ) ) ;
#1317 = ORIENTED_EDGE ( 'NONE', *, *, #673, .T. ) ;
#1318 = EDGE_CURVE ( 'NONE', #3746, #4794, #3344, .T. ) ;
#1319 = DIRECTION ( 'NONE',  ( 0.000000000000000000, 1.000000000000000000, 0.000000000000000000 ) ) ;
#1320 = AXIS2_PLACEMENT_3D ( 'NONE', #4829, #3931, #5771 ) ;
#1321 =( LENGTH_UNIT ( ) NAMED_UNIT ( * ) SI_UNIT ( .MILLI., .METRE. ) );
#1322 = PRODUCT_DEFINITION_SHAPE ( 'NONE', 'NONE',  #5934 ) ;
#1323 = VECTOR ( 'NONE', #3540, 1000.000000000000000 ) ;
#1324 = MANIFOLD_SOLID_BREP ( 'LPattern1[4]', #5854 ) ;
#1325 = CARTESIAN_POINT ( 'NONE',  ( -8.572499999999996234, 0.000000000000000000, 0.3175000000000011702 ) ) ;
#1326 = ORIENTED_EDGE ( 'NONE', *, *, #400, .T. ) ;
#1327 = DIRECTION ( 'NONE',  ( 0.7071067811865505703, -0.000000000000000000, 0.7071067811865444641 ) ) ;
#1328 = LINE ( 'NONE', #4073, #999 ) ;
#1329 = EDGE_LOOP ( 'NONE', ( #2171, #5213, #5620, #2454 ) ) ;
#1330 = FILL_AREA_STYLE ('',( #1783 ) ) ;
#1331 = EDGE_CURVE ( 'NONE', #2060, #3906, #218, .T. ) ;
#1332 = ORIENTED_EDGE ( 'NONE', *, *, #5800, .T. ) ;
#1333 = CARTESIAN_POINT ( 'NONE',  ( -0.3174999999999999489, 8.039099999999994139, 0.3174999999999999489 ) ) ;
#1334 = CARTESIAN_POINT ( 'NONE',  ( -12.69999999999999574, 0.000000000000000000, 0.8890000000000015667 ) ) ;
#1335 = EDGE_CURVE ( 'NONE', #521, #263, #4523, .T. ) ;
#1336 = ADVANCED_FACE ( 'NONE', ( #2261 ), #3572, .T. ) ;
#1337 = FACE_OUTER_BOUND ( 'NONE', #5352, .T. ) ;
#1338 = VERTEX_POINT ( 'NONE', #1206 ) ;
#1339 = CARTESIAN_POINT ( 'NONE',  ( 5.080000000000002736, 0.000000000000000000, -0.8889999999999986802 ) ) ;
#1340 = ORIENTED_EDGE ( 'NONE', *, *, #5732, .T. ) ;
#1341 = LINE ( 'NONE', #3166, #2161 ) ;
#1342 = CARTESIAN_POINT ( 'NONE',  ( -12.69999999999999574, 2.540000000000000036, 0.8890000000000015667 ) ) ;
#1343 = PLANE ( 'NONE',  #5313 ) ;
#1344 = PLANE ( 'NONE',  #169 ) ;
#1345 = ADVANCED_FACE ( 'NONE', ( #1237 ), #5827, .T. ) ;
#1346 = ORIENTED_EDGE ( 'NONE', *, *, #1538, .F. ) ;
#1347 = CARTESIAN_POINT ( 'NONE',  ( 0.2446143550033492986, -10.66799999999999926, 0.3174999999999999489 ) ) ;
#1348 = ORIENTED_EDGE ( 'NONE', *, *, #603, .T. ) ;
#1349 = LINE ( 'NONE', #5051, #238 ) ;
#1350 =( NAMED_UNIT ( * ) PLANE_ANGLE_UNIT ( ) SI_UNIT ( $, .RADIAN. ) );
#1351 = DIRECTION ( 'NONE',  ( 0.7071067811865444641, 0.000000000000000000, -0.7071067811865505703 ) ) ;
#1352 = ORIENTED_EDGE ( 'NONE', *, *, #5654, .T. ) ;
#1353 = CARTESIAN_POINT ( 'NONE',  ( -7.619999999999997442, 2.540000000000000036, 0.8890000000000009006 ) ) ;
#1354 = VERTEX_POINT ( 'NONE', #4885 ) ;
#1355 = DIRECTION ( 'NONE',  ( 0.000000000000000000, 0.000000000000000000, -1.000000000000000000 ) ) ;
#1356 = EDGE_LOOP ( 'NONE', ( #104, #5056, #220, #4853 ) ) ;
#1357 = AXIS2_PLACEMENT_3D ( 'NONE', #412, #1394, #5895 ) ;
#1358 = VECTOR ( 'NONE', #5222, 1000.000000000000000 ) ;
#1359 = VECTOR ( 'NONE', #4652, 1000.000000000000000 ) ;
#1360 = CARTESIAN_POINT ( 'NONE',  ( -2.539999999999996927, 0.000000000000000000, -0.8889999999999986802 ) ) ;
#1361 = ORIENTED_EDGE ( 'NONE', *, *, #3239, .F. ) ;
#1362 = DIRECTION ( 'NONE',  ( 0.000000000000000000, 1.000000000000000000, 0.000000000000000000 ) ) ;
#1363 = DIRECTION ( 'NONE',  ( 0.000000000000000000, 1.000000000000000000, 0.000000000000000000 ) ) ;
#1364 = EDGE_LOOP ( 'NONE', ( #4973, #765, #4108, #3499 ) ) ;
#1365 = ORIENTED_EDGE ( 'NONE', *, *, #5687, .T. ) ;
#1366 = LINE ( 'NONE', #3697, #2535 ) ;
#1367 = CARTESIAN_POINT ( 'NONE',  ( 2.921000000000003372, 2.540000000000000036, 1.270000000000002238 ) ) ;
#1368 = EDGE_CURVE ( 'NONE', #4648, #1416, #1694, .T. ) ;
#1369 = EDGE_CURVE ( 'NONE', #4762, #952, #789, .T. ) ;
#1370 = DIRECTION ( 'NONE',  ( -0.7071067811865457964, -0.000000000000000000, -0.7071067811865492381 ) ) ;
#1371 = PLANE ( 'NONE',  #4467 ) ;
#1372 = EDGE_LOOP ( 'NONE', ( #1562, #460, #3072, #3411 ) ) ;
#1373 = LINE ( 'NONE', #1347, #3965 ) ;
#1374 = EDGE_LOOP ( 'NONE', ( #168, #1934, #2643, #3964 ) ) ;
#1375 = SURFACE_STYLE_FILL_AREA ( #3648 ) ;
#1376 = EDGE_CURVE ( 'NONE', #5054, #3120, #5428, .T. ) ;
#1377 = EDGE_CURVE ( 'NONE', #3254, #1754, #1753, .T. ) ;
#1378 = VECTOR ( 'NONE', #4442, 1000.000000000000000 ) ;
#1379 = CARTESIAN_POINT ( 'NONE',  ( 8.572500000000003340, 2.540000000000000036, 0.3175000000000011702 ) ) ;
#1380 = CARTESIAN_POINT ( 'NONE',  ( -14.28749999999999787, 0.000000000000000000, 0.3175000000000011702 ) ) ;
#1381 = ORIENTED_EDGE ( 'NONE', *, *, #415, .T. ) ;
#1382 = CARTESIAN_POINT ( 'NONE',  ( -13.65249999999999808, 0.000000000000000000, 0.3175000000000011702 ) ) ;
#1383 = EDGE_LOOP ( 'NONE', ( #76, #1873, #479, #5611 ) ) ;
#1384 = CARTESIAN_POINT ( 'NONE',  ( 3.492500000000002380, 0.000000000000000000, -0.3174999999999990052 ) ) ;
#1385 = ORIENTED_EDGE ( 'NONE', *, *, #3715, .T. ) ;
#1386 = VECTOR ( 'NONE', #3451, 1000.000000000000000 ) ;
#1387 = ORIENTED_EDGE ( 'NONE', *, *, #3280, .F. ) ;
#1388 = VECTOR ( 'NONE', #5873, 1000.000000000000000 ) ;
#1389 = VECTOR ( 'NONE', #5866, 1000.000000000000000 ) ;
#1390 = DIRECTION ( 'NONE',  ( 0.000000000000000000, 0.000000000000000000, -1.000000000000000000 ) ) ;
#1391 = ORIENTED_EDGE ( 'NONE', *, *, #5268, .F. ) ;
#1392 = ORIENTED_EDGE ( 'NONE', *, *, #3922, .F. ) ;
#1393 = DIRECTION ( 'NONE',  ( 1.951319995474474122E-15, 0.000000000000000000, 1.000000000000000000 ) ) ;
#1394 = DIRECTION ( 'NONE',  ( 0.000000000000000000, 0.000000000000000000, 1.000000000000000000 ) ) ;
#1395 = AXIS2_PLACEMENT_3D ( 'NONE', #5738, #3073, #3043 ) ;
#1396 = CARTESIAN_POINT ( 'NONE',  ( -5.079999999999995630, 0.000000000000000000, 0.8890000000000015667 ) ) ;
#1397 = CARTESIAN_POINT ( 'NONE',  ( 7.620000000000005436, 0.000000000000000000, 0.8890000000000015667 ) ) ;
#1398 = ADVANCED_FACE ( 'NONE', ( #4948 ), #2686, .T. ) ;
#1399 = VECTOR ( 'NONE', #1123, 1000.000000000000000 ) ;
#1400 = EDGE_LOOP ( 'NONE', ( #5891, #922, #5001, #3995 ) ) ;
#1401 = FACE_OUTER_BOUND ( 'NONE', #4210, .T. ) ;
#1402 = ORIENTED_EDGE ( 'NONE', *, *, #4265, .T. ) ;
#1403 = LINE ( 'NONE', #5530, #2254 ) ;
#1404 =( GEOMETRIC_REPRESENTATION_CONTEXT ( 3 ) GLOBAL_UNCERTAINTY_ASSIGNED_CONTEXT ( ( #2582 ) ) GLOBAL_UNIT_ASSIGNED_CONTEXT ( ( #940, #3250, #4581 ) ) REPRESENTATION_CONTEXT ( 'NONE', 'WORKASPACE' ) );
#1405 = LINE ( 'NONE', #536, #4261 ) ;
#1406 = AXIS2_PLACEMENT_3D ( 'NONE', #2873, #4124, #4151 ) ;
#1407 = EDGE_CURVE ( 'NONE', #4130, #1527, #2586, .T. ) ;
#1408 = DIRECTION ( 'NONE',  ( 0.000000000000000000, 0.000000000000000000, 1.000000000000000000 ) ) ;
#1409 = EDGE_LOOP ( 'NONE', ( #2013, #3913, #1274, #1646 ) ) ;
#1410 = CARTESIAN_POINT ( 'NONE',  ( 12.70000000000000462, 0.000000000000000000, -0.8889999999999986802 ) ) ;
#1411 = ORIENTED_EDGE ( 'NONE', *, *, #2984, .T. ) ;
#1412 = VECTOR ( 'NONE', #3325, 1000.000000000000000 ) ;
#1413 = LINE ( 'NONE', #4606, #4640 ) ;
#1414 = ORIENTED_EDGE ( 'NONE', *, *, #422, .T. ) ;
#1415 = VECTOR ( 'NONE', #1656, 1000.000000000000114 ) ;
#1416 = VERTEX_POINT ( 'NONE', #2623 ) ;
#1417 = EDGE_CURVE ( 'NONE', #2868, #3925, #757, .T. ) ;
#1418 = PRODUCT_DEFINITION_SHAPE ( 'NONE', 'NONE',  #5926 ) ;
#1419 = PRESENTATION_STYLE_ASSIGNMENT (( #2793 ) ) ;
#1420 = VERTEX_POINT ( 'NONE', #432 ) ;
#1421 = MANIFOLD_SOLID_BREP ( 'LPattern1[1]', #9 ) ;
#1422 = EDGE_CURVE ( 'NONE', #4389, #3630, #373, .T. ) ;
#1423 = DIRECTION ( 'NONE',  ( 0.000000000000000000, 1.000000000000000000, 0.000000000000000000 ) ) ;
#1424 = ORIENTED_EDGE ( 'NONE', *, *, #3141, .F. ) ;
#1425 = ORIENTED_EDGE ( 'NONE', *, *, #4911, .F. ) ;
#1426 = CARTESIAN_POINT ( 'NONE',  ( -0.3174999999999999489, 2.540000000000000036, 0.3174999999999999489 ) ) ;
#1427 = CARTESIAN_POINT ( 'NONE',  ( -2.158999999999999364, 0.000000000000000000, -1.269999999999998019 ) ) ;
#1428 = FACE_OUTER_BOUND ( 'NONE', #388, .T. ) ;
#1429 = MANIFOLD_SOLID_BREP ( 'LPattern1[8]', #2497 ) ;
#1430 = DIRECTION ( 'NONE',  ( -1.000000000000000000, -0.000000000000000000, -0.000000000000000000 ) ) ;
#1431 = ORIENTED_EDGE ( 'NONE', *, *, #4144, .T. ) ;
#1432 = CARTESIAN_POINT ( 'NONE',  ( -4.127499999999997726, 2.540000000000000036, 0.3175000000000011702 ) ) ;
#1433 = ORIENTED_EDGE ( 'NONE', *, *, #471, .T. ) ;
#1434 = LINE ( 'NONE', #5903, #5397 ) ;
#1435 = CARTESIAN_POINT ( 'NONE',  ( -11.11249999999999716, 2.540000000000000036, 0.3175000000000011702 ) ) ;
#1436 = MANIFOLD_SOLID_BREP ( 'LPattern1[7]', #880 ) ;
#1437 = CARTESIAN_POINT ( 'NONE',  ( -14.28749999999999787, 0.000000000000000000, -0.3174999999999990052 ) ) ;
#1438 = ORIENTED_EDGE ( 'NONE', *, *, #2175, .T. ) ;
#1439 = DIRECTION ( 'NONE',  ( 0.7071067811865444641, 0.000000000000000000, -0.7071067811865505703 ) ) ;
#1440 = ORIENTED_EDGE ( 'NONE', *, *, #3462, .F. ) ;
#1441 = UNCERTAINTY_MEASURE_WITH_UNIT (LENGTH_MEASURE( 1.000000000000000082E-05 ), #4423, 'distance_accuracy_value', 'NONE');
#1442 = DIRECTION ( 'NONE',  ( 0.000000000000000000, 1.000000000000000000, 0.000000000000000000 ) ) ;
#1443 = ORIENTED_EDGE ( 'NONE', *, *, #2300, .F. ) ;
#1444 = EDGE_CURVE ( 'NONE', #1740, #2247, #965, .T. ) ;
#1445 = PLANE ( 'NONE',  #2266 ) ;
#1446 = ADVANCED_FACE ( 'NONE', ( #2375 ), #2742, .T. ) ;
#1447 = DIRECTION ( 'NONE',  ( -1.000000000000000000, 0.000000000000000000, 2.439149994343084764E-16 ) ) ;
#1448 = DIRECTION ( 'NONE',  ( -0.000000000000000000, -0.000000000000000000, 1.000000000000000000 ) ) ;
#1449 = ORIENTED_EDGE ( 'NONE', *, *, #939, .T. ) ;
#1450 = ADVANCED_FACE ( 'NONE', ( #2292 ), #4105, .F. ) ;
#1451 =( NAMED_UNIT ( * ) PLANE_ANGLE_UNIT ( ) SI_UNIT ( $, .RADIAN. ) );
#1452 = AXIS2_PLACEMENT_3D ( 'NONE', #155, #3052, #2599 ) ;
#1453 = CARTESIAN_POINT ( 'NONE',  ( -6.667499999999997762, 2.540000000000000036, -0.3174999999999990052 ) ) ;
#1454 = ORIENTED_EDGE ( 'NONE', *, *, #3248, .T. ) ;
#1455 = VERTEX_POINT ( 'NONE', #485 ) ;
#1456 = VECTOR ( 'NONE', #4849, 1000.000000000000000 ) ;
#1457 = CARTESIAN_POINT ( 'NONE',  ( 9.779000000000007020, 0.000000000000000000, -1.269999999999998241 ) ) ;
#1458 = LINE ( 'NONE', #5100, #1359 ) ;
#1459 = ADVANCED_FACE ( 'NONE', ( #3658 ), #5514, .T. ) ;
#1460 = PLANE ( 'NONE',  #3130 ) ;
#1461 = CARTESIAN_POINT ( 'NONE',  ( 6.667500000000003091, 0.000000000000000000, -0.3174999999999990052 ) ) ;
#1462 = ORIENTED_EDGE ( 'NONE', *, *, #4877, .T. ) ;
#1463 = LINE ( 'NONE', #3293, #5364 ) ;
#1464 = ORIENTED_EDGE ( 'NONE', *, *, #2578, .F. ) ;
#1465 = CARTESIAN_POINT ( 'NONE',  ( 0.3810000000000028919, 0.000000000000000000, 1.270000000000002238 ) ) ;
#1466 =( NAMED_UNIT ( * ) PLANE_ANGLE_UNIT ( ) SI_UNIT ( $, .RADIAN. ) );
#1467 = MECHANICAL_DESIGN_GEOMETRIC_PRESENTATION_REPRESENTATION (  '', ( #5677 ), #3568 ) ;
#1468 = DIRECTION ( 'NONE',  ( -0.7071067811865471286, -0.000000000000000000, 0.7071067811865479058 ) ) ;
#1469 = ORIENTED_EDGE ( 'NONE', *, *, #400, .F. ) ;
#1470 = FACE_OUTER_BOUND ( 'NONE', #1364, .T. ) ;
#1471 = ORIENTED_EDGE ( 'NONE', *, *, #3396, .T. ) ;
#1472 = CARTESIAN_POINT ( 'NONE',  ( -10.15999999999999659, 0.000000000000000000, -0.8889999999999986802 ) ) ;
#1473 = ORIENTED_EDGE ( 'NONE', *, *, #5202, .T. ) ;
#1474 = VECTOR ( 'NONE', #1423, 1000.000000000000000 ) ;
#1475 = CARTESIAN_POINT ( 'NONE',  ( 10.54100000000000570, 2.540000000000000036, 1.270000000000002238 ) ) ;
#1476 = ADVANCED_FACE ( 'NONE', ( #3276, #996 ), #2822, .T. ) ;
#1477 = CARTESIAN_POINT ( 'NONE',  ( 6.032500000000003304, 0.000000000000000000, 0.3175000000000011702 ) ) ;
#1478 = ORIENTED_EDGE ( 'NONE', *, *, #3171, .T. ) ;
#1479 = EDGE_CURVE ( 'NONE', #1484, #5016, #5570, .T. ) ;
#1480 = AXIS2_PLACEMENT_3D ( 'NONE', #1954, #5571, #1306 ) ;
#1481 = FACE_BOUND ( 'NONE', #425, .T. ) ;
#1482 = EDGE_CURVE ( 'NONE', #2437, #4328, #5916, .T. ) ;
#1483 =( GEOMETRIC_REPRESENTATION_CONTEXT ( 3 ) GLOBAL_UNCERTAINTY_ASSIGNED_CONTEXT ( ( #5083 ) ) GLOBAL_UNIT_ASSIGNED_CONTEXT ( ( #1682, #3511, #5754 ) ) REPRESENTATION_CONTEXT ( 'NONE', 'WORKASPACE' ) );
#1484 = VERTEX_POINT ( 'NONE', #2970 ) ;
#1485 = EDGE_CURVE ( 'NONE', #4675, #5658, #3454, .T. ) ;
#1486 = ORIENTED_EDGE ( 'NONE', *, *, #5507, .F. ) ;
#1487 = DIRECTION ( 'NONE',  ( 1.951319995474474122E-15, 0.000000000000000000, 1.000000000000000000 ) ) ;
#1488 = PLANE ( 'NONE',  #4594 ) ;
#1489 = CARTESIAN_POINT ( 'NONE',  ( 10.16000000000000369, 0.000000000000000000, -0.8889999999999986802 ) ) ;
#1490 = LINE ( 'NONE', #2304, #1988 ) ;
#1491 = VECTOR ( 'NONE', #4625, 1000.000000000000000 ) ;
#1492 = MECHANICAL_DESIGN_GEOMETRIC_PRESENTATION_REPRESENTATION (  '', ( #5695 ), #4539 ) ;
#1493 = VERTEX_POINT ( 'NONE', #5264 ) ;
#1494 = DIRECTION ( 'NONE',  ( 0.000000000000000000, 0.000000000000000000, 1.000000000000000000 ) ) ;
#1495 = ORIENTED_EDGE ( 'NONE', *, *, #5469, .F. ) ;
#1496 = AXIS2_PLACEMENT_3D ( 'NONE', #726, #5304, #1663 ) ;
#1497 = DIRECTION ( 'NONE',  ( 1.000000000000000000, 0.000000000000000000, -0.000000000000000000 ) ) ;
#1498 = PLANE ( 'NONE',  #1784 ) ;
#1499 =( NAMED_UNIT ( * ) SI_UNIT ( $, .STERADIAN. ) SOLID_ANGLE_UNIT ( ) );
#1500 = VECTOR ( 'NONE', #602, 1000.000000000000000 ) ;
#1501 = FACE_OUTER_BOUND ( 'NONE', #5009, .T. ) ;
#1502 = ORIENTED_EDGE ( 'NONE', *, *, #2738, .T. ) ;
#1503 = EDGE_CURVE ( 'NONE', #2819, #3473, #5664, .T. ) ;
#1504 = DIRECTION ( 'NONE',  ( 0.000000000000000000, 1.000000000000000000, 0.000000000000000000 ) ) ;
#1505 = EDGE_LOOP ( 'NONE', ( #3192, #1605, #3900, #1571 ) ) ;
#1506 = DIRECTION ( 'NONE',  ( -0.000000000000000000, 1.000000000000000000, 0.000000000000000000 ) ) ;
#1507 = PRESENTATION_LAYER_ASSIGNMENT (  '', '', ( #2549 ) ) ;
#1508 = CARTESIAN_POINT ( 'NONE',  ( 3.492500000000002380, 0.000000000000000000, 0.3175000000000011702 ) ) ;
#1509 = VECTOR ( 'NONE', #2671, 1000.000000000000000 ) ;
#1510 = LINE ( 'NONE', #3830, #1891 ) ;
#1511 = CARTESIAN_POINT ( 'NONE',  ( 0.9525000000000019007, 0.000000000000000000, 0.3175000000000011702 ) ) ;
#1512 = ORIENTED_EDGE ( 'NONE', *, *, #4393, .F. ) ;
#1513 =( GEOMETRIC_REPRESENTATION_CONTEXT ( 3 ) GLOBAL_UNCERTAINTY_ASSIGNED_CONTEXT ( ( #120 ) ) GLOBAL_UNIT_ASSIGNED_CONTEXT ( ( #5801, #1302, #3012 ) ) REPRESENTATION_CONTEXT ( 'NONE', 'WORKASPACE' ) );
#1514 = ITEM_DEFINED_TRANSFORMATION ( 'NONE', 'NONE', #3990,  #1320 ) ;
#1515 = CARTESIAN_POINT ( 'NONE',  ( 7.620000000000000107, 2.540000000000000036, 0.000000000000000000 ) ) ;
#1516 = EDGE_LOOP ( 'NONE', ( #2666, #962, #5628, #3866 ) ) ;
#1517 = ORIENTED_EDGE ( 'NONE', *, *, #867, .T. ) ;
#1518 = PRODUCT_DEFINITION_SHAPE ( 'NONE', 'NONE',  #5929 ) ;
#1519 = LINE ( 'NONE', #5549, #5409 ) ;
#1520 = PLANE ( 'NONE',  #5561 ) ;
#1521 = LINE ( 'NONE', #172, #4258 ) ;
#1522 = EDGE_CURVE ( 'NONE', #511, #1740, #4818, .T. ) ;
#1523 = CARTESIAN_POINT ( 'NONE',  ( 9.207500000000003126, 0.000000000000000000, 0.3175000000000011702 ) ) ;
#1524 = EDGE_CURVE ( 'NONE', #2444, #5321, #127, .T. ) ;
#1525 = VERTEX_POINT ( 'NONE', #4302 ) ;
#1526 = CARTESIAN_POINT ( 'NONE',  ( 10.16000000000000547, 0.000000000000000000, 0.8890000000000015667 ) ) ;
#1527 = VERTEX_POINT ( 'NONE', #2459 ) ;
#1528 = DIRECTION ( 'NONE',  ( -0.2035585949527762561, -0.9576678948579737671, -0.2035585949527762561 ) ) ;
#1529 = CARTESIAN_POINT ( 'NONE',  ( -11.74749999999999694, 0.000000000000000000, 0.3175000000000011702 ) ) ;
#1530 = CARTESIAN_POINT ( 'NONE',  ( -12.31900000000000084, 0.000000000000000000, -1.269999999999998019 ) ) ;
#1531 = EDGE_CURVE ( 'NONE', #2702, #1246, #4334, .T. ) ;
#1532 = CARTESIAN_POINT ( 'NONE',  ( -12.69999999999999751, 0.000000000000000000, -0.8889999999999986802 ) ) ;
#1533 = ORIENTED_EDGE ( 'NONE', *, *, #5210, .T. ) ;
#1534 = LINE ( 'NONE', #5115, #2843 ) ;
#1535 = ORIENTED_EDGE ( 'NONE', *, *, #1586, .F. ) ;
#1536 = CARTESIAN_POINT ( 'NONE',  ( 7.620000000000005436, 0.000000000000000000, 0.8890000000000015667 ) ) ;
#1537 = FACE_OUTER_BOUND ( 'NONE', #5027, .T. ) ;
#1538 = EDGE_CURVE ( 'NONE', #863, #4687, #719, .T. ) ;
#1539 = CARTESIAN_POINT ( 'NONE',  ( -10.54099999999999504, 2.540000000000000036, -1.269999999999998241 ) ) ;
#1540 = FACE_OUTER_BOUND ( 'NONE', #2270, .T. ) ;
#1541 = ORIENTED_EDGE ( 'NONE', *, *, #3446, .F. ) ;
#1542 = DIRECTION ( 'NONE',  ( 1.000000000000000000, 0.000000000000000000, 0.000000000000000000 ) ) ;
#1543 = DIRECTION ( 'NONE',  ( 0.000000000000000000, 1.000000000000000000, 0.000000000000000000 ) ) ;
#1544 = EDGE_LOOP ( 'NONE', ( #3790, #3335, #2554, #5431 ) ) ;
#1545 = ORIENTED_EDGE ( 'NONE', *, *, #2187, .T. ) ;
#1546 = CARTESIAN_POINT ( 'NONE',  ( 12.70000000000000462, 0.000000000000000000, 0.8890000000000009006 ) ) ;
#1547 = CARTESIAN_POINT ( 'NONE',  ( 6.667500000000003091, 0.000000000000000000, -0.3174999999999990052 ) ) ;
#1548 = VECTOR ( 'NONE', #2752, 1000.000000000000000 ) ;
#1549 = CARTESIAN_POINT ( 'NONE',  ( 5.080000000000000959, 2.540000000000000036, -0.8889999999999981251 ) ) ;
#1550 = LINE ( 'NONE', #1066, #2367 ) ;
#1551 = VECTOR ( 'NONE', #5053, 1000.000000000000000 ) ;
#1552 = ORIENTED_EDGE ( 'NONE', *, *, #964, .T. ) ;
#1553 = CARTESIAN_POINT ( 'NONE',  ( 2.920999999999999819, 2.540000000000000036, -1.269999999999998019 ) ) ;
#1554 = ORIENTED_EDGE ( 'NONE', *, *, #1816, .T. ) ;
#1555 = ADVANCED_FACE ( 'NONE', ( #5151 ), #2016, .T. ) ;
#1556 = ADVANCED_FACE ( 'NONE', ( #2943 ), #3340, .F. ) ;
#1557 =( NAMED_UNIT ( * ) PLANE_ANGLE_UNIT ( ) SI_UNIT ( $, .RADIAN. ) );
#1558 = DIRECTION ( 'NONE',  ( -1.000000000000000000, -0.000000000000000000, -0.000000000000000000 ) ) ;
#1559 =( NAMED_UNIT ( * ) SI_UNIT ( $, .STERADIAN. ) SOLID_ANGLE_UNIT ( ) );
#1560 = EDGE_LOOP ( 'NONE', ( #4033, #3953, #2572, #5066 ) ) ;
#1561 = DIRECTION ( 'NONE',  ( -0.7071067811865489050, 0.000000000000000000, 0.7071067811865462405 ) ) ;
#1562 = ORIENTED_EDGE ( 'NONE', *, *, #4613, .F. ) ;
#1563 = ADVANCED_FACE ( 'NONE', ( #4217 ), #3772, .F. ) ;
#1564 = EDGE_CURVE ( 'NONE', #5082, #3520, #1510, .T. ) ;
#1565 = DIRECTION ( 'NONE',  ( 0.7071067811865444641, 0.000000000000000000, -0.7071067811865505703 ) ) ;
#1566 = CARTESIAN_POINT ( 'NONE',  ( 12.70000000000000284, 0.000000000000000000, -0.8889999999999981251 ) ) ;
#1567 = DIRECTION ( 'NONE',  ( -1.000000000000000000, 0.000000000000000000, -0.000000000000000000 ) ) ;
#1568 = CARTESIAN_POINT ( 'NONE',  ( -3.492499999999997495, 0.000000000000000000, 0.3175000000000011702 ) ) ;
#1569 = ORIENTED_EDGE ( 'NONE', *, *, #2216, .F. ) ;
#1570 = SURFACE_STYLE_USAGE ( .BOTH. , #164 ) ;
#1571 = ORIENTED_EDGE ( 'NONE', *, *, #5731, .T. ) ;
#1572 = ORIENTED_EDGE ( 'NONE', *, *, #1613, .T. ) ;
#1573 = AXIS2_PLACEMENT_3D ( 'NONE', #4032, #3941, #4361 ) ;
#1574 = VECTOR ( 'NONE', #4643, 1000.000000000000000 ) ;
#1575 = FACE_OUTER_BOUND ( 'NONE', #3639, .T. ) ;
#1576 = DIRECTION ( 'NONE',  ( 0.000000000000000000, 0.2079116908177560674, 0.9781476007338063550 ) ) ;
#1577 = CARTESIAN_POINT ( 'NONE',  ( 2.540000000000002256, 2.540000000000000036, -0.8889999999999986802 ) ) ;
#1578 = CARTESIAN_POINT ( 'NONE',  ( 0.3174999999999999489, 8.382000000000001450, 0.2446143550033490766 ) ) ;
#1579 = EDGE_LOOP ( 'NONE', ( #5857, #416, #1629, #5595 ) ) ;
#1580 = CARTESIAN_POINT ( 'NONE',  ( -6.667499999999997762, 0.000000000000000000, 0.3175000000000011702 ) ) ;
#1581 = ORIENTED_EDGE ( 'NONE', *, *, #3197, .T. ) ;
#1582 = CARTESIAN_POINT ( 'NONE',  ( 0.3174999999999999489, -10.32509999999999373, 0.3174999999999999489 ) ) ;
#1583 = VECTOR ( 'NONE', #3377, 1000.000000000000000 ) ;
#1584 = DIRECTION ( 'NONE',  ( 0.000000000000000000, 1.000000000000000000, 0.000000000000000000 ) ) ;
#1585 = DIRECTION ( 'NONE',  ( 0.000000000000000000, 1.000000000000000000, 0.000000000000000000 ) ) ;
#1586 = EDGE_CURVE ( 'NONE', #2674, #3925, #5206, .T. ) ;
#1587 = VECTOR ( 'NONE', #4417, 1000.000000000000000 ) ;
#1588 = VERTEX_POINT ( 'NONE', #3861 ) ;
#1589 = PRODUCT_DEFINITION ( 'UNKNOWN', '', #1901, #4422 ) ;
#1590 = LINE ( 'NONE', #627, #5142 ) ;
#1591 = VERTEX_POINT ( 'NONE', #158 ) ;
#1592 = CARTESIAN_POINT ( 'NONE',  ( -9.778999999999996362, 2.540000000000000036, 1.270000000000002238 ) ) ;
#1593 = DIRECTION ( 'NONE',  ( -0.7071067811865457964, -0.000000000000000000, -0.7071067811865492381 ) ) ;
#1594 = VECTOR ( 'NONE', #2753, 1000.000000000000114 ) ;
#1595 = EDGE_CURVE ( 'NONE', #324, #2749, #1989, .T. ) ;
#1596 = EDGE_CURVE ( 'NONE', #5169, #1737, #5234, .T. ) ;
#1597 = DIRECTION ( 'NONE',  ( -1.000000000000000000, -0.000000000000000000, -0.000000000000000000 ) ) ;
#1598 = VECTOR ( 'NONE', #213, 1000.000000000000000 ) ;
#1599 = DIRECTION ( 'NONE',  ( -0.2035585949527762561, 0.9576678948579737671, 0.2035585949527762561 ) ) ;
#1600 = VERTEX_POINT ( 'NONE', #2914 ) ;
#1601 = MECHANICAL_DESIGN_GEOMETRIC_PRESENTATION_REPRESENTATION (  '', ( #731 ), #2675 ) ;
#1602 = CARTESIAN_POINT ( 'NONE',  ( -1.269999999999996909, 0.000000000000000000, 1.192622389734054877E-15 ) ) ;
#1603 = VECTOR ( 'NONE', #200, 1000.000000000000000 ) ;
#1604 = EDGE_CURVE ( 'NONE', #4694, #2406, #688, .T. ) ;
#1605 = ORIENTED_EDGE ( 'NONE', *, *, #1604, .F. ) ;
#1606 = EDGE_LOOP ( 'NONE', ( #2279, #967, #4508, #51 ) ) ;
#1607 = DIRECTION ( 'NONE',  ( 0.000000000000000000, 0.000000000000000000, -1.000000000000000000 ) ) ;
#1608 = LINE ( 'NONE', #5366, #2065 ) ;
#1609 = DIRECTION ( 'NONE',  ( 0.000000000000000000, -0.000000000000000000, 1.000000000000000000 ) ) ;
#1610 = DIRECTION ( 'NONE',  ( -0.7071067811865457964, -0.000000000000000000, -0.7071067811865492381 ) ) ;
#1611 = LINE ( 'NONE', #671, #5612 ) ;
#1612 = VECTOR ( 'NONE', #3918, 1000.000000000000000 ) ;
#1613 = EDGE_CURVE ( 'NONE', #5622, #263, #4730, .T. ) ;
#1614 = ORIENTED_EDGE ( 'NONE', *, *, #4215, .F. ) ;
#1615 = CARTESIAN_POINT ( 'NONE',  ( -5.079999999999999183, 0.000000000000000000, -0.8889999999999981251 ) ) ;
#1616 = ORIENTED_EDGE ( 'NONE', *, *, #2140, .F. ) ;
#1617 = CARTESIAN_POINT ( 'NONE',  ( -10.15999999999999837, 2.540000000000000036, -0.8889999999999981251 ) ) ;
#1618 = CARTESIAN_POINT ( 'NONE',  ( 7.620000000000003659, 0.000000000000000000, 0.8890000000000009006 ) ) ;
#1619 = DIRECTION ( 'NONE',  ( 0.7071067811865462405, 0.000000000000000000, 0.7071067811865489050 ) ) ;
#1620 =( LENGTH_UNIT ( ) NAMED_UNIT ( * ) SI_UNIT ( .MILLI., .METRE. ) );
#1621 = ORIENTED_EDGE ( 'NONE', *, *, #4152, .F. ) ;
#1622 = CARTESIAN_POINT ( 'NONE',  ( 12.70000000000000107, 2.540000000000000036, 0.000000000000000000 ) ) ;
#1623 = ORIENTED_EDGE ( 'NONE', *, *, #1524, .F. ) ;
#1624 = DIRECTION ( 'NONE',  ( -0.7071067811865471286, -0.000000000000000000, 0.7071067811865479058 ) ) ;
#1625 = FACE_BOUND ( 'NONE', #1905, .T. ) ;
#1626 = CARTESIAN_POINT ( 'NONE',  ( 1.587500000000002132, 2.540000000000000036, 0.3175000000000011702 ) ) ;
#1627 = CARTESIAN_POINT ( 'NONE',  ( -12.69999999999999929, 2.540000000000000036, -0.8889999999999981251 ) ) ;
#1628 = CARTESIAN_POINT ( 'NONE',  ( 2.159000000000004693, 0.000000000000000000, -1.269999999999998241 ) ) ;
#1629 = ORIENTED_EDGE ( 'NONE', *, *, #3867, .F. ) ;
#1630 = EDGE_CURVE ( 'NONE', #1207, #1857, #3425, .T. ) ;
#1631 = EDGE_CURVE ( 'NONE', #2110, #467, #632, .T. ) ;
#1632 = ITEM_DEFINED_TRANSFORMATION ( 'NONE', 'NONE', #1992,  #1320 ) ;
#1633 = ORIENTED_EDGE ( 'NONE', *, *, #5022, .T. ) ;
#1634 = EDGE_LOOP ( 'NONE', ( #4780, #4843, #151, #2767 ) ) ;
#1635 = EDGE_CURVE ( 'NONE', #1240, #852, #4042, .T. ) ;
#1636 = PLANE ( 'NONE',  #5700 ) ;
#1637 = FACE_OUTER_BOUND ( 'NONE', #2517, .T. ) ;
#1638 = CARTESIAN_POINT ( 'NONE',  ( 12.31900000000000617, 2.540000000000000036, 1.270000000000001794 ) ) ;
#1639 = CARTESIAN_POINT ( 'NONE',  ( -6.667499999999997762, 0.000000000000000000, -0.3174999999999990052 ) ) ;
#1640 = CARTESIAN_POINT ( 'NONE',  ( -9.207499999999997797, 0.000000000000000000, 0.3175000000000011702 ) ) ;
#1641 = ORIENTED_EDGE ( 'NONE', *, *, #4835, .F. ) ;
#1642 = CARTESIAN_POINT ( 'NONE',  ( -7.619999999999996554, 0.000000000000000000, 0.8890000000000015667 ) ) ;
#1643 = EDGE_LOOP ( 'NONE', ( #5640, #4715, #4262, #5024 ) ) ;
#1644 = VECTOR ( 'NONE', #2696, 1000.000000000000000 ) ;
#1645 = LINE ( 'NONE', #1187, #912 ) ;
#1646 = ORIENTED_EDGE ( 'NONE', *, *, #3622, .T. ) ;
#1647 = CARTESIAN_POINT ( 'NONE',  ( -7.238999999999997215, 2.540000000000000036, 1.270000000000002238 ) ) ;
#1648 = DIRECTION ( 'NONE',  ( -0.7071067811865479058, 0.000000000000000000, -0.7071067811865471286 ) ) ;
#1649 = VECTOR ( 'NONE', #4969, 1000.000000000000000 ) ;
#1650 = ORIENTED_EDGE ( 'NONE', *, *, #438, .F. ) ;
#1651 = CARTESIAN_POINT ( 'NONE',  ( 7.620000000000001883, 0.000000000000000000, -0.8889999999999981251 ) ) ;
#1652 = ORIENTED_EDGE ( 'NONE', *, *, #3604, .F. ) ;
#1653 = SURFACE_STYLE_USAGE ( .BOTH. , #5786 ) ;
#1654 = CARTESIAN_POINT ( 'NONE',  ( 9.779000000000007020, 2.540000000000000036, -1.269999999999998241 ) ) ;
#1655 = FACE_OUTER_BOUND ( 'NONE', #1863, .T. ) ;
#1656 = DIRECTION ( 'NONE',  ( -0.7071067811865457964, -0.000000000000000000, -0.7071067811865492381 ) ) ;
#1657 = DIRECTION ( 'NONE',  ( 0.000000000000000000, 0.000000000000000000, 1.000000000000000000 ) ) ;
#1658 = ORIENTED_EDGE ( 'NONE', *, *, #4877, .F. ) ;
#1659 = ADVANCED_FACE ( 'NONE', ( #332 ), #5791, .T. ) ;
#1660 = CARTESIAN_POINT ( 'NONE',  ( 14.85900000000000709, 0.000000000000000000, -1.269999999999998241 ) ) ;
#1661 = VERTEX_POINT ( 'NONE', #1720 ) ;
#1662 = ORIENTED_EDGE ( 'NONE', *, *, #3361, .F. ) ;
#1663 = DIRECTION ( 'NONE',  ( 1.000000000000000000, 0.000000000000000000, -0.000000000000000000 ) ) ;
#1664 = LINE ( 'NONE', #2471, #4700 ) ;
#1665 = CARTESIAN_POINT ( 'NONE',  ( -5.460999999999994969, 0.000000000000000000, -1.269999999999998241 ) ) ;
#1666 = EDGE_CURVE ( 'NONE', #3925, #5835, #4850, .T. ) ;
#1667 = EDGE_CURVE ( 'NONE', #2503, #3143, #1258, .T. ) ;
#1668 = CARTESIAN_POINT ( 'NONE',  ( 14.28750000000000497, 0.000000000000000000, 0.3175000000000011702 ) ) ;
#1669 = ORIENTED_EDGE ( 'NONE', *, *, #5499, .T. ) ;
#1670 = DIRECTION ( 'NONE',  ( 0.7071067811865463515, 0.000000000000000000, 0.7071067811865487940 ) ) ;
#1671 = ORIENTED_EDGE ( 'NONE', *, *, #1736, .T. ) ;
#1672 = LINE ( 'NONE', #3081, #4067 ) ;
#1673 = DIRECTION ( 'NONE',  ( 0.000000000000000000, 1.000000000000000000, 0.000000000000000000 ) ) ;
#1674 = CARTESIAN_POINT ( 'NONE',  ( -7.239000000000000767, 2.540000000000000036, -1.269999999999998019 ) ) ;
#1675 = DIRECTION ( 'NONE',  ( -1.000000000000000000, 0.000000000000000000, -0.000000000000000000 ) ) ;
#1676 = VECTOR ( 'NONE', #4277, 1000.000000000000000 ) ;
#1677 = EDGE_CURVE ( 'NONE', #4237, #2677, #753, .T. ) ;
#1678 = ORIENTED_EDGE ( 'NONE', *, *, #1114, .T. ) ;
#1679 = DIRECTION ( 'NONE',  ( -2.439149994343084764E-16, 0.000000000000000000, -1.000000000000000000 ) ) ;
#1680 = ORIENTED_EDGE ( 'NONE', *, *, #5038, .F. ) ;
#1681 =( GEOMETRIC_REPRESENTATION_CONTEXT ( 3 ) GLOBAL_UNCERTAINTY_ASSIGNED_CONTEXT ( ( #1441 ) ) GLOBAL_UNIT_ASSIGNED_CONTEXT ( ( #4423, #4875, #1196 ) ) REPRESENTATION_CONTEXT ( 'NONE', 'WORKASPACE' ) );
#1682 =( LENGTH_UNIT ( ) NAMED_UNIT ( * ) SI_UNIT ( .MILLI., .METRE. ) );
#1683 = LINE ( 'NONE', #4995, #3601 ) ;
#1684 = VECTOR ( 'NONE', #621, 1000.000000000000000 ) ;
#1685 = ADVANCED_FACE ( 'NONE', ( #5824 ), #1776, .T. ) ;
#1686 = PLANE ( 'NONE',  #1259 ) ;
#1687 = CARTESIAN_POINT ( 'NONE',  ( -14.28749999999999787, 0.000000000000000000, 0.3175000000000011702 ) ) ;
#1688 = CARTESIAN_POINT ( 'NONE',  ( -7.239000000000000767, 2.540000000000000036, -1.269999999999998019 ) ) ;
#1689 =( REPRESENTATION_RELATIONSHIP ('NONE','NONE', #5475, #3634 ) REPRESENTATION_RELATIONSHIP_WITH_TRANSFORMATION ( #4822 )SHAPE_REPRESENTATION_RELATIONSHIP( ) );
#1690 = ORIENTED_EDGE ( 'NONE', *, *, #3703, .T. ) ;
#1691 = VECTOR ( 'NONE', #1558, 1000.000000000000000 ) ;
#1692 = CONTEXT_DEPENDENT_SHAPE_REPRESENTATION ( #3631, #3286 ) ;
#1693 = VECTOR ( 'NONE', #2525, 1000.000000000000114 ) ;
#1694 = LINE ( 'NONE', #4046, #3844 ) ;
#1695 = VERTEX_POINT ( 'NONE', #5295 ) ;
#1696 = ORIENTED_EDGE ( 'NONE', *, *, #4883, .F. ) ;
#1697 = DIRECTION ( 'NONE',  ( -0.000000000000000000, 1.000000000000000000, 0.000000000000000000 ) ) ;
#1698 = VECTOR ( 'NONE', #5592, 1000.000000000000000 ) ;
#1699 = CARTESIAN_POINT ( 'NONE',  ( -2.539999999999998703, 2.540000000000000036, -0.8889999999999981251 ) ) ;
#1700 = CARTESIAN_POINT ( 'NONE',  ( -5.079999999999997407, 0.000000000000000000, 0.8890000000000009006 ) ) ;
#1701 = AXIS2_PLACEMENT_3D ( 'NONE', #1397, #3231, #5047 ) ;
#1702 = EDGE_LOOP ( 'NONE', ( #3933, #1704, #879, #3342, #1226, #20, #2129, #4748 ) ) ;
#1703 = DIRECTION ( 'NONE',  ( -0.000000000000000000, -0.000000000000000000, 1.000000000000000000 ) ) ;
#1704 = ORIENTED_EDGE ( 'NONE', *, *, #49, .T. ) ;
#1705 = PLANE ( 'NONE',  #2062 ) ;
#1706 = CARTESIAN_POINT ( 'NONE',  ( -11.74749999999999694, 0.000000000000000000, 0.3175000000000011702 ) ) ;
#1707 = EDGE_CURVE ( 'NONE', #2325, #5816, #302, .T. ) ;
#1708 = ADVANCED_FACE ( 'NONE', ( #1288 ), #3566, .T. ) ;
#1709 = LINE ( 'NONE', #4506, #1015 ) ;
#1710 = DIRECTION ( 'NONE',  ( 0.000000000000000000, 1.000000000000000000, 0.000000000000000000 ) ) ;
#1711 =( GEOMETRIC_REPRESENTATION_CONTEXT ( 3 ) GLOBAL_UNCERTAINTY_ASSIGNED_CONTEXT ( ( #4299 ) ) GLOBAL_UNIT_ASSIGNED_CONTEXT ( ( #2798, #2826, #4527 ) ) REPRESENTATION_CONTEXT ( 'NONE', 'WORKASPACE' ) );
#1712 = ORIENTED_EDGE ( 'NONE', *, *, #897, .F. ) ;
#1713 = AXIS2_PLACEMENT_3D ( 'NONE', #1165, #4390, #807 ) ;
#1714 = LINE ( 'NONE', #711, #237 ) ;
#1715 = ORIENTED_EDGE ( 'NONE', *, *, #3744, .F. ) ;
#1716 = CARTESIAN_POINT ( 'NONE',  ( 7.620000000000003659, 0.000000000000000000, 0.8890000000000009006 ) ) ;
#1717 = EDGE_CURVE ( 'NONE', #3665, #1725, #3515, .T. ) ;
#1718 = CARTESIAN_POINT ( 'NONE',  ( -3.492499999999997495, 0.000000000000000000, -0.3174999999999990052 ) ) ;
#1719 = DIRECTION ( 'NONE',  ( 0.000000000000000000, -0.000000000000000000, 1.000000000000000000 ) ) ;
#1720 = CARTESIAN_POINT ( 'NONE',  ( -0.9524999999999967937, 2.540000000000000036, 0.3175000000000011702 ) ) ;
#1721 = DIRECTION ( 'NONE',  ( 0.000000000000000000, 0.000000000000000000, -1.000000000000000000 ) ) ;
#1722 = EDGE_LOOP ( 'NONE', ( #249, #5406, #4587, #3738, #166, #1101, #4562, #4607 ) ) ;
#1723 = EDGE_CURVE ( 'NONE', #2110, #893, #4396, .T. ) ;
#1724 = CONTEXT_DEPENDENT_SHAPE_REPRESENTATION ( #2105, #4224 ) ;
#1725 = VERTEX_POINT ( 'NONE', #3153 ) ;
#1726 = LINE ( 'NONE', #3547, #3688 ) ;
#1727 = CARTESIAN_POINT ( 'NONE',  ( 5.080000000000002736, 0.000000000000000000, -0.8889999999999986802 ) ) ;
#1728 = DIRECTION ( 'NONE',  ( -1.000000000000000000, -0.000000000000000000, 2.439149994343084764E-16 ) ) ;
#1729 = ORIENTED_EDGE ( 'NONE', *, *, #5554, .T. ) ;
#1730 = LINE ( 'NONE', #3963, #2625 ) ;
#1731 = VERTEX_POINT ( 'NONE', #5331 ) ;
#1732 = DIRECTION ( 'NONE',  ( 0.000000000000000000, 0.000000000000000000, -1.000000000000000000 ) ) ;
#1733 = LINE ( 'NONE', #1342, #778 ) ;
#1734 = LINE ( 'NONE', #293, #822 ) ;
#1735 = DIRECTION ( 'NONE',  ( 1.000000000000000000, 0.000000000000000000, 0.000000000000000000 ) ) ;
#1736 = EDGE_CURVE ( 'NONE', #4475, #1070, #3946, .T. ) ;
#1737 = VERTEX_POINT ( 'NONE', #4880 ) ;
#1738 = ADVANCED_FACE ( 'NONE', ( #5758 ), #276, .T. ) ;
#1739 = DIRECTION ( 'NONE',  ( -0.7071067811865471286, -0.000000000000000000, 0.7071067811865479058 ) ) ;
#1740 = VERTEX_POINT ( 'NONE', #2683 ) ;
#1741 = UNCERTAINTY_MEASURE_WITH_UNIT (LENGTH_MEASURE( 1.000000000000000082E-05 ), #1620, 'distance_accuracy_value', 'NONE');
#1742 = SURFACE_STYLE_FILL_AREA ( #2130 ) ;
#1743 = LINE ( 'NONE', #2220, #3981 ) ;
#1744 = VECTOR ( 'NONE', #106, 1000.000000000000000 ) ;
#1745 = EDGE_CURVE ( 'NONE', #4603, #2022, #2163, .T. ) ;
#1746 = DIRECTION ( 'NONE',  ( -0.7071067811865479058, 0.000000000000000000, -0.7071067811865471286 ) ) ;
#1747 = ORIENTED_EDGE ( 'NONE', *, *, #5394, .F. ) ;
#1748 = ADVANCED_FACE ( 'NONE', ( #3484 ), #4427, .T. ) ;
#1749 = CARTESIAN_POINT ( 'NONE',  ( 9.207500000000003126, 2.540000000000000036, -0.3174999999999990052 ) ) ;
#1750 = VECTOR ( 'NONE', #5594, 1000.000000000000000 ) ;
#1751 = PLANE ( 'NONE',  #5393 ) ;
#1752 = EDGE_LOOP ( 'NONE', ( #1332, #808, #3863, #2605 ) ) ;
#1753 = LINE ( 'NONE', #3519, #4711 ) ;
#1754 = VERTEX_POINT ( 'NONE', #1749 ) ;
#1755 = LINE ( 'NONE', #3574, #3778 ) ;
#1756 = CARTESIAN_POINT ( 'NONE',  ( -0.3809999999999941767, 2.540000000000000036, 1.270000000000001794 ) ) ;
#1757 = EDGE_CURVE ( 'NONE', #5472, #4762, #3033, .T. ) ;
#1758 = DIRECTION ( 'NONE',  ( 0.000000000000000000, 1.000000000000000000, 0.000000000000000000 ) ) ;
#1759 = EDGE_LOOP ( 'NONE', ( #4201, #582, #4488, #972 ) ) ;
#1760 = PLANE ( 'NONE',  #534 ) ;
#1761 = ORIENTED_EDGE ( 'NONE', *, *, #366, .T. ) ;
#1762 = FACE_OUTER_BOUND ( 'NONE', #1898, .T. ) ;
#1763 = DIRECTION ( 'NONE',  ( 0.7071067811865463515, 0.000000000000000000, 0.7071067811865487940 ) ) ;
#1764 = PLANE ( 'NONE',  #3315 ) ;
#1765 = CARTESIAN_POINT ( 'NONE',  ( 4.127500000000003055, 2.540000000000000036, -0.3174999999999990052 ) ) ;
#1766 = VECTOR ( 'NONE', #5240, 1000.000000000000114 ) ;
#1767 =( REPRESENTATION_RELATIONSHIP ('NONE','NONE', #5475, #3634 ) REPRESENTATION_RELATIONSHIP_WITH_TRANSFORMATION ( #336 )SHAPE_REPRESENTATION_RELATIONSHIP( ) );
#1768 = ORIENTED_EDGE ( 'NONE', *, *, #4008, .F. ) ;
#1769 = CARTESIAN_POINT ( 'NONE',  ( -14.28749999999999787, 2.540000000000000036, 0.3175000000000011702 ) ) ;
#1770 = ORIENTED_EDGE ( 'NONE', *, *, #1108, .F. ) ;
#1771 = VECTOR ( 'NONE', #5, 1000.000000000000000 ) ;
#1772 = LINE ( 'NONE', #1284, #3034 ) ;
#1774 = LINE ( 'NONE', #4070, #4983 ) ;
#1773 = VECTOR ( 'NONE', #2996, 1000.000000000000000 ) ;
#1775 = VERTEX_POINT ( 'NONE', #3127 ) ;
#1776 = PLANE ( 'NONE',  #3616 ) ;
#1777 = CARTESIAN_POINT ( 'NONE',  ( 17.78000000000000114, 2.540000000000000036, 0.000000000000000000 ) ) ;
#1778 = ORIENTED_EDGE ( 'NONE', *, *, #4321, .T. ) ;
#1779 = EDGE_CURVE ( 'NONE', #3200, #2967, #2224, .T. ) ;
#1780 = VECTOR ( 'NONE', #5650, 1000.000000000000000 ) ;
#1781 = EDGE_CURVE ( 'NONE', #5343, #2819, #4518, .T. ) ;
#1782 = ADVANCED_FACE ( 'NONE', ( #2287 ), #1835, .F. ) ;
#1783 = FILL_AREA_STYLE_COLOUR ( '', #4064 ) ;
#1784 = AXIS2_PLACEMENT_3D ( 'NONE', #1046, #2507, #3385 ) ;
#1785 = ORIENTED_EDGE ( 'NONE', *, *, #471, .F. ) ;
#1786 = FACE_OUTER_BOUND ( 'NONE', #5462, .T. ) ;
#1787 = EDGE_CURVE ( 'NONE', #1930, #2493, #4548, .T. ) ;
#1788 = LINE ( 'NONE', #1508, #352 ) ;
#1789 = DIRECTION ( 'NONE',  ( 1.000000000000000000, 0.000000000000000000, 0.000000000000000000 ) ) ;
#1790 = VECTOR ( 'NONE', #5770, 1000.000000000000000 ) ;
#1791 = DIRECTION ( 'NONE',  ( -0.000000000000000000, -0.000000000000000000, 1.000000000000000000 ) ) ;
#1792 = ORIENTED_EDGE ( 'NONE', *, *, #3709, .F. ) ;
#1793 = CARTESIAN_POINT ( 'NONE',  ( 3.469446951953614189E-15, 0.000000000000000000, 0.8890000000000015667 ) ) ;
#1794 = EDGE_LOOP ( 'NONE', ( #1361, #914, #191, #5488 ) ) ;
#1795 =( GEOMETRIC_REPRESENTATION_CONTEXT ( 3 ) GLOBAL_UNCERTAINTY_ASSIGNED_CONTEXT ( ( #3947 ) ) GLOBAL_UNIT_ASSIGNED_CONTEXT ( ( #1321, #1350, #4968 ) ) REPRESENTATION_CONTEXT ( 'NONE', 'WORKASPACE' ) );
#1796 = DIRECTION ( 'NONE',  ( 1.000000000000000000, 0.000000000000000000, 0.000000000000000000 ) ) ;
#1797 = FACE_OUTER_BOUND ( 'NONE', #5699, .T. ) ;
#1798 = LINE ( 'NONE', #4654, #4642 ) ;
#1799 = DIRECTION ( 'NONE',  ( 0.000000000000000000, 0.000000000000000000, -1.000000000000000000 ) ) ;
#1800 = VECTOR ( 'NONE', #3796, 1000.000000000000000 ) ;
#1801 = ORIENTED_EDGE ( 'NONE', *, *, #5748, .T. ) ;
#1802 = LINE ( 'NONE', #4147, #1973 ) ;
#1803 = ORIENTED_EDGE ( 'NONE', *, *, #1444, .F. ) ;
#1804 = VECTOR ( 'NONE', #1109, 1000.000000000000114 ) ;
#1805 = VECTOR ( 'NONE', #5280, 1000.000000000000000 ) ;
#1806 = DIRECTION ( 'NONE',  ( 1.000000000000000000, 0.000000000000000000, -2.439149994343089694E-16 ) ) ;
#1807 = DIRECTION ( 'NONE',  ( -0.7071067811865489050, 0.000000000000000000, 0.7071067811865462405 ) ) ;
#1808 = VECTOR ( 'NONE', #1439, 1000.000000000000114 ) ;
#1809 = LINE ( 'NONE', #5478, #2792 ) ;
#1810 = ORIENTED_EDGE ( 'NONE', *, *, #4400, .T. ) ;
#1811 = DIRECTION ( 'NONE',  ( -1.000000000000000000, 0.000000000000000000, -0.000000000000000000 ) ) ;
#1812 = VERTEX_POINT ( 'NONE', #2313 ) ;
#1813 = DIRECTION ( 'NONE',  ( -1.000000000000000000, -0.000000000000000000, 2.439149994343084764E-16 ) ) ;
#1814 = ORIENTED_EDGE ( 'NONE', *, *, #547, .F. ) ;
#1815 = FILL_AREA_STYLE ('',( #2319 ) ) ;
#1816 = EDGE_CURVE ( 'NONE', #441, #4223, #4101, .T. ) ;
#1817 = EDGE_CURVE ( 'NONE', #3048, #1455, #3301, .T. ) ;
#1818 = ORIENTED_EDGE ( 'NONE', *, *, #1407, .F. ) ;
#1819 = CARTESIAN_POINT ( 'NONE',  ( -14.85899999999999643, 0.000000000000000000, 1.270000000000002238 ) ) ;
#1820 = DIRECTION ( 'NONE',  ( 0.000000000000000000, 0.000000000000000000, 1.000000000000000000 ) ) ;
#1821 = DIRECTION ( 'NONE',  ( 0.000000000000000000, -0.000000000000000000, 1.000000000000000000 ) ) ;
#1822 = ORIENTED_EDGE ( 'NONE', *, *, #1482, .F. ) ;
#1823 = EDGE_CURVE ( 'NONE', #2325, #5835, #4127, .T. ) ;
#1824 = ORIENTED_EDGE ( 'NONE', *, *, #3141, .T. ) ;
#1825 = FACE_OUTER_BOUND ( 'NONE', #3225, .T. ) ;
#1826 = PLANE ( 'NONE',  #5655 ) ;
#1827 = PLANE ( 'NONE',  #3323 ) ;
#1828 = LINE ( 'NONE', #3671, #4558 ) ;
#1829 = ORIENTED_EDGE ( 'NONE', *, *, #207, .T. ) ;
#1830 = DIRECTION ( 'NONE',  ( 0.7071067811865463515, 0.000000000000000000, 0.7071067811865487940 ) ) ;
#1831 = VERTEX_POINT ( 'NONE', #1353 ) ;
#1832 = DIRECTION ( 'NONE',  ( 2.439149994343089694E-16, -0.000000000000000000, 1.000000000000000000 ) ) ;
#1833 = LINE ( 'NONE', #1437, #3178 ) ;
#1834 = ORIENTED_EDGE ( 'NONE', *, *, #349, .T. ) ;
#1835 = PLANE ( 'NONE',  #5821 ) ;
#1836 = ORIENTED_EDGE ( 'NONE', *, *, #5800, .F. ) ;
#1837 = LINE ( 'NONE', #4670, #519 ) ;
#1838 = ORIENTED_EDGE ( 'NONE', *, *, #491, .F. ) ;
#1839 = VECTOR ( 'NONE', #2534, 1000.000000000000000 ) ;
#1840 = VECTOR ( 'NONE', #2054, 1000.000000000000114 ) ;
#1841 = DIRECTION ( 'NONE',  ( -0.000000000000000000, 1.000000000000000000, 0.000000000000000000 ) ) ;
#1842 = ORIENTED_EDGE ( 'NONE', *, *, #3719, .T. ) ;
#1843 = ADVANCED_FACE ( 'NONE', ( #5055 ), #3713, .F. ) ;
#1844 = DIRECTION ( 'NONE',  ( 0.000000000000000000, 0.000000000000000000, 1.000000000000000000 ) ) ;
#1845 = FACE_OUTER_BOUND ( 'NONE', #2097, .T. ) ;
#1846 = ORIENTED_EDGE ( 'NONE', *, *, #1867, .T. ) ;
#1847 = ORIENTED_EDGE ( 'NONE', *, *, #2107, .F. ) ;
#1848 = PRODUCT_DEFINITION_SHAPE ( 'NONE', 'NONE',  #5930 ) ;
#1849 = DIRECTION ( 'NONE',  ( 0.000000000000000000, 0.000000000000000000, -1.000000000000000000 ) ) ;
#1850 = DIRECTION ( 'NONE',  ( 1.000000000000000000, -0.000000000000000000, 0.000000000000000000 ) ) ;
#1851 = FACE_OUTER_BOUND ( 'NONE', #3233, .T. ) ;
#1852 = ADVANCED_FACE ( 'NONE', ( #28, #3737 ), #427, .T. ) ;
#1853 = DIRECTION ( 'NONE',  ( -2.439149994343084764E-16, 0.000000000000000000, -1.000000000000000000 ) ) ;
#1854 = EDGE_CURVE ( 'NONE', #5765, #2373, #4998, .T. ) ;
#1855 = AXIS2_PLACEMENT_3D ( 'NONE', #1660, #3132, #3039 ) ;
#1856 = VECTOR ( 'NONE', #1363, 1000.000000000000000 ) ;
#1857 = VERTEX_POINT ( 'NONE', #4604 ) ;
#1858 = FACE_OUTER_BOUND ( 'NONE', #3427, .T. ) ;
#1859 = ORIENTED_EDGE ( 'NONE', *, *, #2435, .T. ) ;
#1860 = CARTESIAN_POINT ( 'NONE',  ( -6.667499999999997762, 0.000000000000000000, 0.3175000000000011702 ) ) ;
#1861 = ORIENTED_EDGE ( 'NONE', *, *, #1368, .F. ) ;
#1862 = DIRECTION ( 'NONE',  ( 0.000000000000000000, -0.000000000000000000, 1.000000000000000000 ) ) ;
#1863 = EDGE_LOOP ( 'NONE', ( #2788, #3546, #1859, #2790, #4483, #5288, #3920, #3194 ) ) ;
#1864 = VECTOR ( 'NONE', #3895, 1000.000000000000000 ) ;
#1865 = LINE ( 'NONE', #2289, #5195 ) ;
#1866 = ORIENTED_EDGE ( 'NONE', *, *, #2402, .F. ) ;
#1867 = EDGE_CURVE ( 'NONE', #654, #3329, #4072, .T. ) ;
#1868 = AXIS2_PLACEMENT_3D ( 'NONE', #1472, #3304, #5117 ) ;
#1869 = ORIENTED_EDGE ( 'NONE', *, *, #4916, .T. ) ;
#1870 = VECTOR ( 'NONE', #2956, 1000.000000000000114 ) ;
#1871 = VECTOR ( 'NONE', #4002, 1000.000000000000000 ) ;
#1872 = LINE ( 'NONE', #518, #3101 ) ;
#1873 = ORIENTED_EDGE ( 'NONE', *, *, #5134, .F. ) ;
#1874 = ORIENTED_EDGE ( 'NONE', *, *, #1635, .F. ) ;
#1875 = CARTESIAN_POINT ( 'NONE',  ( -10.15999999999999659, 0.000000000000000000, -0.8889999999999986802 ) ) ;
#1876 = DIRECTION ( 'NONE',  ( -0.7071067811865457964, -0.000000000000000000, -0.7071067811865492381 ) ) ;
#1877 =( REPRESENTATION_RELATIONSHIP ('NONE','NONE', #5475, #3634 ) REPRESENTATION_RELATIONSHIP_WITH_TRANSFORMATION ( #2951 )SHAPE_REPRESENTATION_RELATIONSHIP( ) );
#1878 = VECTOR ( 'NONE', #2131, 1000.000000000000000 ) ;
#1879 = CARTESIAN_POINT ( 'NONE',  ( 5.461000000000000298, 0.000000000000000000, -1.269999999999998019 ) ) ;
#1880 = PLANE ( 'NONE',  #1701 ) ;
#1881 = PRESENTATION_LAYER_ASSIGNMENT (  '', '', ( #1025 ) ) ;
#1882 = EDGE_LOOP ( 'NONE', ( #3079, #2575, #1785, #5390 ) ) ;
#1883 = CARTESIAN_POINT ( 'NONE',  ( 0.000000000000000000, 2.540000000000000036, 0.000000000000000000 ) ) ;
#1884 = ORIENTED_EDGE ( 'NONE', *, *, #975, .F. ) ;
#1885 = ADVANCED_FACE ( 'NONE', ( #5505 ), #2736, .T. ) ;
#1886 = EDGE_CURVE ( 'NONE', #1812, #3714, #3210, .T. ) ;
#1887 = LINE ( 'NONE', #3296, #1292 ) ;
#1888 = CARTESIAN_POINT ( 'NONE',  ( 8.572500000000003340, 0.000000000000000000, 0.3175000000000011702 ) ) ;
#1889 = VECTOR ( 'NONE', #660, 1000.000000000000000 ) ;
#1890 = LINE ( 'NONE', #4516, #4213 ) ;
#1891 = VECTOR ( 'NONE', #2430, 1000.000000000000000 ) ;
#1892 = ORIENTED_EDGE ( 'NONE', *, *, #3847, .T. ) ;
#1893 = DIRECTION ( 'NONE',  ( -1.000000000000000000, -0.000000000000000000, 2.439149994343084764E-16 ) ) ;
#1894 = ORIENTED_EDGE ( 'NONE', *, *, #422, .F. ) ;
#1895 = VECTOR ( 'NONE', #3730, 1000.000000000000000 ) ;
#1896 = EDGE_CURVE ( 'NONE', #2702, #5833, #5026, .T. ) ;
#1897 = CARTESIAN_POINT ( 'NONE',  ( 2.540000000000004032, 0.000000000000000000, 0.8890000000000015667 ) ) ;
#1898 = EDGE_LOOP ( 'NONE', ( #4391, #1621, #3040, #3235 ) ) ;
#1899 = FACE_OUTER_BOUND ( 'NONE', #3626, .T. ) ;
#1900 = VECTOR ( 'NONE', #3066, 1000.000000000000000 ) ;
#1901 = PRODUCT_DEFINITION_FORMATION_WITH_SPECIFIED_SOURCE ( 'ANY', '', #986, .NOT_KNOWN. ) ;
#1902 = FACE_OUTER_BOUND ( 'NONE', #1759, .T. ) ;
#1903 = ORIENTED_EDGE ( 'NONE', *, *, #5359, .T. ) ;
#1904 = LINE ( 'NONE', #1085, #3282 ) ;
#1905 = EDGE_LOOP ( 'NONE', ( #3319, #3949, #5572, #2682 ) ) ;
#1906 = ORIENTED_EDGE ( 'NONE', *, *, #2555, .F. ) ;
#1907 = DIRECTION ( 'NONE',  ( -1.000000000000000000, 0.000000000000000000, 0.000000000000000000 ) ) ;
#1908 = CARTESIAN_POINT ( 'NONE',  ( -15.23999999999999666, 0.000000000000000000, 0.8890000000000015667 ) ) ;
#1909 = LINE ( 'NONE', #2806, #5031 ) ;
#1910 = LINE ( 'NONE', #19, #2552 ) ;
#1911 = EDGE_LOOP ( 'NONE', ( #348, #4820, #4443, #140 ) ) ;
#1912 = CARTESIAN_POINT ( 'NONE',  ( 4.127500000000003055, 0.000000000000000000, -0.3174999999999990052 ) ) ;
#1913 = VERTEX_POINT ( 'NONE', #508 ) ;
#1914 = DIRECTION ( 'NONE',  ( 0.000000000000000000, 1.000000000000000000, 0.000000000000000000 ) ) ;
#1915 = LINE ( 'NONE', #956, #3516 ) ;
#1916 = EDGE_CURVE ( 'NONE', #476, #5404, #2339, .T. ) ;
#1917 = DIRECTION ( 'NONE',  ( -0.7071067811865457964, 0.000000000000000000, -0.7071067811865492381 ) ) ;
#1918 = ORIENTED_EDGE ( 'NONE', *, *, #603, .F. ) ;
#1919 = EDGE_CURVE ( 'NONE', #1695, #909, #5535, .T. ) ;
#1920 = DIRECTION ( 'NONE',  ( -1.000000000000000000, -0.000000000000000000, -0.000000000000000000 ) ) ;
#1921 = ORIENTED_EDGE ( 'NONE', *, *, #3848, .F. ) ;
#1922 = FACE_OUTER_BOUND ( 'NONE', #3270, .T. ) ;
#1923 = ORIENTED_EDGE ( 'NONE', *, *, #1114, .F. ) ;
#1924 = FACE_BOUND ( 'NONE', #2774, .T. ) ;
#1925 = EDGE_CURVE ( 'NONE', #5169, #2838, #4634, .T. ) ;
#1926 = ADVANCED_FACE ( 'NONE', ( #1470 ), #3419, .T. ) ;
#1927 = EDGE_CURVE ( 'NONE', #3619, #991, #1590, .T. ) ;
#1928 = CARTESIAN_POINT ( 'NONE',  ( 20.32000000000000028, 2.540000000000000036, 0.000000000000000000 ) ) ;
#1929 = DIRECTION ( 'NONE',  ( 0.000000000000000000, 1.000000000000000000, 0.000000000000000000 ) ) ;
#1930 = VERTEX_POINT ( 'NONE', #2848 ) ;
#1931 = DIRECTION ( 'NONE',  ( 0.000000000000000000, 0.000000000000000000, 1.000000000000000000 ) ) ;
#1932 = VECTOR ( 'NONE', #301, 1000.000000000000000 ) ;
#1933 = DIRECTION ( 'NONE',  ( 1.000000000000000000, 0.000000000000000000, 0.000000000000000000 ) ) ;
#1934 = ORIENTED_EDGE ( 'NONE', *, *, #3742, .F. ) ;
#1935 = ORIENTED_EDGE ( 'NONE', *, *, #3219, .T. ) ;
#1936 = LINE ( 'NONE', #1089, #4441 ) ;
#1937 = FACE_OUTER_BOUND ( 'NONE', #1516, .T. ) ;
#1938 = FACE_OUTER_BOUND ( 'NONE', #4074, .T. ) ;
#1939 = FACE_OUTER_BOUND ( 'NONE', #3165, .T. ) ;
#1940 = ADVANCED_FACE ( 'NONE', ( #5198 ), #2937, .F. ) ;
#1941 = ORIENTED_EDGE ( 'NONE', *, *, #3978, .F. ) ;
#1942 = VECTOR ( 'NONE', #1543, 1000.000000000000000 ) ;
#1943 = DIRECTION ( 'NONE',  ( -0.000000000000000000, -0.000000000000000000, 1.000000000000000000 ) ) ;
#1944 = ORIENTED_EDGE ( 'NONE', *, *, #385, .F. ) ;
#1945 = LINE ( 'NONE', #4600, #2076 ) ;
#1946 = CARTESIAN_POINT ( 'NONE',  ( -8.000999999999994117, 0.000000000000000000, -1.269999999999998241 ) ) ;
#1947 = VERTEX_POINT ( 'NONE', #2069 ) ;
#1948 = PLANE ( 'NONE',  #5802 ) ;
#1949 = EDGE_LOOP ( 'NONE', ( #2978, #5380, #4738, #870 ) ) ;
#1950 = SURFACE_SIDE_STYLE ('',( #2455 ) ) ;
#1951 = ORIENTED_EDGE ( 'NONE', *, *, #4038, .F. ) ;
#1952 = CARTESIAN_POINT ( 'NONE',  ( 8.572500000000003340, 0.000000000000000000, -0.3174999999999990052 ) ) ;
#1953 = DIRECTION ( 'NONE',  ( 1.000000000000000000, 0.000000000000000000, -2.439149994343089694E-16 ) ) ;
#1954 = CARTESIAN_POINT ( 'NONE',  ( 0.000000000000000000, 8.382000000000001450, -0.2446143550033490766 ) ) ;
#1955 = ORIENTED_EDGE ( 'NONE', *, *, #4144, .F. ) ;
#1956 = ADVANCED_FACE ( 'NONE', ( #682 ), #4755, .T. ) ;
#1957 = EDGE_CURVE ( 'NONE', #4237, #5736, #118, .T. ) ;
#1958 = VECTOR ( 'NONE', #5864, 1000.000000000000000 ) ;
#1959 = DIRECTION ( 'NONE',  ( 0.000000000000000000, 0.000000000000000000, 1.000000000000000000 ) ) ;
#1960 = PLANE ( 'NONE',  #3387 ) ;
#1961 = PRESENTATION_LAYER_ASSIGNMENT (  '', '', ( #3207 ) ) ;
#1962 = ORIENTED_EDGE ( 'NONE', *, *, #2219, .T. ) ;
#1963 = EDGE_LOOP ( 'NONE', ( #5586, #3155, #3975, #4054 ) ) ;
#1964 = EDGE_CURVE ( 'NONE', #4047, #607, #657, .T. ) ;
#1965 = DIRECTION ( 'NONE',  ( 0.7071067811865463515, 0.000000000000000000, 0.7071067811865487940 ) ) ;
#1966 = DIRECTION ( 'NONE',  ( 0.000000000000000000, 1.000000000000000000, 0.000000000000000000 ) ) ;
#1967 = CARTESIAN_POINT ( 'NONE',  ( 12.70000000000000284, 0.000000000000000000, -0.8889999999999981251 ) ) ;
#1968 = DIRECTION ( 'NONE',  ( -1.000000000000000000, 0.000000000000000000, 0.000000000000000000 ) ) ;
#1969 = VECTOR ( 'NONE', #5746, 1000.000000000000000 ) ;
#1970 = ORIENTED_EDGE ( 'NONE', *, *, #3622, .F. ) ;
#1971 = CARTESIAN_POINT ( 'NONE',  ( -8.000999999999994117, 0.000000000000000000, 1.270000000000001794 ) ) ;
#1972 = ORIENTED_EDGE ( 'NONE', *, *, #705, .T. ) ;
#1973 = VECTOR ( 'NONE', #4177, 1000.000000000000000 ) ;
#1974 = VECTOR ( 'NONE', #2963, 1000.000000000000000 ) ;
#1975 = CARTESIAN_POINT ( 'NONE',  ( -10.54099999999999504, 2.540000000000000036, -1.269999999999998241 ) ) ;
#1976 = CARTESIAN_POINT ( 'NONE',  ( -7.619999999999996554, 0.000000000000000000, 0.8890000000000015667 ) ) ;
#1977 = CARTESIAN_POINT ( 'NONE',  ( 8.001000000000004775, 0.000000000000000000, 1.270000000000002238 ) ) ;
#1978 = VECTOR ( 'NONE', #648, 1000.000000000000000 ) ;
#1979 = CARTESIAN_POINT ( 'NONE',  ( 3.469446951953614189E-15, 0.000000000000000000, 0.8890000000000015667 ) ) ;
#1980 = ORIENTED_EDGE ( 'NONE', *, *, #3668, .T. ) ;
#1981 = FACE_OUTER_BOUND ( 'NONE', #4500, .T. ) ;
#1982 = ORIENTED_EDGE ( 'NONE', *, *, #5268, .T. ) ;
#1983 = LINE ( 'NONE', #1167, #2821 ) ;
#1984 = LINE ( 'NONE', #3445, #107 ) ;
#1985 = VECTOR ( 'NONE', #749, 1000.000000000000000 ) ;
#1986 = LINE ( 'NONE', #2716, #5211 ) ;
#1987 = VECTOR ( 'NONE', #4702, 1000.000000000000000 ) ;
#1988 = VECTOR ( 'NONE', #4535, 1000.000000000000000 ) ;
#1989 = LINE ( 'NONE', #5697, #642 ) ;
#1990 = CARTESIAN_POINT ( 'NONE',  ( 14.85900000000000709, 0.000000000000000000, -1.269999999999998241 ) ) ;
#1991 = VERTEX_POINT ( 'NONE', #3801 ) ;
#1992 = AXIS2_PLACEMENT_3D ( 'NONE', #579, #2973, #4220 ) ;
#1993 = APPLICATION_PROTOCOL_DEFINITION ( 'draft international standard', 'automotive_design', 1998, #2722 ) ;
#1994 = ADVANCED_FACE ( 'NONE', ( #152, #4668 ), #210, .T. ) ;
#1995 = ADVANCED_FACE ( 'NONE', ( #5229 ), #1948, .T. ) ;
#1996 = FILL_AREA_STYLE_COLOUR ( '', #3003 ) ;
#1997 = EDGE_LOOP ( 'NONE', ( #2397, #2469, #4326, #5090 ) ) ;
#1998 = EDGE_LOOP ( 'NONE', ( #3802, #1346, #2972, #5104 ) ) ;
#1999 = FACE_OUTER_BOUND ( 'NONE', #4766, .T. ) ;
#2000 = DIRECTION ( 'NONE',  ( -0.7071067811865471286, 0.000000000000000000, 0.7071067811865479058 ) ) ;
#2001 = LINE ( 'NONE', #5186, #3786 ) ;
#2002 = CARTESIAN_POINT ( 'NONE',  ( 9.779000000000007020, 0.000000000000000000, -1.269999999999998241 ) ) ;
#2003 = EDGE_CURVE ( 'NONE', #3077, #5080, #2396, .T. ) ;
#2004 = ADVANCED_FACE ( 'NONE', ( #2039 ), #2423, .T. ) ;
#2005 = ORIENTED_EDGE ( 'NONE', *, *, #3430, .T. ) ;
#2006 = LINE ( 'NONE', #1127, #4887 ) ;
#2007 = ORIENTED_EDGE ( 'NONE', *, *, #2878, .F. ) ;
#2008 = LINE ( 'NONE', #1617, #1780 ) ;
#2009 = CARTESIAN_POINT ( 'NONE',  ( 2.159000000000004693, 0.000000000000000000, 1.270000000000001794 ) ) ;
#2010 =( LENGTH_UNIT ( ) NAMED_UNIT ( * ) SI_UNIT ( .MILLI., .METRE. ) );
#2011 = ORIENTED_EDGE ( 'NONE', *, *, #5734, .T. ) ;
#2012 = LINE ( 'NONE', #5596, #259 ) ;
#2013 = ORIENTED_EDGE ( 'NONE', *, *, #5619, .T. ) ;
#2014 = DIRECTION ( 'NONE',  ( -0.7071067811865471286, -0.000000000000000000, 0.7071067811865479058 ) ) ;
#2015 = DIRECTION ( 'NONE',  ( -0.000000000000000000, -0.000000000000000000, -1.000000000000000000 ) ) ;
#2016 = PLANE ( 'NONE',  #5819 ) ;
#2017 = CARTESIAN_POINT ( 'NONE',  ( 0.9525000000000019007, 0.000000000000000000, 0.3175000000000011702 ) ) ;
#2018 = VERTEX_POINT ( 'NONE', #3885 ) ;
#2019 = DIRECTION ( 'NONE',  ( 1.000000000000000000, 0.000000000000000000, 0.000000000000000000 ) ) ;
#2020 = CARTESIAN_POINT ( 'NONE',  ( -5.460999999999994969, 0.000000000000000000, -1.269999999999998241 ) ) ;
#2021 = ORIENTED_EDGE ( 'NONE', *, *, #2974, .T. ) ;
#2022 = VERTEX_POINT ( 'NONE', #5722 ) ;
#2023 = DIRECTION ( 'NONE',  ( 1.000000000000000000, 0.000000000000000000, -2.439149994343089694E-16 ) ) ;
#2024 = CARTESIAN_POINT ( 'NONE',  ( 25.40000000000000213, 2.540000000000000036, 0.000000000000000000 ) ) ;
#2025 = EDGE_CURVE ( 'NONE', #3399, #2637, #1534, .T. ) ;
#2026 = AXIS2_PLACEMENT_3D ( 'NONE', #601, #1053, #4415 ) ;
#2027 = CARTESIAN_POINT ( 'NONE',  ( -5.460999999999994969, 0.000000000000000000, 1.270000000000001794 ) ) ;
#2028 = LINE ( 'NONE', #224, #5516 ) ;
#2029 = VECTOR ( 'NONE', #900, 1000.000000000000000 ) ;
#2030 = ORIENTED_EDGE ( 'NONE', *, *, #5095, .T. ) ;
#2031 = CARTESIAN_POINT ( 'NONE',  ( 13.65250000000000519, 0.000000000000000000, 0.3175000000000011702 ) ) ;
#2032 = VERTEX_POINT ( 'NONE', #3364 ) ;
#2033 = LINE ( 'NONE', #143, #717 ) ;
#2034 = EDGE_CURVE ( 'NONE', #1740, #5404, #2012, .T. ) ;
#2035 = ADVANCED_FACE ( 'NONE', ( #1981 ), #3336, .T. ) ;
#2036 = CARTESIAN_POINT ( 'NONE',  ( -7.619999999999997442, 0.000000000000000000, 0.8890000000000009006 ) ) ;
#2037 = CARTESIAN_POINT ( 'NONE',  ( -12.31899999999999729, 0.000000000000000000, 1.270000000000002238 ) ) ;
#2038 = ORIENTED_EDGE ( 'NONE', *, *, #963, .T. ) ;
#2039 = FACE_OUTER_BOUND ( 'NONE', #4095, .T. ) ;
#2040 = ORIENTED_EDGE ( 'NONE', *, *, #3599, .F. ) ;
#2041 = ADVANCED_FACE ( 'NONE', ( #2904 ), #5629, .T. ) ;
#2042 = VECTOR ( 'NONE', #3102, 1000.000000000000114 ) ;
#2043 = DIRECTION ( 'NONE',  ( -0.7071067811865471286, 0.000000000000000000, 0.7071067811865479058 ) ) ;
#2044 = DIRECTION ( 'NONE',  ( -0.7071067811865457964, -0.000000000000000000, -0.7071067811865492381 ) ) ;
#2045 = CARTESIAN_POINT ( 'NONE',  ( -1.587499999999996803, 0.000000000000000000, 0.3175000000000011702 ) ) ;
#2046 = ORIENTED_EDGE ( 'NONE', *, *, #1604, .T. ) ;
#2047 = EDGE_CURVE ( 'NONE', #395, #2437, #270, .T. ) ;
#2048 = APPLICATION_PROTOCOL_DEFINITION ( 'draft international standard', 'automotive_design', 1998, #851 ) ;
#2049 = FACE_OUTER_BOUND ( 'NONE', #2564, .T. ) ;
#2050 = ORIENTED_EDGE ( 'NONE', *, *, #3057, .F. ) ;
#2051 = ORIENTED_EDGE ( 'NONE', *, *, #2532, .F. ) ;
#2052 = AXIS2_PLACEMENT_3D ( 'NONE', #1245, #4923, #3934 ) ;
#2053 = CARTESIAN_POINT ( 'NONE',  ( -9.778999999999996362, 0.000000000000000000, 1.270000000000002238 ) ) ;
#2054 = DIRECTION ( 'NONE',  ( -0.7071067811865457964, -0.000000000000000000, -0.7071067811865492381 ) ) ;
#2055 = DIRECTION ( 'NONE',  ( -1.000000000000000000, 0.000000000000000000, 1.951319995474474122E-15 ) ) ;
#2056 = CARTESIAN_POINT ( 'NONE',  ( 13.65250000000000519, 0.000000000000000000, -0.3174999999999990052 ) ) ;
#2057 = AXIS2_PLACEMENT_3D ( 'NONE', #3122, #775, #3481 ) ;
#2058 = VERTEX_POINT ( 'NONE', #296 ) ;
#2059 = CARTESIAN_POINT ( 'NONE',  ( 0.9525000000000019007, 0.000000000000000000, 0.3175000000000011702 ) ) ;
#2060 = VERTEX_POINT ( 'NONE', #5379 ) ;
#2061 = LINE ( 'NONE', #5623, #3591 ) ;
#2062 = AXIS2_PLACEMENT_3D ( 'NONE', #4925, #4806, #3500 ) ;
#2063 = CARTESIAN_POINT ( 'NONE',  ( 7.620000000000001883, 2.540000000000000036, -0.8889999999999981251 ) ) ;
#2064 = ADVANCED_FACE ( 'NONE', ( #746 ), #4902, .F. ) ;
#2065 = VECTOR ( 'NONE', #3437, 1000.000000000000114 ) ;
#2066 = ORIENTED_EDGE ( 'NONE', *, *, #1707, .T. ) ;
#2067 = EDGE_CURVE ( 'NONE', #833, #3725, #2193, .T. ) ;
#2068 = VECTOR ( 'NONE', #5084, 1000.000000000000000 ) ;
#2069 = CARTESIAN_POINT ( 'NONE',  ( 7.620000000000005436, 0.000000000000000000, 0.8890000000000015667 ) ) ;
#2070 = ORIENTED_EDGE ( 'NONE', *, *, #785, .F. ) ;
#2071 = LINE ( 'NONE', #1536, #4729 ) ;
#2072 = DIRECTION ( 'NONE',  ( 1.000000000000000000, 0.000000000000000000, -0.000000000000000000 ) ) ;
#2073 = VECTOR ( 'NONE', #223, 1000.000000000000000 ) ;
#2074 = EDGE_CURVE ( 'NONE', #3418, #5671, #4484, .T. ) ;
#2075 = DIRECTION ( 'NONE',  ( 0.000000000000000000, 1.000000000000000000, 0.000000000000000000 ) ) ;
#2076 = VECTOR ( 'NONE', #3206, 1000.000000000000000 ) ;
#2077 = DIRECTION ( 'NONE',  ( 0.000000000000000000, -0.000000000000000000, 1.000000000000000000 ) ) ;
#2078 = ORIENTED_EDGE ( 'NONE', *, *, #5815, .F. ) ;
#2079 = CONTEXT_DEPENDENT_SHAPE_REPRESENTATION ( #1180, #78 ) ;
#2080 = VECTOR ( 'NONE', #2561, 1000.000000000000000 ) ;
#2081 =( NAMED_UNIT ( * ) PLANE_ANGLE_UNIT ( ) SI_UNIT ( $, .RADIAN. ) );
#2082 = ORIENTED_EDGE ( 'NONE', *, *, #4844, .F. ) ;
#2083 = VERTEX_POINT ( 'NONE', #2098 ) ;
#2084 = AXIS2_PLACEMENT_3D ( 'NONE', #5459, #5004, #3691 ) ;
#2085 = FACE_OUTER_BOUND ( 'NONE', #3533, .T. ) ;
#2086 = PLANE ( 'NONE',  #5660 ) ;
#2087 = LINE ( 'NONE', #3106, #5122 ) ;
#2088 = DIRECTION ( 'NONE',  ( 0.000000000000000000, 0.000000000000000000, -1.000000000000000000 ) ) ;
#2089 = DIRECTION ( 'NONE',  ( -1.000000000000000000, 0.000000000000000000, -0.000000000000000000 ) ) ;
#2090 = VERTEX_POINT ( 'NONE', #3534 ) ;
#2091 = CARTESIAN_POINT ( 'NONE',  ( -2.920999999999994934, 0.000000000000000000, 1.270000000000001794 ) ) ;
#2092 = VERTEX_POINT ( 'NONE', #5871 ) ;
#2093 = CARTESIAN_POINT ( 'NONE',  ( -11.11249999999999716, 0.000000000000000000, 0.3175000000000011702 ) ) ;
#2094 = PLANE ( 'NONE',  #2026 ) ;
#2095 = LINE ( 'NONE', #3851, #5803 ) ;
#2096 = DIRECTION ( 'NONE',  ( 0.000000000000000000, 1.000000000000000000, 0.000000000000000000 ) ) ;
#2097 = EDGE_LOOP ( 'NONE', ( #1057, #381, #734, #2758, #2030, #2298, #755, #2930 ) ) ;
#2098 = CARTESIAN_POINT ( 'NONE',  ( -10.15999999999999481, 2.540000000000000036, 0.8890000000000015667 ) ) ;
#2099 = ORIENTED_EDGE ( 'NONE', *, *, #5219, .T. ) ;
#2100 = ADVANCED_FACE ( 'NONE', ( #2574 ), #841, .T. ) ;
#2101 = LINE ( 'NONE', #5291, #453 ) ;
#2102 = PLANE ( 'NONE',  #3085 ) ;
#2103 = CARTESIAN_POINT ( 'NONE',  ( 7.620000000000001883, 2.540000000000000036, -0.8889999999999981251 ) ) ;
#2104 = LINE ( 'NONE', #3426, #4912 ) ;
#2105 =( REPRESENTATION_RELATIONSHIP ('NONE','NONE', #5475, #3634 ) REPRESENTATION_RELATIONSHIP_WITH_TRANSFORMATION ( #1204 )SHAPE_REPRESENTATION_RELATIONSHIP( ) );
#2106 = ORIENTED_EDGE ( 'NONE', *, *, #5652, .T. ) ;
#2107 = EDGE_CURVE ( 'NONE', #1068, #398, #5354, .T. ) ;
#2108 = ADVANCED_FACE ( 'NONE', ( #5817 ), #4842, .T. ) ;
#2109 = CONTEXT_DEPENDENT_SHAPE_REPRESENTATION ( #1689, #2901 ) ;
#2110 = VERTEX_POINT ( 'NONE', #2636 ) ;
#2111 = ORIENTED_EDGE ( 'NONE', *, *, #3780, .T. ) ;
#2112 = DIRECTION ( 'NONE',  ( -0.000000000000000000, -0.000000000000000000, -1.000000000000000000 ) ) ;
#2113 = DIRECTION ( 'NONE',  ( -1.000000000000000000, 0.000000000000000000, 1.951319995474474122E-15 ) ) ;
#2114 = DIRECTION ( 'NONE',  ( -0.7071067811865471286, 0.000000000000000000, 0.7071067811865479058 ) ) ;
#2115 = CARTESIAN_POINT ( 'NONE',  ( -12.31899999999999729, 0.000000000000000000, 1.270000000000002238 ) ) ;
#2116 = CARTESIAN_POINT ( 'NONE',  ( -7.619999999999997442, 0.000000000000000000, 0.8890000000000009006 ) ) ;
#2117 = ORIENTED_EDGE ( 'NONE', *, *, #3635, .F. ) ;
#2118 = LINE ( 'NONE', #3016, #3241 ) ;
#2119 = ORIENTED_EDGE ( 'NONE', *, *, #4432, .T. ) ;
#2120 = VECTOR ( 'NONE', #3338, 1000.000000000000000 ) ;
#2121 = FACE_OUTER_BOUND ( 'NONE', #3582, .T. ) ;
#2122 = DIRECTION ( 'NONE',  ( -1.000000000000000000, -0.000000000000000000, 2.439149994343084764E-16 ) ) ;
#2123 = ADVANCED_FACE ( 'NONE', ( #4455 ), #4812, .T. ) ;
#2124 = CARTESIAN_POINT ( 'NONE',  ( -5.079999999999997407, 0.000000000000000000, -0.8889999999999986802 ) ) ;
#2125 = FACE_OUTER_BOUND ( 'NONE', #3261, .T. ) ;
#2126 = VECTOR ( 'NONE', #171, 1000.000000000000000 ) ;
#2127 = ORIENTED_EDGE ( 'NONE', *, *, #1192, .F. ) ;
#2128 = DIRECTION ( 'NONE',  ( 0.7071067811865444641, 0.000000000000000000, -0.7071067811865505703 ) ) ;
#2129 = ORIENTED_EDGE ( 'NONE', *, *, #752, .T. ) ;
#2130 = FILL_AREA_STYLE ('',( #327 ) ) ;
#2131 = DIRECTION ( 'NONE',  ( 0.000000000000000000, 1.000000000000000000, 0.000000000000000000 ) ) ;
#2132 = PLANE ( 'NONE',  #3466 ) ;
#2133 = DIRECTION ( 'NONE',  ( 0.000000000000000000, 1.000000000000000000, 0.000000000000000000 ) ) ;
#2134 = LINE ( 'NONE', #1260, #328 ) ;
#2135 = ORIENTED_EDGE ( 'NONE', *, *, #2618, .T. ) ;
#2136 = EDGE_CURVE ( 'NONE', #5658, #2977, #1714, .T. ) ;
#2137 =( NAMED_UNIT ( * ) PLANE_ANGLE_UNIT ( ) SI_UNIT ( $, .RADIAN. ) );
#2138 = EDGE_CURVE ( 'NONE', #960, #5474, #5843, .T. ) ;
#2139 = ORIENTED_EDGE ( 'NONE', *, *, #2321, .T. ) ;
#2140 = EDGE_CURVE ( 'NONE', #620, #2775, #2676, .T. ) ;
#2141 = EDGE_LOOP ( 'NONE', ( #5271, #2875, #2484, #596 ) ) ;
#2142 = LINE ( 'NONE', #694, #2166 ) ;
#2143 = DIRECTION ( 'NONE',  ( -0.000000000000000000, -0.000000000000000000, 1.000000000000000000 ) ) ;
#2144 = SURFACE_STYLE_USAGE ( .BOTH. , #314 ) ;
#2145 = CARTESIAN_POINT ( 'NONE',  ( 14.28750000000000497, 2.540000000000000036, 0.3175000000000011702 ) ) ;
#2146 = VECTOR ( 'NONE', #389, 1000.000000000000000 ) ;
#2147 = ORIENTED_EDGE ( 'NONE', *, *, #1296, .T. ) ;
#2148 = LINE ( 'NONE', #3877, #937 ) ;
#2149 = ORIENTED_EDGE ( 'NONE', *, *, #4911, .T. ) ;
#2150 = DIRECTION ( 'NONE',  ( 1.000000000000000000, 0.000000000000000000, -2.439149994343089694E-16 ) ) ;
#2151 = LINE ( 'NONE', #704, #2701 ) ;
#2152 = DIRECTION ( 'NONE',  ( 0.000000000000000000, 1.000000000000000000, 0.000000000000000000 ) ) ;
#2153 = LINE ( 'NONE', #3505, #3137 ) ;
#2154 = VECTOR ( 'NONE', #4845, 1000.000000000000000 ) ;
#2155 = VERTEX_POINT ( 'NONE', #5752 ) ;
#2156 = LINE ( 'NONE', #3027, #1491 ) ;
#2157 = EDGE_LOOP ( 'NONE', ( #1982, #643, #288, #419 ) ) ;
#2158 = VECTOR ( 'NONE', #2720, 1000.000000000000000 ) ;
#2159 = DIRECTION ( 'NONE',  ( 1.951319995474474122E-15, 0.000000000000000000, 1.000000000000000000 ) ) ;
#2160 = VECTOR ( 'NONE', #4991, 1000.000000000000000 ) ;
#2161 = VECTOR ( 'NONE', #442, 1000.000000000000000 ) ;
#2162 = CARTESIAN_POINT ( 'NONE',  ( 3.469446951953614189E-15, 0.000000000000000000, 0.8890000000000009006 ) ) ;
#2163 = LINE ( 'NONE', #5851, #1415 ) ;
#2164 = FACE_OUTER_BOUND ( 'NONE', #4649, .T. ) ;
#2165 = VERTEX_POINT ( 'NONE', #3560 ) ;
#2166 = VECTOR ( 'NONE', #2523, 1000.000000000000000 ) ;
#2167 = CONTEXT_DEPENDENT_SHAPE_REPRESENTATION ( #1877, #4131 ) ;
#2168 = VECTOR ( 'NONE', #285, 1000.000000000000000 ) ;
#2169 = DIRECTION ( 'NONE',  ( 0.7071067811865492381, 0.000000000000000000, -0.7071067811865457964 ) ) ;
#2170 = ORIENTED_EDGE ( 'NONE', *, *, #2025, .T. ) ;
#2171 = ORIENTED_EDGE ( 'NONE', *, *, #3528, .F. ) ;
#2172 = CARTESIAN_POINT ( 'NONE',  ( 5.080000000000000071, 2.540000000000000036, 0.000000000000000000 ) ) ;
#2173 = VECTOR ( 'NONE', #679, 1000.000000000000000 ) ;
#2174 = CARTESIAN_POINT ( 'NONE',  ( 4.127500000000003055, 0.000000000000000000, -0.3174999999999990052 ) ) ;
#2175 = EDGE_CURVE ( 'NONE', #2018, #2838, #4420, .T. ) ;
#2176 = CARTESIAN_POINT ( 'NONE',  ( -11.11249999999999716, 2.540000000000000036, 0.3175000000000011702 ) ) ;
#2177 = EDGE_CURVE ( 'NONE', #494, #1725, #3119, .T. ) ;
#2178 = DIRECTION ( 'NONE',  ( -1.000000000000000000, -0.000000000000000000, -0.000000000000000000 ) ) ;
#2179 = VECTOR ( 'NONE', #1039, 1000.000000000000000 ) ;
#2180 = EDGE_LOOP ( 'NONE', ( #153, #4859, #3561, #658 ) ) ;
#2181 = CARTESIAN_POINT ( 'NONE',  ( 10.16000000000000192, 0.000000000000000000, -0.8889999999999981251 ) ) ;
#2182 = ORIENTED_EDGE ( 'NONE', *, *, #636, .F. ) ;
#2183 = CARTESIAN_POINT ( 'NONE',  ( -1.587499999999996803, 0.000000000000000000, 0.3175000000000011702 ) ) ;
#2184 = LINE ( 'NONE', #443, #4788 ) ;
#2185 = VECTOR ( 'NONE', #1920, 1000.000000000000000 ) ;
#2186 = CARTESIAN_POINT ( 'NONE',  ( 0.9525000000000019007, 0.000000000000000000, 0.3175000000000011702 ) ) ;
#2187 = EDGE_CURVE ( 'NONE', #1338, #2286, #4873, .T. ) ;
#2188 = CARTESIAN_POINT ( 'NONE',  ( 5.080000000000002736, 0.000000000000000000, -0.8889999999999986802 ) ) ;
#2189 =( GEOMETRIC_REPRESENTATION_CONTEXT ( 3 ) GLOBAL_UNCERTAINTY_ASSIGNED_CONTEXT ( ( #3768 ) ) GLOBAL_UNIT_ASSIGNED_CONTEXT ( ( #3190, #5434, #5888 ) ) REPRESENTATION_CONTEXT ( 'NONE', 'WORKASPACE' ) );
#2190 = EDGE_CURVE ( 'NONE', #618, #3120, #773, .T. ) ;
#2191 =( REPRESENTATION_RELATIONSHIP ('NONE','NONE', #5475, #3634 ) REPRESENTATION_RELATIONSHIP_WITH_TRANSFORMATION ( #5733 )SHAPE_REPRESENTATION_RELATIONSHIP( ) );
#2192 = ORIENTED_EDGE ( 'NONE', *, *, #1630, .F. ) ;
#2193 = LINE ( 'NONE', #3974, #430 ) ;
#2194 = EDGE_LOOP ( 'NONE', ( #1616, #1662, #2371, #465 ) ) ;
#2195 = SURFACE_STYLE_FILL_AREA ( #5418 ) ;
#2196 = CARTESIAN_POINT ( 'NONE',  ( 3.492500000000002380, 0.000000000000000000, 0.3175000000000011702 ) ) ;
#2197 = CARTESIAN_POINT ( 'NONE',  ( -12.69999999999999751, 0.000000000000000000, 0.8890000000000009006 ) ) ;
#2198 = DIRECTION ( 'NONE',  ( -1.000000000000000000, -0.000000000000000000, 2.439149994343084764E-16 ) ) ;
#2199 = VERTEX_POINT ( 'NONE', #325 ) ;
#2200 = DIRECTION ( 'NONE',  ( 0.7071067811865444641, 0.000000000000000000, -0.7071067811865505703 ) ) ;
#2201 = ORIENTED_EDGE ( 'NONE', *, *, #4038, .T. ) ;
#2202 = CARTESIAN_POINT ( 'NONE',  ( -11.74749999999999694, 0.000000000000000000, -0.3174999999999990052 ) ) ;
#2203 = FACE_OUTER_BOUND ( 'NONE', #2840, .T. ) ;
#2204 = FACE_OUTER_BOUND ( 'NONE', #3621, .T. ) ;
#2205 = ORIENTED_EDGE ( 'NONE', *, *, #5392, .F. ) ;
#2206 = CARTESIAN_POINT ( 'NONE',  ( 7.239000000000006096, 0.000000000000000000, 1.270000000000001794 ) ) ;
#2207 = ORIENTED_EDGE ( 'NONE', *, *, #2543, .T. ) ;
#2208 = EDGE_CURVE ( 'NONE', #3088, #3758, #2156, .T. ) ;
#2209 = LINE ( 'NONE', #291, #2741 ) ;
#2210 = CARTESIAN_POINT ( 'NONE',  ( -14.28749999999999787, 0.000000000000000000, -0.3174999999999990052 ) ) ;
#2211 = LINE ( 'NONE', #5812, #4639 ) ;
#2212 = LINE ( 'NONE', #3116, #2458 ) ;
#2213 = ORIENTED_EDGE ( 'NONE', *, *, #2427, .T. ) ;
#2214 = CARTESIAN_POINT ( 'NONE',  ( 12.70000000000000639, 0.000000000000000000, 0.8890000000000015667 ) ) ;
#2215 = VERTEX_POINT ( 'NONE', #4509 ) ;
#2216 = EDGE_CURVE ( 'NONE', #5833, #2165, #5528, .T. ) ;
#2217 = EDGE_CURVE ( 'NONE', #5816, #5647, #1802, .T. ) ;
#2218 = FACE_OUTER_BOUND ( 'NONE', #2411, .T. ) ;
#2219 = EDGE_CURVE ( 'NONE', #5252, #1117, #4965, .T. ) ;
#2220 = CARTESIAN_POINT ( 'NONE',  ( 10.16000000000000192, 0.000000000000000000, -0.8889999999999981251 ) ) ;
#2221 = AXIS2_PLACEMENT_3D ( 'NONE', #5747, #1506, #4386 ) ;
#2222 = LINE ( 'NONE', #2162, #588 ) ;
#2223 = ORIENTED_EDGE ( 'NONE', *, *, #831, .T. ) ;
#2224 = LINE ( 'NONE', #480, #2185 ) ;
#2225 = AXIS2_PLACEMENT_3D ( 'NONE', #2196, #4426, #5294 ) ;
#2226 = EDGE_CURVE ( 'NONE', #2977, #4155, #3674, .T. ) ;
#2227 = DIRECTION ( 'NONE',  ( -1.000000000000000000, 0.000000000000000000, 0.000000000000000000 ) ) ;
#2228 = ORIENTED_EDGE ( 'NONE', *, *, #4322, .F. ) ;
#2229 = DIRECTION ( 'NONE',  ( 0.000000000000000000, 1.000000000000000000, 0.000000000000000000 ) ) ;
#2230 = EDGE_CURVE ( 'NONE', #2816, #989, #4537, .T. ) ;
#2231 = VERTEX_POINT ( 'NONE', #923 ) ;
#2232 = CARTESIAN_POINT ( 'NONE',  ( -15.24000000000000021, 2.540000000000000036, -0.8889999999999981251 ) ) ;
#2233 = CARTESIAN_POINT ( 'NONE',  ( 12.70000000000000462, 2.540000000000000036, 0.8890000000000009006 ) ) ;
#2234 = DIRECTION ( 'NONE',  ( 0.000000000000000000, 1.000000000000000000, 0.000000000000000000 ) ) ;
#2235 = CARTESIAN_POINT ( 'NONE',  ( 7.239000000000006096, 0.000000000000000000, 1.270000000000001794 ) ) ;
#2236 = ORIENTED_EDGE ( 'NONE', *, *, #4519, .F. ) ;
#2237 = CARTESIAN_POINT ( 'NONE',  ( -4.698999999999996291, 0.000000000000000000, 1.270000000000002238 ) ) ;
#2238 = AXIS2_PLACEMENT_3D ( 'NONE', #347, #2268, #5461 ) ;
#2239 = ORIENTED_EDGE ( 'NONE', *, *, #1919, .F. ) ;
#2240 = DIRECTION ( 'NONE',  ( 1.000000000000000000, 0.000000000000000000, 0.000000000000000000 ) ) ;
#2241 = FACE_OUTER_BOUND ( 'NONE', #3632, .T. ) ;
#2242 = DIRECTION ( 'NONE',  ( -1.000000000000000000, 0.000000000000000000, 1.951319995474474122E-15 ) ) ;
#2243 = CARTESIAN_POINT ( 'NONE',  ( -5.079999999999997407, 2.540000000000000036, -0.8889999999999986802 ) ) ;
#2244 = VECTOR ( 'NONE', #74, 1000.000000000000000 ) ;
#2245 = EDGE_LOOP ( 'NONE', ( #5636, #2663, #4706, #5106 ) ) ;
#2246 = FACE_OUTER_BOUND ( 'NONE', #1997, .T. ) ;
#2247 = VERTEX_POINT ( 'NONE', #450 ) ;
#2248 = CARTESIAN_POINT ( 'NONE',  ( -0.3174999999999999489, -10.32509999999999373, 0.3174999999999999489 ) ) ;
#2249 = VECTOR ( 'NONE', #4894, 1000.000000000000000 ) ;
#2250 = SURFACE_SIDE_STYLE ('',( #2195 ) ) ;
#2251 = EDGE_CURVE ( 'NONE', #3613, #893, #2278, .T. ) ;
#2252 = EDGE_CURVE ( 'NONE', #5171, #2394, #4596, .T. ) ;
#2253 = VECTOR ( 'NONE', #3479, 1000.000000000000000 ) ;
#2255 = CARTESIAN_POINT ( 'NONE',  ( -1.587499999999996803, 0.000000000000000000, 0.3175000000000011702 ) ) ;
#2254 = VECTOR ( 'NONE', #1914, 1000.000000000000000 ) ;
#2256 = ORIENTED_EDGE ( 'NONE', *, *, #4767, .T. ) ;
#2257 = DIRECTION ( 'NONE',  ( -0.000000000000000000, 1.000000000000000000, 0.000000000000000000 ) ) ;
#2258 = PLANE ( 'NONE',  #3579 ) ;
#2259 = VERTEX_POINT ( 'NONE', #894 ) ;
#2260 = EDGE_CURVE ( 'NONE', #2687, #5259, #1373, .T. ) ;
#2261 = FACE_OUTER_BOUND ( 'NONE', #1505, .T. ) ;
#2262 = AXIS2_PLACEMENT_3D ( 'NONE', #3189, #2715, #404 ) ;
#2263 = EDGE_LOOP ( 'NONE', ( #958, #5808, #176, #5018 ) ) ;
#2264 = LINE ( 'NONE', #1819, #4736 ) ;
#2265 = DIRECTION ( 'NONE',  ( 0.000000000000000000, 0.000000000000000000, -1.000000000000000000 ) ) ;
#2266 = AXIS2_PLACEMENT_3D ( 'NONE', #3273, #125, #3771 ) ;
#2268 = DIRECTION ( 'NONE',  ( 0.7071067811865505703, -0.000000000000000000, 0.7071067811865444641 ) ) ;
#2267 = VECTOR ( 'NONE', #3354, 1000.000000000000000 ) ;
#2269 = ORIENTED_EDGE ( 'NONE', *, *, #2795, .T. ) ;
#2270 = EDGE_LOOP ( 'NONE', ( #3521, #4477, #3997, #5863 ) ) ;
#2271 = LINE ( 'NONE', #4590, #3403 ) ;
#2272 = DIRECTION ( 'NONE',  ( 0.000000000000000000, -0.000000000000000000, 1.000000000000000000 ) ) ;
#2273 = CARTESIAN_POINT ( 'NONE',  ( 15.24000000000000021, 2.540000000000000036, 0.000000000000000000 ) ) ;
#2274 = CARTESIAN_POINT ( 'NONE',  ( -5.079999999999995630, 2.540000000000000036, 0.8890000000000015667 ) ) ;
#2275 = AXIS2_PLACEMENT_3D ( 'NONE', #1928, #1841, #4673 ) ;
#2276 = AXIS2_PLACEMENT_3D ( 'NONE', #2724, #4655, #446 ) ;
#2277 = EDGE_LOOP ( 'NONE', ( #3220, #1846, #2256, #5872 ) ) ;
#2278 = LINE ( 'NONE', #3705, #4062 ) ;
#2279 = ORIENTED_EDGE ( 'NONE', *, *, #2251, .F. ) ;
#2280 = VECTOR ( 'NONE', #1081, 1000.000000000000000 ) ;
#2281 = LINE ( 'NONE', #4627, #5590 ) ;
#2282 = AXIS2_PLACEMENT_3D ( 'NONE', #3281, #4645, #553 ) ;
#2283 = CARTESIAN_POINT ( 'NONE',  ( -0.3174999999999999489, -10.32509999999999373, -0.3174999999999999489 ) ) ;
#2284 = PRESENTATION_LAYER_ASSIGNMENT (  '', '', ( #5299 ) ) ;
#2285 = DIRECTION ( 'NONE',  ( -1.000000000000000000, -0.000000000000000000, -0.000000000000000000 ) ) ;
#2286 = VERTEX_POINT ( 'NONE', #501 ) ;
#2287 = FACE_OUTER_BOUND ( 'NONE', #3478, .T. ) ;
#2288 = ORIENTED_EDGE ( 'NONE', *, *, #2542, .T. ) ;
#2289 = CARTESIAN_POINT ( 'NONE',  ( -15.24000000000000021, 0.000000000000000000, -0.8889999999999981251 ) ) ;
#2290 = ORIENTED_EDGE ( 'NONE', *, *, #250, .F. ) ;
#2291 = EDGE_CURVE ( 'NONE', #263, #5082, #2757, .T. ) ;
#2292 = FACE_OUTER_BOUND ( 'NONE', #4756, .T. ) ;
#2293 = EDGE_LOOP ( 'NONE', ( #235, #667, #4319, #3603 ) ) ;
#2294 = EDGE_CURVE ( 'NONE', #2866, #702, #418, .T. ) ;
#2295 = ADVANCED_FACE ( 'NONE', ( #2246 ), #5495, .T. ) ;
#2296 = CARTESIAN_POINT ( 'NONE',  ( 0.000000000000000000, 0.000000000000000000, 0.000000000000000000 ) ) ;
#2297 = DIRECTION ( 'NONE',  ( 1.951319995474474122E-15, 0.000000000000000000, 1.000000000000000000 ) ) ;
#2298 = ORIENTED_EDGE ( 'NONE', *, *, #1255, .T. ) ;
#2299 = ORIENTED_EDGE ( 'NONE', *, *, #821, .F. ) ;
#2300 = EDGE_CURVE ( 'NONE', #833, #4685, #2306, .T. ) ;
#2301 = LINE ( 'NONE', #4564, #5111 ) ;
#2302 = PLANE ( 'NONE',  #5756 ) ;
#2303 = DIRECTION ( 'NONE',  ( 0.000000000000000000, 1.000000000000000000, 0.000000000000000000 ) ) ;
#2304 = CARTESIAN_POINT ( 'NONE',  ( -0.3174999999999999489, 2.540000000000000036, -0.3174999999999999489 ) ) ;
#2305 = ORIENTED_EDGE ( 'NONE', *, *, #3423, .T. ) ;
#2306 = LINE ( 'NONE', #4065, #2640 ) ;
#2307 = ORIENTED_EDGE ( 'NONE', *, *, #3021, .F. ) ;
#2308 = ADVANCED_FACE ( 'NONE', ( #1401 ), #3149, .T. ) ;
#2309 = DIRECTION ( 'NONE',  ( 0.7071067811865444641, 0.000000000000000000, -0.7071067811865505703 ) ) ;
#2310 = DIRECTION ( 'NONE',  ( 0.000000000000000000, 1.000000000000000000, 0.000000000000000000 ) ) ;
#2311 = DIRECTION ( 'NONE',  ( -1.000000000000000000, -0.000000000000000000, -0.000000000000000000 ) ) ;
#2312 = ORIENTED_EDGE ( 'NONE', *, *, #5856, .T. ) ;
#2313 = CARTESIAN_POINT ( 'NONE',  ( 1.587500000000002132, 0.000000000000000000, -0.3174999999999990052 ) ) ;
#2314 = ORIENTED_EDGE ( 'NONE', *, *, #3960, .F. ) ;
#2315 = CARTESIAN_POINT ( 'NONE',  ( 5.080000000000004512, 2.540000000000000036, 0.8890000000000015667 ) ) ;
#2316 = VERTEX_POINT ( 'NONE', #5017 ) ;
#2317 = VECTOR ( 'NONE', #354, 1000.000000000000000 ) ;
#2318 = VECTOR ( 'NONE', #1210, 1000.000000000000000 ) ;
#2319 = FILL_AREA_STYLE_COLOUR ( '', #5907 ) ;
#2320 = ORIENTED_EDGE ( 'NONE', *, *, #821, .T. ) ;
#2321 = EDGE_CURVE ( 'NONE', #3588, #5455, #5074, .T. ) ;
#2322 = ADVANCED_FACE ( 'NONE', ( #3260 ), #475, .T. ) ;
#2323 = LINE ( 'NONE', #4586, #4714 ) ;
#2324 = ORIENTED_EDGE ( 'NONE', *, *, #785, .T. ) ;
#2325 = VERTEX_POINT ( 'NONE', #4121 ) ;
#2326 = CARTESIAN_POINT ( 'NONE',  ( 8.572500000000003340, 2.540000000000000036, 0.3175000000000011702 ) ) ;
#2327 = LINE ( 'NONE', #5642, #2883 ) ;
#2328 = CARTESIAN_POINT ( 'NONE',  ( 2.159000000000004693, 0.000000000000000000, 1.270000000000001794 ) ) ;
#2329 = DIRECTION ( 'NONE',  ( -1.000000000000000000, 0.000000000000000000, 2.439149994343084764E-16 ) ) ;
#2330 = ADVANCED_FACE ( 'NONE', ( #1858 ), #52, .F. ) ;
#2331 = VECTOR ( 'NONE', #3724, 1000.000000000000000 ) ;
#2332 = ORIENTED_EDGE ( 'NONE', *, *, #517, .T. ) ;
#2333 = DIRECTION ( 'NONE',  ( -0.000000000000000000, -0.000000000000000000, 1.000000000000000000 ) ) ;
#2334 = ORIENTED_EDGE ( 'NONE', *, *, #1376, .T. ) ;
#2335 = LINE ( 'NONE', #114, #4153 ) ;
#2336 = FACE_BOUND ( 'NONE', #5818, .T. ) ;
#2337 = FACE_OUTER_BOUND ( 'NONE', #186, .T. ) ;
#2338 = ORIENTED_EDGE ( 'NONE', *, *, #2291, .F. ) ;
#2339 = LINE ( 'NONE', #4156, #5435 ) ;
#2340 = ORIENTED_EDGE ( 'NONE', *, *, #2837, .T. ) ;
#2341 = VECTOR ( 'NONE', #701, 1000.000000000000114 ) ;
#2342 = CARTESIAN_POINT ( 'NONE',  ( 10.54100000000000215, 0.000000000000000000, -1.269999999999998019 ) ) ;
#2343 = ORIENTED_EDGE ( 'NONE', *, *, #5088, .T. ) ;
#2344 = VECTOR ( 'NONE', #4241, 1000.000000000000000 ) ;
#2345 = CARTESIAN_POINT ( 'NONE',  ( 5.080000000000000959, 0.000000000000000000, -0.8889999999999981251 ) ) ;
#2346 = DIRECTION ( 'NONE',  ( -1.000000000000000000, 0.000000000000000000, 1.951319995474474122E-15 ) ) ;
#2347 = VERTEX_POINT ( 'NONE', #5162 ) ;
#2348 = VECTOR ( 'NONE', #2478, 1000.000000000000000 ) ;
#2349 = VECTOR ( 'NONE', #252, 1000.000000000000000 ) ;
#2350 = LINE ( 'NONE', #4166, #2244 ) ;
#2351 = ORIENTED_EDGE ( 'NONE', *, *, #3494, .F. ) ;
#2352 = ORIENTED_EDGE ( 'NONE', *, *, #1301, .T. ) ;
#2353 = FACE_OUTER_BOUND ( 'NONE', #2388, .T. ) ;
#2354 = CARTESIAN_POINT ( 'NONE',  ( 12.70000000000000462, 0.000000000000000000, 0.8890000000000009006 ) ) ;
#2355 = EDGE_CURVE ( 'NONE', #2808, #4841, #2896, .T. ) ;
#2356 = AXIS2_PLACEMENT_3D ( 'NONE', #1334, #3743, #98 ) ;
#2357 = CARTESIAN_POINT ( 'NONE',  ( -2.539999999999998703, 0.000000000000000000, -0.8889999999999981251 ) ) ;
#2358 = CARTESIAN_POINT ( 'NONE',  ( 3.469446951953614189E-15, 0.000000000000000000, 0.8890000000000015667 ) ) ;
#2359 = EDGE_CURVE ( 'NONE', #4582, #4732, #3732, .T. ) ;
#2360 = ORIENTED_EDGE ( 'NONE', *, *, #3097, .F. ) ;
#2361 = DIRECTION ( 'NONE',  ( 0.000000000000000000, 1.000000000000000000, 0.000000000000000000 ) ) ;
#2362 = VERTEX_POINT ( 'NONE', #5679 ) ;
#2363 = LINE ( 'NONE', #5476, #1093 ) ;
#2364 = EDGE_CURVE ( 'NONE', #952, #334, #3412, .T. ) ;
#2365 = EDGE_CURVE ( 'NONE', #3750, #216, #2504, .T. ) ;
#2366 =( LENGTH_UNIT ( ) NAMED_UNIT ( * ) SI_UNIT ( .MILLI., .METRE. ) );
#2367 = VECTOR ( 'NONE', #649, 1000.000000000000000 ) ;
#2368 = LINE ( 'NONE', #5562, #318 ) ;
#2369 = ORIENTED_EDGE ( 'NONE', *, *, #1717, .F. ) ;
#2370 = DIRECTION ( 'NONE',  ( -0.000000000000000000, -0.000000000000000000, -1.000000000000000000 ) ) ;
#2371 = ORIENTED_EDGE ( 'NONE', *, *, #3114, .T. ) ;
#2372 = CARTESIAN_POINT ( 'NONE',  ( -9.207499999999997797, 0.000000000000000000, 0.3175000000000011702 ) ) ;
#2373 = VERTEX_POINT ( 'NONE', #177 ) ;
#2374 = DIRECTION ( 'NONE',  ( 0.7071067811865444641, 0.000000000000000000, -0.7071067811865505703 ) ) ;
#2375 = FACE_OUTER_BOUND ( 'NONE', #4309, .T. ) ;
#2376 = FACE_OUTER_BOUND ( 'NONE', #2847, .T. ) ;
#2377 = ORIENTED_EDGE ( 'NONE', *, *, #4775, .T. ) ;
#2378 = EDGE_CURVE ( 'NONE', #2058, #2060, #5136, .T. ) ;
#2379 = CARTESIAN_POINT ( 'NONE',  ( -13.65249999999999808, 2.540000000000000036, 0.3175000000000011702 ) ) ;
#2380 = ORIENTED_EDGE ( 'NONE', *, *, #3782, .F. ) ;
#2381 = VERTEX_POINT ( 'NONE', #4716 ) ;
#2382 = CARTESIAN_POINT ( 'NONE',  ( -0.3174999999999999489, 8.039099999999994139, -0.3174999999999999489 ) ) ;
#2383 = FACE_OUTER_BOUND ( 'NONE', #1128, .T. ) ;
#2384 = LINE ( 'NONE', #1151, #248 ) ;
#2385 = PLANE ( 'NONE',  #4269 ) ;
#2386 = EDGE_LOOP ( 'NONE', ( #1923, #1464, #797, #1473 ) ) ;
#2387 = DIRECTION ( 'NONE',  ( -0.7071067811865471286, -0.000000000000000000, 0.7071067811865479058 ) ) ;
#2388 = EDGE_LOOP ( 'NONE', ( #3487, #3756, #2512, #2046 ) ) ;
#2389 = EDGE_CURVE ( 'NONE', #4832, #5510, #4776, .T. ) ;
#2390 = SURFACE_STYLE_USAGE ( .BOTH. , #4778 ) ;
#2391 = CARTESIAN_POINT ( 'NONE',  ( -12.69999999999999574, 2.540000000000000036, 0.8890000000000015667 ) ) ;
#2392 = EDGE_CURVE ( 'NONE', #4914, #4047, #5105, .T. ) ;
#2393 = DIRECTION ( 'NONE',  ( 0.7071067811865463515, 0.000000000000000000, 0.7071067811865487940 ) ) ;
#2394 = VERTEX_POINT ( 'NONE', #675 ) ;
#2395 = ADVANCED_FACE ( 'NONE', ( #2839 ), #3845, .F. ) ;
#2396 = LINE ( 'NONE', #4271, #3217 ) ;
#2397 = ORIENTED_EDGE ( 'NONE', *, *, #5430, .F. ) ;
#2398 = PRODUCT_DEFINITION_CONTEXT ( 'detailed design', #2908, 'design' ) ;
#2399 = PLANE ( 'NONE',  #1088 ) ;
#2400 = ORIENTED_EDGE ( 'NONE', *, *, #4337, .F. ) ;
#2401 = CARTESIAN_POINT ( 'NONE',  ( -8.000999999999994117, 2.540000000000000036, 1.270000000000001794 ) ) ;
#2402 = EDGE_CURVE ( 'NONE', #2493, #2977, #1041, .T. ) ;
#2403 = DIRECTION ( 'NONE',  ( 0.000000000000000000, 1.000000000000000000, 0.000000000000000000 ) ) ;
#2404 = VECTOR ( 'NONE', #1188, 1000.000000000000000 ) ;
#2405 = FACE_OUTER_BOUND ( 'NONE', #3041, .T. ) ;
#2406 = VERTEX_POINT ( 'NONE', #2867 ) ;
#2407 = APPLICATION_PROTOCOL_DEFINITION ( 'draft international standard', 'automotive_design', 1998, #2908 ) ;
#2408 = VECTOR ( 'NONE', #454, 1000.000000000000000 ) ;
#2409 = DIRECTION ( 'NONE',  ( -0.000000000000000000, 1.000000000000000000, 0.000000000000000000 ) ) ;
#2410 = ORIENTED_EDGE ( 'NONE', *, *, #4034, .T. ) ;
#2411 = EDGE_LOOP ( 'NONE', ( #3086, #5793, #1761, #998 ) ) ;
#2412 = CARTESIAN_POINT ( 'NONE',  ( 13.08100000000000662, 0.000000000000000000, 1.270000000000002238 ) ) ;
#2413 = PLANE ( 'NONE',  #208 ) ;
#2414 = CARTESIAN_POINT ( 'NONE',  ( -2.539999999999995595, 0.000000000000000000, 0.8890000000000015667 ) ) ;
#2415 = DIRECTION ( 'NONE',  ( 0.000000000000000000, 0.000000000000000000, 1.000000000000000000 ) ) ;
#2416 = VERTEX_POINT ( 'NONE', #1971 ) ;
#2417 = DIRECTION ( 'NONE',  ( -1.000000000000000000, 0.000000000000000000, 0.000000000000000000 ) ) ;
#2418 = ORIENTED_EDGE ( 'NONE', *, *, #2230, .F. ) ;
#2419 = LINE ( 'NONE', #1129, #2348 ) ;
#2420 = LINE ( 'NONE', #5193, #1691 ) ;
#2421 = CARTESIAN_POINT ( 'NONE',  ( 3.492500000000002380, 2.540000000000000036, 0.3175000000000011702 ) ) ;
#2422 = ORIENTED_EDGE ( 'NONE', *, *, #4653, .F. ) ;
#2423 = PLANE ( 'NONE',  #2655 ) ;
#2424 = VERTEX_POINT ( 'NONE', #112 ) ;
#2425 = DIRECTION ( 'NONE',  ( 0.000000000000000000, 1.000000000000000000, 0.000000000000000000 ) ) ;
#2426 = PLANE ( 'NONE',  #3369 ) ;
#2427 = EDGE_CURVE ( 'NONE', #2677, #5067, #2006, .T. ) ;
#2428 = CARTESIAN_POINT ( 'NONE',  ( 12.70000000000000107, 0.000000000000000000, 0.000000000000000000 ) ) ;
#2429 = EDGE_CURVE ( 'NONE', #467, #5171, #1463, .T. ) ;
#2430 = DIRECTION ( 'NONE',  ( 1.000000000000000000, 0.000000000000000000, 0.000000000000000000 ) ) ;
#2431 = DIRECTION ( 'NONE',  ( 0.7071067811865444641, 0.000000000000000000, -0.7071067811865505703 ) ) ;
#2432 = EDGE_LOOP ( 'NONE', ( #227, #4768, #3488, #3376 ) ) ;
#2433 = EDGE_CURVE ( 'NONE', #861, #690, #653, .T. ) ;
#2434 = VECTOR ( 'NONE', #4013, 1000.000000000000000 ) ;
#2435 = EDGE_CURVE ( 'NONE', #2381, #4016, #2445, .T. ) ;
#2436 = LINE ( 'NONE', #2020, #4798 ) ;
#2437 = VERTEX_POINT ( 'NONE', #4263 ) ;
#2438 = ORIENTED_EDGE ( 'NONE', *, *, #5098, .F. ) ;
#2439 = LINE ( 'NONE', #2382, #1203 ) ;
#2440 = LINE ( 'NONE', #560, #5072 ) ;
#2441 = CARTESIAN_POINT ( 'NONE',  ( -8.572499999999996234, 0.000000000000000000, -0.3174999999999990052 ) ) ;
#2442 = CARTESIAN_POINT ( 'NONE',  ( 2.159000000000004693, 2.540000000000000036, 1.270000000000001794 ) ) ;
#2443 = VECTOR ( 'NONE', #3144, 1000.000000000000000 ) ;
#2444 = VERTEX_POINT ( 'NONE', #3820 ) ;
#2445 = LINE ( 'NONE', #2931, #809 ) ;
#2446 = ORIENTED_EDGE ( 'NONE', *, *, #2047, .F. ) ;
#2447 = VECTOR ( 'NONE', #4689, 1000.000000000000000 ) ;
#2448 = FACE_OUTER_BOUND ( 'NONE', #4982, .T. ) ;
#2449 = DIRECTION ( 'NONE',  ( 0.000000000000000000, -0.000000000000000000, -1.000000000000000000 ) ) ;
#2450 = PRESENTATION_STYLE_ASSIGNMENT (( #2964 ) ) ;
#2451 = VECTOR ( 'NONE', #3841, 1000.000000000000114 ) ;
#2452 = ORIENTED_EDGE ( 'NONE', *, *, #199, .T. ) ;
#2453 = DIRECTION ( 'NONE',  ( 0.000000000000000000, 1.000000000000000000, 0.000000000000000000 ) ) ;
#2454 = ORIENTED_EDGE ( 'NONE', *, *, #5292, .T. ) ;
#2455 = SURFACE_STYLE_FILL_AREA ( #4300 ) ;
#2456 = VECTOR ( 'NONE', #777, 1000.000000000000000 ) ;
#2457 = CARTESIAN_POINT ( 'NONE',  ( 2.540000000000002256, 0.000000000000000000, -0.8889999999999986802 ) ) ;
#2458 = VECTOR ( 'NONE', #1710, 1000.000000000000000 ) ;
#2459 = CARTESIAN_POINT ( 'NONE',  ( 11.74750000000000405, 2.540000000000000036, 0.3175000000000011702 ) ) ;
#2460 = EDGE_CURVE ( 'NONE', #4336, #2954, #4202, .T. ) ;
#2461 = CARTESIAN_POINT ( 'NONE',  ( -14.28749999999999787, 2.540000000000000036, -0.3174999999999990052 ) ) ;
#2462 = ORIENTED_EDGE ( 'NONE', *, *, #2800, .F. ) ;
#2463 = AXIS2_PLACEMENT_3D ( 'NONE', #2886, #2464, #4791 ) ;
#2464 = DIRECTION ( 'NONE',  ( 0.000000000000000000, 0.000000000000000000, 1.000000000000000000 ) ) ;
#2465 = DIRECTION ( 'NONE',  ( 1.000000000000000000, 0.000000000000000000, 0.000000000000000000 ) ) ;
#2466 = EDGE_CURVE ( 'NONE', #5765, #1695, #3791, .T. ) ;
#2467 = VERTEX_POINT ( 'NONE', #5648 ) ;
#2468 = ADVANCED_FACE ( 'NONE', ( #3757 ), #141, .T. ) ;
#2469 = ORIENTED_EDGE ( 'NONE', *, *, #1964, .F. ) ;
#2470 = DIRECTION ( 'NONE',  ( 0.7071067811865462405, 0.000000000000000000, 0.7071067811865489050 ) ) ;
#2471 = CARTESIAN_POINT ( 'NONE',  ( 0.3174999999999999489, 2.540000000000000036, -0.3174999999999999489 ) ) ;
#2472 = LINE ( 'NONE', #5615, #921 ) ;
#2473 = DIRECTION ( 'NONE',  ( 1.000000000000000000, -0.000000000000000000, 0.000000000000000000 ) ) ;
#2474 = EDGE_LOOP ( 'NONE', ( #5094, #3751, #5387, #2531, #4006, #5463, #5918, #3311 ) ) ;
#2475 = EDGE_CURVE ( 'NONE', #2503, #3002, #5190, .T. ) ;
#2476 = CARTESIAN_POINT ( 'NONE',  ( -13.65249999999999808, 0.000000000000000000, -0.3174999999999990052 ) ) ;
#2477 = ORIENTED_EDGE ( 'NONE', *, *, #3709, .T. ) ;
#2478 = DIRECTION ( 'NONE',  ( 0.000000000000000000, 1.000000000000000000, 0.000000000000000000 ) ) ;
#2479 = DIRECTION ( 'NONE',  ( 0.000000000000000000, 0.000000000000000000, -1.000000000000000000 ) ) ;
#2480 = SURFACE_STYLE_USAGE ( .BOTH. , #2900 ) ;
#2481 = ORIENTED_EDGE ( 'NONE', *, *, #4407, .F. ) ;
#2482 = EDGE_CURVE ( 'NONE', #3381, #1068, #2118, .T. ) ;
#2483 = CARTESIAN_POINT ( 'NONE',  ( 2.540000000000000480, 0.000000000000000000, -0.8889999999999981251 ) ) ;
#2484 = ORIENTED_EDGE ( 'NONE', *, *, #3570, .T. ) ;
#2485 = LINE ( 'NONE', #600, #2344 ) ;
#2486 =( REPRESENTATION_RELATIONSHIP ('NONE','NONE', #5475, #3634 ) REPRESENTATION_RELATIONSHIP_WITH_TRANSFORMATION ( #756 )SHAPE_REPRESENTATION_RELATIONSHIP( ) );
#2487 = DIRECTION ( 'NONE',  ( -0.000000000000000000, -0.000000000000000000, -1.000000000000000000 ) ) ;
#2488 = CARTESIAN_POINT ( 'NONE',  ( 3.492500000000002380, 2.540000000000000036, 0.3175000000000011702 ) ) ;
#2489 = PLANE ( 'NONE',  #431 ) ;
#2490 = VERTEX_POINT ( 'NONE', #735 ) ;
#2491 = VECTOR ( 'NONE', #1670, 1000.000000000000000 ) ;
#2492 = SURFACE_SIDE_STYLE ('',( #1060 ) ) ;
#2493 = VERTEX_POINT ( 'NONE', #2595 ) ;
#2494 = VERTEX_POINT ( 'NONE', #226 ) ;
#2495 = DIRECTION ( 'NONE',  ( -0.000000000000000000, -0.000000000000000000, -1.000000000000000000 ) ) ;
#2496 = CARTESIAN_POINT ( 'NONE',  ( -10.54099999999999504, 2.540000000000000036, 1.270000000000001794 ) ) ;
#2497 = CLOSED_SHELL ( 'NONE', ( #5410, #859, #2735, #4858, #3824, #529, #4781, #4585, #273, #1476, #486, #2731, #4000, #5483 ) ) ;
#2498 = CARTESIAN_POINT ( 'NONE',  ( -2.539999999999996927, 2.540000000000000036, -0.8889999999999986802 ) ) ;
#2499 = EDGE_CURVE ( 'NONE', #654, #3254, #798, .T. ) ;
#2500 = LINE ( 'NONE', #614, #733 ) ;
#2501 = EDGE_CURVE ( 'NONE', #2749, #4521, #2148, .T. ) ;
#2502 = VECTOR ( 'NONE', #3496, 1000.000000000000000 ) ;
#2503 = VERTEX_POINT ( 'NONE', #5834 ) ;
#2504 = LINE ( 'NONE', #3328, #2267 ) ;
#2505 = VERTEX_POINT ( 'NONE', #2627 ) ;
#2506 = CARTESIAN_POINT ( 'NONE',  ( -12.69999999999999751, 0.000000000000000000, -0.8889999999999986802 ) ) ;
#2507 = DIRECTION ( 'NONE',  ( -0.000000000000000000, 1.000000000000000000, 0.000000000000000000 ) ) ;
#2508 = SURFACE_STYLE_FILL_AREA ( #4268 ) ;
#2509 = ADVANCED_FACE ( 'NONE', ( #3526 ), #4318, .F. ) ;
#2510 = ORIENTED_EDGE ( 'NONE', *, *, #4631, .F. ) ;
#2511 = DIRECTION ( 'NONE',  ( -0.000000000000000000, 1.000000000000000000, 0.000000000000000000 ) ) ;
#2512 = ORIENTED_EDGE ( 'NONE', *, *, #5540, .T. ) ;
#2513 = CARTESIAN_POINT ( 'NONE',  ( 10.16000000000000369, 0.000000000000000000, 0.8890000000000009006 ) ) ;
#2514 = DIRECTION ( 'NONE',  ( -1.000000000000000000, -0.000000000000000000, -0.000000000000000000 ) ) ;
#2515 = CARTESIAN_POINT ( 'NONE',  ( 10.16000000000000369, 0.000000000000000000, -0.8889999999999986802 ) ) ;
#2516 = CARTESIAN_POINT ( 'NONE',  ( 11.74750000000000405, 2.540000000000000036, 0.3175000000000011702 ) ) ;
#2517 = EDGE_LOOP ( 'NONE', ( #651, #507, #1641, #2343 ) ) ;
#2518 = PRESENTATION_LAYER_ASSIGNMENT (  '', '', ( #3760 ) ) ;
#2519 = ITEM_DEFINED_TRANSFORMATION ( 'NONE', 'NONE', #4656,  #1320 ) ;
#2520 = EDGE_LOOP ( 'NONE', ( #481, #3157, #3209, #5521 ) ) ;
#2521 = ORIENTED_EDGE ( 'NONE', *, *, #1422, .T. ) ;
#2522 = AXIS2_PLACEMENT_3D ( 'NONE', #1793, #5439, #3774 ) ;
#2523 = DIRECTION ( 'NONE',  ( 0.000000000000000000, 0.000000000000000000, -1.000000000000000000 ) ) ;
#2524 = CARTESIAN_POINT ( 'NONE',  ( -10.15999999999999837, 2.540000000000000036, -0.8889999999999981251 ) ) ;
#2525 = DIRECTION ( 'NONE',  ( -0.7071067811865457964, -0.000000000000000000, -0.7071067811865492381 ) ) ;
#2526 = CARTESIAN_POINT ( 'NONE',  ( 0.3809999999999993947, 2.540000000000000036, -1.269999999999998019 ) ) ;
#2527 = VECTOR ( 'NONE', #154, 1000.000000000000000 ) ;
#2528 = PLANE ( 'NONE',  #15 ) ;
#2529 = EDGE_LOOP ( 'NONE', ( #4570, #2236, #1906, #5484 ) ) ;
#2530 = FACE_OUTER_BOUND ( 'NONE', #5680, .T. ) ;
#2531 = ORIENTED_EDGE ( 'NONE', *, *, #1896, .F. ) ;
#2532 = EDGE_CURVE ( 'NONE', #4958, #2775, #262, .T. ) ;
#2533 = DIRECTION ( 'NONE',  ( 0.000000000000000000, 1.000000000000000000, 0.000000000000000000 ) ) ;
#2534 = DIRECTION ( 'NONE',  ( 1.000000000000000000, 0.000000000000000000, 0.000000000000000000 ) ) ;
#2535 = VECTOR ( 'NONE', #5068, 1000.000000000000114 ) ;
#2536 = CARTESIAN_POINT ( 'NONE',  ( -7.619999999999996554, 2.540000000000000036, 0.8890000000000015667 ) ) ;
#2537 = LINE ( 'NONE', #5683, #2942 ) ;
#2538 = VECTOR ( 'NONE', #355, 1000.000000000000000 ) ;
#2539 = ORIENTED_EDGE ( 'NONE', *, *, #1011, .T. ) ;
#2540 = DIRECTION ( 'NONE',  ( 0.000000000000000000, 0.000000000000000000, -1.000000000000000000 ) ) ;
#2541 = ORIENTED_EDGE ( 'NONE', *, *, #2003, .T. ) ;
#2542 = EDGE_CURVE ( 'NONE', #4112, #4933, #4445, .T. ) ;
#2543 = EDGE_CURVE ( 'NONE', #991, #2381, #2565, .T. ) ;
#2544 = LINE ( 'NONE', #3089, #3678 ) ;
#2545 = LINE ( 'NONE', #3482, #1889 ) ;
#2546 = VECTOR ( 'NONE', #5491, 1000.000000000000000 ) ;
#2547 = DIRECTION ( 'NONE',  ( 0.000000000000000000, 0.000000000000000000, -1.000000000000000000 ) ) ;
#2548 = DIRECTION ( 'NONE',  ( 0.7071067811865505703, -0.000000000000000000, 0.7071067811865444641 ) ) ;
#2549 = STYLED_ITEM ( 'NONE', ( #3023 ), #5381 ) ;
#2550 = CARTESIAN_POINT ( 'NONE',  ( -10.15999999999999481, 0.000000000000000000, 0.8890000000000015667 ) ) ;
#2551 = ORIENTED_EDGE ( 'NONE', *, *, #1854, .T. ) ;
#2552 = VECTOR ( 'NONE', #892, 1000.000000000000000 ) ;
#2553 = CARTESIAN_POINT ( 'NONE',  ( 4.699000000000005173, 0.000000000000000000, -1.269999999999998241 ) ) ;
#2554 = ORIENTED_EDGE ( 'NONE', *, *, #1787, .T. ) ;
#2555 = EDGE_CURVE ( 'NONE', #2505, #2032, #1730, .T. ) ;
#2556 = ORIENTED_EDGE ( 'NONE', *, *, #1596, .F. ) ;
#2557 =( GEOMETRIC_REPRESENTATION_CONTEXT ( 3 ) GLOBAL_UNCERTAINTY_ASSIGNED_CONTEXT ( ( #599 ) ) GLOBAL_UNIT_ASSIGNED_CONTEXT ( ( #2772, #1451, #4084 ) ) REPRESENTATION_CONTEXT ( 'NONE', 'WORKASPACE' ) );
#2558 = LINE ( 'NONE', #4917, #2827 ) ;
#2559 = CARTESIAN_POINT ( 'NONE',  ( 6.667500000000003091, 0.000000000000000000, 0.3175000000000011702 ) ) ;
#2560 = CARTESIAN_POINT ( 'NONE',  ( 5.080000000000002736, 2.540000000000000036, -0.8889999999999986802 ) ) ;
#2561 = DIRECTION ( 'NONE',  ( 0.000000000000000000, 1.000000000000000000, 0.000000000000000000 ) ) ;
#2562 = VECTOR ( 'NONE', #959, 1000.000000000000000 ) ;
#2563 = DIRECTION ( 'NONE',  ( 0.000000000000000000, 1.000000000000000000, 0.000000000000000000 ) ) ;
#2564 = EDGE_LOOP ( 'NONE', ( #1440, #2269, #4805, #271 ) ) ;
#2565 = LINE ( 'NONE', #5372, #2817 ) ;
#2566 = EDGE_LOOP ( 'NONE', ( #202, #5035, #1680, #2993 ) ) ;
#2567 = AXIS2_PLACEMENT_3D ( 'NONE', #1021, #3391, #4782 ) ;
#2568 = DIRECTION ( 'NONE',  ( -1.000000000000000000, -0.000000000000000000, 2.439149994343084764E-16 ) ) ;
#2569 = PLANE ( 'NONE',  #2221 ) ;
#2570 = FACE_OUTER_BOUND ( 'NONE', #2603, .T. ) ;
#2571 = DIRECTION ( 'NONE',  ( 0.000000000000000000, 0.000000000000000000, -1.000000000000000000 ) ) ;
#2572 = ORIENTED_EDGE ( 'NONE', *, *, #2429, .T. ) ;
#2573 = PRODUCT_DEFINITION ( 'UNKNOWN', '', #552, #2398 ) ;
#2574 = FACE_OUTER_BOUND ( 'NONE', #1606, .T. ) ;
#2575 = ORIENTED_EDGE ( 'NONE', *, *, #3055, .T. ) ;
#2576 = FACE_OUTER_BOUND ( 'NONE', #2718, .T. ) ;
#2577 = CARTESIAN_POINT ( 'NONE',  ( 12.70000000000000462, 2.540000000000000036, -0.8889999999999986802 ) ) ;
#2578 = EDGE_CURVE ( 'NONE', #2259, #4382, #5251, .T. ) ;
#2579 = EDGE_CURVE ( 'NONE', #251, #2829, #766, .T. ) ;
#2580 = PLANE ( 'NONE',  #2225 ) ;
#2581 = DIRECTION ( 'NONE',  ( -1.000000000000000000, -0.000000000000000000, 2.439149994343084764E-16 ) ) ;
#2582 = UNCERTAINTY_MEASURE_WITH_UNIT (LENGTH_MEASURE( 1.000000000000000082E-05 ), #940, 'distance_accuracy_value', 'NONE');
#2583 = DIRECTION ( 'NONE',  ( -0.7071067811865457964, -0.000000000000000000, -0.7071067811865492381 ) ) ;
#2584 = VERTEX_POINT ( 'NONE', #3110 ) ;
#2585 = EDGE_CURVE ( 'NONE', #2373, #3381, #5714, .T. ) ;
#2586 = LINE ( 'NONE', #4493, #31 ) ;
#2587 = ORIENTED_EDGE ( 'NONE', *, *, #3719, .F. ) ;
#2588 = ORIENTED_EDGE ( 'NONE', *, *, #1256, .F. ) ;
#2589 = DIRECTION ( 'NONE',  ( 1.951319995474474122E-15, 0.000000000000000000, 1.000000000000000000 ) ) ;
#2590 = DIRECTION ( 'NONE',  ( 0.7071067811865444641, 0.000000000000000000, -0.7071067811865505703 ) ) ;
#2591 = LINE ( 'NONE', #2115, #5520 ) ;
#2592 = LINE ( 'NONE', #1700, #1856 ) ;
#2593 = EDGE_LOOP ( 'NONE', ( #4739, #3202, #4579, #1614, #4411, #5865, #4510, #4031 ) ) ;
#2594 = AXIS2_PLACEMENT_3D ( 'NONE', #2059, #5807, #5311 ) ;
#2595 = CARTESIAN_POINT ( 'NONE',  ( 15.24000000000000554, 0.000000000000000000, 0.8890000000000009006 ) ) ;
#2596 = ORIENTED_EDGE ( 'NONE', *, *, #1256, .T. ) ;
#2597 = CLOSED_SHELL ( 'NONE', ( #1336, #3747, #869, #3390, #5696, #3856, #2308, #5845, #1105, #1852, #5836, #1563, #5762, #4953 ) ) ;
#2598 = CARTESIAN_POINT ( 'NONE',  ( -1.587499999999996803, 2.540000000000000036, -0.3174999999999990052 ) ) ;
#2599 = DIRECTION ( 'NONE',  ( -1.000000000000000000, 0.000000000000000000, -0.000000000000000000 ) ) ;
#2600 = CARTESIAN_POINT ( 'NONE',  ( 8.572500000000003340, 0.000000000000000000, -0.3174999999999990052 ) ) ;
#2601 = CARTESIAN_POINT ( 'NONE',  ( -6.032499999999997975, 0.000000000000000000, -0.3174999999999990052 ) ) ;
#2602 = AXIS2_PLACEMENT_3D ( 'NONE', #1532, #3469, #5309 ) ;
#2603 = EDGE_LOOP ( 'NONE', ( #40, #5126, #2462, #4148, #3059, #5396, #3300, #736 ) ) ;
#2604 = DIRECTION ( 'NONE',  ( 0.7071067811865505703, -0.000000000000000000, 0.7071067811865444641 ) ) ;
#2605 = ORIENTED_EDGE ( 'NONE', *, *, #1331, .T. ) ;
#2606 = SURFACE_STYLE_FILL_AREA ( #5290 ) ;
#2607 = DIRECTION ( 'NONE',  ( -1.000000000000000000, 0.000000000000000000, 0.000000000000000000 ) ) ;
#2608 = DIRECTION ( 'NONE',  ( 1.000000000000000000, 0.000000000000000000, -0.000000000000000000 ) ) ;
#2609 = CARTESIAN_POINT ( 'NONE',  ( 5.080000000000002736, 2.540000000000000036, -0.8889999999999986802 ) ) ;
#2610 = FACE_BOUND ( 'NONE', #2734, .T. ) ;
#2611 = ORIENTED_EDGE ( 'NONE', *, *, #3504, .T. ) ;
#2612 = ADVANCED_FACE ( 'NONE', ( #4383 ), #3996, .F. ) ;
#2613 = EDGE_CURVE ( 'NONE', #4616, #1117, #5775, .T. ) ;
#2614 = ITEM_DEFINED_TRANSFORMATION ( 'NONE', 'NONE', #845,  #1320 ) ;
#2615 = CARTESIAN_POINT ( 'NONE',  ( -2.158999999999995811, 2.540000000000000036, 1.270000000000002238 ) ) ;
#2616 = ORIENTED_EDGE ( 'NONE', *, *, #2067, .T. ) ;
#2617 = EDGE_LOOP ( 'NONE', ( #3868, #4239, #340, #3792 ) ) ;
#2618 = EDGE_CURVE ( 'NONE', #666, #3461, #1156, .T. ) ;
#2619 = EDGE_CURVE ( 'NONE', #2286, #3005, #2988, .T. ) ;
#2620 = FACE_OUTER_BOUND ( 'NONE', #3135, .T. ) ;
#2621 = VECTOR ( 'NONE', #4308, 1000.000000000000000 ) ;
#2622 = DIRECTION ( 'NONE',  ( 0.000000000000000000, 0.000000000000000000, 1.000000000000000000 ) ) ;
#2623 = CARTESIAN_POINT ( 'NONE',  ( 1.587500000000002132, 2.540000000000000036, 0.3175000000000011702 ) ) ;
#2624 = LINE ( 'NONE', #1270, #994 ) ;
#2625 = VECTOR ( 'NONE', #350, 1000.000000000000000 ) ;
#2626 = ORIENTED_EDGE ( 'NONE', *, *, #5607, .F. ) ;
#2627 = CARTESIAN_POINT ( 'NONE',  ( 3.492500000000002380, 0.000000000000000000, 0.3175000000000011702 ) ) ;
#2628 = ORIENTED_EDGE ( 'NONE', *, *, #201, .T. ) ;
#2629 = LINE ( 'NONE', #5777, #3968 ) ;
#2630 = CARTESIAN_POINT ( 'NONE',  ( 0.9525000000000019007, 0.000000000000000000, -0.3174999999999990052 ) ) ;
#2631 = CARTESIAN_POINT ( 'NONE',  ( 7.620000000000003659, 0.000000000000000000, -0.8889999999999986802 ) ) ;
#2632 = PLANE ( 'NONE',  #4752 ) ;
#2633 = PRESENTATION_LAYER_ASSIGNMENT (  '', '', ( #1285 ) ) ;
#2634 = EDGE_LOOP ( 'NONE', ( #1433, #4874, #4949, #3846 ) ) ;
#2635 = UNCERTAINTY_MEASURE_WITH_UNIT (LENGTH_MEASURE( 1.000000000000000082E-05 ), #5704, 'distance_accuracy_value', 'NONE');
#2636 = CARTESIAN_POINT ( 'NONE',  ( -12.69999999999999751, 0.000000000000000000, 0.8890000000000009006 ) ) ;
#2637 = VERTEX_POINT ( 'NONE', #289 ) ;
#2638 = VECTOR ( 'NONE', #1849, 1000.000000000000000 ) ;
#2639 = LINE ( 'NONE', #5449, #4357 ) ;
#2640 = VECTOR ( 'NONE', #2361, 1000.000000000000000 ) ;
#2641 = VECTOR ( 'NONE', #3522, 1000.000000000000000 ) ;
#2642 = LINE ( 'NONE', #4460, #4307 ) ;
#2643 = ORIENTED_EDGE ( 'NONE', *, *, #3495, .F. ) ;
#2644 = CARTESIAN_POINT ( 'NONE',  ( 13.08100000000000307, 0.000000000000000000, -1.269999999999998019 ) ) ;
#2645 = UNCERTAINTY_MEASURE_WITH_UNIT (LENGTH_MEASURE( 1.000000000000000082E-05 ), #4856, 'distance_accuracy_value', 'NONE');
#2646 = CARTESIAN_POINT ( 'NONE',  ( 0.9525000000000019007, 0.000000000000000000, -0.3174999999999990052 ) ) ;
#2647 = ORIENTED_EDGE ( 'NONE', *, *, #3891, .T. ) ;
#2648 = VECTOR ( 'NONE', #4379, 1000.000000000000000 ) ;
#2649 = ITEM_DEFINED_TRANSFORMATION ( 'NONE', 'NONE', #367,  #1320 ) ;
#2650 = EDGE_CURVE ( 'NONE', #5833, #5230, #3049, .T. ) ;
#2651 = VECTOR ( 'NONE', #2487, 1000.000000000000000 ) ;
#2652 = FILL_AREA_STYLE_COLOUR ( '', #2949 ) ;
#2653 = ORIENTED_EDGE ( 'NONE', *, *, #742, .F. ) ;
#2654 = PLANE ( 'NONE',  #4928 ) ;
#2655 = AXIS2_PLACEMENT_3D ( 'NONE', #1133, #1561, #4327 ) ;
#2656 = AXIS2_PLACEMENT_3D ( 'NONE', #4060, #3532, #3147 ) ;
#2657 = LINE ( 'NONE', #5860, #2648 ) ;
#2658 = CARTESIAN_POINT ( 'NONE',  ( -10.15999999999999837, 0.000000000000000000, -0.8889999999999981251 ) ) ;
#2659 = ADVANCED_FACE ( 'NONE', ( #2530 ), #4350, .T. ) ;
#2660 = EDGE_CURVE ( 'NONE', #4914, #334, #577, .T. ) ;
#2661 = DIRECTION ( 'NONE',  ( -0.7071067811865471286, -0.000000000000000000, 0.7071067811865479058 ) ) ;
#2662 =( GEOMETRIC_REPRESENTATION_CONTEXT ( 3 ) GLOBAL_UNCERTAINTY_ASSIGNED_CONTEXT ( ( #1741 ) ) GLOBAL_UNIT_ASSIGNED_CONTEXT ( ( #1620, #4809, #1559 ) ) REPRESENTATION_CONTEXT ( 'NONE', 'WORKASPACE' ) );
#2663 = ORIENTED_EDGE ( 'NONE', *, *, #5499, .F. ) ;
#2664 = EDGE_CURVE ( 'NONE', #852, #3148, #514, .T. ) ;
#2665 = LINE ( 'NONE', #1511, #811 ) ;
#2666 = ORIENTED_EDGE ( 'NONE', *, *, #1192, .T. ) ;
#2667 = FACE_BOUND ( 'NONE', #5178, .T. ) ;
#2668 = DIRECTION ( 'NONE',  ( -0.000000000000000000, 1.000000000000000000, 0.000000000000000000 ) ) ;
#2669 = DIRECTION ( 'NONE',  ( -0.000000000000000000, 1.000000000000000000, 0.000000000000000000 ) ) ;
#2670 = MECHANICAL_DESIGN_GEOMETRIC_PRESENTATION_REPRESENTATION (  '', ( #5299 ), #555 ) ;
#2671 = DIRECTION ( 'NONE',  ( 0.7071067811865463515, 0.000000000000000000, 0.7071067811865487940 ) ) ;
#2672 = MECHANICAL_DESIGN_GEOMETRIC_PRESENTATION_REPRESENTATION (  '', ( #3707 ), #2189 ) ;
#2673 = ADVANCED_FACE ( 'NONE', ( #2405 ), #1029, .T. ) ;
#2674 = VERTEX_POINT ( 'NONE', #4981 ) ;
#2675 =( GEOMETRIC_REPRESENTATION_CONTEXT ( 3 ) GLOBAL_UNCERTAINTY_ASSIGNED_CONTEXT ( ( #5508 ) ) GLOBAL_UNIT_ASSIGNED_CONTEXT ( ( #35, #3216, #4608 ) ) REPRESENTATION_CONTEXT ( 'NONE', 'WORKASPACE' ) );
#2676 = LINE ( 'NONE', #3914, #5788 ) ;
#2677 = VERTEX_POINT ( 'NONE', #997 ) ;
#2678 = PRESENTATION_STYLE_ASSIGNMENT (( #844 ) ) ;
#2679 = PLANE ( 'NONE',  #4840 ) ;
#2680 = EDGE_CURVE ( 'NONE', #909, #1068, #2823, .T. ) ;
#2681 = CARTESIAN_POINT ( 'NONE',  ( 2.540000000000000480, 2.540000000000000036, -0.8889999999999981251 ) ) ;
#2682 = ORIENTED_EDGE ( 'NONE', *, *, #5060, .F. ) ;
#2683 = CARTESIAN_POINT ( 'NONE',  ( 5.461000000000000298, 0.000000000000000000, -1.269999999999998019 ) ) ;
#2684 = DIRECTION ( 'NONE',  ( 2.439149994343089694E-16, -0.000000000000000000, 1.000000000000000000 ) ) ;
#2685 = EDGE_LOOP ( 'NONE', ( #1623, #1650, #4754, #610 ) ) ;
#2686 = PLANE ( 'NONE',  #1855 ) ;
#2687 = VERTEX_POINT ( 'NONE', #4501 ) ;
#2688 = DIRECTION ( 'NONE',  ( 1.000000000000000000, 0.000000000000000000, 0.000000000000000000 ) ) ;
#2689 = CARTESIAN_POINT ( 'NONE',  ( -0.2446143550033490766, 8.382000000000001450, 0.2446143550033490766 ) ) ;
#2690 = CARTESIAN_POINT ( 'NONE',  ( 2.540000000000002256, 2.540000000000000036, 0.8890000000000009006 ) ) ;
#2691 = CARTESIAN_POINT ( 'NONE',  ( 0.3174999999999999489, 2.540000000000000036, 0.3174999999999999489 ) ) ;
#2692 = VERTEX_POINT ( 'NONE', #3612 ) ;
#2693 = DIRECTION ( 'NONE',  ( 0.000000000000000000, 0.000000000000000000, 1.000000000000000000 ) ) ;
#2694 = ORIENTED_EDGE ( 'NONE', *, *, #159, .T. ) ;
#2695 = LINE ( 'NONE', #3195, #2158 ) ;
#2696 = DIRECTION ( 'NONE',  ( -0.000000000000000000, -0.000000000000000000, 1.000000000000000000 ) ) ;
#2697 = ADVANCED_FACE ( 'NONE', ( #5543 ), #409, .F. ) ;
#2698 = ADVANCED_FACE ( 'NONE', ( #128 ), #4609, .T. ) ;
#2699 = LINE ( 'NONE', #3556, #2538 ) ;
#2700 = CARTESIAN_POINT ( 'NONE',  ( 5.461000000000000298, 2.540000000000000036, -1.269999999999998019 ) ) ;
#2701 = VECTOR ( 'NONE', #3770, 1000.000000000000114 ) ;
#2702 = VERTEX_POINT ( 'NONE', #2237 ) ;
#2703 = DIRECTION ( 'NONE',  ( -0.000000000000000000, -0.000000000000000000, 1.000000000000000000 ) ) ;
#2704 = VERTEX_POINT ( 'NONE', #4218 ) ;
#2705 = LINE ( 'NONE', #4457, #5014 ) ;
#2706 = ADVANCED_FACE ( 'NONE', ( #5892 ), #70, .T. ) ;
#2707 = LINE ( 'NONE', #5874, #2456 ) ;
#2708 = VECTOR ( 'NONE', #3682, 1000.000000000000114 ) ;
#2709 = LINE ( 'NONE', #3208, #2708 ) ;
#2710 = VERTEX_POINT ( 'NONE', #5603 ) ;
#2711 = DIRECTION ( 'NONE',  ( 1.000000000000000000, -0.000000000000000000, 0.000000000000000000 ) ) ;
#2712 = CARTESIAN_POINT ( 'NONE',  ( -5.079999999999995630, 0.000000000000000000, 0.8890000000000015667 ) ) ;
#2713 = ORIENTED_EDGE ( 'NONE', *, *, #349, .F. ) ;
#2714 = ORIENTED_EDGE ( 'NONE', *, *, #201, .F. ) ;
#2715 = DIRECTION ( 'NONE',  ( 2.439149994343089694E-16, -0.000000000000000000, 1.000000000000000000 ) ) ;
#2716 = CARTESIAN_POINT ( 'NONE',  ( 7.239000000000006096, 0.000000000000000000, 1.270000000000001794 ) ) ;
#2717 = CARTESIAN_POINT ( 'NONE',  ( 9.207500000000003126, 0.000000000000000000, -0.3174999999999990052 ) ) ;
#2718 = EDGE_LOOP ( 'NONE', ( #1552, #97, #3580, #4066 ) ) ;
#2719 = VERTEX_POINT ( 'NONE', #1339 ) ;
#2720 = DIRECTION ( 'NONE',  ( 1.951319995474474122E-15, 0.000000000000000000, 1.000000000000000000 ) ) ;
#2721 = CARTESIAN_POINT ( 'NONE',  ( 0.3810000000000028919, 0.000000000000000000, 1.270000000000002238 ) ) ;
#2722 = APPLICATION_CONTEXT ( 'automotive_design' ) ;
#2723 = DIRECTION ( 'NONE',  ( 0.000000000000000000, 1.000000000000000000, 0.000000000000000000 ) ) ;
#2724 = CARTESIAN_POINT ( 'NONE',  ( 10.54100000000000215, 0.000000000000000000, -1.269999999999998019 ) ) ;
#2725 = EDGE_CURVE ( 'NONE', #1600, #4351, #2665, .T. ) ;
#2726 = ORIENTED_EDGE ( 'NONE', *, *, #793, .F. ) ;
#2727 = CARTESIAN_POINT ( 'NONE',  ( -14.85899999999999999, 0.000000000000000000, -1.269999999999998019 ) ) ;
#2728 = ORIENTED_EDGE ( 'NONE', *, *, #665, .F. ) ;
#2729 = VECTOR ( 'NONE', #3472, 1000.000000000000000 ) ;
#2730 = DIRECTION ( 'NONE',  ( 1.000000000000000000, 0.000000000000000000, 0.000000000000000000 ) ) ;
#2731 = ADVANCED_FACE ( 'NONE', ( #2376 ), #2796, .F. ) ;
#2733 = DIRECTION ( 'NONE',  ( 0.000000000000000000, 1.000000000000000000, 0.000000000000000000 ) ) ;
#2732 = VECTOR ( 'NONE', #240, 1000.000000000000000 ) ;
#2734 = EDGE_LOOP ( 'NONE', ( #4536, #5721, #2223, #4128 ) ) ;
#2735 = ADVANCED_FACE ( 'NONE', ( #380 ), #2856, .T. ) ;
#2736 = PLANE ( 'NONE',  #2947 ) ;
#2737 = ORIENTED_EDGE ( 'NONE', *, *, #167, .F. ) ;
#2738 = EDGE_CURVE ( 'NONE', #1695, #3381, #100, .T. ) ;
#2739 = CARTESIAN_POINT ( 'NONE',  ( -11.74749999999999694, 0.000000000000000000, 0.3175000000000011702 ) ) ;
#2740 = EDGE_LOOP ( 'NONE', ( #1658, #4551, #1533, #4014 ) ) ;
#2741 = VECTOR ( 'NONE', #5314, 1000.000000000000000 ) ;
#2742 = PLANE ( 'NONE',  #5421 ) ;
#2743 = VECTOR ( 'NONE', #5581, 1000.000000000000000 ) ;
#2744 = ORIENTED_EDGE ( 'NONE', *, *, #228, .F. ) ;
#2745 = AXIS2_PLACEMENT_3D ( 'NONE', #1967, #2055, #5246 ) ;
#2746 = ADVANCED_FACE ( 'NONE', ( #1902 ), #1760, .T. ) ;
#2747 = CARTESIAN_POINT ( 'NONE',  ( -2.158999999999995811, 0.000000000000000000, 1.270000000000002238 ) ) ;
#2748 = ORIENTED_EDGE ( 'NONE', *, *, #1919, .T. ) ;
#2749 = VERTEX_POINT ( 'NONE', #4163 ) ;
#2750 = AXIS2_PLACEMENT_3D ( 'NONE', #242, #5262, #2072 ) ;
#2751 = DIRECTION ( 'NONE',  ( -0.000000000000000000, -0.000000000000000000, 1.000000000000000000 ) ) ;
#2752 = DIRECTION ( 'NONE',  ( 0.000000000000000000, 1.000000000000000000, 0.000000000000000000 ) ) ;
#2753 = DIRECTION ( 'NONE',  ( -0.7071067811865457964, -0.000000000000000000, -0.7071067811865492381 ) ) ;
#2754 = LINE ( 'NONE', #4174, #5911 ) ;
#2755 = VECTOR ( 'NONE', #3557, 1000.000000000000000 ) ;
#2756 = ORIENTED_EDGE ( 'NONE', *, *, #1335, .F. ) ;
#2757 = LINE ( 'NONE', #1432, #44 ) ;
#2758 = ORIENTED_EDGE ( 'NONE', *, *, #4180, .T. ) ;
#2759 = STYLED_ITEM ( 'NONE', ( #3957 ), #5064 ) ;
#2760 = CARTESIAN_POINT ( 'NONE',  ( 10.16000000000000014, 2.540000000000000036, 0.000000000000000000 ) ) ;
#2761 = STYLED_ITEM ( 'NONE', ( #1419 ), #1429 ) ;
#2762 = PLANE ( 'NONE',  #5464 ) ;
#2763 = ORIENTED_EDGE ( 'NONE', *, *, #742, .T. ) ;
#2764 = CARTESIAN_POINT ( 'NONE',  ( 22.86000000000000298, 2.540000000000000036, 0.000000000000000000 ) ) ;
#2765 = ORIENTED_EDGE ( 'NONE', *, *, #184, .F. ) ;
#2766 = CARTESIAN_POINT ( 'NONE',  ( 6.667500000000003091, 2.540000000000000036, 0.3175000000000011702 ) ) ;
#2767 = ORIENTED_EDGE ( 'NONE', *, *, #2499, .T. ) ;
#2768 = EDGE_CURVE ( 'NONE', #5510, #5080, #4957, .T. ) ;
#2769 = EDGE_CURVE ( 'NONE', #2165, #1913, #3832, .T. ) ;
#2770 = EDGE_LOOP ( 'NONE', ( #4285, #5745, #4803, #1040 ) ) ;
#2771 = ADVANCED_FACE ( 'NONE', ( #5235, #1056 ), #277, .F. ) ;
#2772 =( LENGTH_UNIT ( ) NAMED_UNIT ( * ) SI_UNIT ( .MILLI., .METRE. ) );
#2773 = PLANE ( 'NONE',  #608 ) ;
#2774 = EDGE_LOOP ( 'NONE', ( #3182, #2452, #2616, #2320 ) ) ;
#2775 = VERTEX_POINT ( 'NONE', #5698 ) ;
#2776 = CARTESIAN_POINT ( 'NONE',  ( -9.207499999999997797, 2.540000000000000036, 0.3175000000000011702 ) ) ;
#2777 = CARTESIAN_POINT ( 'NONE',  ( -11.74749999999999694, 0.000000000000000000, -0.3174999999999990052 ) ) ;
#2778 = FACE_OUTER_BOUND ( 'NONE', #3876, .T. ) ;
#2779 = DIRECTION ( 'NONE',  ( 0.000000000000000000, 0.000000000000000000, -1.000000000000000000 ) ) ;
#2780 = VERTEX_POINT ( 'NONE', #3486 ) ;
#2781 = CARTESIAN_POINT ( 'NONE',  ( -2.539999999999998703, 0.000000000000000000, -0.8889999999999981251 ) ) ;
#2782 = ORIENTED_EDGE ( 'NONE', *, *, #1485, .F. ) ;
#2783 = LINE ( 'NONE', #88, #5486 ) ;
#2784 = DIRECTION ( 'NONE',  ( -2.439149994343084764E-16, 0.000000000000000000, -1.000000000000000000 ) ) ;
#2785 = DIRECTION ( 'NONE',  ( 0.7071067811865444641, 0.000000000000000000, -0.7071067811865505703 ) ) ;
#2786 = ORIENTED_EDGE ( 'NONE', *, *, #1417, .T. ) ;
#2787 = DIRECTION ( 'NONE',  ( 1.000000000000000000, 0.000000000000000000, -2.439149994343089694E-16 ) ) ;
#2788 = ORIENTED_EDGE ( 'NONE', *, *, #5764, .T. ) ;
#2789 = LINE ( 'NONE', #5537, #4333 ) ;
#2790 = ORIENTED_EDGE ( 'NONE', *, *, #897, .T. ) ;
#2791 = AXIS2_PLACEMENT_3D ( 'NONE', #5778, #4869, #4242 ) ;
#2792 = VECTOR ( 'NONE', #5420, 1000.000000000000000 ) ;
#2793 = SURFACE_STYLE_USAGE ( .BOTH. , #3720 ) ;
#2794 = ADVANCED_FACE ( 'NONE', ( #5177 ), #4703, .T. ) ;
#2795 = EDGE_CURVE ( 'NONE', #5199, #5169, #4819, .T. ) ;
#2796 = PLANE ( 'NONE',  #3490 ) ;
#2797 = VERTEX_POINT ( 'NONE', #2550 ) ;
#2798 =( LENGTH_UNIT ( ) NAMED_UNIT ( * ) SI_UNIT ( .MILLI., .METRE. ) );
#2799 = CARTESIAN_POINT ( 'NONE',  ( -14.28749999999999787, 0.000000000000000000, -0.3174999999999990052 ) ) ;
#2800 = EDGE_CURVE ( 'NONE', #4721, #5124, #5635, .T. ) ;
#2801 = ORIENTED_EDGE ( 'NONE', *, *, #1503, .T. ) ;
#2802 = EDGE_CURVE ( 'NONE', #1075, #3346, #2104, .T. ) ;
#2803 = ORIENTED_EDGE ( 'NONE', *, *, #1263, .T. ) ;
#2804 = DIRECTION ( 'NONE',  ( 0.000000000000000000, 0.000000000000000000, -1.000000000000000000 ) ) ;
#2805 = CARTESIAN_POINT ( 'NONE',  ( -12.69999999999999929, 0.000000000000000000, -0.8889999999999981251 ) ) ;
#2806 = CARTESIAN_POINT ( 'NONE',  ( -13.08099999999999596, 0.000000000000000000, 1.270000000000001794 ) ) ;
#2807 = DIRECTION ( 'NONE',  ( -1.000000000000000000, 0.000000000000000000, 0.000000000000000000 ) ) ;
#2808 = VERTEX_POINT ( 'NONE', #4335 ) ;
#2809 = DIRECTION ( 'NONE',  ( 0.000000000000000000, -0.000000000000000000, -1.000000000000000000 ) ) ;
#2810 = ORIENTED_EDGE ( 'NONE', *, *, #5804, .F. ) ;
#2811 = CARTESIAN_POINT ( 'NONE',  ( 9.207500000000003126, 0.000000000000000000, -0.3174999999999990052 ) ) ;
#2812 = CARTESIAN_POINT ( 'NONE',  ( -0.9524999999999967937, 0.000000000000000000, -0.3174999999999990052 ) ) ;
#2813 = EDGE_LOOP ( 'NONE', ( #887, #1941, #3253, #3056, #2932, #1715, #1495, #3527 ) ) ;
#2814 = EDGE_CURVE ( 'NONE', #2231, #2503, #1171, .T. ) ;
#2815 = DIRECTION ( 'NONE',  ( 0.000000000000000000, 1.000000000000000000, 0.000000000000000000 ) ) ;
#2816 = VERTEX_POINT ( 'NONE', #3808 ) ;
#2817 = VECTOR ( 'NONE', #1272, 1000.000000000000000 ) ;
#2818 = LINE ( 'NONE', #992, #910 ) ;
#2819 = VERTEX_POINT ( 'NONE', #662 ) ;
#2820 = CARTESIAN_POINT ( 'NONE',  ( -0.3809999999999941767, 0.000000000000000000, 1.270000000000001794 ) ) ;
#2821 = VECTOR ( 'NONE', #714, 1000.000000000000000 ) ;
#2822 = PLANE ( 'NONE',  #2275 ) ;
#2823 = LINE ( 'NONE', #549, #708 ) ;
#2824 = ORIENTED_EDGE ( 'NONE', *, *, #346, .T. ) ;
#2825 = AXIS2_PLACEMENT_3D ( 'NONE', #737, #3909, #382 ) ;
#2826 =( NAMED_UNIT ( * ) PLANE_ANGLE_UNIT ( ) SI_UNIT ( $, .RADIAN. ) );
#2827 = VECTOR ( 'NONE', #2589, 1000.000000000000000 ) ;
#2828 = CARTESIAN_POINT ( 'NONE',  ( -12.69999999999999751, 2.540000000000000036, -0.8889999999999986802 ) ) ;
#2829 = VERTEX_POINT ( 'NONE', #4761 ) ;
#2830 = ORIENTED_EDGE ( 'NONE', *, *, #56, .T. ) ;
#2831 = FACE_OUTER_BOUND ( 'NONE', #2520, .T. ) ;
#2832 = LINE ( 'NONE', #3814, #3553 ) ;
#2833 = VECTOR ( 'NONE', #5411, 1000.000000000000000 ) ;
#2834 = DIRECTION ( 'NONE',  ( 0.000000000000000000, -0.2079116908177565115, 0.9781476007338062439 ) ) ;
#2835 = ADVANCED_FACE ( 'NONE', ( #1540 ), #2489, .F. ) ;
#2836 = FACE_OUTER_BOUND ( 'NONE', #5144, .T. ) ;
#2837 = EDGE_CURVE ( 'NONE', #1527, #3200, #4789, .T. ) ;
#2838 = VERTEX_POINT ( 'NONE', #720 ) ;
#2839 = FACE_OUTER_BOUND ( 'NONE', #2617, .T. ) ;
#2840 = EDGE_LOOP ( 'NONE', ( #5182, #2588, #1874, #379 ) ) ;
#2841 =( LENGTH_UNIT ( ) NAMED_UNIT ( * ) SI_UNIT ( .MILLI., .METRE. ) );
#2842 = DIRECTION ( 'NONE',  ( -1.000000000000000000, 0.000000000000000000, 2.439149994343084764E-16 ) ) ;
#2843 = VECTOR ( 'NONE', #4209, 1000.000000000000000 ) ;
#2844 = VECTOR ( 'NONE', #5898, 1000.000000000000000 ) ;
#2845 = ADVANCED_FACE ( 'NONE', ( #606 ), #4304, .F. ) ;
#2846 = CARTESIAN_POINT ( 'NONE',  ( -0.3174999999999999489, 8.382000000000001450, -0.2446143550033490766 ) ) ;
#2847 = EDGE_LOOP ( 'NONE', ( #578, #3853, #5422, #2111 ) ) ;
#2848 = CARTESIAN_POINT ( 'NONE',  ( 14.85900000000000709, 0.000000000000000000, 1.270000000000001794 ) ) ;
#2849 = ORIENTED_EDGE ( 'NONE', *, *, #3978, .T. ) ;
#2850 = COLOUR_RGB ( '',0.2509803921568627416, 0.2509803921568627416, 0.2509803921568627416 ) ;
#2851 = LINE ( 'NONE', #2766, #617 ) ;
#2852 = VERTEX_POINT ( 'NONE', #5760 ) ;
#2853 = DIRECTION ( 'NONE',  ( 0.7071067811865444641, 0.000000000000000000, -0.7071067811865505703 ) ) ;
#2854 = PRESENTATION_STYLE_ASSIGNMENT (( #4132 ) ) ;
#2855 = VECTOR ( 'NONE', #2787, 1000.000000000000000 ) ;
#2856 = PLANE ( 'NONE',  #4816 ) ;
#2857 = ORIENTED_EDGE ( 'NONE', *, *, #5238, .T. ) ;
#2858 = APPLICATION_PROTOCOL_DEFINITION ( 'draft international standard', 'automotive_design', 1998, #4931 ) ;
#2859 = FACE_BOUND ( 'NONE', #1062, .T. ) ;
#2860 = ORIENTED_EDGE ( 'NONE', *, *, #3471, .T. ) ;
#2861 = ORIENTED_EDGE ( 'NONE', *, *, #3564, .F. ) ;
#2862 = CARTESIAN_POINT ( 'NONE',  ( 10.16000000000000547, 0.000000000000000000, 0.8890000000000015667 ) ) ;
#2863 = CARTESIAN_POINT ( 'NONE',  ( -4.698999999999996291, 2.540000000000000036, 1.270000000000002238 ) ) ;
#2864 = CARTESIAN_POINT ( 'NONE',  ( 0.9525000000000019007, 2.540000000000000036, 0.3175000000000011702 ) ) ;
#2865 = CARTESIAN_POINT ( 'NONE',  ( 8.572500000000003340, 0.000000000000000000, 0.3175000000000011702 ) ) ;
#2866 = VERTEX_POINT ( 'NONE', #2461 ) ;
#2867 = CARTESIAN_POINT ( 'NONE',  ( 10.16000000000000369, 2.540000000000000036, -0.8889999999999986802 ) ) ;
#2868 = VERTEX_POINT ( 'NONE', #1628 ) ;
#2869 = ADVANCED_FACE ( 'NONE', ( #1082 ), #4247, .F. ) ;
#2870 = EDGE_CURVE ( 'NONE', #3619, #2362, #161, .T. ) ;
#2871 = DIRECTION ( 'NONE',  ( 1.000000000000000000, -0.000000000000000000, 0.000000000000000000 ) ) ;
#2872 = DIRECTION ( 'NONE',  ( -0.000000000000000000, -0.000000000000000000, 1.000000000000000000 ) ) ;
#2873 = CARTESIAN_POINT ( 'NONE',  ( 10.16000000000000192, 0.000000000000000000, -0.8889999999999981251 ) ) ;
#2874 = LINE ( 'NONE', #2985, #3374 ) ;
#2875 = ORIENTED_EDGE ( 'NONE', *, *, #3372, .F. ) ;
#2876 = DIRECTION ( 'NONE',  ( -1.000000000000000000, -0.000000000000000000, 2.439149994343084764E-16 ) ) ;
#2877 = EDGE_LOOP ( 'NONE', ( #1166, #3371, #5058, #1112 ) ) ;
#2878 = EDGE_CURVE ( 'NONE', #3573, #3520, #5665, .T. ) ;
#2879 = LINE ( 'NONE', #5261, #2527 ) ;
#2880 = FACE_OUTER_BOUND ( 'NONE', #3015, .T. ) ;
#2881 = CARTESIAN_POINT ( 'NONE',  ( 5.080000000000000071, 0.000000000000000000, 0.000000000000000000 ) ) ;
#2882 = DIRECTION ( 'NONE',  ( -0.7071067811865479058, 0.000000000000000000, -0.7071067811865471286 ) ) ;
#2883 = VECTOR ( 'NONE', #5550, 1000.000000000000000 ) ;
#2884 = CARTESIAN_POINT ( 'NONE',  ( -7.620000000000000107, 0.000000000000000000, -0.8889999999999981251 ) ) ;
#2885 = ORIENTED_EDGE ( 'NONE', *, *, #1335, .T. ) ;
#2886 = CARTESIAN_POINT ( 'NONE',  ( 13.97000000000000419, 0.000000000000000000, 1.192622389734054877E-15 ) ) ;
#2887 = VECTOR ( 'NONE', #751, 1000.000000000000000 ) ;
#2888 = PLANE ( 'NONE',  #512 ) ;
#2889 = ORIENTED_EDGE ( 'NONE', *, *, #4662, .T. ) ;
#2890 = VERTEX_POINT ( 'NONE', #1111 ) ;
#2891 = DIRECTION ( 'NONE',  ( 0.7071067811865463515, 0.000000000000000000, 0.7071067811865487940 ) ) ;
#2892 = DIRECTION ( 'NONE',  ( 1.000000000000000000, 0.000000000000000000, -2.439149994343089694E-16 ) ) ;
#2893 = CARTESIAN_POINT ( 'NONE',  ( 12.70000000000000639, 2.540000000000000036, 0.8890000000000015667 ) ) ;
#2894 = LINE ( 'NONE', #698, #458 ) ;
#2895 = EDGE_LOOP ( 'NONE', ( #4, #2290, #66, #2147 ) ) ;
#2896 = LINE ( 'NONE', #1526, #4641 ) ;
#2897 = ORIENTED_EDGE ( 'NONE', *, *, #2466, .F. ) ;
#2898 = LINE ( 'NONE', #1582, #149 ) ;
#2899 = LINE ( 'NONE', #2036, #5308 ) ;
#2900 = SURFACE_SIDE_STYLE ('',( #2508 ) ) ;
#2901 = PRODUCT_DEFINITION_SHAPE ( 'NONE', 'NONE',  #5931 ) ;
#2902 = EDGE_CURVE ( 'NONE', #1493, #759, #2944, .T. ) ;
#2903 = EDGE_LOOP ( 'NONE', ( #3497, #1512, #1385, #598 ) ) ;
#2904 = FACE_OUTER_BOUND ( 'NONE', #1643, .T. ) ;
#2905 = ORIENTED_EDGE ( 'NONE', *, *, #964, .F. ) ;
#2906 = DIRECTION ( 'NONE',  ( 0.000000000000000000, 0.000000000000000000, -1.000000000000000000 ) ) ;
#2907 = MECHANICAL_DESIGN_GEOMETRIC_PRESENTATION_REPRESENTATION (  '', ( #3760 ), #5188 ) ;
#2908 = APPLICATION_CONTEXT ( 'automotive_design' ) ;
#2909 = LINE ( 'NONE', #1168, #1985 ) ;
#2910 = ADVANCED_FACE ( 'NONE', ( #2610, #4943 ), #850, .F. ) ;
#2911 = EDGE_CURVE ( 'NONE', #4813, #1354, #2134, .T. ) ;
#2912 = VECTOR ( 'NONE', #2540, 1000.000000000000000 ) ;
#2913 = AXIS2_PLACEMENT_3D ( 'NONE', #966, #3310, #2693 ) ;
#2914 = CARTESIAN_POINT ( 'NONE',  ( 0.9525000000000019007, 0.000000000000000000, -0.3174999999999990052 ) ) ;
#2915 = DIRECTION ( 'NONE',  ( 0.000000000000000000, 0.000000000000000000, -1.000000000000000000 ) ) ;
#2916 = ORIENTED_EDGE ( 'NONE', *, *, #4106, .F. ) ;
#2917 = VECTOR ( 'NONE', #5448, 1000.000000000000114 ) ;
#2918 = CARTESIAN_POINT ( 'NONE',  ( 6.350000000000003197, 0.000000000000000000, 1.192622389734054877E-15 ) ) ;
#2919 = ADVANCED_FACE ( 'NONE', ( #817, #397 ), #5389, .T. ) ;
#2920 = CARTESIAN_POINT ( 'NONE',  ( 0.3174999999999999489, 8.382000000000001450, 0.3174999999999999489 ) ) ;
#2921 = VECTOR ( 'NONE', #3880, 1000.000000000000000 ) ;
#2922 = ORIENTED_EDGE ( 'NONE', *, *, #392, .T. ) ;
#2923 = ORIENTED_EDGE ( 'NONE', *, *, #3279, .F. ) ;
#2924 = LINE ( 'NONE', #1035, #1583 ) ;
#2925 = FACE_OUTER_BOUND ( 'NONE', #3569, .T. ) ;
#2926 = CARTESIAN_POINT ( 'NONE',  ( 13.08100000000000662, 2.540000000000000036, 1.270000000000002238 ) ) ;
#2927 = DIRECTION ( 'NONE',  ( 0.7071067811865444641, 0.000000000000000000, -0.7071067811865505703 ) ) ;
#2928 = VECTOR ( 'NONE', #5167, 1000.000000000000000 ) ;
#2929 = EDGE_CURVE ( 'NONE', #4680, #3619, #370, .T. ) ;
#2930 = ORIENTED_EDGE ( 'NONE', *, *, #1037, .T. ) ;
#2931 = CARTESIAN_POINT ( 'NONE',  ( 12.70000000000000284, 2.540000000000000036, -0.8889999999999981251 ) ) ;
#2932 = ORIENTED_EDGE ( 'NONE', *, *, #938, .F. ) ;
#2933 = AXIS2_PLACEMENT_3D ( 'NONE', #1298, #4976, #5921 ) ;
#2934 = LINE ( 'NONE', #2992, #3218 ) ;
#2935 = AXIS2_PLACEMENT_3D ( 'NONE', #2428, #5433, #5569 ) ;
#2936 = EDGE_LOOP ( 'NONE', ( #2945, #5378, #1471, #2305 ) ) ;
#2937 = PLANE ( 'NONE',  #2567 ) ;
#2938 = ORIENTED_EDGE ( 'NONE', *, *, #3960, .T. ) ;
#2939 = CARTESIAN_POINT ( 'NONE',  ( 11.74750000000000405, 2.540000000000000036, -0.3174999999999990052 ) ) ;
#2940 = COLOUR_RGB ( '',0.2509803921568627416, 0.2509803921568627416, 0.2509803921568627416 ) ;
#2941 = CARTESIAN_POINT ( 'NONE',  ( 6.667500000000003091, 0.000000000000000000, 0.3175000000000011702 ) ) ;
#2942 = VECTOR ( 'NONE', #1585, 1000.000000000000000 ) ;
#2943 = FACE_OUTER_BOUND ( 'NONE', #5796, .T. ) ;
#2944 = LINE ( 'NONE', #2045, #3767 ) ;
#2945 = ORIENTED_EDGE ( 'NONE', *, *, #4051, .F. ) ;
#2946 = ADVANCED_FACE ( 'NONE', ( #2164 ), #4044, .F. ) ;
#2947 = AXIS2_PLACEMENT_3D ( 'NONE', #3244, #456, #5564 ) ;
#2948 = EDGE_CURVE ( 'NONE', #2362, #2381, #428, .T. ) ;
#2949 = COLOUR_RGB ( '',0.2509803921568627416, 0.2509803921568627416, 0.2509803921568627416 ) ;
#2950 = AXIS2_PLACEMENT_3D ( 'NONE', #2296, #1820, #5545 ) ;
#2951 = ITEM_DEFINED_TRANSFORMATION ( 'NONE', 'NONE', #2282,  #1320 ) ;
#2952 = LINE ( 'NONE', #4737, #5568 ) ;
#2953 = ORIENTED_EDGE ( 'NONE', *, *, #5875, .F. ) ;
#2954 = VERTEX_POINT ( 'NONE', #4852 ) ;
#2955 = ADVANCED_FACE ( 'NONE', ( #333 ), #1751, .F. ) ;
#2956 = DIRECTION ( 'NONE',  ( -0.7071067811865457964, -0.000000000000000000, -0.7071067811865492381 ) ) ;
#2957 = DIRECTION ( 'NONE',  ( 0.7071067811865444641, 0.000000000000000000, -0.7071067811865505703 ) ) ;
#2958 = DIRECTION ( 'NONE',  ( 1.000000000000000000, 0.000000000000000000, -0.000000000000000000 ) ) ;
#2959 = DIRECTION ( 'NONE',  ( 0.000000000000000000, 0.000000000000000000, -1.000000000000000000 ) ) ;
#2960 = VERTEX_POINT ( 'NONE', #4397 ) ;
#2961 = DIRECTION ( 'NONE',  ( -1.000000000000000000, -0.000000000000000000, 2.439149994343084764E-16 ) ) ;
#2962 = ORIENTED_EDGE ( 'NONE', *, *, #2034, .T. ) ;
#2963 = DIRECTION ( 'NONE',  ( 0.7071067811865463515, 0.000000000000000000, 0.7071067811865487940 ) ) ;
#2964 = SURFACE_STYLE_USAGE ( .BOTH. , #5719 ) ;
#2965 = ORIENTED_EDGE ( 'NONE', *, *, #3857, .F. ) ;
#2966 = DIRECTION ( 'NONE',  ( 0.000000000000000000, 0.000000000000000000, 1.000000000000000000 ) ) ;
#2967 = VERTEX_POINT ( 'NONE', #5792 ) ;
#2968 = CARTESIAN_POINT ( 'NONE',  ( 11.74750000000000405, 0.000000000000000000, -0.3174999999999990052 ) ) ;
#2969 = CARTESIAN_POINT ( 'NONE',  ( -5.079999999999997407, 0.000000000000000000, 0.8890000000000009006 ) ) ;
#2970 = CARTESIAN_POINT ( 'NONE',  ( -2.539999999999996927, 0.000000000000000000, -0.8889999999999986802 ) ) ;
#2971 = DIRECTION ( 'NONE',  ( 1.951319995474474122E-15, 0.000000000000000000, 1.000000000000000000 ) ) ;
#2972 = ORIENTED_EDGE ( 'NONE', *, *, #5914, .F. ) ;
#2973 = DIRECTION ( 'NONE',  ( 0.000000000000000000, 0.000000000000000000, 1.000000000000000000 ) ) ;
#2974 = EDGE_CURVE ( 'NONE', #1208, #4382, #1289, .T. ) ;
#2975 = CLOSED_SHELL ( 'NONE', ( #2468, #3326, #4584, #3818, #2698, #5205, #594, #1659, #5015, #4481, #2955, #2869, #2509, #2946 ) ) ;
#2976 = PRESENTATION_STYLE_ASSIGNMENT (( #3864 ) ) ;
#2977 = VERTEX_POINT ( 'NONE', #3128 ) ;
#2978 = ORIENTED_EDGE ( 'NONE', *, *, #2435, .F. ) ;
#2979 = DIRECTION ( 'NONE',  ( 1.000000000000000000, 0.000000000000000000, -2.439149994343089694E-16 ) ) ;
#2980 = CARTESIAN_POINT ( 'NONE',  ( -4.127499999999997726, 0.000000000000000000, -0.3174999999999990052 ) ) ;
#2981 = PLANE ( 'NONE',  #2745 ) ;
#2982 = DIRECTION ( 'NONE',  ( 0.9781476007338063550, 0.2079116908177560674, -0.000000000000000000 ) ) ;
#2983 = ADVANCED_FACE ( 'NONE', ( #3982 ), #783, .T. ) ;
#2984 = EDGE_CURVE ( 'NONE', #2677, #5842, #5332, .T. ) ;
#2985 = CARTESIAN_POINT ( 'NONE',  ( -12.69999999999999574, 0.000000000000000000, 0.8890000000000015667 ) ) ;
#2986 = ORIENTED_EDGE ( 'NONE', *, *, #93, .T. ) ;
#2987 = ADVANCED_FACE ( 'NONE', ( #4881, #4490 ), #2258, .F. ) ;
#2988 = LINE ( 'NONE', #1615, #3860 ) ;
#2989 = ORIENTED_EDGE ( 'NONE', *, *, #2364, .F. ) ;
#2990 = LINE ( 'NONE', #3474, #3215 ) ;
#2991 = DIRECTION ( 'NONE',  ( 0.7071067811865463515, 0.000000000000000000, 0.7071067811865487940 ) ) ;
#2992 = CARTESIAN_POINT ( 'NONE',  ( -0.3174999999999999489, 8.382000000000001450, 0.3174999999999999489 ) ) ;
#2993 = ORIENTED_EDGE ( 'NONE', *, *, #1779, .F. ) ;
#2994 = CARTESIAN_POINT ( 'NONE',  ( 14.28750000000000497, 2.540000000000000036, 0.3175000000000011702 ) ) ;
#2995 = ORIENTED_EDGE ( 'NONE', *, *, #4205, .T. ) ;
#2996 = DIRECTION ( 'NONE',  ( -0.7071067811865471286, -0.000000000000000000, 0.7071067811865479058 ) ) ;
#2997 = CARTESIAN_POINT ( 'NONE',  ( -7.239000000000000767, 0.000000000000000000, -1.269999999999998019 ) ) ;
#2998 = EDGE_CURVE ( 'NONE', #2247, #4616, #5880, .T. ) ;
#2999 = DIRECTION ( 'NONE',  ( 0.000000000000000000, 1.000000000000000000, 0.000000000000000000 ) ) ;
#3000 = DIRECTION ( 'NONE',  ( 1.000000000000000000, 0.000000000000000000, 0.000000000000000000 ) ) ;
#3001 = CARTESIAN_POINT ( 'NONE',  ( 4.127500000000003055, 0.000000000000000000, 0.3175000000000011702 ) ) ;
#3002 = VERTEX_POINT ( 'NONE', #5425 ) ;
#3003 = COLOUR_RGB ( '',0.2509803921568627416, 0.2509803921568627416, 0.2509803921568627416 ) ;
#3004 = DIRECTION ( 'NONE',  ( 0.000000000000000000, 0.000000000000000000, 1.000000000000000000 ) ) ;
#3005 = VERTEX_POINT ( 'NONE', #2712 ) ;
#3006 = ORIENTED_EDGE ( 'NONE', *, *, #5357, .T. ) ;
#3007 = VECTOR ( 'NONE', #2198, 1000.000000000000000 ) ;
#3008 = DIRECTION ( 'NONE',  ( -0.7071067811865457964, 0.000000000000000000, -0.7071067811865492381 ) ) ;
#3009 = PLANE ( 'NONE',  #781 ) ;
#3010 = CARTESIAN_POINT ( 'NONE',  ( -9.778999999999999915, 0.000000000000000000, -1.269999999999998019 ) ) ;
#3011 = AXIS2_PLACEMENT_3D ( 'NONE', #2781, #5901, #21 ) ;
#3012 =( NAMED_UNIT ( * ) SI_UNIT ( $, .STERADIAN. ) SOLID_ANGLE_UNIT ( ) );
#3013 = PRESENTATION_LAYER_ASSIGNMENT (  '', '', ( #4338 ) ) ;
#3014 = CARTESIAN_POINT ( 'NONE',  ( -12.69999999999999751, 2.540000000000000036, 0.8890000000000009006 ) ) ;
#3015 = EDGE_LOOP ( 'NONE', ( #772, #4186, #1778, #1438 ) ) ;
#3016 = CARTESIAN_POINT ( 'NONE',  ( 13.65250000000000519, 2.540000000000000036, 0.3175000000000011702 ) ) ;
#3017 = ORIENTED_EDGE ( 'NONE', *, *, #963, .F. ) ;
#3018 = CARTESIAN_POINT ( 'NONE',  ( 8.001000000000001222, 2.540000000000000036, -1.269999999999998019 ) ) ;
#3019 = LINE ( 'NONE', #1706, #4024 ) ;
#3020 = EDGE_CURVE ( 'NONE', #5480, #398, #5912, .T. ) ;
#3021 = EDGE_CURVE ( 'NONE', #1240, #2866, #1328, .T. ) ;
#3022 = DIRECTION ( 'NONE',  ( 1.000000000000000000, 0.000000000000000000, 0.000000000000000000 ) ) ;
#3023 = PRESENTATION_STYLE_ASSIGNMENT (( #2480 ) ) ;
#3024 = APPLICATION_CONTEXT ( 'automotive_design' ) ;
#3025 = VECTOR ( 'NONE', #2872, 1000.000000000000000 ) ;
#3026 = EDGE_LOOP ( 'NONE', ( #5281, #4232, #3654, #721 ) ) ;
#3027 = CARTESIAN_POINT ( 'NONE',  ( -9.207499999999997797, 0.000000000000000000, 0.3175000000000011702 ) ) ;
#3028 = EDGE_LOOP ( 'NONE', ( #4635, #1443, #5482, #3837 ) ) ;
#3029 = EDGE_CURVE ( 'NONE', #3214, #4794, #2789, .T. ) ;
#3030 = CARTESIAN_POINT ( 'NONE',  ( 3.492500000000002380, 2.540000000000000036, -0.3174999999999990052 ) ) ;
#3031 = AXIS2_PLACEMENT_3D ( 'NONE', #3930, #4862, #2622 ) ;
#3032 = DIRECTION ( 'NONE',  ( -0.7071067811865471286, 0.000000000000000000, 0.7071067811865479058 ) ) ;
#3033 = LINE ( 'NONE', #2609, #5227 ) ;
#3034 = VECTOR ( 'NONE', #4514, 1000.000000000000000 ) ;
#3035 = CARTESIAN_POINT ( 'NONE',  ( 0.000000000000000000, 0.000000000000000000, 0.000000000000000000 ) ) ;
#3036 = ORIENTED_EDGE ( 'NONE', *, *, #3249, .F. ) ;
#3037 = CONTEXT_DEPENDENT_SHAPE_REPRESENTATION ( #5782, #1322 ) ;
#3038 = AXIS2_PLACEMENT_3D ( 'NONE', #4684, #2982, #2415 ) ;
#3039 = DIRECTION ( 'NONE',  ( -0.7071067811865457964, 0.000000000000000000, -0.7071067811865492381 ) ) ;
#3040 = ORIENTED_EDGE ( 'NONE', *, *, #3316, .T. ) ;
#3041 = EDGE_LOOP ( 'NONE', ( #1838, #4956, #4056, #5828 ) ) ;
#3042 = DIRECTION ( 'NONE',  ( 0.000000000000000000, 0.000000000000000000, 1.000000000000000000 ) ) ;
#3043 = DIRECTION ( 'NONE',  ( -0.7071067811865457964, 0.000000000000000000, -0.7071067811865492381 ) ) ;
#3044 = LINE ( 'NONE', #3438, #401 ) ;
#3045 = PLANE ( 'NONE',  #3031 ) ;
#3046 = CARTESIAN_POINT ( 'NONE',  ( 3.492500000000002380, 0.000000000000000000, 0.3175000000000011702 ) ) ;
#3047 = DIRECTION ( 'NONE',  ( -0.7071067811865457964, -0.000000000000000000, -0.7071067811865492381 ) ) ;
#3048 = VERTEX_POINT ( 'NONE', #3716 ) ;
#3049 = LINE ( 'NONE', #4804, #2341 ) ;
#3050 = ORIENTED_EDGE ( 'NONE', *, *, #2025, .F. ) ;
#3051 = DIRECTION ( 'NONE',  ( 0.7071067811865444641, 0.000000000000000000, -0.7071067811865505703 ) ) ;
#3052 = DIRECTION ( 'NONE',  ( 0.000000000000000000, 0.000000000000000000, -1.000000000000000000 ) ) ;
#3053 = DIRECTION ( 'NONE',  ( 0.000000000000000000, -0.000000000000000000, 1.000000000000000000 ) ) ;
#3054 = DIRECTION ( 'NONE',  ( 2.439149994343089694E-16, -0.000000000000000000, 1.000000000000000000 ) ) ;
#3055 = EDGE_CURVE ( 'NONE', #502, #1103, #3246, .T. ) ;
#3056 = ORIENTED_EDGE ( 'NONE', *, *, #5357, .F. ) ;
#3057 = EDGE_CURVE ( 'NONE', #4212, #2494, #1413, .T. ) ;
#3058 = CARTESIAN_POINT ( 'NONE',  ( 10.54100000000000570, 0.000000000000000000, 1.270000000000002238 ) ) ;
#3059 = ORIENTED_EDGE ( 'NONE', *, *, #2475, .F. ) ;
#3060 = ADVANCED_FACE ( 'NONE', ( #934 ), #3655, .F. ) ;
#3061 = FACE_OUTER_BOUND ( 'NONE', #3550, .T. ) ;
#3062 = CARTESIAN_POINT ( 'NONE',  ( -2.539999999999996927, 0.000000000000000000, 0.8890000000000009006 ) ) ;
#3063 = EDGE_CURVE ( 'NONE', #119, #2199, #5481, .T. ) ;
#3064 = DIRECTION ( 'NONE',  ( 0.7071067811865463515, 0.000000000000000000, 0.7071067811865487940 ) ) ;
#3065 = ADVANCED_FACE ( 'NONE', ( #3183 ), #482, .T. ) ;
#3066 = DIRECTION ( 'NONE',  ( 0.000000000000000000, 1.000000000000000000, 0.000000000000000000 ) ) ;
#3067 = UNCERTAINTY_MEASURE_WITH_UNIT (LENGTH_MEASURE( 1.000000000000000082E-05 ), #2366, 'distance_accuracy_value', 'NONE');
#3068 = CARTESIAN_POINT ( 'NONE',  ( 13.08100000000000307, 2.540000000000000036, -1.269999999999998019 ) ) ;
#3069 = ORIENTED_EDGE ( 'NONE', *, *, #4735, .F. ) ;
#3070 = DIRECTION ( 'NONE',  ( 1.000000000000000000, 0.000000000000000000, 0.000000000000000000 ) ) ;
#3071 = EDGE_LOOP ( 'NONE', ( #710, #854, #2922, #3305 ) ) ;
#3072 = ORIENTED_EDGE ( 'NONE', *, *, #5458, .T. ) ;
#3073 = DIRECTION ( 'NONE',  ( 0.7071067811865492381, 0.000000000000000000, -0.7071067811865457964 ) ) ;
#3074 = LINE ( 'NONE', #1638, #633 ) ;
#3075 = PLANE ( 'NONE',  #4650 ) ;
#3076 = DIRECTION ( 'NONE',  ( -0.000000000000000000, -0.000000000000000000, -1.000000000000000000 ) ) ;
#3077 = VERTEX_POINT ( 'NONE', #1384 ) ;
#3078 = DIRECTION ( 'NONE',  ( 0.000000000000000000, 1.000000000000000000, 0.000000000000000000 ) ) ;
#3079 = ORIENTED_EDGE ( 'NONE', *, *, #4416, .T. ) ;
#3080 = VECTOR ( 'NONE', #3667, 1000.000000000000000 ) ;
#3081 = CARTESIAN_POINT ( 'NONE',  ( 1.587500000000002132, 0.000000000000000000, 0.3175000000000011702 ) ) ;
#3082 = LINE ( 'NONE', #5347, #1839 ) ;
#3083 = CARTESIAN_POINT ( 'NONE',  ( 2.921000000000003372, 2.540000000000000036, 1.270000000000002238 ) ) ;
#3084 = DIRECTION ( 'NONE',  ( -0.7071067811865457964, 0.000000000000000000, -0.7071067811865492381 ) ) ;
#3085 = AXIS2_PLACEMENT_3D ( 'NONE', #1286, #5757, #1719 ) ;
#3086 = ORIENTED_EDGE ( 'NONE', *, *, #1503, .F. ) ;
#3087 = CARTESIAN_POINT ( 'NONE',  ( 2.540000000000004032, 0.000000000000000000, 0.8890000000000015667 ) ) ;
#3088 = VERTEX_POINT ( 'NONE', #2372 ) ;
#3089 = CARTESIAN_POINT ( 'NONE',  ( 8.001000000000004775, 0.000000000000000000, 1.270000000000002238 ) ) ;
#3090 = EDGE_CURVE ( 'NONE', #5303, #5146, #2851, .T. ) ;
#3091 = CARTESIAN_POINT ( 'NONE',  ( -0.3174999999999999489, 2.540000000000000036, 0.3174999999999999489 ) ) ;
#3092 = PRODUCT_RELATED_PRODUCT_CATEGORY ( 'part', '', ( #5043 ) ) ;
#3093 = CARTESIAN_POINT ( 'NONE',  ( 0.3174999999999999489, -10.66799999999999926, -0.2446143550033492986 ) ) ;
#3094 = CARTESIAN_POINT ( 'NONE',  ( 0.000000000000000000, 0.000000000000000000, -0.8889999999999981251 ) ) ;
#3095 = DIRECTION ( 'NONE',  ( 0.000000000000000000, -0.000000000000000000, 1.000000000000000000 ) ) ;
#3096 = ORIENTED_EDGE ( 'NONE', *, *, #715, .F. ) ;
#3097 = EDGE_CURVE ( 'NONE', #2316, #960, #5566, .T. ) ;
#3098 = EDGE_CURVE ( 'NONE', #1117, #1857, #905, .T. ) ;
#3099 = CONTEXT_DEPENDENT_SHAPE_REPRESENTATION ( #2486, #5141 ) ;
#3100 = ADVANCED_FACE ( 'NONE', ( #1922 ), #2399, .F. ) ;
#3101 = VECTOR ( 'NONE', #3693, 1000.000000000000000 ) ;
#3102 = DIRECTION ( 'NONE',  ( -0.7071067811865457964, -0.000000000000000000, -0.7071067811865492381 ) ) ;
#3103 = ORIENTED_EDGE ( 'NONE', *, *, #5237, .F. ) ;
#3104 = DIRECTION ( 'NONE',  ( 0.000000000000000000, 1.000000000000000000, 0.000000000000000000 ) ) ;
#3105 = EDGE_CURVE ( 'NONE', #744, #3346, #4211, .T. ) ;
#3106 = CARTESIAN_POINT ( 'NONE',  ( 6.667500000000003091, 0.000000000000000000, 0.3175000000000011702 ) ) ;
#3107 = DIRECTION ( 'NONE',  ( 0.000000000000000000, 1.000000000000000000, 0.000000000000000000 ) ) ;
#3108 = AXIS2_PLACEMENT_3D ( 'NONE', #2091, #3164, #4476 ) ;
#3109 = ORIENTED_EDGE ( 'NONE', *, *, #3816, .F. ) ;
#3110 = CARTESIAN_POINT ( 'NONE',  ( -4.698999999999999844, 2.540000000000000036, -1.269999999999998019 ) ) ;
#3111 = ORIENTED_EDGE ( 'NONE', *, *, #5617, .T. ) ;
#3112 = CARTESIAN_POINT ( 'NONE',  ( -9.778999999999999915, 0.000000000000000000, -1.269999999999998019 ) ) ;
#3113 = CARTESIAN_POINT ( 'NONE',  ( 10.16000000000000192, 0.000000000000000000, -0.8889999999999981251 ) ) ;
#3114 = EDGE_CURVE ( 'NONE', #2394, #4958, #1865, .T. ) ;
#3115 = DIRECTION ( 'NONE',  ( -1.000000000000000000, -0.000000000000000000, -0.000000000000000000 ) ) ;
#3116 = CARTESIAN_POINT ( 'NONE',  ( 7.239000000000006096, 0.000000000000000000, 1.270000000000001794 ) ) ;
#3117 = AXIS2_PLACEMENT_3D ( 'NONE', #4181, #1832, #1806 ) ;
#3118 = VERTEX_POINT ( 'NONE', #4103 ) ;
#3119 = LINE ( 'NONE', #1651, #4628 ) ;
#3120 = VERTEX_POINT ( 'NONE', #3686 ) ;
#3121 = PRESENTATION_LAYER_ASSIGNMENT (  '', '', ( #5695 ) ) ;
#3122 = CARTESIAN_POINT ( 'NONE',  ( 2.540000000000002256, 0.000000000000000000, -0.8889999999999986802 ) ) ;
#3123 = DIRECTION ( 'NONE',  ( -1.000000000000000000, 0.000000000000000000, 1.951319995474474122E-15 ) ) ;
#3124 = VECTOR ( 'NONE', #770, 1000.000000000000000 ) ;
#3125 = DIRECTION ( 'NONE',  ( 1.000000000000000000, 0.000000000000000000, 0.000000000000000000 ) ) ;
#3126 = ORIENTED_EDGE ( 'NONE', *, *, #3773, .F. ) ;
#3127 = CARTESIAN_POINT ( 'NONE',  ( -1.587499999999996803, 2.540000000000000036, -0.3174999999999990052 ) ) ;
#3128 = CARTESIAN_POINT ( 'NONE',  ( 15.24000000000000554, 2.540000000000000036, 0.8890000000000009006 ) ) ;
#3129 = ORIENTED_EDGE ( 'NONE', *, *, #3541, .T. ) ;
#3130 = AXIS2_PLACEMENT_3D ( 'NONE', #3642, #2834, #3198 ) ;
#3131 = PRESENTATION_LAYER_ASSIGNMENT (  '', '', ( #5419 ) ) ;
#3132 = DIRECTION ( 'NONE',  ( 0.7071067811865492381, 0.000000000000000000, -0.7071067811865457964 ) ) ;
#3133 = EDGE_CURVE ( 'NONE', #5171, #4549, #4636, .T. ) ;
#3134 = EDGE_CURVE ( 'NONE', #4637, #4933, #2818, .T. ) ;
#3135 = EDGE_LOOP ( 'NONE', ( #1951, #3983, #1236, #2830 ) ) ;
#3136 = DIRECTION ( 'NONE',  ( 1.951319995474474122E-15, 0.000000000000000000, 1.000000000000000000 ) ) ;
#3137 = VECTOR ( 'NONE', #4028, 1000.000000000000000 ) ;
#3138 = DIRECTION ( 'NONE',  ( -1.000000000000000000, 0.000000000000000000, -0.000000000000000000 ) ) ;
#3139 = FACE_OUTER_BOUND ( 'NONE', #1882, .T. ) ;
#3140 = ORIENTED_EDGE ( 'NONE', *, *, #2291, .T. ) ;
#3141 = EDGE_CURVE ( 'NONE', #3365, #1354, #1837, .T. ) ;
#3142 = DIRECTION ( 'NONE',  ( 0.7071067811865444641, 0.000000000000000000, -0.7071067811865505703 ) ) ;
#3143 = VERTEX_POINT ( 'NONE', #3739 ) ;
#3144 = DIRECTION ( 'NONE',  ( -1.000000000000000000, 0.000000000000000000, 0.000000000000000000 ) ) ;
#3145 = LINE ( 'NONE', #5011, #3923 ) ;
#3146 = FACE_OUTER_BOUND ( 'NONE', #1963, .T. ) ;
#3147 = DIRECTION ( 'NONE',  ( 1.000000000000000000, 0.000000000000000000, -0.000000000000000000 ) ) ;
#3148 = VERTEX_POINT ( 'NONE', #5509 ) ;
#3149 = PLANE ( 'NONE',  #50 ) ;
#3150 = EDGE_LOOP ( 'NONE', ( #5686, #5337, #1352, #1962 ) ) ;
#3151 = CARTESIAN_POINT ( 'NONE',  ( -8.000999999999994117, 2.540000000000000036, 1.270000000000001794 ) ) ;
#3152 = VERTEX_POINT ( 'NONE', #2342 ) ;
#3153 = CARTESIAN_POINT ( 'NONE',  ( 7.620000000000001883, 2.540000000000000036, -0.8889999999999981251 ) ) ;
#3154 = CARTESIAN_POINT ( 'NONE',  ( 14.85900000000000709, 0.000000000000000000, -1.269999999999998241 ) ) ;
#3155 = ORIENTED_EDGE ( 'NONE', *, *, #1074, .F. ) ;
#3156 = SURFACE_SIDE_STYLE ('',( #4431 ) ) ;
#3157 = ORIENTED_EDGE ( 'NONE', *, *, #2219, .F. ) ;
#3158 = CARTESIAN_POINT ( 'NONE',  ( 11.74750000000000405, 0.000000000000000000, 0.3175000000000011702 ) ) ;
#3159 = DIRECTION ( 'NONE',  ( 0.7071067811865444641, 0.000000000000000000, -0.7071067811865505703 ) ) ;
#3160 = ADVANCED_FACE ( 'NONE', ( #3629 ), #4158, .T. ) ;
#3161 = SHAPE_REPRESENTATION_RELATIONSHIP ( 'NONE' , 'NONE' ,  #5705, #5064 ) ;
#3162 = PLANE ( 'NONE',  #3660 ) ;
#3163 = ORIENTED_EDGE ( 'NONE', *, *, #2680, .F. ) ;
#3164 = DIRECTION ( 'NONE',  ( 0.7071067811865505703, -0.000000000000000000, 0.7071067811865444641 ) ) ;
#3165 = EDGE_LOOP ( 'NONE', ( #372, #195, #681, #440 ) ) ;
#3166 = CARTESIAN_POINT ( 'NONE',  ( 7.620000000000005436, 2.540000000000000036, 0.8890000000000015667 ) ) ;
#3167 = LINE ( 'NONE', #3238, #4498 ) ;
#3168 = CARTESIAN_POINT ( 'NONE',  ( -2.920999999999994934, 2.540000000000000036, -1.269999999999998241 ) ) ;
#3169 = EDGE_CURVE ( 'NONE', #4063, #2829, #659, .T. ) ;
#3170 = CARTESIAN_POINT ( 'NONE',  ( 15.24000000000000554, 0.000000000000000000, -0.8889999999999986802 ) ) ;
#3171 = EDGE_CURVE ( 'NONE', #2490, #4964, #4698, .T. ) ;
#3172 = CLOSED_SHELL ( 'NONE', ( #1956, #2035, #1738, #2108, #4728, #4589, #2322, #1885, #4986, #1994, #2612, #1940, #3669, #2835 ) ) ;
#3173 = ORIENTED_EDGE ( 'NONE', *, *, #1076, .T. ) ;
#3174 = CARTESIAN_POINT ( 'NONE',  ( -2.920999999999994934, 0.000000000000000000, 1.270000000000001794 ) ) ;
#3175 = VERTEX_POINT ( 'NONE', #2968 ) ;
#3176 = FILL_AREA_STYLE_COLOUR ( '', #1003 ) ;
#3177 = CARTESIAN_POINT ( 'NONE',  ( -13.08099999999999596, 0.000000000000000000, -1.269999999999998241 ) ) ;
#3178 = VECTOR ( 'NONE', #2285, 1000.000000000000000 ) ;
#3179 = CARTESIAN_POINT ( 'NONE',  ( 11.11250000000000426, 0.000000000000000000, 0.3175000000000011702 ) ) ;
#3180 = ORIENTED_EDGE ( 'NONE', *, *, #4291, .F. ) ;
#3181 = DIRECTION ( 'NONE',  ( 0.000000000000000000, 0.000000000000000000, -1.000000000000000000 ) ) ;
#3182 = ORIENTED_EDGE ( 'NONE', *, *, #2902, .T. ) ;
#3183 = FACE_OUTER_BOUND ( 'NONE', #5870, .T. ) ;
#3184 = ORIENTED_EDGE ( 'NONE', *, *, #867, .F. ) ;
#3185 = ADVANCED_FACE ( 'NONE', ( #4329 ), #5724, .F. ) ;
#3186 = PRODUCT_DEFINITION_SHAPE ( 'NONE', 'NONE',  #2573 ) ;
#3187 = CARTESIAN_POINT ( 'NONE',  ( 2.540000000000004032, 2.540000000000000036, 0.8890000000000015667 ) ) ;
#3188 = EDGE_LOOP ( 'NONE', ( #5456, #5913, #3775, #3783 ) ) ;
#3189 = CARTESIAN_POINT ( 'NONE',  ( -9.778999999999996362, 0.000000000000000000, 1.270000000000002238 ) ) ;
#3190 =( LENGTH_UNIT ( ) NAMED_UNIT ( * ) SI_UNIT ( .MILLI., .METRE. ) );
#3191 = DIRECTION ( 'NONE',  ( -1.000000000000000000, 0.000000000000000000, 0.000000000000000000 ) ) ;
#3192 = ORIENTED_EDGE ( 'NONE', *, *, #5164, .F. ) ;
#3193 = VECTOR ( 'NONE', #12, 1000.000000000000000 ) ;
#3194 = ORIENTED_EDGE ( 'NONE', *, *, #2226, .T. ) ;
#3195 = CARTESIAN_POINT ( 'NONE',  ( -10.15999999999999837, 0.000000000000000000, -0.8889999999999981251 ) ) ;
#3196 = CARTESIAN_POINT ( 'NONE',  ( 20.32000000000000028, 0.000000000000000000, 0.000000000000000000 ) ) ;
#3197 = EDGE_CURVE ( 'NONE', #1947, #2852, #2071, .T. ) ;
#3198 = DIRECTION ( 'NONE',  ( -1.000000000000000000, 0.000000000000000000, 0.000000000000000000 ) ) ;
#3199 = CARTESIAN_POINT ( 'NONE',  ( -14.85899999999999999, 0.000000000000000000, -1.269999999999998019 ) ) ;
#3200 = VERTEX_POINT ( 'NONE', #2939 ) ;
#3201 = CARTESIAN_POINT ( 'NONE',  ( 2.540000000000000480, 0.000000000000000000, -0.8889999999999981251 ) ) ;
#3202 = ORIENTED_EDGE ( 'NONE', *, *, #5541, .F. ) ;
#3203 = EDGE_CURVE ( 'NONE', #2494, #3214, #3769, .T. ) ;
#3204 = ADVANCED_FACE ( 'NONE', ( #3887 ), #1052, .T. ) ;
#3205 = AXIS2_PLACEMENT_3D ( 'NONE', #1897, #574, #4550 ) ;
#3206 = DIRECTION ( 'NONE',  ( 0.000000000000000000, 0.000000000000000000, -1.000000000000000000 ) ) ;
#3208 = CARTESIAN_POINT ( 'NONE',  ( -5.460999999999994969, 2.540000000000000036, 1.270000000000001794 ) ) ;
#3207 = STYLED_ITEM ( 'NONE', ( #1104 ), #3263 ) ;
#3209 = ORIENTED_EDGE ( 'NONE', *, *, #3446, .T. ) ;
#3210 = LINE ( 'NONE', #62, #5518 ) ;
#3211 = ORIENTED_EDGE ( 'NONE', *, *, #673, .F. ) ;
#3212 = EDGE_CURVE ( 'NONE', #758, #3441, #684, .T. ) ;
#3213 = CARTESIAN_POINT ( 'NONE',  ( 0.3174999999999999489, -10.32509999999999373, -0.3174999999999999489 ) ) ;
#3214 = VERTEX_POINT ( 'NONE', #5200 ) ;
#3215 = VECTOR ( 'NONE', #2533, 1000.000000000000000 ) ;
#3216 =( NAMED_UNIT ( * ) PLANE_ANGLE_UNIT ( ) SI_UNIT ( $, .RADIAN. ) );
#3217 = VECTOR ( 'NONE', #597, 1000.000000000000000 ) ;
#3218 = VECTOR ( 'NONE', #266, 1000.000000000000000 ) ;
#3219 = EDGE_CURVE ( 'NONE', #4475, #2967, #2485, .T. ) ;
#3220 = ORIENTED_EDGE ( 'NONE', *, *, #4113, .T. ) ;
#3221 = VECTOR ( 'NONE', #1316, 1000.000000000000000 ) ;
#3222 = DIRECTION ( 'NONE',  ( 1.000000000000000000, 0.000000000000000000, 0.000000000000000000 ) ) ;
#3223 = AXIS2_PLACEMENT_3D ( 'NONE', #1879, #4619, #3617 ) ;
#3224 = CARTESIAN_POINT ( 'NONE',  ( -4.698999999999996291, 2.540000000000000036, 1.270000000000002238 ) ) ;
#3225 = EDGE_LOOP ( 'NONE', ( #3036, #3050, #1216, #3663 ) ) ;
#3226 = VERTEX_POINT ( 'NONE', #4814 ) ;
#3227 = VECTOR ( 'NONE', #568, 1000.000000000000000 ) ;
#3228 = FACE_OUTER_BOUND ( 'NONE', #14, .T. ) ;
#3229 = DIRECTION ( 'NONE',  ( 0.000000000000000000, 1.000000000000000000, 0.000000000000000000 ) ) ;
#3230 = DIRECTION ( 'NONE',  ( 0.7071067811865444641, 0.000000000000000000, -0.7071067811865505703 ) ) ;
#3231 = DIRECTION ( 'NONE',  ( -0.7071067811865489050, 0.000000000000000000, 0.7071067811865462405 ) ) ;
#3232 = AXIS2_PLACEMENT_3D ( 'NONE', #414, #2571, #805 ) ;
#3233 = EDGE_LOOP ( 'NONE', ( #5415, #4723, #693, #1411 ) ) ;
#3234 = CARTESIAN_POINT ( 'NONE',  ( 7.620000000000001883, 0.000000000000000000, -0.8889999999999981251 ) ) ;
#3235 = ORIENTED_EDGE ( 'NONE', *, *, #4583, .T. ) ;
#3236 = VECTOR ( 'NONE', #3, 1000.000000000000000 ) ;
#3237 = DIRECTION ( 'NONE',  ( 0.000000000000000000, 0.000000000000000000, -1.000000000000000000 ) ) ;
#3238 = CARTESIAN_POINT ( 'NONE',  ( -0.9524999999999967937, 0.000000000000000000, 0.3175000000000011702 ) ) ;
#3239 = EDGE_CURVE ( 'NONE', #4253, #791, #4725, .T. ) ;
#3240 = EDGE_CURVE ( 'NONE', #5835, #2347, #5232, .T. ) ;
#3241 = VECTOR ( 'NONE', #3551, 1000.000000000000000 ) ;
#3242 = LINE ( 'NONE', #26, #4792 ) ;
#3243 = ORIENTED_EDGE ( 'NONE', *, *, #4043, .F. ) ;
#3244 = CARTESIAN_POINT ( 'NONE',  ( -2.158999999999999364, 0.000000000000000000, -1.269999999999998019 ) ) ;
#3245 = EDGE_LOOP ( 'NONE', ( #3675, #5853, #1869, #3935 ) ) ;
#3246 = LINE ( 'NONE', #3213, #5789 ) ;
#3247 = ORIENTED_EDGE ( 'NONE', *, *, #3958, .F. ) ;
#3248 = EDGE_CURVE ( 'NONE', #2286, #3448, #2879, .T. ) ;
#3249 = EDGE_CURVE ( 'NONE', #2637, #5736, #1983, .T. ) ;
#3250 =( NAMED_UNIT ( * ) PLANE_ANGLE_UNIT ( ) SI_UNIT ( $, .RADIAN. ) );
#3251 = ORIENTED_EDGE ( 'NONE', *, *, #5114, .F. ) ;
#3252 = CARTESIAN_POINT ( 'NONE',  ( 0.000000000000000000, 2.540000000000000036, 0.000000000000000000 ) ) ;
#3253 = ORIENTED_EDGE ( 'NONE', *, *, #3349, .F. ) ;
#3254 = VERTEX_POINT ( 'NONE', #629 ) ;
#3255 = DIRECTION ( 'NONE',  ( -0.7071067811865457964, -0.000000000000000000, -0.7071067811865492381 ) ) ;
#3256 = LINE ( 'NONE', #1064, #1744 ) ;
#3257 = PLANE ( 'NONE',  #828 ) ;
#3258 = DIRECTION ( 'NONE',  ( -1.000000000000000000, 0.000000000000000000, -0.000000000000000000 ) ) ;
#3259 = ORIENTED_EDGE ( 'NONE', *, *, #4769, .T. ) ;
#3260 = FACE_OUTER_BOUND ( 'NONE', #5156, .T. ) ;
#3261 = EDGE_LOOP ( 'NONE', ( #1572, #2756, #1884, #1049 ) ) ;
#3262 = LINE ( 'NONE', #4513, #2917 ) ;
#3263 = MANIFOLD_SOLID_BREP ( 'LPattern1[5]', #3172 ) ;
#3264 = DIRECTION ( 'NONE',  ( 0.000000000000000000, 0.000000000000000000, -1.000000000000000000 ) ) ;
#3265 = DIRECTION ( 'NONE',  ( -0.000000000000000000, -0.000000000000000000, -1.000000000000000000 ) ) ;
#3266 = ORIENTED_EDGE ( 'NONE', *, *, #4369, .T. ) ;
#3267 = CARTESIAN_POINT ( 'NONE',  ( 9.207500000000003126, 0.000000000000000000, 0.3175000000000011702 ) ) ;
#3268 = VERTEX_POINT ( 'NONE', #1282 ) ;
#3269 = DIRECTION ( 'NONE',  ( -1.000000000000000000, 0.000000000000000000, 0.000000000000000000 ) ) ;
#3270 = EDGE_LOOP ( 'NONE', ( #1086, #2938, #1824, #818 ) ) ;
#3271 = EDGE_CURVE ( 'NONE', #1145, #4253, #2544, .T. ) ;
#3272 = CLOSED_SHELL ( 'NONE', ( #1398, #5438, #1708, #3850, #5766, #4623, #5150, #1685, #3536, #566, #5846, #5429, #1230, #4963 ) ) ;
#3273 = CARTESIAN_POINT ( 'NONE',  ( 11.11250000000000426, 0.000000000000000000, 0.3175000000000011702 ) ) ;
#3274 = MANIFOLD_SOLID_BREP ( 'LPattern1[11]', #3272 ) ;
#3275 = VECTOR ( 'NONE', #5906, 1000.000000000000000 ) ;
#3276 = FACE_BOUND ( 'NONE', #1356, .T. ) ;
#3277 = DIRECTION ( 'NONE',  ( 0.000000000000000000, 1.000000000000000000, 0.000000000000000000 ) ) ;
#3278 = EDGE_LOOP ( 'NONE', ( #3989, #3163, #2239, #1502 ) ) ;
#3279 = EDGE_CURVE ( 'NONE', #101, #4310, #748, .T. ) ;
#3280 = EDGE_CURVE ( 'NONE', #1338, #2584, #2705, .T. ) ;
#3281 = CARTESIAN_POINT ( 'NONE',  ( -11.42999999999999794, 0.000000000000000000, 1.192622389734054877E-15 ) ) ;
#3282 = VECTOR ( 'NONE', #640, 1000.000000000000000 ) ;
#3283 = LINE ( 'NONE', #2747, #1474 ) ;
#3284 = ORIENTED_EDGE ( 'NONE', *, *, #5764, .F. ) ;
#3285 = ORIENTED_EDGE ( 'NONE', *, *, #1781, .T. ) ;
#3286 = PRODUCT_DEFINITION_SHAPE ( 'NONE', 'NONE',  #5928 ) ;
#3287 = FACE_OUTER_BOUND ( 'NONE', #2386, .T. ) ;
#3288 = FACE_OUTER_BOUND ( 'NONE', #3071, .T. ) ;
#3289 = CARTESIAN_POINT ( 'NONE',  ( 6.032500000000003304, 2.540000000000000036, -0.3174999999999990052 ) ) ;
#3290 = DIRECTION ( 'NONE',  ( 1.951319995474474122E-15, 0.000000000000000000, 1.000000000000000000 ) ) ;
#3291 = VECTOR ( 'NONE', #2089, 1000.000000000000000 ) ;
#3292 = ORIENTED_EDGE ( 'NONE', *, *, #1368, .T. ) ;
#3293 = CARTESIAN_POINT ( 'NONE',  ( -13.08099999999999596, 0.000000000000000000, -1.269999999999998241 ) ) ;
#3294 = ORIENTED_EDGE ( 'NONE', *, *, #2878, .T. ) ;
#3295 = ADVANCED_FACE ( 'NONE', ( #2576 ), #3538, .T. ) ;
#3296 = CARTESIAN_POINT ( 'NONE',  ( -2.539999999999995595, 0.000000000000000000, 0.8890000000000015667 ) ) ;
#3297 = MANIFOLD_SOLID_BREP ( 'Chamfer2', #5551 ) ;
#3298 = CARTESIAN_POINT ( 'NONE',  ( 6.667500000000003091, 2.540000000000000036, 0.3175000000000011702 ) ) ;
#3299 = LINE ( 'NONE', #2846, #3291 ) ;
#3300 = ORIENTED_EDGE ( 'NONE', *, *, #175, .F. ) ;
#3301 = LINE ( 'NONE', #4576, #3236 ) ;
#3302 = VERTEX_POINT ( 'NONE', #391 ) ;
#3303 = VECTOR ( 'NONE', #190, 1000.000000000000000 ) ;
#3304 = DIRECTION ( 'NONE',  ( 1.000000000000000000, 0.000000000000000000, 0.000000000000000000 ) ) ;
#3305 = ORIENTED_EDGE ( 'NONE', *, *, #306, .T. ) ;
#3306 = PLANE ( 'NONE',  #3513 ) ;
#3307 = VECTOR ( 'NONE', #1280, 1000.000000000000000 ) ;
#3308 = MECHANICAL_DESIGN_GEOMETRIC_PRESENTATION_REPRESENTATION (  '', ( #4150 ), #1681 ) ;
#3309 = SURFACE_STYLE_FILL_AREA ( #1815 ) ;
#3310 = DIRECTION ( 'NONE',  ( -1.000000000000000000, 0.000000000000000000, 0.000000000000000000 ) ) ;
#3311 = ORIENTED_EDGE ( 'NONE', *, *, #3891, .F. ) ;
#3312 = VECTOR ( 'NONE', #4089, 1000.000000000000000 ) ;
#3313 = DIRECTION ( 'NONE',  ( 0.000000000000000000, 0.000000000000000000, 1.000000000000000000 ) ) ;
#3314 = ADVANCED_FACE ( 'NONE', ( #2218 ), #4035, .T. ) ;
#3315 = AXIS2_PLACEMENT_3D ( 'NONE', #1249, #2669, #3053 ) ;
#3316 = EDGE_CURVE ( 'NONE', #2692, #3510, #4967, .T. ) ;
#3317 = CARTESIAN_POINT ( 'NONE',  ( 5.080000000000004512, 2.540000000000000036, 0.8890000000000015667 ) ) ;
#3318 = EDGE_LOOP ( 'NONE', ( #591, #1747, #5208, #3987 ) ) ;
#3319 = ORIENTED_EDGE ( 'NONE', *, *, #5353, .F. ) ;
#3320 = VECTOR ( 'NONE', #5587, 1000.000000000000000 ) ;
#3321 = LINE ( 'NONE', #1063, #5120 ) ;
#3322 = CARTESIAN_POINT ( 'NONE',  ( -7.619999999999997442, 0.000000000000000000, -0.8889999999999986802 ) ) ;
#3323 = AXIS2_PLACEMENT_3D ( 'NONE', #4988, #81, #4117 ) ;
#3324 = PLANE ( 'NONE',  #1018 ) ;
#3325 = DIRECTION ( 'NONE',  ( 1.000000000000000000, 0.000000000000000000, 0.000000000000000000 ) ) ;
#3326 = ADVANCED_FACE ( 'NONE', ( #3061 ), #5382, .T. ) ;
#3327 = ORIENTED_EDGE ( 'NONE', *, *, #83, .F. ) ;
#3328 = CARTESIAN_POINT ( 'NONE',  ( -9.207499999999997797, 2.540000000000000036, -0.3174999999999990052 ) ) ;
#3329 = VERTEX_POINT ( 'NONE', #2811 ) ;
#3330 = DIRECTION ( 'NONE',  ( 0.000000000000000000, 1.000000000000000000, 0.000000000000000000 ) ) ;
#3331 = DIRECTION ( 'NONE',  ( -0.000000000000000000, -0.000000000000000000, 1.000000000000000000 ) ) ;
#3332 = DIRECTION ( 'NONE',  ( -0.000000000000000000, 1.000000000000000000, 0.000000000000000000 ) ) ;
#3333 = VECTOR ( 'NONE', #2927, 1000.000000000000114 ) ;
#3334 = CARTESIAN_POINT ( 'NONE',  ( 10.54100000000000570, 2.540000000000000036, 1.270000000000002238 ) ) ;
#3335 = ORIENTED_EDGE ( 'NONE', *, *, #239, .F. ) ;
#3336 = PLANE ( 'NONE',  #4094 ) ;
#3337 = EDGE_LOOP ( 'NONE', ( #2201, #5649, #5041, #5529, #4384, #1449, #1462, #5453 ) ) ;
#3338 = DIRECTION ( 'NONE',  ( 0.000000000000000000, 1.000000000000000000, 0.000000000000000000 ) ) ;
#3339 = DIRECTION ( 'NONE',  ( -0.000000000000000000, -0.000000000000000000, 1.000000000000000000 ) ) ;
#3340 = PLANE ( 'NONE',  #4559 ) ;
#3341 = DIRECTION ( 'NONE',  ( 1.000000000000000000, 0.000000000000000000, -0.000000000000000000 ) ) ;
#3342 = ORIENTED_EDGE ( 'NONE', *, *, #4255, .T. ) ;
#3343 = APPLICATION_PROTOCOL_DEFINITION ( 'draft international standard', 'automotive_design', 1998, #5350 ) ;
#3344 = LINE ( 'NONE', #3810, #2621 ) ;
#3345 = VERTEX_POINT ( 'NONE', #5076 ) ;
#3346 = VERTEX_POINT ( 'NONE', #2248 ) ;
#3347 = CARTESIAN_POINT ( 'NONE',  ( -10.15999999999999481, 2.540000000000000036, 0.8890000000000015667 ) ) ;
#3348 = DIRECTION ( 'NONE',  ( 1.000000000000000000, 0.000000000000000000, 0.000000000000000000 ) ) ;
#3349 = EDGE_CURVE ( 'NONE', #86, #5548, #2783, .T. ) ;
#3350 = CARTESIAN_POINT ( 'NONE',  ( -4.127499999999997726, 0.000000000000000000, 0.3175000000000011702 ) ) ;
#3351 = LINE ( 'NONE', #4289, #1603 ) ;
#3352 = EDGE_CURVE ( 'NONE', #455, #2692, #4068, .T. ) ;
#3353 = EDGE_LOOP ( 'NONE', ( #451, #2307, #209, #4547 ) ) ;
#3354 = DIRECTION ( 'NONE',  ( -1.000000000000000000, -0.000000000000000000, -0.000000000000000000 ) ) ;
#3355 = ORIENTED_EDGE ( 'NONE', *, *, #1155, .F. ) ;
#3356 = CARTESIAN_POINT ( 'NONE',  ( 5.080000000000004512, 0.000000000000000000, 0.8890000000000015667 ) ) ;
#3357 = EDGE_CURVE ( 'NONE', #3878, #2890, #2281, .T. ) ;
#3358 = EDGE_CURVE ( 'NONE', #3510, #2110, #3262, .T. ) ;
#3359 = LINE ( 'NONE', #5624, #4069 ) ;
#3360 = DIRECTION ( 'NONE',  ( 0.000000000000000000, 1.000000000000000000, 0.000000000000000000 ) ) ;
#3361 = EDGE_CURVE ( 'NONE', #2394, #620, #1403, .T. ) ;
#3362 = CARTESIAN_POINT ( 'NONE',  ( -2.158999999999995811, 0.000000000000000000, 1.270000000000002238 ) ) ;
#3363 = ORIENTED_EDGE ( 'NONE', *, *, #4255, .F. ) ;
#3364 = CARTESIAN_POINT ( 'NONE',  ( 4.127500000000003055, 0.000000000000000000, 0.3175000000000011702 ) ) ;
#3365 = VERTEX_POINT ( 'NONE', #4599 ) ;
#3366 = ADVANCED_FACE ( 'NONE', ( #1016 ), #3734, .F. ) ;
#3367 = CARTESIAN_POINT ( 'NONE',  ( -11.74749999999999694, 2.540000000000000036, -0.3174999999999990052 ) ) ;
#3368 = CARTESIAN_POINT ( 'NONE',  ( 0.2344784897417124814, 8.429685496895514163, 0.2344784897417124814 ) ) ;
#3369 = AXIS2_PLACEMENT_3D ( 'NONE', #802, #4448, #3530 ) ;
#3370 = CARTESIAN_POINT ( 'NONE',  ( 17.78000000000000114, 0.000000000000000000, 0.000000000000000000 ) ) ;
#3371 = ORIENTED_EDGE ( 'NONE', *, *, #5580, .F. ) ;
#3372 = EDGE_CURVE ( 'NONE', #2022, #666, #2363, .T. ) ;
#3373 = CONTEXT_DEPENDENT_SHAPE_REPRESENTATION ( #5662, #4182 ) ;
#3374 = VECTOR ( 'NONE', #2393, 1000.000000000000000 ) ;
#3375 = ORIENTED_EDGE ( 'NONE', *, *, #3971, .F. ) ;
#3376 = ORIENTED_EDGE ( 'NONE', *, *, #1823, .T. ) ;
#3377 = DIRECTION ( 'NONE',  ( -0.000000000000000000, -0.000000000000000000, 1.000000000000000000 ) ) ;
#3378 = LINE ( 'NONE', #2863, #4691 ) ;
#3379 = LINE ( 'NONE', #4772, #1205 ) ;
#3380 = CARTESIAN_POINT ( 'NONE',  ( 0.000000000000000000, 0.000000000000000000, -0.8889999999999981251 ) ) ;
#3381 = VERTEX_POINT ( 'NONE', #4098 ) ;
#3382 = DIRECTION ( 'NONE',  ( -0.7071067811865457964, 0.000000000000000000, -0.7071067811865492381 ) ) ;
#3383 = ORIENTED_EDGE ( 'NONE', *, *, #793, .T. ) ;
#3384 = CARTESIAN_POINT ( 'NONE',  ( -5.079999999999999183, 2.540000000000000036, -0.8889999999999981251 ) ) ;
#3385 = DIRECTION ( 'NONE',  ( 0.000000000000000000, -0.000000000000000000, 1.000000000000000000 ) ) ;
#3386 = FILL_AREA_STYLE ('',( #5194 ) ) ;
#3387 = AXIS2_PLACEMENT_3D ( 'NONE', #4678, #4647, #5546 ) ;
#3388 = EDGE_CURVE ( 'NONE', #2090, #449, #1434, .T. ) ;
#3389 = ORIENTED_EDGE ( 'NONE', *, *, #4229, .F. ) ;
#3390 = ADVANCED_FACE ( 'NONE', ( #477 ), #4123, .T. ) ;
#3391 = DIRECTION ( 'NONE',  ( 0.000000000000000000, 0.000000000000000000, 1.000000000000000000 ) ) ;
#3392 = ORIENTED_EDGE ( 'NONE', *, *, #896, .T. ) ;
#3393 = SURFACE_STYLE_USAGE ( .BOTH. , #1950 ) ;
#3394 = DIRECTION ( 'NONE',  ( -0.7071067811865479058, 0.000000000000000000, -0.7071067811865471286 ) ) ;
#3395 = VECTOR ( 'NONE', #3078, 1000.000000000000000 ) ;
#3396 = EDGE_CURVE ( 'NONE', #3214, #2816, #1349, .T. ) ;
#3397 = DIRECTION ( 'NONE',  ( 0.000000000000000000, 0.000000000000000000, 1.000000000000000000 ) ) ;
#3398 = CARTESIAN_POINT ( 'NONE',  ( -10.54099999999999504, 0.000000000000000000, 1.270000000000001794 ) ) ;
#3399 = VERTEX_POINT ( 'NONE', #1465 ) ;
#3400 = VECTOR ( 'NONE', #2014, 1000.000000000000000 ) ;
#3401 = DIRECTION ( 'NONE',  ( 0.000000000000000000, 1.000000000000000000, 0.000000000000000000 ) ) ;
#3402 = MANIFOLD_SOLID_BREP ( 'LPattern1[10]', #489 ) ;
#3403 = VECTOR ( 'NONE', #411, 1000.000000000000000 ) ;
#3404 = ORIENTED_EDGE ( 'NONE', *, *, #1916, .F. ) ;
#3405 = VERTEX_POINT ( 'NONE', #5500 ) ;
#3406 = CARTESIAN_POINT ( 'NONE',  ( 7.620000000000001883, 0.000000000000000000, -0.8889999999999981251 ) ) ;
#3407 = CARTESIAN_POINT ( 'NONE',  ( 7.620000000000001883, 0.000000000000000000, -0.8889999999999981251 ) ) ;
#3408 = DIRECTION ( 'NONE',  ( 0.000000000000000000, 0.000000000000000000, 1.000000000000000000 ) ) ;
#3409 = LINE ( 'NONE', #2442, #3333 ) ;
#3410 = VECTOR ( 'NONE', #2112, 1000.000000000000000 ) ;
#3411 = ORIENTED_EDGE ( 'NONE', *, *, #5839, .T. ) ;
#3412 = LINE ( 'NONE', #1553, #241 ) ;
#3413 = ORIENTED_EDGE ( 'NONE', *, *, #1787, .F. ) ;
#3414 = AXIS2_PLACEMENT_3D ( 'NONE', #2414, #4227, #137 ) ;
#3415 = CARTESIAN_POINT ( 'NONE',  ( 4.699000000000005173, 0.000000000000000000, 1.270000000000001794 ) ) ;
#3416 = LINE ( 'NONE', #5591, #1974 ) ;
#3417 = CARTESIAN_POINT ( 'NONE',  ( -8.000999999999994117, 0.000000000000000000, 1.270000000000001794 ) ) ;
#3418 = VERTEX_POINT ( 'NONE', #955 ) ;
#3419 = PLANE ( 'NONE',  #4855 ) ;
#3420 = ORIENTED_EDGE ( 'NONE', *, *, #672, .T. ) ;
#3421 = CARTESIAN_POINT ( 'NONE',  ( -5.460999999999994969, 0.000000000000000000, 1.270000000000001794 ) ) ;
#3422 = VECTOR ( 'NONE', #1607, 1000.000000000000000 ) ;
#3423 = EDGE_CURVE ( 'NONE', #2816, #305, #1887, .T. ) ;
#3424 = CARTESIAN_POINT ( 'NONE',  ( 15.24000000000000554, 0.000000000000000000, -0.8889999999999986802 ) ) ;
#3425 = LINE ( 'NONE', #244, #551 ) ;
#3426 = CARTESIAN_POINT ( 'NONE',  ( -0.3174999999999999489, -10.32509999999999373, 0.3174999999999999489 ) ) ;
#3427 = EDGE_LOOP ( 'NONE', ( #5844, #4192, #1004, #5355 ) ) ;
#3428 = VECTOR ( 'NONE', #2370, 1000.000000000000000 ) ;
#3429 = MECHANICAL_DESIGN_GEOMETRIC_PRESENTATION_REPRESENTATION (  '', ( #2761 ), #1404 ) ;
#3430 = EDGE_CURVE ( 'NONE', #2416, #883, #2335, .T. ) ;
#3431 = VECTOR ( 'NONE', #5341, 1000.000000000000000 ) ;
#3432 = ADVANCED_FACE ( 'NONE', ( #4688 ), #5138, .F. ) ;
#3433 = DIRECTION ( 'NONE',  ( 1.000000000000000000, 0.000000000000000000, 0.000000000000000000 ) ) ;
#3434 = FILL_AREA_STYLE ('',( #5180 ) ) ;
#3435 = ORIENTED_EDGE ( 'NONE', *, *, #5839, .F. ) ;
#3436 = ORIENTED_EDGE ( 'NONE', *, *, #2107, .T. ) ;
#3437 = DIRECTION ( 'NONE',  ( -0.7071067811865457964, -0.000000000000000000, -0.7071067811865492381 ) ) ;
#3438 = CARTESIAN_POINT ( 'NONE',  ( -15.23999999999999666, 0.000000000000000000, 0.8890000000000015667 ) ) ;
#3439 = DIRECTION ( 'NONE',  ( -0.000000000000000000, -0.000000000000000000, -1.000000000000000000 ) ) ;
#3440 = CARTESIAN_POINT ( 'NONE',  ( -0.3809999999999941767, 0.000000000000000000, -1.269999999999998241 ) ) ;
#3441 = VERTEX_POINT ( 'NONE', #677 ) ;
#3442 = DIRECTION ( 'NONE',  ( 1.951319995474474122E-15, 0.000000000000000000, 1.000000000000000000 ) ) ;
#3443 = ORIENTED_EDGE ( 'NONE', *, *, #1037, .F. ) ;
#3444 = FILL_AREA_STYLE_COLOUR ( '', #5593 ) ;
#3445 = CARTESIAN_POINT ( 'NONE',  ( 2.540000000000004032, 0.000000000000000000, 0.8890000000000015667 ) ) ;
#3446 = EDGE_CURVE ( 'NONE', #5252, #1207, #3793, .T. ) ;
#3447 = CARTESIAN_POINT ( 'NONE',  ( -1.587499999999996803, 2.540000000000000036, 0.3175000000000011702 ) ) ;
#3448 = VERTEX_POINT ( 'NONE', #3384 ) ;
#3449 = DIRECTION ( 'NONE',  ( 0.7071067811865444641, 0.000000000000000000, -0.7071067811865505703 ) ) ;
#3450 = VERTEX_POINT ( 'NONE', #4233 ) ;
#3451 = DIRECTION ( 'NONE',  ( 1.000000000000000000, 0.000000000000000000, -2.439149994343089694E-16 ) ) ;
#3452 = PLANE ( 'NONE',  #545 ) ;
#3453 = LINE ( 'NONE', #4010, #1456 ) ;
#3454 = LINE ( 'NONE', #5634, #4366 ) ;
#3455 = DIRECTION ( 'NONE',  ( 0.7071067811865444641, 0.000000000000000000, -0.7071067811865505703 ) ) ;
#3456 = EDGE_LOOP ( 'NONE', ( #943, #3673, #3731, #309 ) ) ;
#3457 = EDGE_CURVE ( 'NONE', #3302, #5082, #2419, .T. ) ;
#3458 = VECTOR ( 'NONE', #4565, 1000.000000000000000 ) ;
#3459 = MANIFOLD_SOLID_BREP ( 'LPattern1[9]', #2597 ) ;
#3460 = ADVANCED_FACE ( 'NONE', ( #2448 ), #5192, .T. ) ;
#3461 = VERTEX_POINT ( 'NONE', #3822 ) ;
#3462 = EDGE_CURVE ( 'NONE', #5199, #4813, #2033, .T. ) ;
#3463 = ORIENTED_EDGE ( 'NONE', *, *, #5383, .T. ) ;
#3464 = CARTESIAN_POINT ( 'NONE',  ( -2.539999999999998703, 2.540000000000000036, -0.8889999999999981251 ) ) ;
#3465 = DIRECTION ( 'NONE',  ( 1.951319995474474122E-15, 0.000000000000000000, 1.000000000000000000 ) ) ;
#3466 = AXIS2_PLACEMENT_3D ( 'NONE', #368, #1746, #3032 ) ;
#3467 = CARTESIAN_POINT ( 'NONE',  ( 0.2446143550033490766, 8.382000000000001450, -0.2446143550033490766 ) ) ;
#3468 = CARTESIAN_POINT ( 'NONE',  ( -7.238999999999997215, 0.000000000000000000, 1.270000000000002238 ) ) ;
#3469 = DIRECTION ( 'NONE',  ( 1.000000000000000000, 0.000000000000000000, 0.000000000000000000 ) ) ;
#3470 = ORIENTED_EDGE ( 'NONE', *, *, #3636, .F. ) ;
#3471 = EDGE_CURVE ( 'NONE', #3758, #1588, #3849, .T. ) ;
#3472 = DIRECTION ( 'NONE',  ( 1.951319995474474122E-15, 0.000000000000000000, 1.000000000000000000 ) ) ;
#3473 = VERTEX_POINT ( 'NONE', #1975 ) ;
#3474 = CARTESIAN_POINT ( 'NONE',  ( -11.74749999999999694, 0.000000000000000000, -0.3174999999999990052 ) ) ;
#3475 = DIRECTION ( 'NONE',  ( 0.000000000000000000, 1.000000000000000000, 0.000000000000000000 ) ) ;
#3476 = CARTESIAN_POINT ( 'NONE',  ( -12.31899999999999729, 2.540000000000000036, 1.270000000000002238 ) ) ;
#3477 = LINE ( 'NONE', #1977, #1800 ) ;
#3478 = EDGE_LOOP ( 'NONE', ( #915, #2953, #1469, #993 ) ) ;
#3479 = DIRECTION ( 'NONE',  ( -0.7071067811865471286, -0.000000000000000000, 0.7071067811865479058 ) ) ;
#3480 = ORIENTED_EDGE ( 'NONE', *, *, #3063, .F. ) ;
#3481 = DIRECTION ( 'NONE',  ( 0.000000000000000000, 0.000000000000000000, -1.000000000000000000 ) ) ;
#3482 = CARTESIAN_POINT ( 'NONE',  ( -10.54099999999999504, 0.000000000000000000, -1.269999999999998241 ) ) ;
#3483 = FACE_OUTER_BOUND ( 'NONE', #2529, .T. ) ;
#3484 = FACE_OUTER_BOUND ( 'NONE', #2740, .T. ) ;
#3485 = AXIS2_PLACEMENT_3D ( 'NONE', #1640, #732, #4381 ) ;
#3486 = CARTESIAN_POINT ( 'NONE',  ( 3.469446951953614189E-15, 0.000000000000000000, 0.8890000000000009006 ) ) ;
#3487 = ORIENTED_EDGE ( 'NONE', *, *, #3800, .F. ) ;
#3488 = ORIENTED_EDGE ( 'NONE', *, *, #3636, .T. ) ;
#3489 = ORIENTED_EDGE ( 'NONE', *, *, #4291, .T. ) ;
#3490 = AXIS2_PLACEMENT_3D ( 'NONE', #1477, #5123, #3341 ) ;
#3491 = PLANE ( 'NONE',  #1496 ) ;
#3492 = LINE ( 'NONE', #5305, #1840 ) ;
#3493 = DIRECTION ( 'NONE',  ( -0.000000000000000000, -0.000000000000000000, 1.000000000000000000 ) ) ;
#3494 = EDGE_CURVE ( 'NONE', #5312, #5321, #2061, .T. ) ;
#3495 = EDGE_CURVE ( 'NONE', #502, #5259, #2898, .T. ) ;
#3496 = DIRECTION ( 'NONE',  ( 1.951319995474474122E-15, 0.000000000000000000, 1.000000000000000000 ) ) ;
#3497 = ORIENTED_EDGE ( 'NONE', *, *, #3712, .F. ) ;
#3498 = CARTESIAN_POINT ( 'NONE',  ( 9.207500000000003126, 0.000000000000000000, 0.3175000000000011702 ) ) ;
#3499 = ORIENTED_EDGE ( 'NONE', *, *, #3055, .F. ) ;
#3500 = DIRECTION ( 'NONE',  ( 0.000000000000000000, -0.000000000000000000, 1.000000000000000000 ) ) ;
#3501 = FACE_OUTER_BOUND ( 'NONE', #403, .T. ) ;
#3502 = VECTOR ( 'NONE', #2150, 1000.000000000000000 ) ;
#3503 = LINE ( 'NONE', #4839, #533 ) ;
#3504 = EDGE_CURVE ( 'NONE', #4389, #4021, #4718, .T. ) ;
#3505 = CARTESIAN_POINT ( 'NONE',  ( 10.16000000000000192, 2.540000000000000036, -0.8889999999999981251 ) ) ;
#3506 = EDGE_CURVE ( 'NONE', #467, #1175, #5224, .T. ) ;
#3507 = AXIS2_PLACEMENT_3D ( 'NONE', #4256, #4770, #5099 ) ;
#3508 = ORIENTED_EDGE ( 'NONE', *, *, #1927, .T. ) ;
#3509 = DIRECTION ( 'NONE',  ( -1.000000000000000000, 0.000000000000000000, 2.439149994343084764E-16 ) ) ;
#3510 = VERTEX_POINT ( 'NONE', #180 ) ;
#3511 =( NAMED_UNIT ( * ) PLANE_ANGLE_UNIT ( ) SI_UNIT ( $, .RADIAN. ) );
#3512 = DIRECTION ( 'NONE',  ( 1.000000000000000000, 0.000000000000000000, 0.000000000000000000 ) ) ;
#3513 = AXIS2_PLACEMENT_3D ( 'NONE', #4951, #4049, #546 ) ;
#3514 = LINE ( 'NONE', #1626, #4601 ) ;
#3515 = LINE ( 'NONE', #2103, #1323 ) ;
#3516 = VECTOR ( 'NONE', #2310, 1000.000000000000000 ) ;
#3517 = CARTESIAN_POINT ( 'NONE',  ( -12.31899999999999729, 0.000000000000000000, 1.270000000000002238 ) ) ;
#3518 = ORIENTED_EDGE ( 'NONE', *, *, #3635, .T. ) ;
#3519 = CARTESIAN_POINT ( 'NONE',  ( 9.207500000000003126, 2.540000000000000036, 0.3175000000000011702 ) ) ;
#3520 = VERTEX_POINT ( 'NONE', #5716 ) ;
#3521 = ORIENTED_EDGE ( 'NONE', *, *, #3537, .T. ) ;
#3522 = DIRECTION ( 'NONE',  ( -0.000000000000000000, -0.000000000000000000, -1.000000000000000000 ) ) ;
#3523 = CARTESIAN_POINT ( 'NONE',  ( 0.9525000000000019007, 2.540000000000000036, 0.3175000000000011702 ) ) ;
#3524 = FACE_OUTER_BOUND ( 'NONE', #2685, .T. ) ;
#3525 = EDGE_LOOP ( 'NONE', ( #4100, #4746, #4999, #2038 ) ) ;
#3526 = FACE_OUTER_BOUND ( 'NONE', #2877, .T. ) ;
#3527 = ORIENTED_EDGE ( 'NONE', *, *, #1044, .F. ) ;
#3528 = EDGE_CURVE ( 'NONE', #3461, #544, #2008, .T. ) ;
#3529 = LINE ( 'NONE', #3112, #5498 ) ;
#3530 = DIRECTION ( 'NONE',  ( -0.7071067811865457964, 0.000000000000000000, -0.7071067811865492381 ) ) ;
#3531 = CARTESIAN_POINT ( 'NONE',  ( -12.69999999999999929, 2.540000000000000036, -0.8889999999999981251 ) ) ;
#3532 = DIRECTION ( 'NONE',  ( 0.000000000000000000, 0.000000000000000000, 1.000000000000000000 ) ) ;
#3533 = EDGE_LOOP ( 'NONE', ( #1486, #3838, #4195, #1005 ) ) ;
#3534 = CARTESIAN_POINT ( 'NONE',  ( -11.11249999999999716, 0.000000000000000000, -0.3174999999999990052 ) ) ;
#3535 = ORIENTED_EDGE ( 'NONE', *, *, #1318, .T. ) ;
#3536 = ADVANCED_FACE ( 'NONE', ( #2667, #2121 ), #1705, .F. ) ;
#3537 = EDGE_CURVE ( 'NONE', #4685, #1775, #4837, .T. ) ;
#3538 = PLANE ( 'NONE',  #4724 ) ;
#3539 = CARTESIAN_POINT ( 'NONE',  ( -0.3809999999999941767, 0.000000000000000000, 1.270000000000001794 ) ) ;
#3540 = DIRECTION ( 'NONE',  ( -0.7071067811865471286, -0.000000000000000000, 0.7071067811865479058 ) ) ;
#3541 = EDGE_CURVE ( 'NONE', #1588, #3750, #5374, .T. ) ;
#3542 = DIRECTION ( 'NONE',  ( 0.000000000000000000, -0.000000000000000000, 1.000000000000000000 ) ) ;
#3543 = ORIENTED_EDGE ( 'NONE', *, *, #2579, .T. ) ;
#3544 = PRESENTATION_STYLE_ASSIGNMENT (( #4974 ) ) ;
#3545 = ADVANCED_FACE ( 'NONE', ( #1762 ), #4385, .T. ) ;
#3546 = ORIENTED_EDGE ( 'NONE', *, *, #2948, .T. ) ;
#3547 = CARTESIAN_POINT ( 'NONE',  ( 2.540000000000002256, 0.000000000000000000, -0.8889999999999986802 ) ) ;
#3548 = LINE ( 'NONE', #4797, #723 ) ;
#3549 = CARTESIAN_POINT ( 'NONE',  ( 3.469446951953614189E-15, 2.540000000000000036, 0.8890000000000009006 ) ) ;
#3550 = EDGE_LOOP ( 'NONE', ( #2422, #5365, #2213, #4824 ) ) ;
#3551 = DIRECTION ( 'NONE',  ( 1.000000000000000000, 0.000000000000000000, 0.000000000000000000 ) ) ;
#3552 = ORIENTED_EDGE ( 'NONE', *, *, #776, .F. ) ;
#3553 = VECTOR ( 'NONE', #1876, 1000.000000000000114 ) ;
#3554 = LINE ( 'NONE', #703, #5795 ) ;
#3555 = CARTESIAN_POINT ( 'NONE',  ( -9.207499999999997797, 2.540000000000000036, -0.3174999999999990052 ) ) ;
#3556 = CARTESIAN_POINT ( 'NONE',  ( 10.16000000000000192, 0.000000000000000000, -0.8889999999999981251 ) ) ;
#3557 = DIRECTION ( 'NONE',  ( 0.000000000000000000, 0.000000000000000000, -1.000000000000000000 ) ) ;
#3558 = AXIS2_PLACEMENT_3D ( 'NONE', #4802, #4183, #4864 ) ;
#3559 = ORIENTED_EDGE ( 'NONE', *, *, #2252, .T. ) ;
#3560 = CARTESIAN_POINT ( 'NONE',  ( -2.920999999999994934, 2.540000000000000036, 1.270000000000001794 ) ) ;
#3561 = ORIENTED_EDGE ( 'NONE', *, *, #2902, .F. ) ;
#3562 = PRESENTATION_STYLE_ASSIGNMENT (( #1653 ) ) ;
#3563 = ADVANCED_FACE ( 'NONE', ( #5837 ), #5810, .T. ) ;
#3564 = EDGE_CURVE ( 'NONE', #4637, #3365, #3554, .T. ) ;
#3565 = FACE_OUTER_BOUND ( 'NONE', #4157, .T. ) ;
#3566 = PLANE ( 'NONE',  #267 ) ;
#3567 = DIRECTION ( 'NONE',  ( -0.000000000000000000, 1.000000000000000000, 0.000000000000000000 ) ) ;
#3568 =( GEOMETRIC_REPRESENTATION_CONTEXT ( 3 ) GLOBAL_UNCERTAINTY_ASSIGNED_CONTEXT ( ( #417 ) ) GLOBAL_UNIT_ASSIGNED_CONTEXT ( ( #4705, #2081, #5735 ) ) REPRESENTATION_CONTEXT ( 'NONE', 'WORKASPACE' ) );
#3569 = EDGE_LOOP ( 'NONE', ( #297, #2051, #3884, #4434 ) ) ;
#3570 = EDGE_CURVE ( 'NONE', #2022, #4903, #3529, .T. ) ;
#3571 = VECTOR ( 'NONE', #1758, 1000.000000000000000 ) ;
#3572 = PLANE ( 'NONE',  #4900 ) ;
#3573 = VERTEX_POINT ( 'NONE', #5346 ) ;
#3574 = CARTESIAN_POINT ( 'NONE',  ( -15.24000000000000021, 0.000000000000000000, -0.8889999999999981251 ) ) ;
#3575 = DIRECTION ( 'NONE',  ( 0.7071067811865444641, 0.000000000000000000, -0.7071067811865505703 ) ) ;
#3576 = CARTESIAN_POINT ( 'NONE',  ( 14.28750000000000497, 0.000000000000000000, 0.3175000000000011702 ) ) ;
#3577 = EDGE_CURVE ( 'NONE', #1207, #1024, #2209, .T. ) ;
#3578 = DIRECTION ( 'NONE',  ( -1.000000000000000000, -0.000000000000000000, 2.439149994343084764E-16 ) ) ;
#3579 = AXIS2_PLACEMENT_3D ( 'NONE', #5825, #5296, #3542 ) ;
#3580 = ORIENTED_EDGE ( 'NONE', *, *, #5703, .T. ) ;
#3581 = CARTESIAN_POINT ( 'NONE',  ( -7.620000000000000107, 0.000000000000000000, -0.8889999999999981251 ) ) ;
#3582 = EDGE_LOOP ( 'NONE', ( #4178, #2438, #3413, #4624, #784, #2360, #4421, #4087 ) ) ;
#3583 = DIRECTION ( 'NONE',  ( 0.000000000000000000, 0.000000000000000000, -1.000000000000000000 ) ) ;
#3584 = CARTESIAN_POINT ( 'NONE',  ( -4.127499999999997726, 2.540000000000000036, -0.3174999999999990052 ) ) ;
#3585 = CARTESIAN_POINT ( 'NONE',  ( 6.032500000000003304, 2.540000000000000036, -0.3174999999999990052 ) ) ;
#3586 = FACE_OUTER_BOUND ( 'NONE', #947, .T. ) ;
#3587 = COLOUR_RGB ( '',0.2509803921568627416, 0.2509803921568627416, 0.2509803921568627416 ) ;
#3588 = VERTEX_POINT ( 'NONE', #1159 ) ;
#3589 = DIRECTION ( 'NONE',  ( -1.000000000000000000, -0.000000000000000000, 2.439149994343084764E-16 ) ) ;
#3590 = EDGE_LOOP ( 'NONE', ( #2477, #5302, #1083, #2 ) ) ;
#3591 = VECTOR ( 'NONE', #3330, 1000.000000000000000 ) ;
#3592 = FILL_AREA_STYLE_COLOUR ( '', #4464 ) ;
#3593 = AXIS2_PLACEMENT_3D ( 'NONE', #1976, #230, #1619 ) ;
#3594 = LINE ( 'NONE', #1860, #1551 ) ;
#3595 = ORIENTED_EDGE ( 'NONE', *, *, #2795, .F. ) ;
#3596 = CARTESIAN_POINT ( 'NONE',  ( 14.85900000000000709, 0.000000000000000000, 1.270000000000001794 ) ) ;
#3597 = DIRECTION ( 'NONE',  ( 0.000000000000000000, 1.000000000000000000, 0.000000000000000000 ) ) ;
#3598 = ORIENTED_EDGE ( 'NONE', *, *, #3248, .F. ) ;
#3599 = EDGE_CURVE ( 'NONE', #1075, #5323, #2629, .T. ) ;
#3600 = VECTOR ( 'NONE', #3439, 1000.000000000000000 ) ;
#3601 = VECTOR ( 'NONE', #2730, 1000.000000000000000 ) ;
#3602 = CARTESIAN_POINT ( 'NONE',  ( 9.779000000000007020, 0.000000000000000000, -1.269999999999998241 ) ) ;
#3603 = ORIENTED_EDGE ( 'NONE', *, *, #3604, .T. ) ;
#3604 = EDGE_CURVE ( 'NONE', #5236, #5286, #2990, .T. ) ;
#3605 = EDGE_CURVE ( 'NONE', #71, #1812, #1672, .T. ) ;
#3606 = CARTESIAN_POINT ( 'NONE',  ( -8.000999999999994117, 2.540000000000000036, -1.269999999999998241 ) ) ;
#3607 = VECTOR ( 'NONE', #4952, 1000.000000000000000 ) ;
#3608 = FACE_OUTER_BOUND ( 'NONE', #565, .T. ) ;
#3609 = CARTESIAN_POINT ( 'NONE',  ( 0.000000000000000000, 0.000000000000000000, 0.000000000000000000 ) ) ;
#3610 = CARTESIAN_POINT ( 'NONE',  ( -11.74749999999999694, 0.000000000000000000, 0.3175000000000011702 ) ) ;
#3611 = ORIENTED_EDGE ( 'NONE', *, *, #2585, .T. ) ;
#3612 = CARTESIAN_POINT ( 'NONE',  ( -14.85899999999999643, 0.000000000000000000, 1.270000000000002238 ) ) ;
#3613 = VERTEX_POINT ( 'NONE', #3998 ) ;
#3614 = DIRECTION ( 'NONE',  ( -0.000000000000000000, -0.000000000000000000, -1.000000000000000000 ) ) ;
#3615 = CARTESIAN_POINT ( 'NONE',  ( 14.85900000000000709, 0.000000000000000000, 1.270000000000001794 ) ) ;
#3616 = AXIS2_PLACEMENT_3D ( 'NONE', #2644, #849, #4463 ) ;
#3617 = DIRECTION ( 'NONE',  ( -1.000000000000000000, 0.000000000000000000, 2.439149994343084764E-16 ) ) ;
#3618 = CARTESIAN_POINT ( 'NONE',  ( 12.70000000000000639, 0.000000000000000000, 0.8890000000000015667 ) ) ;
#3619 = VERTEX_POINT ( 'NONE', #1220 ) ;
#3620 = DIRECTION ( 'NONE',  ( 1.951319995474474122E-15, 0.000000000000000000, 1.000000000000000000 ) ) ;
#3621 = EDGE_LOOP ( 'NONE', ( #3694, #676, #4865, #2541 ) ) ;
#3622 = EDGE_CURVE ( 'NONE', #111, #216, #4025, .T. ) ;
#3623 = DIRECTION ( 'NONE',  ( 1.951319995474474122E-15, 0.000000000000000000, 1.000000000000000000 ) ) ;
#3624 = CARTESIAN_POINT ( 'NONE',  ( 0.3174999999999999489, 8.039099999999994139, 0.3174999999999999489 ) ) ;
#3625 = CARTESIAN_POINT ( 'NONE',  ( -10.15999999999999481, 0.000000000000000000, 0.8890000000000015667 ) ) ;
#3626 = EDGE_LOOP ( 'NONE', ( #281, #4924, #2810, #5362 ) ) ;
#3627 = CARTESIAN_POINT ( 'NONE',  ( 14.85900000000000709, 0.000000000000000000, 1.270000000000001794 ) ) ;
#3628 = ORIENTED_EDGE ( 'NONE', *, *, #3679, .T. ) ;
#3629 = FACE_OUTER_BOUND ( 'NONE', #1218, .T. ) ;
#3630 = VERTEX_POINT ( 'NONE', #4353 ) ;
#3631 =( REPRESENTATION_RELATIONSHIP ('NONE','NONE', #5475, #3634 ) REPRESENTATION_RELATIONSHIP_WITH_TRANSFORMATION ( #2519 )SHAPE_REPRESENTATION_RELATIONSHIP( ) );
#3632 = EDGE_LOOP ( 'NONE', ( #4935, #5279, #2228, #652 ) ) ;
#3633 = PLANE ( 'NONE',  #2933 ) ;
#3634 = SHAPE_REPRESENTATION ( 'Pin - Tin_AD', ( #1320 ), #1711 ) ;
#3635 = EDGE_CURVE ( 'NONE', #5437, #2090, #801, .T. ) ;
#3636 = EDGE_CURVE ( 'NONE', #2868, #2325, #4447, .T. ) ;
#3637 = CARTESIAN_POINT ( 'NONE',  ( 6.667500000000003091, 0.000000000000000000, 0.3175000000000011702 ) ) ;
#3638 = ORIENTED_EDGE ( 'NONE', *, *, #5574, .T. ) ;
#3639 = EDGE_LOOP ( 'NONE', ( #2782, #3435, #3764, #5597 ) ) ;
#3640 = PLANE ( 'NONE',  #3681 ) ;
#3641 = DIRECTION ( 'NONE',  ( 1.951319995474474122E-15, 0.000000000000000000, 1.000000000000000000 ) ) ;
#3642 = CARTESIAN_POINT ( 'NONE',  ( -0.3174999999999999489, -10.32509999999999373, 0.3174999999999999489 ) ) ;
#3643 = CARTESIAN_POINT ( 'NONE',  ( 3.492500000000002380, 0.000000000000000000, -0.3174999999999990052 ) ) ;
#3644 = EDGE_CURVE ( 'NONE', #308, #4310, #1645, .T. ) ;
#3645 = ORIENTED_EDGE ( 'NONE', *, *, #3679, .F. ) ;
#3646 = DIRECTION ( 'NONE',  ( -0.7071067811865479058, 0.000000000000000000, -0.7071067811865471286 ) ) ;
#3647 = ORIENTED_EDGE ( 'NONE', *, *, #2619, .T. ) ;
#3648 = FILL_AREA_STYLE ('',( #3176 ) ) ;
#3649 = LINE ( 'NONE', #1888, #5216 ) ;
#3650 = VECTOR ( 'NONE', #2608, 1000.000000000000000 ) ;
#3651 = FACE_OUTER_BOUND ( 'NONE', #4088, .T. ) ;
#3652 = ORIENTED_EDGE ( 'NONE', *, *, #1707, .F. ) ;
#3653 = CARTESIAN_POINT ( 'NONE',  ( 13.65250000000000519, 0.000000000000000000, -0.3174999999999990052 ) ) ;
#3654 = ORIENTED_EDGE ( 'NONE', *, *, #2475, .T. ) ;
#3655 = PLANE ( 'NONE',  #3672 ) ;
#3656 = ORIENTED_EDGE ( 'NONE', *, *, #4107, .F. ) ;
#3657 = PRODUCT_DEFINITION_SHAPE ( 'NONE', 'NONE',  #5932 ) ;
#3658 = FACE_OUTER_BOUND ( 'NONE', #895, .T. ) ;
#3659 = EDGE_LOOP ( 'NONE', ( #4122, #2728, #2099, #3543 ) ) ;
#3660 = AXIS2_PLACEMENT_3D ( 'NONE', #5862, #378, #4979 ) ;
#3661 = CARTESIAN_POINT ( 'NONE',  ( -6.349999999999997868, 0.000000000000000000, 1.192622389734054877E-15 ) ) ;
#3662 = PLANE ( 'NONE',  #4522 ) ;
#3663 = ORIENTED_EDGE ( 'NONE', *, *, #1957, .T. ) ;
#3664 = VECTOR ( 'NONE', #564, 1000.000000000000000 ) ;
#3665 = VERTEX_POINT ( 'NONE', #3018 ) ;
#3666 = CARTESIAN_POINT ( 'NONE',  ( 1.587500000000002132, 2.540000000000000036, -0.3174999999999990052 ) ) ;
#3667 = DIRECTION ( 'NONE',  ( 1.000000000000000000, 0.000000000000000000, -2.439149994343089694E-16 ) ) ;
#3668 = EDGE_CURVE ( 'NONE', #4429, #932, #4414, .T. ) ;
#3669 = ADVANCED_FACE ( 'NONE', ( #3966 ), #353, .F. ) ;
#3670 = DIRECTION ( 'NONE',  ( 0.7071067811865505703, -0.000000000000000000, 0.7071067811865444641 ) ) ;
#3671 = CARTESIAN_POINT ( 'NONE',  ( 4.127500000000003055, 2.540000000000000036, 0.3175000000000011702 ) ) ;
#3672 = AXIS2_PLACEMENT_3D ( 'NONE', #2739, #3269, #30 ) ;
#3673 = ORIENTED_EDGE ( 'NONE', *, *, #306, .F. ) ;
#3674 = LINE ( 'NONE', #5416, #4927 ) ;
#3675 = ORIENTED_EDGE ( 'NONE', *, *, #5607, .T. ) ;
#3676 = DIRECTION ( 'NONE',  ( 1.000000000000000000, -0.000000000000000000, 0.000000000000000000 ) ) ;
#3677 = ADVANCED_FACE ( 'NONE', ( #3228 ), #4139, .F. ) ;
#3678 = VECTOR ( 'NONE', #3976, 1000.000000000000000 ) ;
#3679 = EDGE_CURVE ( 'NONE', #521, #3302, #2301, .T. ) ;
#3680 = LINE ( 'NONE', #1379, #3227 ) ;
#3682 = DIRECTION ( 'NONE',  ( 0.7071067811865444641, 0.000000000000000000, -0.7071067811865505703 ) ) ;
#3681 = AXIS2_PLACEMENT_3D ( 'NONE', #5465, #1121, #2023 ) ;
#3683 = ORIENTED_EDGE ( 'NONE', *, *, #3098, .T. ) ;
#3684 = DIRECTION ( 'NONE',  ( 0.000000000000000000, 0.000000000000000000, -1.000000000000000000 ) ) ;
#3685 = EDGE_LOOP ( 'NONE', ( #3940, #1387, #1545, #1454 ) ) ;
#3686 = CARTESIAN_POINT ( 'NONE',  ( -0.3809999999999941767, 2.540000000000000036, 1.270000000000001794 ) ) ;
#3687 = ORIENTED_EDGE ( 'NONE', *, *, #4553, .T. ) ;
#3688 = VECTOR ( 'NONE', #3104, 1000.000000000000000 ) ;
#3689 = AXIS2_PLACEMENT_3D ( 'NONE', #5274, #5799, #1242 ) ;
#3690 = VERTEX_POINT ( 'NONE', #1875 ) ;
#3691 = DIRECTION ( 'NONE',  ( 1.000000000000000000, 0.000000000000000000, 0.000000000000000000 ) ) ;
#3692 = VECTOR ( 'NONE', #1370, 1000.000000000000114 ) ;
#3693 = DIRECTION ( 'NONE',  ( 0.000000000000000000, 0.000000000000000000, -1.000000000000000000 ) ) ;
#3694 = ORIENTED_EDGE ( 'NONE', *, *, #5914, .T. ) ;
#3695 = ORIENTED_EDGE ( 'NONE', *, *, #2680, .T. ) ;
#3696 = MECHANICAL_DESIGN_GEOMETRIC_PRESENTATION_REPRESENTATION (  '', ( #1025 ), #1795 ) ;
#3697 = CARTESIAN_POINT ( 'NONE',  ( 7.239000000000006096, 0.000000000000000000, -1.269999999999998241 ) ) ;
#3698 = LINE ( 'NONE', #584, #970 ) ;
#3699 = DIRECTION ( 'NONE',  ( -0.000000000000000000, 1.000000000000000000, 0.000000000000000000 ) ) ;
#3700 = LINE ( 'NONE', #82, #363 ) ;
#3701 = VECTOR ( 'NONE', #1170, 1000.000000000000000 ) ;
#3702 = VECTOR ( 'NONE', #5526, 1000.000000000000000 ) ;
#3703 = EDGE_CURVE ( 'NONE', #4359, #3226, #864, .T. ) ;
#3704 = ORIENTED_EDGE ( 'NONE', *, *, #5774, .T. ) ;
#3705 = CARTESIAN_POINT ( 'NONE',  ( -13.08099999999999596, 2.540000000000000036, 1.270000000000001794 ) ) ;
#3706 = ORIENTED_EDGE ( 'NONE', *, *, #5292, .F. ) ;
#3707 = STYLED_ITEM ( 'NONE', ( #4109 ), #871 ) ;
#3708 = LINE ( 'NONE', #5560, #1698 ) ;
#3709 = EDGE_CURVE ( 'NONE', #1195, #4732, #889, .T. ) ;
#3710 = LINE ( 'NONE', #5533, #2408 ) ;
#3711 = VERTEX_POINT ( 'NONE', #5489 ) ;
#3712 = EDGE_CURVE ( 'NONE', #2155, #476, #4959, .T. ) ;
#3713 = PLANE ( 'NONE',  #743 ) ;
#3714 = VERTEX_POINT ( 'NONE', #3666 ) ;
#3715 = EDGE_CURVE ( 'NONE', #954, #511, #1366, .T. ) ;
#3716 = CARTESIAN_POINT ( 'NONE',  ( -8.572499999999996234, 0.000000000000000000, 0.3175000000000011702 ) ) ;
#3717 = ORIENTED_EDGE ( 'NONE', *, *, #4113, .F. ) ;
#3718 = PLANE ( 'NONE',  #2935 ) ;
#3719 = EDGE_CURVE ( 'NONE', #2797, #2467, #16, .T. ) ;
#3720 = SURFACE_SIDE_STYLE ('',( #4468 ) ) ;
#3721 = CARTESIAN_POINT ( 'NONE',  ( 3.492500000000002380, 2.540000000000000036, -0.3174999999999990052 ) ) ;
#3722 = ORIENTED_EDGE ( 'NONE', *, *, #207, .F. ) ;
#3723 = EDGE_CURVE ( 'NONE', #2316, #4016, #5441, .T. ) ;
#3724 = DIRECTION ( 'NONE',  ( -1.000000000000000000, -0.000000000000000000, -0.000000000000000000 ) ) ;
#3725 = VERTEX_POINT ( 'NONE', #1309 ) ;
#3726 = ORIENTED_EDGE ( 'NONE', *, *, #1138, .F. ) ;
#3727 = LINE ( 'NONE', #4651, #444 ) ;
#3728 = DIRECTION ( 'NONE',  ( -1.000000000000000000, -0.000000000000000000, -0.000000000000000000 ) ) ;
#3729 = CARTESIAN_POINT ( 'NONE',  ( -0.3174999999999999489, 2.540000000000000036, -0.3174999999999999489 ) ) ;
#3730 = DIRECTION ( 'NONE',  ( 0.000000000000000000, 1.000000000000000000, 0.000000000000000000 ) ) ;
#3731 = ORIENTED_EDGE ( 'NONE', *, *, #1745, .T. ) ;
#3732 = LINE ( 'NONE', #2476, #3320 ) ;
#3733 = ORIENTED_EDGE ( 'NONE', *, *, #2482, .F. ) ;
#3734 = PLANE ( 'NONE',  #5691 ) ;
#3735 = CARTESIAN_POINT ( 'NONE',  ( 12.70000000000000639, 0.000000000000000000, 0.8890000000000015667 ) ) ;
#3736 = ORIENTED_EDGE ( 'NONE', *, *, #1482, .T. ) ;
#3737 = FACE_OUTER_BOUND ( 'NONE', #1702, .T. ) ;
#3738 = ORIENTED_EDGE ( 'NONE', *, *, #3316, .F. ) ;
#3739 = CARTESIAN_POINT ( 'NONE',  ( -7.619999999999996554, 2.540000000000000036, 0.8890000000000015667 ) ) ;
#3740 = EDGE_LOOP ( 'NONE', ( #888, #351, #4966, #3896 ) ) ;
#3741 = AXIS2_PLACEMENT_3D ( 'NONE', #5215, #4796, #2957 ) ;
#3742 = EDGE_CURVE ( 'NONE', #5259, #1075, #522, .T. ) ;
#3743 = DIRECTION ( 'NONE',  ( -0.7071067811865489050, 0.000000000000000000, 0.7071067811865462405 ) ) ;
#3744 = EDGE_CURVE ( 'NONE', #4790, #5312, #5044, .T. ) ;
#3745 = CARTESIAN_POINT ( 'NONE',  ( 2.540000000000000480, 0.000000000000000000, -0.8889999999999981251 ) ) ;
#3746 = VERTEX_POINT ( 'NONE', #976 ) ;
#3747 = ADVANCED_FACE ( 'NONE', ( #2353 ), #4504, .T. ) ;
#3748 = DIRECTION ( 'NONE',  ( 0.000000000000000000, 0.000000000000000000, 1.000000000000000000 ) ) ;
#3749 = CARTESIAN_POINT ( 'NONE',  ( -10.15999999999999837, 0.000000000000000000, -0.8889999999999981251 ) ) ;
#3750 = VERTEX_POINT ( 'NONE', #3803 ) ;
#3751 = ORIENTED_EDGE ( 'NONE', *, *, #857, .F. ) ;
#3752 = PLANE ( 'NONE',  #1098 ) ;
#3753 = LINE ( 'NONE', #136, #5759 ) ;
#3754 = CARTESIAN_POINT ( 'NONE',  ( 4.127500000000003055, 2.540000000000000036, 0.3175000000000011702 ) ) ;
#3755 = DIRECTION ( 'NONE',  ( 0.000000000000000000, 0.000000000000000000, -1.000000000000000000 ) ) ;
#3756 = ORIENTED_EDGE ( 'NONE', *, *, #3212, .F. ) ;
#3757 = FACE_OUTER_BOUND ( 'NONE', #84, .T. ) ;
#3758 = VERTEX_POINT ( 'NONE', #2776 ) ;
#3759 = CARTESIAN_POINT ( 'NONE',  ( -0.3174999999999999489, -10.32509999999999373, -0.3174999999999999489 ) ) ;
#3760 = STYLED_ITEM ( 'NONE', ( #1173 ), #1312 ) ;
#3761 = PLANE ( 'NONE',  #639 ) ;
#3762 = AXIS2_PLACEMENT_3D ( 'NONE', #5621, #1069, #3382 ) ;
#3763 = CARTESIAN_POINT ( 'NONE',  ( 0.3174999999999999489, 2.540000000000000036, -0.3174999999999999489 ) ) ;
#3764 = ORIENTED_EDGE ( 'NONE', *, *, #279, .T. ) ;
#3765 = DIRECTION ( 'NONE',  ( 0.000000000000000000, -0.000000000000000000, 1.000000000000000000 ) ) ;
#3766 = EDGE_LOOP ( 'NONE', ( #3096, #429, #261, #1517 ) ) ;
#3767 = VECTOR ( 'NONE', #5852, 1000.000000000000000 ) ;
#3768 = UNCERTAINTY_MEASURE_WITH_UNIT (LENGTH_MEASURE( 1.000000000000000082E-05 ), #3190, 'distance_accuracy_value', 'NONE');
#3769 = LINE ( 'NONE', #4363, #5109 ) ;
#3770 = DIRECTION ( 'NONE',  ( -0.7071067811865457964, -0.000000000000000000, -0.7071067811865492381 ) ) ;
#3771 = DIRECTION ( 'NONE',  ( 1.000000000000000000, 0.000000000000000000, -0.000000000000000000 ) ) ;
#3772 = PLANE ( 'NONE',  #1118 ) ;
#3773 = EDGE_CURVE ( 'NONE', #3345, #2797, #2695, .T. ) ;
#3774 = DIRECTION ( 'NONE',  ( 0.7071067811865462405, 0.000000000000000000, 0.7071067811865489050 ) ) ;
#3775 = ORIENTED_EDGE ( 'NONE', *, *, #2260, .T. ) ;
#3776 = VECTOR ( 'NONE', #3583, 1000.000000000000000 ) ;
#3777 = SHAPE_DEFINITION_REPRESENTATION ( #3186, #3634 ) ;
#3778 = VECTOR ( 'NONE', #3136, 1000.000000000000000 ) ;
#3779 = FACE_OUTER_BOUND ( 'NONE', #628, .T. ) ;
#3780 = EDGE_CURVE ( 'NONE', #1591, #930, #2271, .T. ) ;
#3781 = ORIENTED_EDGE ( 'NONE', *, *, #1816, .F. ) ;
#3782 = EDGE_CURVE ( 'NONE', #2960, #3254, #496, .T. ) ;
#3783 = ORIENTED_EDGE ( 'NONE', *, *, #3742, .T. ) ;
#3784 = CARTESIAN_POINT ( 'NONE',  ( 14.28750000000000497, 0.000000000000000000, 0.3175000000000011702 ) ) ;
#3785 = FACE_OUTER_BOUND ( 'NONE', #3685, .T. ) ;
#3786 = VECTOR ( 'NONE', #5711, 1000.000000000000000 ) ;
#3787 = CARTESIAN_POINT ( 'NONE',  ( 15.24000000000000554, 0.000000000000000000, -0.8889999999999986802 ) ) ;
#3788 = CARTESIAN_POINT ( 'NONE',  ( -6.032499999999997975, 2.540000000000000036, 0.3175000000000011702 ) ) ;
#3789 = VECTOR ( 'NONE', #5327, 1000.000000000000000 ) ;
#3790 = ORIENTED_EDGE ( 'NONE', *, *, #2136, .F. ) ;
#3791 = LINE ( 'NONE', #2031, #4433 ) ;
#3792 = ORIENTED_EDGE ( 'NONE', *, *, #5875, .T. ) ;
#3793 = LINE ( 'NONE', #3356, #5493 ) ;
#3794 = VECTOR ( 'NONE', #5034, 1000.000000000000000 ) ;
#3795 = CARTESIAN_POINT ( 'NONE',  ( -11.11249999999999716, 0.000000000000000000, 0.3175000000000011702 ) ) ;
#3796 = DIRECTION ( 'NONE',  ( 1.000000000000000000, 0.000000000000000000, -2.439149994343089694E-16 ) ) ;
#3797 = AXIS2_PLACEMENT_3D ( 'NONE', #5750, #1648, #4235 ) ;
#3798 = LINE ( 'NONE', #4348, #974 ) ;
#3799 = ORIENTED_EDGE ( 'NONE', *, *, #2138, .T. ) ;
#3800 = EDGE_CURVE ( 'NONE', #3441, #2406, #4057, .T. ) ;
#3801 = CARTESIAN_POINT ( 'NONE',  ( 3.469446951953614189E-15, 2.540000000000000036, -0.8889999999999986802 ) ) ;
#3802 = ORIENTED_EDGE ( 'NONE', *, *, #5574, .F. ) ;
#3803 = CARTESIAN_POINT ( 'NONE',  ( -8.572499999999996234, 2.540000000000000036, -0.3174999999999990052 ) ) ;
#3804 = LINE ( 'NONE', #321, #2317 ) ;
#3805 = PLANE ( 'NONE',  #2356 ) ;
#3806 = VECTOR ( 'NONE', #5728, 1000.000000000000000 ) ;
#3807 = CARTESIAN_POINT ( 'NONE',  ( -4.698999999999996291, 0.000000000000000000, 1.270000000000002238 ) ) ;
#3808 = CARTESIAN_POINT ( 'NONE',  ( -2.539999999999995595, 0.000000000000000000, 0.8890000000000015667 ) ) ;
#3809 = ORIENTED_EDGE ( 'NONE', *, *, #1522, .T. ) ;
#3810 = CARTESIAN_POINT ( 'NONE',  ( -2.539999999999998703, 2.540000000000000036, -0.8889999999999981251 ) ) ;
#3811 = ORIENTED_EDGE ( 'NONE', *, *, #823, .F. ) ;
#3812 = ORIENTED_EDGE ( 'NONE', *, *, #3715, .F. ) ;
#3813 = PLANE ( 'NONE',  #5203 ) ;
#3814 = CARTESIAN_POINT ( 'NONE',  ( -10.54099999999999504, 0.000000000000000000, -1.269999999999998241 ) ) ;
#3815 = DIRECTION ( 'NONE',  ( -0.7071067811865489050, 0.000000000000000000, 0.7071067811865462405 ) ) ;
#3816 = EDGE_CURVE ( 'NONE', #2852, #4253, #1341, .T. ) ;
#3817 = DIRECTION ( 'NONE',  ( -0.7071067811865457964, -0.000000000000000000, -0.7071067811865492381 ) ) ;
#3818 = ADVANCED_FACE ( 'NONE', ( #1825 ), #3640, .T. ) ;
#3819 = ORIENTED_EDGE ( 'NONE', *, *, #337, .T. ) ;
#3820 = CARTESIAN_POINT ( 'NONE',  ( -12.69999999999999929, 2.540000000000000036, -0.8889999999999981251 ) ) ;
#3821 = ORIENTED_EDGE ( 'NONE', *, *, #3922, .T. ) ;
#3822 = CARTESIAN_POINT ( 'NONE',  ( -9.778999999999999915, 2.540000000000000036, -1.269999999999998019 ) ) ;
#3823 = DIRECTION ( 'NONE',  ( 0.000000000000000000, -1.000000000000000000, 0.000000000000000000 ) ) ;
#3824 = ADVANCED_FACE ( 'NONE', ( #2831 ), #3752, .T. ) ;
#3825 = ORIENTED_EDGE ( 'NONE', *, *, #3723, .F. ) ;
#3826 = CARTESIAN_POINT ( 'NONE',  ( -0.3809999999999941767, 0.000000000000000000, -1.269999999999998241 ) ) ;
#3827 = ORIENTED_EDGE ( 'NONE', *, *, #3212, .T. ) ;
#3828 = CARTESIAN_POINT ( 'NONE',  ( -3.492499999999997495, 0.000000000000000000, 0.3175000000000011702 ) ) ;
#3829 = LINE ( 'NONE', #2997, #59 ) ;
#3830 = CARTESIAN_POINT ( 'NONE',  ( -4.127499999999997726, 2.540000000000000036, 0.3175000000000011702 ) ) ;
#3831 = AXIS2_PLACEMENT_3D ( 'NONE', #3322, #3348, #1007 ) ;
#3832 = LINE ( 'NONE', #245, #3954 ) ;
#3833 = EDGE_LOOP ( 'NONE', ( #4502, #1132, #575, #2824 ) ) ;
#3834 = APPLICATION_PROTOCOL_DEFINITION ( 'draft international standard', 'automotive_design', 1998, #3024 ) ;
#3835 = AXIS2_PLACEMENT_3D ( 'NONE', #1199, #3125, #4487 ) ;
#3836 = SURFACE_STYLE_FILL_AREA ( #4282 ) ;
#3837 = ORIENTED_EDGE ( 'NONE', *, *, #1113, .T. ) ;
#3838 = ORIENTED_EDGE ( 'NONE', *, *, #2579, .F. ) ;
#3839 = CARTESIAN_POINT ( 'NONE',  ( 2.159000000000004693, 2.540000000000000036, -1.269999999999998241 ) ) ;
#3840 = CARTESIAN_POINT ( 'NONE',  ( 5.080000000000000959, 0.000000000000000000, -0.8889999999999981251 ) ) ;
#3841 = DIRECTION ( 'NONE',  ( -0.2035585949527762561, -0.9576678948579737671, 0.2035585949527762561 ) ) ;
#3842 = DIRECTION ( 'NONE',  ( 0.000000000000000000, -0.000000000000000000, 1.000000000000000000 ) ) ;
#3843 = ORIENTED_EDGE ( 'NONE', *, *, #4152, .T. ) ;
#3844 = VECTOR ( 'NONE', #4079, 1000.000000000000000 ) ;
#3845 = PLANE ( 'NONE',  #5107 ) ;
#3846 = ORIENTED_EDGE ( 'NONE', *, *, #2433, .F. ) ;
#3847 = EDGE_CURVE ( 'NONE', #5230, #1913, #1936, .T. ) ;
#3848 = EDGE_CURVE ( 'NONE', #4694, #1731, #646, .T. ) ;
#3849 = LINE ( 'NONE', #5681, #437 ) ;
#3850 = ADVANCED_FACE ( 'NONE', ( #1575 ), #668, .T. ) ;
#3851 = CARTESIAN_POINT ( 'NONE',  ( -3.492499999999997495, 2.540000000000000036, 0.3175000000000011702 ) ) ;
#3852 = DIRECTION ( 'NONE',  ( 0.000000000000000000, 1.000000000000000000, 0.000000000000000000 ) ) ;
#3853 = ORIENTED_EDGE ( 'NONE', *, *, #5088, .F. ) ;
#3854 = DIRECTION ( 'NONE',  ( -0.7071067811865457964, 0.000000000000000000, -0.7071067811865492381 ) ) ;
#3855 = ORIENTED_EDGE ( 'NONE', *, *, #4313, .T. ) ;
#3856 = ADVANCED_FACE ( 'NONE', ( #1999 ), #3813, .T. ) ;
#3857 = EDGE_CURVE ( 'NONE', #2808, #3418, #5214, .T. ) ;
#3858 = CARTESIAN_POINT ( 'NONE',  ( 11.11250000000000426, 2.540000000000000036, 0.3175000000000011702 ) ) ;
#3859 = VECTOR ( 'NONE', #203, 1000.000000000000000 ) ;
#3860 = VECTOR ( 'NONE', #3442, 1000.000000000000000 ) ;
#3861 = CARTESIAN_POINT ( 'NONE',  ( -8.572499999999996234, 2.540000000000000036, 0.3175000000000011702 ) ) ;
#3862 = DIRECTION ( 'NONE',  ( -0.000000000000000000, 1.000000000000000000, 0.000000000000000000 ) ) ;
#3863 = ORIENTED_EDGE ( 'NONE', *, *, #4041, .F. ) ;
#3864 = SURFACE_STYLE_USAGE ( .BOTH. , #2492 ) ;
#3865 = VECTOR ( 'NONE', #5010, 1000.000000000000000 ) ;
#3866 = ORIENTED_EDGE ( 'NONE', *, *, #706, .T. ) ;
#3867 = EDGE_CURVE ( 'NONE', #4336, #4349, #2924, .T. ) ;
#3868 = ORIENTED_EDGE ( 'NONE', *, *, #3063, .T. ) ;
#3869 = LINE ( 'NONE', #5768, #2641 ) ;
#3870 = CARTESIAN_POINT ( 'NONE',  ( 0.3174999999999999489, -10.32509999999999373, 0.3174999999999999489 ) ) ;
#3871 = CARTESIAN_POINT ( 'NONE',  ( -7.619999999999997442, 0.000000000000000000, -0.8889999999999986802 ) ) ;
#3872 = FACE_OUTER_BOUND ( 'NONE', #1579, .T. ) ;
#3873 = VECTOR ( 'NONE', #1830, 1000.000000000000000 ) ;
#3874 = VECTOR ( 'NONE', #5318, 1000.000000000000000 ) ;
#3875 = VECTOR ( 'NONE', #862, 1000.000000000000000 ) ;
#3876 = EDGE_LOOP ( 'NONE', ( #3404, #1944, #3809, #2962 ) ) ;
#3877 = CARTESIAN_POINT ( 'NONE',  ( 6.032500000000003304, 0.000000000000000000, -0.3174999999999990052 ) ) ;
#3878 = VERTEX_POINT ( 'NONE', #196 ) ;
#3879 = AXIS2_PLACEMENT_3D ( 'NONE', #2357, #2242, #4173 ) ;
#3880 = DIRECTION ( 'NONE',  ( 0.000000000000000000, 1.000000000000000000, 0.000000000000000000 ) ) ;
#3881 = CARTESIAN_POINT ( 'NONE',  ( 3.469446951953614189E-15, 0.000000000000000000, -0.8889999999999986802 ) ) ;
#3882 = CARTESIAN_POINT ( 'NONE',  ( 4.699000000000005173, 0.000000000000000000, -1.269999999999998241 ) ) ;
#3883 = AXIS2_PLACEMENT_3D ( 'NONE', #1017, #2784, #2842 ) ;
#3884 = ORIENTED_EDGE ( 'NONE', *, *, #4161, .T. ) ;
#3885 = CARTESIAN_POINT ( 'NONE',  ( -0.3174999999999999489, 2.540000000000000036, 0.3174999999999999489 ) ) ;
#3886 = ORIENTED_EDGE ( 'NONE', *, *, #3564, .T. ) ;
#3887 = FACE_OUTER_BOUND ( 'NONE', #5426, .T. ) ;
#3888 = VECTOR ( 'NONE', #1430, 1000.000000000000000 ) ;
#3889 = CARTESIAN_POINT ( 'NONE',  ( -3.492499999999997495, 0.000000000000000000, 0.3175000000000011702 ) ) ;
#3890 = EDGE_CURVE ( 'NONE', #441, #4975, #135, .T. ) ;
#3891 = EDGE_CURVE ( 'NONE', #3878, #1338, #5157, .T. ) ;
#3892 = COLOUR_RGB ( '',0.7921568627450980005, 0.8196078431372548767, 0.9333333333333333481 ) ;
#3893 = ADVANCED_FACE ( 'NONE', ( #3287 ), #5613, .T. ) ;
#3894 = DIRECTION ( 'NONE',  ( -1.000000000000000000, -0.000000000000000000, -0.000000000000000000 ) ) ;
#3895 = DIRECTION ( 'NONE',  ( 0.000000000000000000, 0.000000000000000000, -1.000000000000000000 ) ) ;
#3896 = ORIENTED_EDGE ( 'NONE', *, *, #2190, .T. ) ;
#3897 = EDGE_CURVE ( 'NONE', #101, #954, #3321, .T. ) ;
#3898 = LINE ( 'NONE', #2553, #1766 ) ;
#3899 = ORIENTED_EDGE ( 'NONE', *, *, #1596, .T. ) ;
#3900 = ORIENTED_EDGE ( 'NONE', *, *, #3848, .T. ) ;
#3901 = FACE_OUTER_BOUND ( 'NONE', #5191, .T. ) ;
#3902 = LINE ( 'NONE', #3928, #685 ) ;
#3903 = FACE_OUTER_BOUND ( 'NONE', #4114, .T. ) ;
#3904 = LINE ( 'NONE', #3788, #5424 ) ;
#3905 = FACE_OUTER_BOUND ( 'NONE', #204, .T. ) ;
#3906 = VERTEX_POINT ( 'NONE', #4709 ) ;
#3907 = CARTESIAN_POINT ( 'NONE',  ( 5.080000000000000959, 2.540000000000000036, -0.8889999999999981251 ) ) ;
#3908 = ORIENTED_EDGE ( 'NONE', *, *, #5237, .T. ) ;
#3909 = DIRECTION ( 'NONE',  ( -1.000000000000000000, 0.000000000000000000, 1.951319995474474122E-15 ) ) ;
#3910 = CARTESIAN_POINT ( 'NONE',  ( 8.001000000000001222, 0.000000000000000000, -1.269999999999998019 ) ) ;
#3911 = CARTESIAN_POINT ( 'NONE',  ( 11.11250000000000426, 0.000000000000000000, -0.3174999999999990052 ) ) ;
#3912 = PLANE ( 'NONE',  #3797 ) ;
#3913 = ORIENTED_EDGE ( 'NONE', *, *, #2208, .F. ) ;
#3914 = CARTESIAN_POINT ( 'NONE',  ( -15.24000000000000021, 2.540000000000000036, -0.8889999999999981251 ) ) ;
#3915 = EDGE_LOOP ( 'NONE', ( #3129, #4679, #5153, #225 ) ) ;
#3916 = LINE ( 'NONE', #3858, #4162 ) ;
#3917 = DIRECTION ( 'NONE',  ( 0.7071067811865463515, 0.000000000000000000, 0.7071067811865487940 ) ) ;
#3918 = DIRECTION ( 'NONE',  ( -0.000000000000000000, -0.000000000000000000, 1.000000000000000000 ) ) ;
#3919 = DIRECTION ( 'NONE',  ( 0.000000000000000000, 0.000000000000000000, -1.000000000000000000 ) ) ;
#3920 = ORIENTED_EDGE ( 'NONE', *, *, #2136, .T. ) ;
#3921 = EDGE_CURVE ( 'NONE', #5404, #4616, #4681, .T. ) ;
#3922 = EDGE_CURVE ( 'NONE', #909, #5480, #221, .T. ) ;
#3923 = VECTOR ( 'NONE', #4116, 1000.000000000000000 ) ;
#3924 = ORIENTED_EDGE ( 'NONE', *, *, #1757, .T. ) ;
#3925 = VERTEX_POINT ( 'NONE', #3839 ) ;
#3926 = EDGE_CURVE ( 'NONE', #1493, #876, #3727, .T. ) ;
#3927 = FACE_OUTER_BOUND ( 'NONE', #570, .T. ) ;
#3928 = CARTESIAN_POINT ( 'NONE',  ( 10.54100000000000215, 2.540000000000000036, -1.269999999999998019 ) ) ;
#3929 = VECTOR ( 'NONE', #3265, 1000.000000000000000 ) ;
#3930 = CARTESIAN_POINT ( 'NONE',  ( -14.28749999999999787, 0.000000000000000000, 0.3175000000000011702 ) ) ;
#3931 = DIRECTION ( 'NONE',  ( 0.000000000000000000, 0.000000000000000000, 1.000000000000000000 ) ) ;
#3932 = LINE ( 'NONE', #1979, #303 ) ;
#3933 = ORIENTED_EDGE ( 'NONE', *, *, #5164, .T. ) ;
#3934 = DIRECTION ( 'NONE',  ( 0.000000000000000000, 0.000000000000000000, -1.000000000000000000 ) ) ;
#3935 = ORIENTED_EDGE ( 'NONE', *, *, #2725, .T. ) ;
#3936 = CARTESIAN_POINT ( 'NONE',  ( -14.85899999999999643, 0.000000000000000000, 1.270000000000002238 ) ) ;
#3937 = CARTESIAN_POINT ( 'NONE',  ( -5.079999999999995630, 2.540000000000000036, 0.8890000000000015667 ) ) ;
#3938 = CARTESIAN_POINT ( 'NONE',  ( -5.079999999999997407, 0.000000000000000000, -0.8889999999999986802 ) ) ;
#3939 = DIRECTION ( 'NONE',  ( 0.000000000000000000, 0.000000000000000000, -1.000000000000000000 ) ) ;
#3940 = ORIENTED_EDGE ( 'NONE', *, *, #5554, .F. ) ;
#3941 = DIRECTION ( 'NONE',  ( 2.439149994343089694E-16, -0.000000000000000000, 1.000000000000000000 ) ) ;
#3942 = ORIENTED_EDGE ( 'NONE', *, *, #3357, .F. ) ;
#3943 = FILL_AREA_STYLE_COLOUR ( '', #4061 ) ;
#3944 = DIRECTION ( 'NONE',  ( -0.000000000000000000, -0.000000000000000000, 1.000000000000000000 ) ) ;
#3945 = LINE ( 'NONE', #1169, #1163 ) ;
#3946 = LINE ( 'NONE', #4012, #1612 ) ;
#3947 = UNCERTAINTY_MEASURE_WITH_UNIT (LENGTH_MEASURE( 1.000000000000000082E-05 ), #1321, 'distance_accuracy_value', 'NONE');
#3948 = DIRECTION ( 'NONE',  ( -1.000000000000000000, 0.000000000000000000, -0.000000000000000000 ) ) ;
#3949 = ORIENTED_EDGE ( 'NONE', *, *, #1146, .F. ) ;
#3950 = EDGE_CURVE ( 'NONE', #1070, #4130, #1519, .T. ) ;
#3951 =( NAMED_UNIT ( * ) SI_UNIT ( $, .STERADIAN. ) SOLID_ANGLE_UNIT ( ) );
#3952 = EDGE_LOOP ( 'NONE', ( #4317, #295, #1425, #13, #2418, #5908, #946, #2050 ) ) ;
#3953 = ORIENTED_EDGE ( 'NONE', *, *, #3506, .F. ) ;
#3954 = VECTOR ( 'NONE', #3455, 1000.000000000000114 ) ;
#3955 = DIRECTION ( 'NONE',  ( 0.000000000000000000, -0.000000000000000000, 1.000000000000000000 ) ) ;
#3956 = PLANE ( 'NONE',  #3689 ) ;
#3957 = PRESENTATION_STYLE_ASSIGNMENT (( #2144 ) ) ;
#3958 = EDGE_CURVE ( 'NONE', #2083, #2490, #559, .T. ) ;
#3959 = AXIS2_PLACEMENT_3D ( 'NONE', #362, #5324, #1231 ) ;
#3960 = EDGE_CURVE ( 'NONE', #4112, #3365, #2439, .T. ) ;
#3961 = FACE_BOUND ( 'NONE', #2277, .T. ) ;
#3962 = ORIENTED_EDGE ( 'NONE', *, *, #4512, .F. ) ;
#3963 = CARTESIAN_POINT ( 'NONE',  ( 3.492500000000002380, 0.000000000000000000, 0.3175000000000011702 ) ) ;
#3964 = ORIENTED_EDGE ( 'NONE', *, *, #5172, .F. ) ;
#3965 = VECTOR ( 'NONE', #1225, 1000.000000000000000 ) ;
#3966 = FACE_OUTER_BOUND ( 'NONE', #1253, .T. ) ;
#3967 = CARTESIAN_POINT ( 'NONE',  ( 1.587500000000002132, 0.000000000000000000, 0.3175000000000011702 ) ) ;
#3968 = VECTOR ( 'NONE', #1732, 1000.000000000000000 ) ;
#3969 = LINE ( 'NONE', #1311, #3874 ) ;
#3970 = CARTESIAN_POINT ( 'NONE',  ( 10.16000000000000369, 0.000000000000000000, -0.8889999999999986802 ) ) ;
#3971 = EDGE_CURVE ( 'NONE', #2467, #2416, #792, .T. ) ;
#3972 = VECTOR ( 'NONE', #1176, 1000.000000000000000 ) ;
#3973 = ORIENTED_EDGE ( 'NONE', *, *, #1444, .T. ) ;
#3974 = CARTESIAN_POINT ( 'NONE',  ( -1.587499999999996803, 0.000000000000000000, -0.3174999999999990052 ) ) ;
#3975 = ORIENTED_EDGE ( 'NONE', *, *, #5132, .T. ) ;
#3976 = DIRECTION ( 'NONE',  ( 0.000000000000000000, 1.000000000000000000, 0.000000000000000000 ) ) ;
#3977 = VECTOR ( 'NONE', #576, 1000.000000000000000 ) ;
#3978 = EDGE_CURVE ( 'NONE', #5548, #3690, #3869, .T. ) ;
#3979 = DIRECTION ( 'NONE',  ( 0.000000000000000000, 1.000000000000000000, 0.000000000000000000 ) ) ;
#3980 = DIRECTION ( 'NONE',  ( -2.439149994343084764E-16, 0.000000000000000000, -1.000000000000000000 ) ) ;
#3981 = VECTOR ( 'NONE', #812, 1000.000000000000000 ) ;
#3982 = FACE_OUTER_BOUND ( 'NONE', #211, .T. ) ;
#3983 = ORIENTED_EDGE ( 'NONE', *, *, #4954, .F. ) ;
#3984 = CONTEXT_DEPENDENT_SHAPE_REPRESENTATION ( #2191, #1848 ) ;
#3985 = VECTOR ( 'NONE', #5013, 1000.000000000000000 ) ;
#3986 = FILL_AREA_STYLE ('',( #2652 ) ) ;
#3987 = ORIENTED_EDGE ( 'NONE', *, *, #438, .T. ) ;
#3988 = VECTOR ( 'NONE', #5479, 1000.000000000000000 ) ;
#3989 = ORIENTED_EDGE ( 'NONE', *, *, #2482, .T. ) ;
#3990 = AXIS2_PLACEMENT_3D ( 'NONE', #3609, #5091, #3222 ) ;
#3991 = CARTESIAN_POINT ( 'NONE',  ( 7.620000000000003659, 2.540000000000000036, -0.8889999999999986802 ) ) ;
#3992 = CARTESIAN_POINT ( 'NONE',  ( 10.16000000000000547, 2.540000000000000036, 0.8890000000000015667 ) ) ;
#3993 = CARTESIAN_POINT ( 'NONE',  ( 0.9525000000000019007, 2.540000000000000036, -0.3174999999999990052 ) ) ;
#3994 = CARTESIAN_POINT ( 'NONE',  ( 0.3174999999999999489, -10.32509999999999373, -0.3174999999999999489 ) ) ;
#3995 = ORIENTED_EDGE ( 'NONE', *, *, #1148, .T. ) ;
#3996 = PLANE ( 'NONE',  #2052 ) ;
#3997 = ORIENTED_EDGE ( 'NONE', *, *, #2067, .F. ) ;
#3998 = CARTESIAN_POINT ( 'NONE',  ( -13.08099999999999596, 2.540000000000000036, 1.270000000000001794 ) ) ;
#3999 = DIRECTION ( 'NONE',  ( 0.000000000000000000, 0.000000000000000000, -1.000000000000000000 ) ) ;
#4000 = ADVANCED_FACE ( 'NONE', ( #3901 ), #2654, .F. ) ;
#4001 = ADVANCED_FACE ( 'NONE', ( #3927 ), #3491, .F. ) ;
#4002 = DIRECTION ( 'NONE',  ( 1.000000000000000000, 0.000000000000000000, 0.000000000000000000 ) ) ;
#4003 = DIRECTION ( 'NONE',  ( -0.000000000000000000, -0.000000000000000000, -1.000000000000000000 ) ) ;
#4004 = ORIENTED_EDGE ( 'NONE', *, *, #4284, .F. ) ;
#4005 = CARTESIAN_POINT ( 'NONE',  ( -12.31900000000000084, 0.000000000000000000, -1.269999999999998019 ) ) ;
#4006 = ORIENTED_EDGE ( 'NONE', *, *, #4580, .F. ) ;
#4007 = CARTESIAN_POINT ( 'NONE',  ( -14.85899999999999643, 0.000000000000000000, 1.270000000000002238 ) ) ;
#4008 = EDGE_CURVE ( 'NONE', #544, #2083, #2558, .T. ) ;
#4009 = SURFACE_STYLE_USAGE ( .BOTH. , #2250 ) ;
#4010 = CARTESIAN_POINT ( 'NONE',  ( -14.28749999999999787, 2.540000000000000036, 0.3175000000000011702 ) ) ;
#4011 = ORIENTED_EDGE ( 'NONE', *, *, #709, .F. ) ;
#4012 = CARTESIAN_POINT ( 'NONE',  ( 11.11250000000000426, 0.000000000000000000, 0.3175000000000011702 ) ) ;
#4013 = DIRECTION ( 'NONE',  ( 0.000000000000000000, 1.000000000000000000, 0.000000000000000000 ) ) ;
#4014 = ORIENTED_EDGE ( 'NONE', *, *, #3890, .T. ) ;
#4015 = CARTESIAN_POINT ( 'NONE',  ( 4.699000000000005173, 2.540000000000000036, -1.269999999999998241 ) ) ;
#4016 = VERTEX_POINT ( 'NONE', #4470 ) ;
#4017 = DIRECTION ( 'NONE',  ( -1.000000000000000000, -0.000000000000000000, -0.000000000000000000 ) ) ;
#4018 = DIRECTION ( 'NONE',  ( -0.000000000000000000, -0.000000000000000000, 1.000000000000000000 ) ) ;
#4019 = LINE ( 'NONE', #3468, #3431 ) ;
#4020 = LINE ( 'NONE', #1304, #4904 ) ;
#4021 = VERTEX_POINT ( 'NONE', #5708 ) ;
#4022 = DIRECTION ( 'NONE',  ( 0.7071067811865505703, -0.000000000000000000, 0.7071067811865444641 ) ) ;
#4023 = ORIENTED_EDGE ( 'NONE', *, *, #2175, .F. ) ;
#4024 = VECTOR ( 'NONE', #1673, 1000.000000000000000 ) ;
#4025 = LINE ( 'NONE', #264, #1389 ) ;
#4026 = CARTESIAN_POINT ( 'NONE',  ( -6.032499999999997975, 0.000000000000000000, 0.3175000000000011702 ) ) ;
#4027 = LINE ( 'NONE', #3585, #2833 ) ;
#4028 = DIRECTION ( 'NONE',  ( 1.951319995474474122E-15, 0.000000000000000000, 1.000000000000000000 ) ) ;
#4029 = AXIS2_PLACEMENT_3D ( 'NONE', #2559, #669, #197 ) ;
#4030 = ADVANCED_FACE ( 'NONE', ( #4377, #1209 ), #1636, .T. ) ;
#4031 = ORIENTED_EDGE ( 'NONE', *, *, #4810, .F. ) ;
#4032 = CARTESIAN_POINT ( 'NONE',  ( -2.158999999999995811, 0.000000000000000000, 1.270000000000002238 ) ) ;
#4033 = ORIENTED_EDGE ( 'NONE', *, *, #487, .F. ) ;
#4034 = EDGE_CURVE ( 'NONE', #4310, #2155, #283, .T. ) ;
#4035 = PLANE ( 'NONE',  #3959 ) ;
#4036 = CARTESIAN_POINT ( 'NONE',  ( 6.032500000000003304, 2.540000000000000036, 0.3175000000000011702 ) ) ;
#4037 = VECTOR ( 'NONE', #3401, 1000.000000000000000 ) ;
#4038 = EDGE_CURVE ( 'NONE', #5075, #2710, #1608, .T. ) ;
#4039 = CARTESIAN_POINT ( 'NONE',  ( -2.539999999999996927, 0.000000000000000000, -0.8889999999999986802 ) ) ;
#4040 = ORIENTED_EDGE ( 'NONE', *, *, #3219, .F. ) ;
#4041 = EDGE_CURVE ( 'NONE', #2060, #5538, #2142, .T. ) ;
#4042 = LINE ( 'NONE', #1687, #5917 ) ;
#4043 = EDGE_CURVE ( 'NONE', #3002, #4359, #4795, .T. ) ;
#4044 = PLANE ( 'NONE',  #1294 ) ;
#4045 = ORIENTED_EDGE ( 'NONE', *, *, #750, .T. ) ;
#4046 = CARTESIAN_POINT ( 'NONE',  ( 0.9525000000000019007, 2.540000000000000036, 0.3175000000000011702 ) ) ;
#4047 = VERTEX_POINT ( 'NONE', #5798 ) ;
#4048 = DIRECTION ( 'NONE',  ( 1.951319995474474122E-15, 0.000000000000000000, 1.000000000000000000 ) ) ;
#4049 = DIRECTION ( 'NONE',  ( -0.000000000000000000, 1.000000000000000000, 0.000000000000000000 ) ) ;
#4050 = DIRECTION ( 'NONE',  ( 1.000000000000000000, -0.000000000000000000, 0.000000000000000000 ) ) ;
#4051 = EDGE_CURVE ( 'NONE', #4794, #305, #5339, .T. ) ;
#4052 = CARTESIAN_POINT ( 'NONE',  ( 11.11250000000000426, 0.000000000000000000, 0.3175000000000011702 ) ) ;
#4053 = VECTOR ( 'NONE', #1703, 1000.000000000000000 ) ;
#4054 = ORIENTED_EDGE ( 'NONE', *, *, #250, .T. ) ;
#4055 = CARTESIAN_POINT ( 'NONE',  ( 2.920999999999999819, 0.000000000000000000, -1.269999999999998019 ) ) ;
#4056 = ORIENTED_EDGE ( 'NONE', *, *, #2392, .T. ) ;
#4057 = LINE ( 'NONE', #5894, #527 ) ;
#4058 = LINE ( 'NONE', #3615, #4978 ) ;
#4059 = FACE_OUTER_BOUND ( 'NONE', #4341, .T. ) ;
#4060 = CARTESIAN_POINT ( 'NONE',  ( 13.65250000000000519, 0.000000000000000000, 0.3175000000000011702 ) ) ;
#4061 = COLOUR_RGB ( '',0.2509803921568627416, 0.2509803921568627416, 0.2509803921568627416 ) ;
#4062 = VECTOR ( 'NONE', #531, 1000.000000000000114 ) ;
#4063 = VERTEX_POINT ( 'NONE', #760 ) ;
#4064 = COLOUR_RGB ( '',0.2509803921568627416, 0.2509803921568627416, 0.2509803921568627416 ) ;
#4065 = CARTESIAN_POINT ( 'NONE',  ( -0.9524999999999967937, 0.000000000000000000, -0.3174999999999990052 ) ) ;
#4066 = ORIENTED_EDGE ( 'NONE', *, *, #5326, .T. ) ;
#4067 = VECTOR ( 'NONE', #5282, 1000.000000000000000 ) ;
#4068 = LINE ( 'NONE', #5108, #713 ) ;
#4069 = VECTOR ( 'NONE', #1099, 1000.000000000000000 ) ;
#4070 = CARTESIAN_POINT ( 'NONE',  ( 11.74750000000000405, 0.000000000000000000, -0.3174999999999990052 ) ) ;
#4071 = EDGE_LOOP ( 'NONE', ( #1768, #3706, #4659, #3383 ) ) ;
#4072 = LINE ( 'NONE', #3267, #4753 ) ;
#4073 = CARTESIAN_POINT ( 'NONE',  ( -14.28749999999999787, 0.000000000000000000, -0.3174999999999990052 ) ) ;
#4074 = EDGE_LOOP ( 'NONE', ( #1712, #3825, #5116, #3799 ) ) ;
#4075 = VECTOR ( 'NONE', #2853, 1000.000000000000114 ) ;
#4076 = ADVANCED_FACE ( 'NONE', ( #2620 ), #1266, .T. ) ;
#4077 = EDGE_CURVE ( 'NONE', #4975, #5075, #4343, .T. ) ;
#4078 =( GEOMETRIC_REPRESENTATION_CONTEXT ( 3 ) GLOBAL_UNCERTAINTY_ASSIGNED_CONTEXT ( ( #782 ) ) GLOBAL_UNIT_ASSIGNED_CONTEXT ( ( #2010, #4751, #147 ) ) REPRESENTATION_CONTEXT ( 'NONE', 'WORKASPACE' ) );
#4079 = DIRECTION ( 'NONE',  ( 1.000000000000000000, 0.000000000000000000, 0.000000000000000000 ) ) ;
#4080 = ORIENTED_EDGE ( 'NONE', *, *, #3644, .T. ) ;
#4081 = CARTESIAN_POINT ( 'NONE',  ( 10.54100000000000570, 0.000000000000000000, 1.270000000000002238 ) ) ;
#4082 = ADVANCED_FACE ( 'NONE', ( #4889 ), #4438, .T. ) ;
#4083 = CARTESIAN_POINT ( 'NONE',  ( -15.24000000000000021, 0.000000000000000000, -0.8889999999999981251 ) ) ;
#4084 =( NAMED_UNIT ( * ) SI_UNIT ( $, .STERADIAN. ) SOLID_ANGLE_UNIT ( ) );
#4085 = DIRECTION ( 'NONE',  ( -0.000000000000000000, 1.000000000000000000, 0.000000000000000000 ) ) ;
#4086 = EDGE_LOOP ( 'NONE', ( #339, #3017, #767, #1903 ) ) ;
#4087 = ORIENTED_EDGE ( 'NONE', *, *, #1927, .F. ) ;
#4088 = EDGE_LOOP ( 'NONE', ( #4133, #2923, #408, #361 ) ) ;
#4089 = DIRECTION ( 'NONE',  ( 1.000000000000000000, 0.000000000000000000, -2.439149994343089694E-16 ) ) ;
#4090 = CARTESIAN_POINT ( 'NONE',  ( -2.539999999999995595, 2.540000000000000036, 0.8890000000000015667 ) ) ;
#4091 = FACE_OUTER_BOUND ( 'NONE', #2634, .T. ) ;
#4092 = VECTOR ( 'NONE', #2200, 1000.000000000000114 ) ;
#4093 = CARTESIAN_POINT ( 'NONE',  ( 14.85900000000000709, 2.540000000000000036, 1.270000000000001794 ) ) ;
#4094 = AXIS2_PLACEMENT_3D ( 'NONE', #5145, #1050, #5170 ) ;
#4095 = EDGE_LOOP ( 'NONE', ( #27, #1033, #5715, #3843 ) ) ;
#4096 = CARTESIAN_POINT ( 'NONE',  ( -2.539999999999995595, 0.000000000000000000, 0.8890000000000015667 ) ) ;
#4097 = ORIENTED_EDGE ( 'NONE', *, *, #3471, .F. ) ;
#4098 = CARTESIAN_POINT ( 'NONE',  ( 13.65250000000000519, 2.540000000000000036, 0.3175000000000011702 ) ) ;
#4099 = CARTESIAN_POINT ( 'NONE',  ( 9.779000000000007020, 2.540000000000000036, 1.270000000000001794 ) ) ;
#4100 = ORIENTED_EDGE ( 'NONE', *, *, #4280, .F. ) ;
#4101 = LINE ( 'NONE', #1410, #2562 ) ;
#4102 = ORIENTED_EDGE ( 'NONE', *, *, #4322, .T. ) ;
#4103 = CARTESIAN_POINT ( 'NONE',  ( 2.921000000000003372, 0.000000000000000000, 1.270000000000002238 ) ) ;
#4104 = ORIENTED_EDGE ( 'NONE', *, *, #346, .F. ) ;
#4105 = PLANE ( 'NONE',  #4939 ) ;
#4106 = EDGE_CURVE ( 'NONE', #5067, #2674, #1726, .T. ) ;
#4107 = EDGE_CURVE ( 'NONE', #1354, #2018, #4860, .T. ) ;
#4108 = ORIENTED_EDGE ( 'NONE', *, *, #4676, .F. ) ;
#4109 = PRESENTATION_STYLE_ASSIGNMENT (( #5037 ) ) ;
#4110 = CARTESIAN_POINT ( 'NONE',  ( 8.001000000000004775, 0.000000000000000000, 1.270000000000002238 ) ) ;
#4111 = ADVANCED_FACE ( 'NONE', ( #2085 ), #3633, .T. ) ;
#4112 = VERTEX_POINT ( 'NONE', #1333 ) ;
#4113 = EDGE_CURVE ( 'NONE', #4349, #654, #884, .T. ) ;
#4114 = EDGE_LOOP ( 'NONE', ( #36, #2192, #700, #1669 ) ) ;
#4115 = CARTESIAN_POINT ( 'NONE',  ( 10.16000000000000369, 0.000000000000000000, -0.8889999999999986802 ) ) ;
#4116 = DIRECTION ( 'NONE',  ( 0.000000000000000000, 1.000000000000000000, 0.000000000000000000 ) ) ;
#4117 = DIRECTION ( 'NONE',  ( 0.000000000000000000, 0.000000000000000000, -1.000000000000000000 ) ) ;
#4118 = CARTESIAN_POINT ( 'NONE',  ( 5.080000000000000959, 0.000000000000000000, -0.8889999999999981251 ) ) ;
#4119 = AXIS2_PLACEMENT_3D ( 'NONE', #4026, #1850, #4505 ) ;
#4120 = EDGE_LOOP ( 'NONE', ( #5338, #5155, #641, #609, #5228, #4403, #1340, #142 ) ) ;
#4121 = CARTESIAN_POINT ( 'NONE',  ( 0.3809999999999993947, 0.000000000000000000, -1.269999999999998019 ) ) ;
#4122 = ORIENTED_EDGE ( 'NONE', *, *, #3169, .F. ) ;
#4123 = PLANE ( 'NONE',  #3117 ) ;
#4124 = DIRECTION ( 'NONE',  ( -0.7071067811865479058, 0.000000000000000000, -0.7071067811865471286 ) ) ;
#4125 = VECTOR ( 'NONE', #1048, 1000.000000000000000 ) ;
#4126 = DIRECTION ( 'NONE',  ( 0.000000000000000000, 1.000000000000000000, 0.000000000000000000 ) ) ;
#4127 = LINE ( 'NONE', #877, #4854 ) ;
#4128 = ORIENTED_EDGE ( 'NONE', *, *, #1635, .T. ) ;
#4129 = DIRECTION ( 'NONE',  ( 1.000000000000000000, 0.000000000000000000, 0.000000000000000000 ) ) ;
#4130 = VERTEX_POINT ( 'NONE', #3158 ) ;
#4131 = PRODUCT_DEFINITION_SHAPE ( 'NONE', 'NONE',  #5925 ) ;
#4132 = SURFACE_STYLE_USAGE ( .BOTH. , #908 ) ;
#4133 = ORIENTED_EDGE ( 'NONE', *, *, #4034, .F. ) ;
#4134 = ADVANCED_FACE ( 'NONE', ( #5003 ), #434, .T. ) ;
#4135 = CARTESIAN_POINT ( 'NONE',  ( 5.461000000000003851, 0.000000000000000000, 1.270000000000002238 ) ) ;
#4136 = ORIENTED_EDGE ( 'NONE', *, *, #4205, .F. ) ;
#4137 = COLOUR_RGB ( '',0.2509803921568627416, 0.2509803921568627416, 0.2509803921568627416 ) ;
#4138 = ORIENTED_EDGE ( 'NONE', *, *, #3541, .F. ) ;
#4139 = PLANE ( 'NONE',  #4250 ) ;
#4140 = LINE ( 'NONE', #1427, #4884 ) ;
#4141 = DIRECTION ( 'NONE',  ( 1.000000000000000000, 0.000000000000000000, -0.000000000000000000 ) ) ;
#4142 = ADVANCED_FACE ( 'NONE', ( #1786 ), #5398, .T. ) ;
#4143 = CARTESIAN_POINT ( 'NONE',  ( -3.492499999999997495, 2.540000000000000036, -0.3174999999999990052 ) ) ;
#4144 = EDGE_CURVE ( 'NONE', #2090, #5236, #4525, .T. ) ;
#4145 = AXIS2_PLACEMENT_3D ( 'NONE', #3370, #3862, #2077 ) ;
#4146 = ORIENTED_EDGE ( 'NONE', *, *, #1000, .T. ) ;
#4147 = CARTESIAN_POINT ( 'NONE',  ( 0.000000000000000000, 0.000000000000000000, -0.8889999999999981251 ) ) ;
#4148 = ORIENTED_EDGE ( 'NONE', *, *, #5919, .F. ) ;
#4149 = PRESENTATION_STYLE_ASSIGNMENT (( #898 ) ) ;
#4150 = STYLED_ITEM ( 'NONE', ( #2678 ), #3274 ) ;
#4151 = DIRECTION ( 'NONE',  ( -0.7071067811865471286, 0.000000000000000000, 0.7071067811865479058 ) ) ;
#4152 = EDGE_CURVE ( 'NONE', #2692, #2704, #2264, .T. ) ;
#4154 = LINE ( 'NONE', #3625, #882 ) ;
#4153 = VECTOR ( 'NONE', #5166, 1000.000000000000114 ) ;
#4155 = VERTEX_POINT ( 'NONE', #5858 ) ;
#4156 = CARTESIAN_POINT ( 'NONE',  ( 5.461000000000000298, 2.540000000000000036, -1.269999999999998019 ) ) ;
#4157 = EDGE_LOOP ( 'NONE', ( #5885, #1140, #5242, #5536 ) ) ;
#4158 = PLANE ( 'NONE',  #1868 ) ;
#4159 = EDGE_LOOP ( 'NONE', ( #2986, #1972, #3535, #4283, #3420, #2334, #4184, #3173 ) ) ;
#4160 = AXIS2_PLACEMENT_3D ( 'NONE', #3938, #3022, #5779 ) ;
#4161 = EDGE_CURVE ( 'NONE', #4958, #455, #1755, .T. ) ;
#4162 = VECTOR ( 'NONE', #3944, 1000.000000000000000 ) ;
#4163 = CARTESIAN_POINT ( 'NONE',  ( 6.032500000000003304, 0.000000000000000000, -0.3174999999999990052 ) ) ;
#4164 = ORIENTED_EDGE ( 'NONE', *, *, #3668, .F. ) ;
#4165 = FILL_AREA_STYLE ('',( #5517 ) ) ;
#4166 = CARTESIAN_POINT ( 'NONE',  ( -14.85899999999999643, 2.540000000000000036, 1.270000000000002238 ) ) ;
#4167 = ORIENTED_EDGE ( 'NONE', *, *, #4695, .T. ) ;
#4168 = PRESENTATION_LAYER_ASSIGNMENT (  '', '', ( #731 ) ) ;
#4169 = ORIENTED_EDGE ( 'NONE', *, *, #5651, .T. ) ;
#4170 = AXIS2_PLACEMENT_3D ( 'NONE', #1523, #2473, #2088 ) ;
#4171 = DIRECTION ( 'NONE',  ( 0.000000000000000000, 0.000000000000000000, -1.000000000000000000 ) ) ;
#4172 = DIRECTION ( 'NONE',  ( 0.000000000000000000, 1.000000000000000000, 0.000000000000000000 ) ) ;
#4173 = DIRECTION ( 'NONE',  ( 1.951319995474474122E-15, 0.000000000000000000, 1.000000000000000000 ) ) ;
#4174 = CARTESIAN_POINT ( 'NONE',  ( -9.207499999999997797, 2.540000000000000036, 0.3175000000000011702 ) ) ;
#4175 = VECTOR ( 'NONE', #1137, 1000.000000000000000 ) ;
#4176 = ORIENTED_EDGE ( 'NONE', *, *, #1377, .F. ) ;
#4177 = DIRECTION ( 'NONE',  ( 1.951319995474474122E-15, 0.000000000000000000, 1.000000000000000000 ) ) ;
#4178 = ORIENTED_EDGE ( 'NONE', *, *, #2929, .F. ) ;
#4179 = EDGE_CURVE ( 'NONE', #5893, #666, #4950, .T. ) ;
#4180 = EDGE_CURVE ( 'NONE', #2775, #4825, #4495, .T. ) ;
#4181 = CARTESIAN_POINT ( 'NONE',  ( 8.001000000000004775, 0.000000000000000000, 1.270000000000002238 ) ) ;
#4182 = PRODUCT_DEFINITION_SHAPE ( 'NONE', 'NONE',  #5923 ) ;
#4183 = DIRECTION ( 'NONE',  ( 0.7071067811865505703, -0.000000000000000000, 0.7071067811865444641 ) ) ;
#4184 = ORIENTED_EDGE ( 'NONE', *, *, #4844, .T. ) ;
#4185 = DIRECTION ( 'NONE',  ( -0.000000000000000000, -1.000000000000000000, -0.000000000000000000 ) ) ;
#4186 = ORIENTED_EDGE ( 'NONE', *, *, #5573, .T. ) ;
#4187 = ADVANCED_FACE ( 'NONE', ( #5886 ), #820, .F. ) ;
#4188 = DIRECTION ( 'NONE',  ( 0.000000000000000000, 0.000000000000000000, 1.000000000000000000 ) ) ;
#4189 = ORIENTED_EDGE ( 'NONE', *, *, #4435, .T. ) ;
#4190 = PLANE ( 'NONE',  #1107 ) ;
#4191 = DIRECTION ( 'NONE',  ( -0.7071067811865471286, 0.000000000000000000, 0.7071067811865479058 ) ) ;
#4192 = ORIENTED_EDGE ( 'NONE', *, *, #2433, .T. ) ;
#4193 =( NAMED_UNIT ( * ) SI_UNIT ( $, .STERADIAN. ) SOLID_ANGLE_UNIT ( ) );
#4194 = CARTESIAN_POINT ( 'NONE',  ( 7.620000000000001883, 0.000000000000000000, -0.8889999999999981251 ) ) ;
#4195 = ORIENTED_EDGE ( 'NONE', *, *, #4399, .T. ) ;
#4196 = ORIENTED_EDGE ( 'NONE', *, *, #3528, .T. ) ;
#4197 = DIRECTION ( 'NONE',  ( 0.000000000000000000, 0.000000000000000000, -1.000000000000000000 ) ) ;
#4198 = CARTESIAN_POINT ( 'NONE',  ( -5.079999999999999183, 0.000000000000000000, -0.8889999999999981251 ) ) ;
#4199 = CARTESIAN_POINT ( 'NONE',  ( 0.2911880754972407392, -10.44888787225399973, -0.2911880754972407948 ) ) ;
#4200 = CARTESIAN_POINT ( 'NONE',  ( 8.572500000000003340, 2.540000000000000036, -0.3174999999999990052 ) ) ;
#4201 = ORIENTED_EDGE ( 'NONE', *, *, #4435, .F. ) ;
#4202 = LINE ( 'NONE', #590, #3859 ) ;
#4203 = EDGE_LOOP ( 'NONE', ( #4517, #5797, #747, #1671 ) ) ;
#4204 = CARTESIAN_POINT ( 'NONE',  ( -0.2446143550033492986, -10.66799999999999926, -0.2446143550033492986 ) ) ;
#4205 = EDGE_CURVE ( 'NONE', #3714, #5850, #2420, .T. ) ;
#4206 = VECTOR ( 'NONE', #3641, 1000.000000000000000 ) ;
#4207 = LINE ( 'NONE', #699, #1750 ) ;
#4208 = ORIENTED_EDGE ( 'NONE', *, *, #4810, .T. ) ;
#4209 = DIRECTION ( 'NONE',  ( 0.000000000000000000, 1.000000000000000000, 0.000000000000000000 ) ) ;
#4210 = EDGE_LOOP ( 'NONE', ( #2369, #5567, #656, #457 ) ) ;
#4211 = LINE ( 'NONE', #4578, #4430 ) ;
#4212 = VERTEX_POINT ( 'NONE', #146 ) ;
#4213 = VECTOR ( 'NONE', #5023, 1000.000000000000114 ) ;
#4214 = CARTESIAN_POINT ( 'NONE',  ( 3.469446951953614189E-15, 2.540000000000000036, 0.8890000000000015667 ) ) ;
#4215 = EDGE_CURVE ( 'NONE', #3118, #4389, #4234, .T. ) ;
#4216 = EDGE_CURVE ( 'NONE', #3520, #5622, #2095, .T. ) ;
#4217 = FACE_OUTER_BOUND ( 'NONE', #5806, .T. ) ;
#4218 = CARTESIAN_POINT ( 'NONE',  ( -14.85899999999999643, 2.540000000000000036, 1.270000000000002238 ) ) ;
#4219 = ORIENTED_EDGE ( 'NONE', *, *, #2929, .T. ) ;
#4220 = DIRECTION ( 'NONE',  ( 1.000000000000000000, 0.000000000000000000, 0.000000000000000000 ) ) ;
#4221 = DIRECTION ( 'NONE',  ( 0.000000000000000000, -0.000000000000000000, 1.000000000000000000 ) ) ;
#4222 = ORIENTED_EDGE ( 'NONE', *, *, #2499, .F. ) ;
#4223 = VERTEX_POINT ( 'NONE', #4323 ) ;
#4224 = PRODUCT_DEFINITION_SHAPE ( 'NONE', 'NONE',  #5935 ) ;
#4225 = DIRECTION ( 'NONE',  ( 1.000000000000000000, 0.000000000000000000, -2.439149994343089694E-16 ) ) ;
#4226 = CARTESIAN_POINT ( 'NONE',  ( 14.28750000000000497, 2.540000000000000036, -0.3174999999999990052 ) ) ;
#4227 = DIRECTION ( 'NONE',  ( -0.7071067811865489050, 0.000000000000000000, 0.7071067811865462405 ) ) ;
#4228 = DIRECTION ( 'NONE',  ( 0.2035585949527758676, -0.9576678948579738782, -0.2035585949527758676 ) ) ;
#4229 = EDGE_CURVE ( 'NONE', #2749, #1591, #4808, .T. ) ;
#4230 = EDGE_LOOP ( 'NONE', ( #3109, #5527, #1317, #374 ) ) ;
#4231 = CARTESIAN_POINT ( 'NONE',  ( 15.24000000000000554, 0.000000000000000000, 0.8890000000000009006 ) ) ;
#4232 = ORIENTED_EDGE ( 'NONE', *, *, #1667, .F. ) ;
#4233 = CARTESIAN_POINT ( 'NONE',  ( -3.492499999999997495, 0.000000000000000000, -0.3174999999999990052 ) ) ;
#4234 = LINE ( 'NONE', #4750, #344 ) ;
#4235 = DIRECTION ( 'NONE',  ( -0.7071067811865471286, 0.000000000000000000, 0.7071067811865479058 ) ) ;
#4236 = DIRECTION ( 'NONE',  ( 0.7071067811865492381, 0.000000000000000000, -0.7071067811865457964 ) ) ;
#4237 = VERTEX_POINT ( 'NONE', #2009 ) ;
#4238 = CARTESIAN_POINT ( 'NONE',  ( -4.698999999999996291, 0.000000000000000000, 1.270000000000002238 ) ) ;
#4239 = ORIENTED_EDGE ( 'NONE', *, *, #706, .F. ) ;
#4240 = VECTOR ( 'NONE', #689, 1000.000000000000114 ) ;
#4241 = DIRECTION ( 'NONE',  ( 0.000000000000000000, 1.000000000000000000, 0.000000000000000000 ) ) ;
#4242 = DIRECTION ( 'NONE',  ( 0.000000000000000000, 0.000000000000000000, 1.000000000000000000 ) ) ;
#4243 = PLANE ( 'NONE',  #4836 ) ;
#4244 = VECTOR ( 'NONE', #1013, 1000.000000000000000 ) ;
#4245 = PRESENTATION_LAYER_ASSIGNMENT (  '', '', ( #4150 ) ) ;
#4246 = CARTESIAN_POINT ( 'NONE',  ( 5.461000000000000298, 0.000000000000000000, -1.269999999999998019 ) ) ;
#4247 = PLANE ( 'NONE',  #1283 ) ;
#4248 = ORIENTED_EDGE ( 'NONE', *, *, #1564, .T. ) ;
#4249 = ADVANCED_FACE ( 'NONE', ( #4267 ), #1130, .T. ) ;
#4250 = AXIS2_PLACEMENT_3D ( 'NONE', #1426, #41, #2804 ) ;
#4251 = EDGE_CURVE ( 'NONE', #3143, #4359, #623, .T. ) ;
#4252 = VECTOR ( 'NONE', #4048, 1000.000000000000000 ) ;
#4253 = VERTEX_POINT ( 'NONE', #5682 ) ;
#4254 = VERTEX_POINT ( 'NONE', #181 ) ;
#4255 = EDGE_CURVE ( 'NONE', #1725, #2852, #5139, .T. ) ;
#4256 = CARTESIAN_POINT ( 'NONE',  ( -7.620000000000000107, 0.000000000000000000, -0.8889999999999981251 ) ) ;
#4257 = LINE ( 'NONE', #5524, #4303 ) ;
#4258 = VECTOR ( 'NONE', #4314, 1000.000000000000000 ) ;
#4259 = CARTESIAN_POINT ( 'NONE',  ( -0.9524999999999967937, 2.540000000000000036, -0.3174999999999990052 ) ) ;
#4260 = CARTESIAN_POINT ( 'NONE',  ( -2.920999999999994934, 0.000000000000000000, 1.270000000000001794 ) ) ;
#4261 = VECTOR ( 'NONE', #89, 1000.000000000000000 ) ;
#4262 = ORIENTED_EDGE ( 'NONE', *, *, #1896, .T. ) ;
#4263 = CARTESIAN_POINT ( 'NONE',  ( 2.540000000000004032, 2.540000000000000036, 0.8890000000000015667 ) ) ;
#4264 = ORIENTED_EDGE ( 'NONE', *, *, #4767, .F. ) ;
#4265 = EDGE_CURVE ( 'NONE', #883, #1831, #2899, .T. ) ;
#4266 = DIRECTION ( 'NONE',  ( 1.000000000000000000, 0.000000000000000000, 0.000000000000000000 ) ) ;
#4267 = FACE_OUTER_BOUND ( 'NONE', #3026, .T. ) ;
#4268 = FILL_AREA_STYLE ('',( #1190 ) ) ;
#4269 = AXIS2_PLACEMENT_3D ( 'NONE', #3643, #3755, #3258 ) ;
#4270 = ORIENTED_EDGE ( 'NONE', *, *, #2998, .T. ) ;
#4271 = CARTESIAN_POINT ( 'NONE',  ( 3.492500000000002380, 0.000000000000000000, -0.3174999999999990052 ) ) ;
#4272 = ORIENTED_EDGE ( 'NONE', *, *, #5920, .F. ) ;
#4273 = PRESENTATION_LAYER_ASSIGNMENT (  '', '', ( #3707 ) ) ;
#4274 = CARTESIAN_POINT ( 'NONE',  ( 10.16000000000000192, 2.540000000000000036, -0.8889999999999981251 ) ) ;
#4275 = PLANE ( 'NONE',  #2750 ) ;
#4276 = CARTESIAN_POINT ( 'NONE',  ( -4.127499999999997726, 2.540000000000000036, -0.3174999999999990052 ) ) ;
#4277 = DIRECTION ( 'NONE',  ( 0.000000000000000000, 1.000000000000000000, 0.000000000000000000 ) ) ;
#4278 = ORIENTED_EDGE ( 'NONE', *, *, #2578, .T. ) ;
#4279 = SHAPE_DEFINITION_REPRESENTATION ( #4708, #5475 ) ;
#4280 = EDGE_CURVE ( 'NONE', #4841, #4997, #3416, .T. ) ;
#4281 = ADVANCED_FACE ( 'NONE', ( #655 ), #1161, .T. ) ;
#4282 = FILL_AREA_STYLE ('',( #1996 ) ) ;
#4283 = ORIENTED_EDGE ( 'NONE', *, *, #4051, .T. ) ;
#4284 = EDGE_CURVE ( 'NONE', #1775, #876, #4779, .T. ) ;
#4285 = ORIENTED_EDGE ( 'NONE', *, *, #57, .F. ) ;
#4286 = CARTESIAN_POINT ( 'NONE',  ( -4.698999999999999844, 0.000000000000000000, -1.269999999999998019 ) ) ;
#4287 = CARTESIAN_POINT ( 'NONE',  ( 7.239000000000006096, 2.540000000000000036, -1.269999999999998241 ) ) ;
#4288 = LINE ( 'NONE', #4199, #2451 ) ;
#4289 = CARTESIAN_POINT ( 'NONE',  ( 13.08100000000000662, 0.000000000000000000, 1.270000000000002238 ) ) ;
#4290 = ADVANCED_FACE ( 'NONE', ( #5653, #678 ), #1498, .F. ) ;
#4291 = EDGE_CURVE ( 'NONE', #1731, #32, #3359, .T. ) ;
#4292 = ORIENTED_EDGE ( 'NONE', *, *, #1916, .T. ) ;
#4293 = CARTESIAN_POINT ( 'NONE',  ( 2.540000000000000480, 0.000000000000000000, -0.8889999999999981251 ) ) ;
#4294 = ORIENTED_EDGE ( 'NONE', *, *, #3712, .T. ) ;
#4295 = DIRECTION ( 'NONE',  ( 0.7071067811865463515, 0.000000000000000000, 0.7071067811865487940 ) ) ;
#4296 = ORIENTED_EDGE ( 'NONE', *, *, #1595, .F. ) ;
#4297 = DIRECTION ( 'NONE',  ( 0.000000000000000000, 1.000000000000000000, 0.000000000000000000 ) ) ;
#4298 = ORIENTED_EDGE ( 'NONE', *, *, #4369, .F. ) ;
#4299 = UNCERTAINTY_MEASURE_WITH_UNIT (LENGTH_MEASURE( 1.000000000000000082E-05 ), #2798, 'distance_accuracy_value', 'NONE');
#4300 = FILL_AREA_STYLE ('',( #5659 ) ) ;
#4301 = DIRECTION ( 'NONE',  ( -1.000000000000000000, -0.000000000000000000, 2.439149994343084764E-16 ) ) ;
#4302 = CARTESIAN_POINT ( 'NONE',  ( -10.54099999999999504, 0.000000000000000000, -1.269999999999998241 ) ) ;
#4303 = VECTOR ( 'NONE', #4172, 1000.000000000000000 ) ;
#4304 = PLANE ( 'NONE',  #907 ) ;
#4305 = VERTEX_POINT ( 'NONE', #3881 ) ;
#4306 = DIRECTION ( 'NONE',  ( 1.000000000000000000, 0.000000000000000000, 0.000000000000000000 ) ) ;
#4307 = VECTOR ( 'NONE', #5849, 1000.000000000000000 ) ;
#4308 = DIRECTION ( 'NONE',  ( -0.7071067811865471286, -0.000000000000000000, 0.7071067811865479058 ) ) ;
#4309 = EDGE_LOOP ( 'NONE', ( #5008, #5137, #1554, #626 ) ) ;
#4310 = VERTEX_POINT ( 'NONE', #5718 ) ;
#4311 = CARTESIAN_POINT ( 'NONE',  ( 5.080000000000000959, 2.540000000000000036, -0.8889999999999981251 ) ) ;
#4312 = CARTESIAN_POINT ( 'NONE',  ( -11.74749999999999694, 2.540000000000000036, 0.3175000000000011702 ) ) ;
#4313 = EDGE_CURVE ( 'NONE', #4680, #4155, #4719, .T. ) ;
#4314 = DIRECTION ( 'NONE',  ( -1.000000000000000000, -0.000000000000000000, -0.000000000000000000 ) ) ;
#4315 = LINE ( 'NONE', #1578, #1412 ) ;
#4316 = PRODUCT_RELATED_PRODUCT_CATEGORY ( 'part', '', ( #5087 ) ) ;
#4317 = ORIENTED_EDGE ( 'NONE', *, *, #5774, .F. ) ;
#4318 = PLANE ( 'NONE',  #2594 ) ;
#4319 = ORIENTED_EDGE ( 'NONE', *, *, #1011, .F. ) ;
#4320 = CARTESIAN_POINT ( 'NONE',  ( 11.74750000000000405, 0.000000000000000000, 0.3175000000000011702 ) ) ;
#4321 = EDGE_CURVE ( 'NONE', #4112, #2018, #2934, .T. ) ;
#4322 = EDGE_CURVE ( 'NONE', #3268, #5437, #592, .T. ) ;
#4323 = CARTESIAN_POINT ( 'NONE',  ( 12.70000000000000462, 0.000000000000000000, -0.8889999999999986802 ) ) ;
#4324 = SURFACE_STYLE_FILL_AREA ( #3386 ) ;
#4325 = VECTOR ( 'NONE', #2661, 1000.000000000000000 ) ;
#4326 = ORIENTED_EDGE ( 'NONE', *, *, #1182, .T. ) ;
#4327 = DIRECTION ( 'NONE',  ( 0.7071067811865462405, 0.000000000000000000, 0.7071067811865489050 ) ) ;
#4328 = VERTEX_POINT ( 'NONE', #3083 ) ;
#4329 = FACE_OUTER_BOUND ( 'NONE', #1157, .T. ) ;
#4330 = VECTOR ( 'NONE', #1390, 1000.000000000000000 ) ;
#4331 = EDGE_CURVE ( 'NONE', #32, #494, #2211, .T. ) ;
#4332 = PLANE ( 'NONE',  #926 ) ;
#4333 = VECTOR ( 'NONE', #543, 1000.000000000000000 ) ;
#4334 = LINE ( 'NONE', #3807, #1987 ) ;
#4335 = CARTESIAN_POINT ( 'NONE',  ( 10.16000000000000547, 0.000000000000000000, 0.8890000000000015667 ) ) ;
#4336 = VERTEX_POINT ( 'NONE', #2600 ) ;
#4337 = EDGE_CURVE ( 'NONE', #876, #1661, #4898, .T. ) ;
#4338 = STYLED_ITEM ( 'NONE', ( #4149 ), #3402 ) ;
#4339 = LINE ( 'NONE', #5669, #4037 ) ;
#4340 = VECTOR ( 'NONE', #835, 1000.000000000000000 ) ;
#4341 = EDGE_LOOP ( 'NONE', ( #4248, #2007, #842, #6 ) ) ;
#4342 = ORIENTED_EDGE ( 'NONE', *, *, #10, .T. ) ;
#4343 = LINE ( 'NONE', #5272, #3410 ) ;
#4344 = CARTESIAN_POINT ( 'NONE',  ( 2.540000000000000480, 2.540000000000000036, -0.8889999999999981251 ) ) ;
#4345 = CARTESIAN_POINT ( 'NONE',  ( -5.079999999999995630, 0.000000000000000000, 0.8890000000000015667 ) ) ;
#4346 = PLANE ( 'NONE',  #4170 ) ;
#4347 = VECTOR ( 'NONE', #5348, 1000.000000000000000 ) ;
#4348 = CARTESIAN_POINT ( 'NONE',  ( 12.70000000000000284, 0.000000000000000000, -0.8889999999999981251 ) ) ;
#4349 = VERTEX_POINT ( 'NONE', #804 ) ;
#4350 = PLANE ( 'NONE',  #3108 ) ;
#4351 = VERTEX_POINT ( 'NONE', #2186 ) ;
#4352 = AXIS2_PLACEMENT_3D ( 'NONE', #826, #5306, #2114 ) ;
#4353 = CARTESIAN_POINT ( 'NONE',  ( 5.080000000000002736, 0.000000000000000000, 0.8890000000000009006 ) ) ;
#4354 = LINE ( 'NONE', #4807, #1254 ) ;
#4355 = CARTESIAN_POINT ( 'NONE',  ( 0.000000000000000000, -10.66799999999999926, 0.000000000000000000 ) ) ;
#4356 = LINE ( 'NONE', #3417, #1120 ) ;
#4357 = VECTOR ( 'NONE', #2607, 1000.000000000000000 ) ;
#4358 = EDGE_CURVE ( 'NONE', #5538, #5212, #1734, .T. ) ;
#4359 = VERTEX_POINT ( 'NONE', #1647 ) ;
#4360 = ADVANCED_FACE ( 'NONE', ( #3146 ), #1189, .T. ) ;
#4361 = DIRECTION ( 'NONE',  ( 1.000000000000000000, 0.000000000000000000, -2.439149994343089694E-16 ) ) ;
#4362 = VERTEX_POINT ( 'NONE', #2124 ) ;
#4363 = CARTESIAN_POINT ( 'NONE',  ( -2.539999999999998703, 0.000000000000000000, -0.8889999999999981251 ) ) ;
#4364 = VECTOR ( 'NONE', #4003, 1000.000000000000000 ) ;
#4365 = CARTESIAN_POINT ( 'NONE',  ( 6.667500000000003091, 2.540000000000000036, -0.3174999999999990052 ) ) ;
#4366 = VECTOR ( 'NONE', #1953, 1000.000000000000000 ) ;
#4367 =( GEOMETRIC_REPRESENTATION_CONTEXT ( 3 ) GLOBAL_UNCERTAINTY_ASSIGNED_CONTEXT ( ( #4784 ) ) GLOBAL_UNIT_ASSIGNED_CONTEXT ( ( #691, #638, #4193 ) ) REPRESENTATION_CONTEXT ( 'NONE', 'WORKASPACE' ) );
#4368 = CARTESIAN_POINT ( 'NONE',  ( -14.85899999999999999, 2.540000000000000036, -1.269999999999998019 ) ) ;
#4369 = EDGE_CURVE ( 'NONE', #29, #952, #1709, .T. ) ;
#4370 = DIRECTION ( 'NONE',  ( 0.7071067811865444641, 0.000000000000000000, -0.7071067811865505703 ) ) ;
#4371 = UNCERTAINTY_MEASURE_WITH_UNIT (LENGTH_MEASURE( 1.000000000000000082E-05 ), #4540, 'distance_accuracy_value', 'NONE');
#4372 = DIRECTION ( 'NONE',  ( -1.000000000000000000, 0.000000000000000000, -0.000000000000000000 ) ) ;
#4373 = ORIENTED_EDGE ( 'NONE', *, *, #2365, .T. ) ;
#4374 = DIRECTION ( 'NONE',  ( -1.000000000000000000, 0.000000000000000000, 0.000000000000000000 ) ) ;
#4375 = ORIENTED_EDGE ( 'NONE', *, *, #2460, .F. ) ;
#4376 = ORIENTED_EDGE ( 'NONE', *, *, #5540, .F. ) ;
#4377 = FACE_BOUND ( 'NONE', #4811, .T. ) ;
#4378 = CARTESIAN_POINT ( 'NONE',  ( 7.239000000000006096, 0.000000000000000000, -1.269999999999998241 ) ) ;
#4379 = DIRECTION ( 'NONE',  ( -1.000000000000000000, -0.000000000000000000, -0.000000000000000000 ) ) ;
#4380 = CARTESIAN_POINT ( 'NONE',  ( 8.001000000000001222, 0.000000000000000000, -1.269999999999998019 ) ) ;
#4381 = DIRECTION ( 'NONE',  ( 1.000000000000000000, 0.000000000000000000, -0.000000000000000000 ) ) ;
#4382 = VERTEX_POINT ( 'NONE', #1674 ) ;
#4383 = FACE_OUTER_BOUND ( 'NONE', #3028, .T. ) ;
#4384 = ORIENTED_EDGE ( 'NONE', *, *, #4280, .T. ) ;
#4385 = PLANE ( 'NONE',  #1198 ) ;
#4386 = DIRECTION ( 'NONE',  ( 0.000000000000000000, -0.000000000000000000, 1.000000000000000000 ) ) ;
#4387 = FACE_OUTER_BOUND ( 'NONE', #390, .T. ) ;
#4388 = CARTESIAN_POINT ( 'NONE',  ( 11.74750000000000405, 0.000000000000000000, 0.3175000000000011702 ) ) ;
#4389 = VERTEX_POINT ( 'NONE', #4450 ) ;
#4390 = DIRECTION ( 'NONE',  ( 0.000000000000000000, 0.000000000000000000, -1.000000000000000000 ) ) ;
#4391 = ORIENTED_EDGE ( 'NONE', *, *, #1255, .F. ) ;
#4392 = CARTESIAN_POINT ( 'NONE',  ( 0.000000000000000000, 8.382000000000001450, 0.000000000000000000 ) ) ;
#4393 = EDGE_CURVE ( 'NONE', #954, #2155, #5284, .T. ) ;
#4394 = LINE ( 'NONE', #5201, #1878 ) ;
#4395 = LINE ( 'NONE', #5330, #1932 ) ;
#4396 = LINE ( 'NONE', #2197, #5328 ) ;
#4397 = CARTESIAN_POINT ( 'NONE',  ( 8.572500000000003340, 2.540000000000000036, 0.3175000000000011702 ) ) ;
#4398 = ORIENTED_EDGE ( 'NONE', *, *, #2074, .F. ) ;
#4399 = EDGE_CURVE ( 'NONE', #251, #2808, #2699, .T. ) ;
#4400 = EDGE_CURVE ( 'NONE', #86, #932, #5376, .T. ) ;
#4401 = CLOSED_SHELL ( 'NONE', ( #4082, #4360, #3204, #615, #4249, #2746, #3893, #4454, #4444, #1222, #307, #358, #2395, #1782 ) ) ;
#4402 = DIRECTION ( 'NONE',  ( 0.000000000000000000, 1.000000000000000000, 0.000000000000000000 ) ) ;
#4403 = ORIENTED_EDGE ( 'NONE', *, *, #3249, .T. ) ;
#4404 = EDGE_LOOP ( 'NONE', ( #520, #5297, #2521, #4462 ) ) ;
#4405 = CARTESIAN_POINT ( 'NONE',  ( -7.238999999999997215, 0.000000000000000000, 1.270000000000002238 ) ) ;
#4406 = VECTOR ( 'NONE', #4126, 1000.000000000000000 ) ;
#4407 = EDGE_CURVE ( 'NONE', #4732, #2866, #3503, .T. ) ;
#4408 = DIRECTION ( 'NONE',  ( 0.000000000000000000, 0.000000000000000000, -1.000000000000000000 ) ) ;
#4409 = CARTESIAN_POINT ( 'NONE',  ( -7.620000000000000107, 0.000000000000000000, -0.8889999999999981251 ) ) ;
#4410 = PLANE ( 'NONE',  #799 ) ;
#4411 = ORIENTED_EDGE ( 'NONE', *, *, #159, .F. ) ;
#4412 = DIRECTION ( 'NONE',  ( 0.000000000000000000, 1.000000000000000000, 0.000000000000000000 ) ) ;
#4413 = ORIENTED_EDGE ( 'NONE', *, *, #5114, .T. ) ;
#4414 = LINE ( 'NONE', #320, #3502 ) ;
#4415 = DIRECTION ( 'NONE',  ( 0.7071067811865462405, 0.000000000000000000, 0.7071067811865489050 ) ) ;
#4416 = EDGE_CURVE ( 'NONE', #2215, #502, #3969, .T. ) ;
#4417 = DIRECTION ( 'NONE',  ( 0.000000000000000000, 1.000000000000000000, 0.000000000000000000 ) ) ;
#4418 = PLANE ( 'NONE',  #1215 ) ;
#4419 = ORIENTED_EDGE ( 'NONE', *, *, #5028, .F. ) ;
#4420 = LINE ( 'NONE', #5322, #3307 ) ;
#4421 = ORIENTED_EDGE ( 'NONE', *, *, #881, .F. ) ;
#4422 = PRODUCT_DEFINITION_CONTEXT ( 'detailed design', #5350, 'design' ) ;
#4423 =( LENGTH_UNIT ( ) NAMED_UNIT ( * ) SI_UNIT ( .MILLI., .METRE. ) );
#4424 = AXIS2_PLACEMENT_3D ( 'NONE', #2691, #3191, #407 ) ;
#4425 = CARTESIAN_POINT ( 'NONE',  ( 0.2446143550033492986, -10.66799999999999926, 0.2446143550033492986 ) ) ;
#4426 = DIRECTION ( 'NONE',  ( 0.000000000000000000, 0.000000000000000000, 1.000000000000000000 ) ) ;
#4427 = PLANE ( 'NONE',  #174 ) ;
#4428 = DIRECTION ( 'NONE',  ( 1.000000000000000000, 0.000000000000000000, -2.439149994343089694E-16 ) ) ;
#4429 = VERTEX_POINT ( 'NONE', #3476 ) ;
#4430 = VECTOR ( 'NONE', #459, 1000.000000000000000 ) ;
#4431 = SURFACE_STYLE_FILL_AREA ( #1330 ) ;
#4432 = EDGE_CURVE ( 'NONE', #2424, #2444, #4929, .T. ) ;
#4433 = VECTOR ( 'NONE', #1943, 1000.000000000000000 ) ;
#4434 = ORIENTED_EDGE ( 'NONE', *, *, #493, .T. ) ;
#4435 = EDGE_CURVE ( 'NONE', #824, #3143, #866, .T. ) ;
#4436 = ORIENTED_EDGE ( 'NONE', *, *, #4216, .T. ) ;
#4437 = AXIS2_PLACEMENT_3D ( 'NONE', #3421, #187, #1565 ) ;
#4438 = PLANE ( 'NONE',  #722 ) ;
#4439 = CARTESIAN_POINT ( 'NONE',  ( 3.469446951953614189E-15, 0.000000000000000000, -0.8889999999999986802 ) ) ;
#4440 = LINE ( 'NONE', #2658, #3607 ) ;
#4441 = VECTOR ( 'NONE', #583, 1000.000000000000000 ) ;
#4442 = DIRECTION ( 'NONE',  ( -0.000000000000000000, -0.000000000000000000, -1.000000000000000000 ) ) ;
#4443 = ORIENTED_EDGE ( 'NONE', *, *, #4661, .T. ) ;
#4444 = ADVANCED_FACE ( 'NONE', ( #1223, #2570 ), #1764, .F. ) ;
#4445 = LINE ( 'NONE', #5344, #484 ) ;
#4446 = EDGE_LOOP ( 'NONE', ( #410, #5113, #319, #1834 ) ) ;
#4447 = LINE ( 'NONE', #4868, #1969 ) ;
#4448 = DIRECTION ( 'NONE',  ( 0.7071067811865492381, 0.000000000000000000, -0.7071067811865457964 ) ) ;
#4449 = AXIS2_PLACEMENT_3D ( 'NONE', #4081, #5457, #375 ) ;
#4450 = CARTESIAN_POINT ( 'NONE',  ( 4.699000000000005173, 0.000000000000000000, 1.270000000000001794 ) ) ;
#4451 = DIRECTION ( 'NONE',  ( -0.000000000000000000, -0.000000000000000000, -1.000000000000000000 ) ) ;
#4452 = VECTOR ( 'NONE', #3159, 1000.000000000000114 ) ;
#4453 = ORIENTED_EDGE ( 'NONE', *, *, #3361, .T. ) ;
#4454 = ADVANCED_FACE ( 'NONE', ( #4387 ), #837, .T. ) ;
#4455 = FACE_OUTER_BOUND ( 'NONE', #1383, .T. ) ;
#4456 = EDGE_LOOP ( 'NONE', ( #1261, #4040, #4011, #4045 ) ) ;
#4457 = CARTESIAN_POINT ( 'NONE',  ( -4.698999999999999844, 0.000000000000000000, -1.269999999999998019 ) ) ;
#4458 = DIRECTION ( 'NONE',  ( 0.000000000000000000, 1.000000000000000000, 0.000000000000000000 ) ) ;
#4459 =( GEOMETRIC_REPRESENTATION_CONTEXT ( 3 ) GLOBAL_UNCERTAINTY_ASSIGNED_CONTEXT ( ( #3067 ) ) GLOBAL_UNIT_ASSIGNED_CONTEXT ( ( #2366, #1466, #1499 ) ) REPRESENTATION_CONTEXT ( 'NONE', 'WORKASPACE' ) );
#4460 = CARTESIAN_POINT ( 'NONE',  ( -2.158999999999999364, 2.540000000000000036, -1.269999999999998019 ) ) ;
#4461 = AXIS2_PLACEMENT_3D ( 'NONE', #5542, #1028, #1447 ) ;
#4462 = ORIENTED_EDGE ( 'NONE', *, *, #5028, .T. ) ;
#4463 = DIRECTION ( 'NONE',  ( -1.000000000000000000, 0.000000000000000000, 2.439149994343084764E-16 ) ) ;
#4464 = COLOUR_RGB ( '',0.7921568627450980005, 0.8196078431372548767, 0.9333333333333333481 ) ;
#4465 = CARTESIAN_POINT ( 'NONE',  ( 5.080000000000000959, 0.000000000000000000, -0.8889999999999981251 ) ) ;
#4466 = ORIENTED_EDGE ( 'NONE', *, *, #975, .T. ) ;
#4467 = AXIS2_PLACEMENT_3D ( 'NONE', #3199, #1853, #2329 ) ;
#4468 = SURFACE_STYLE_FILL_AREA ( #3986 ) ;
#4469 = EDGE_LOOP ( 'NONE', ( #117, #178, #1326, #5639 ) ) ;
#4470 = CARTESIAN_POINT ( 'NONE',  ( 12.70000000000000284, 2.540000000000000036, -0.8889999999999981251 ) ) ;
#4471 = LINE ( 'NONE', #255, #1790 ) ;
#4472 = EDGE_CURVE ( 'NONE', #5146, #4521, #4027, .T. ) ;
#4473 = SURFACE_STYLE_FILL_AREA ( #4919 ) ;
#4474 = CARTESIAN_POINT ( 'NONE',  ( 13.08100000000000307, 0.000000000000000000, -1.269999999999998019 ) ) ;
#4475 = VERTEX_POINT ( 'NONE', #3911 ) ;
#4476 = DIRECTION ( 'NONE',  ( 0.7071067811865444641, 0.000000000000000000, -0.7071067811865505703 ) ) ;
#4477 = ORIENTED_EDGE ( 'NONE', *, *, #5652, .F. ) ;
#4478 = DIRECTION ( 'NONE',  ( 1.000000000000000000, 0.000000000000000000, -2.439149994343089694E-16 ) ) ;
#4479 = CARTESIAN_POINT ( 'NONE',  ( 13.08100000000000662, 0.000000000000000000, 1.270000000000002238 ) ) ;
#4480 = DIRECTION ( 'NONE',  ( -2.439149994343084764E-16, 0.000000000000000000, -1.000000000000000000 ) ) ;
#4481 = ADVANCED_FACE ( 'NONE', ( #5749, #5897 ), #1343, .T. ) ;
#4482 = DIRECTION ( 'NONE',  ( 0.000000000000000000, 0.000000000000000000, -1.000000000000000000 ) ) ;
#4483 = ORIENTED_EDGE ( 'NONE', *, *, #4613, .T. ) ;
#4484 = LINE ( 'NONE', #3058, #2146 ) ;
#4485 = ORIENTED_EDGE ( 'NONE', *, *, #4229, .T. ) ;
#4486 = CARTESIAN_POINT ( 'NONE',  ( 0.3174999999999999489, 8.039099999999994139, -0.3174999999999999489 ) ) ;
#4487 = DIRECTION ( 'NONE',  ( 0.000000000000000000, 0.000000000000000000, -1.000000000000000000 ) ) ;
#4488 = ORIENTED_EDGE ( 'NONE', *, *, #2814, .T. ) ;
#4489 = DIRECTION ( 'NONE',  ( 0.7071067811865505703, -0.000000000000000000, 0.7071067811865444641 ) ) ;
#4490 = FACE_OUTER_BOUND ( 'NONE', #2474, .T. ) ;
#4491 = EDGE_LOOP ( 'NONE', ( #2801, #5506, #2119, #4524, #674, #1980, #2332, #3285 ) ) ;
#4492 = ADVANCED_FACE ( 'NONE', ( #4091 ), #445, .F. ) ;
#4493 = CARTESIAN_POINT ( 'NONE',  ( 11.74750000000000405, 0.000000000000000000, 0.3175000000000011702 ) ) ;
#4494 = ORIENTED_EDGE ( 'NONE', *, *, #2364, .T. ) ;
#4495 = LINE ( 'NONE', #2232, #4252 ) ;
#4496 = FACE_BOUND ( 'NONE', #3245, .T. ) ;
#4497 = LINE ( 'NONE', #795, #260 ) ;
#4498 = VECTOR ( 'NONE', #3999, 1000.000000000000000 ) ;
#4499 = LINE ( 'NONE', #3610, #33 ) ;
#4500 = EDGE_LOOP ( 'NONE', ( #92, #2182, #282, #1414 ) ) ;
#4501 = CARTESIAN_POINT ( 'NONE',  ( 0.2446143550033492986, -10.66799999999999926, -0.2446143550033492986 ) ) ;
#4502 = ORIENTED_EDGE ( 'NONE', *, *, #637, .T. ) ;
#4503 = VECTOR ( 'NONE', #3917, 1000.000000000000000 ) ;
#4504 = PLANE ( 'NONE',  #5889 ) ;
#4505 = DIRECTION ( 'NONE',  ( 0.000000000000000000, 0.000000000000000000, -1.000000000000000000 ) ) ;
#4506 = CARTESIAN_POINT ( 'NONE',  ( 4.699000000000005173, 0.000000000000000000, -1.269999999999998241 ) ) ;
#4507 = CARTESIAN_POINT ( 'NONE',  ( -12.69999999999999929, 0.000000000000000000, -0.8889999999999981251 ) ) ;
#4508 = ORIENTED_EDGE ( 'NONE', *, *, #3358, .T. ) ;
#4509 = CARTESIAN_POINT ( 'NONE',  ( 0.3174999999999999489, 2.540000000000000036, 0.3174999999999999489 ) ) ;
#4510 = ORIENTED_EDGE ( 'NONE', *, *, #2392, .F. ) ;
#4511 = ADVANCED_FACE ( 'NONE', ( #5070 ), #1827, .T. ) ;
#4512 = EDGE_CURVE ( 'NONE', #4223, #1172, #891, .T. ) ;
#4513 = CARTESIAN_POINT ( 'NONE',  ( -13.08099999999999596, 0.000000000000000000, 1.270000000000001794 ) ) ;
#4514 = DIRECTION ( 'NONE',  ( 0.000000000000000000, 1.000000000000000000, 0.000000000000000000 ) ) ;
#4515 = PRESENTATION_LAYER_ASSIGNMENT (  '', '', ( #5677 ) ) ;
#4516 = CARTESIAN_POINT ( 'NONE',  ( -0.2911880754972407392, -10.44888787225399973, -0.2911880754972407948 ) ) ;
#4517 = ORIENTED_EDGE ( 'NONE', *, *, #3950, .T. ) ;
#4518 = LINE ( 'NONE', #5452, #3428 ) ;
#4519 = EDGE_CURVE ( 'NONE', #2032, #4687, #1798, .T. ) ;
#4520 = DIRECTION ( 'NONE',  ( -0.000000000000000000, 1.000000000000000000, 0.000000000000000000 ) ) ;
#4521 = VERTEX_POINT ( 'NONE', #3289 ) ;
#4522 = AXIS2_PLACEMENT_3D ( 'NONE', #3252, #102, #38 ) ;
#4523 = LINE ( 'NONE', #5300, #123 ) ;
#4524 = ORIENTED_EDGE ( 'NONE', *, *, #1524, .T. ) ;
#4525 = LINE ( 'NONE', #2202, #5600 ) ;
#4526 = LINE ( 'NONE', #2820, #4452 ) ;
#4527 =( NAMED_UNIT ( * ) SI_UNIT ( $, .STERADIAN. ) SOLID_ANGLE_UNIT ( ) );
#4528 = LINE ( 'NONE', #4955, #1378 ) ;
#4529 = AXIS2_PLACEMENT_3D ( 'NONE', #3035, #4520, #4908 ) ;
#4530 = ORIENTED_EDGE ( 'NONE', *, *, #5173, .F. ) ;
#4531 = EDGE_LOOP ( 'NONE', ( #4777, #5900, #2861, #2905 ) ) ;
#4532 = CARTESIAN_POINT ( 'NONE',  ( -10.15999999999999481, 0.000000000000000000, 0.8890000000000015667 ) ) ;
#4533 = DIRECTION ( 'NONE',  ( 0.000000000000000000, 1.000000000000000000, 0.000000000000000000 ) ) ;
#4534 = DIRECTION ( 'NONE',  ( 0.000000000000000000, -0.000000000000000000, 1.000000000000000000 ) ) ;
#4535 = DIRECTION ( 'NONE',  ( -0.000000000000000000, -1.000000000000000000, -0.000000000000000000 ) ) ;
#4536 = ORIENTED_EDGE ( 'NONE', *, *, #2664, .T. ) ;
#4537 = LINE ( 'NONE', #4096, #3873 ) ;
#4538 = ORIENTED_EDGE ( 'NONE', *, *, #5093, .T. ) ;
#4539 =( GEOMETRIC_REPRESENTATION_CONTEXT ( 3 ) GLOBAL_UNCERTAINTY_ASSIGNED_CONTEXT ( ( #4851 ) ) GLOBAL_UNIT_ASSIGNED_CONTEXT ( ( #2841, #1557, #1043 ) ) REPRESENTATION_CONTEXT ( 'NONE', 'WORKASPACE' ) );
#4540 =( LENGTH_UNIT ( ) NAMED_UNIT ( * ) SI_UNIT ( .MILLI., .METRE. ) );
#4541 = LINE ( 'NONE', #1718, #4937 ) ;
#4542 = AXIS2_PLACEMENT_3D ( 'NONE', #3201, #4571, #3620 ) ;
#4543 = ADVANCED_FACE ( 'NONE', ( #5552 ), #46, .T. ) ;
#4544 = VECTOR ( 'NONE', #3331, 1000.000000000000000 ) ;
#4545 = ADVANCED_FACE ( 'NONE', ( #4566 ), #1460, .T. ) ;
#4546 = LINE ( 'NONE', #4574, #3275 ) ;
#4547 = ORIENTED_EDGE ( 'NONE', *, *, #2359, .T. ) ;
#4548 = LINE ( 'NONE', #3627, #1808 ) ;
#4549 = VERTEX_POINT ( 'NONE', #5525 ) ;
#4550 = DIRECTION ( 'NONE',  ( 0.7071067811865462405, 0.000000000000000000, 0.7071067811865489050 ) ) ;
#4551 = ORIENTED_EDGE ( 'NONE', *, *, #5359, .F. ) ;
#4552 = VECTOR ( 'NONE', #4672, 1000.000000000000000 ) ;
#4553 = EDGE_CURVE ( 'NONE', #5016, #2890, #5468, .T. ) ;
#4554 = ADVANCED_FACE ( 'NONE', ( #1428 ), #3257, .T. ) ;
#4555 = COLOUR_RGB ( '',0.2509803921568627416, 0.2509803921568627416, 0.2509803921568627416 ) ;
#4556 = CARTESIAN_POINT ( 'NONE',  ( 12.70000000000000462, 0.000000000000000000, -0.8889999999999986802 ) ) ;
#4557 = ORIENTED_EDGE ( 'NONE', *, *, #3921, .F. ) ;
#4558 = VECTOR ( 'NONE', #2779, 1000.000000000000000 ) ;
#4559 = AXIS2_PLACEMENT_3D ( 'NONE', #4759, #605, #1567 ) ;
#4560 = CARTESIAN_POINT ( 'NONE',  ( 2.540000000000000480, 0.000000000000000000, -0.8889999999999981251 ) ) ;
#4561 = ORIENTED_EDGE ( 'NONE', *, *, #4251, .T. ) ;
#4562 = ORIENTED_EDGE ( 'NONE', *, *, #3114, .F. ) ;
#4563 = ORIENTED_EDGE ( 'NONE', *, *, #5703, .F. ) ;
#4564 = CARTESIAN_POINT ( 'NONE',  ( -4.127499999999997726, 0.000000000000000000, 0.3175000000000011702 ) ) ;
#4565 = DIRECTION ( 'NONE',  ( 1.000000000000000000, 0.000000000000000000, -2.439149994343089694E-16 ) ) ;
#4566 = FACE_OUTER_BOUND ( 'NONE', #1374, .T. ) ;
#4567 = PRESENTATION_LAYER_ASSIGNMENT (  '', '', ( #2761 ) ) ;
#4568 = AXIS2_PLACEMENT_3D ( 'NONE', #4238, #4722, #185 ) ;
#4569 = LINE ( 'NONE', #4118, #5220 ) ;
#4570 = ORIENTED_EDGE ( 'NONE', *, *, #1538, .T. ) ;
#4571 = DIRECTION ( 'NONE',  ( -1.000000000000000000, 0.000000000000000000, 1.951319995474474122E-15 ) ) ;
#4572 = ORIENTED_EDGE ( 'NONE', *, *, #3958, .T. ) ;
#4573 = DIRECTION ( 'NONE',  ( 0.000000000000000000, -0.000000000000000000, 1.000000000000000000 ) ) ;
#4574 = CARTESIAN_POINT ( 'NONE',  ( -4.698999999999999844, 2.540000000000000036, -1.269999999999998019 ) ) ;
#4575 = ORIENTED_EDGE ( 'NONE', *, *, #3950, .F. ) ;
#4576 = CARTESIAN_POINT ( 'NONE',  ( -8.572499999999996234, 0.000000000000000000, 0.3175000000000011702 ) ) ;
#4577 = ORIENTED_EDGE ( 'NONE', *, *, #1074, .T. ) ;
#4578 = CARTESIAN_POINT ( 'NONE',  ( -0.3174999999999999489, 2.540000000000000036, 0.3174999999999999489 ) ) ;
#4579 = ORIENTED_EDGE ( 'NONE', *, *, #1422, .F. ) ;
#4580 = EDGE_CURVE ( 'NONE', #3005, #2702, #5046, .T. ) ;
#4581 =( NAMED_UNIT ( * ) SI_UNIT ( $, .STERADIAN. ) SOLID_ANGLE_UNIT ( ) );
#4582 = VERTEX_POINT ( 'NONE', #472 ) ;
#4583 = EDGE_CURVE ( 'NONE', #3510, #3613, #1909, .T. ) ;
#4584 = ADVANCED_FACE ( 'NONE', ( #1851 ), #5101, .T. ) ;
#4585 = ADVANCED_FACE ( 'NONE', ( #2778 ), #4592, .T. ) ;
#4586 = CARTESIAN_POINT ( 'NONE',  ( -11.74749999999999694, 2.540000000000000036, 0.3175000000000011702 ) ) ;
#4587 = ORIENTED_EDGE ( 'NONE', *, *, #3358, .F. ) ;
#4588 = ORIENTED_EDGE ( 'NONE', *, *, #3703, .F. ) ;
#4589 = ADVANCED_FACE ( 'NONE', ( #524 ), #1008, .T. ) ;
#4590 = CARTESIAN_POINT ( 'NONE',  ( 6.032500000000003304, 0.000000000000000000, 0.3175000000000011702 ) ) ;
#4591 = DIRECTION ( 'NONE',  ( -1.000000000000000000, 0.000000000000000000, -0.000000000000000000 ) ) ;
#4592 = PLANE ( 'NONE',  #3223 ) ;
#4593 = PLANE ( 'NONE',  #2276 ) ;
#4594 = AXIS2_PLACEMENT_3D ( 'NONE', #42, #497, #5130 ) ;
#4595 = ORIENTED_EDGE ( 'NONE', *, *, #2948, .F. ) ;
#4596 = LINE ( 'NONE', #2727, #148 ) ;
#4597 = EDGE_LOOP ( 'NONE', ( #4023, #3656, #129, #113 ) ) ;
#4598 = ADVANCED_FACE ( 'NONE', ( #4059 ), #108, .F. ) ;
#4599 = CARTESIAN_POINT ( 'NONE',  ( -0.3174999999999999489, 8.039099999999994139, -0.3174999999999999489 ) ) ;
#4600 = CARTESIAN_POINT ( 'NONE',  ( 0.2446143550033490766, 8.382000000000001450, -0.3174999999999999489 ) ) ;
#4601 = VECTOR ( 'NONE', #2547, 1000.000000000000000 ) ;
#4602 = LINE ( 'NONE', #4099, #4890 ) ;
#4603 = VERTEX_POINT ( 'NONE', #3871 ) ;
#4604 = CARTESIAN_POINT ( 'NONE',  ( 5.461000000000003851, 2.540000000000000036, 1.270000000000002238 ) ) ;
#4605 = ORIENTED_EDGE ( 'NONE', *, *, #4612, .F. ) ;
#4606 = CARTESIAN_POINT ( 'NONE',  ( -2.158999999999999364, 0.000000000000000000, -1.269999999999998019 ) ) ;
#4607 = ORIENTED_EDGE ( 'NONE', *, *, #2252, .F. ) ;
#4608 =( NAMED_UNIT ( * ) SI_UNIT ( $, .STERADIAN. ) SOLID_ANGLE_UNIT ( ) );
#4609 = PLANE ( 'NONE',  #2522 ) ;
#4610 = ORIENTED_EDGE ( 'NONE', *, *, #5920, .T. ) ;
#4611 = VECTOR ( 'NONE', #3047, 1000.000000000000114 ) ;
#4612 = EDGE_CURVE ( 'NONE', #1455, #111, #1521, .T. ) ;
#4613 = EDGE_CURVE ( 'NONE', #5474, #4675, #5644, .T. ) ;
#4614 = DIRECTION ( 'NONE',  ( 1.000000000000000000, 0.000000000000000000, 0.000000000000000000 ) ) ;
#4615 = ORIENTED_EDGE ( 'NONE', *, *, #4331, .F. ) ;
#4616 = VERTEX_POINT ( 'NONE', #1549 ) ;
#4617 = CARTESIAN_POINT ( 'NONE',  ( -13.65249999999999808, 2.540000000000000036, 0.3175000000000011702 ) ) ;
#4618 = DIRECTION ( 'NONE',  ( 0.000000000000000000, 1.000000000000000000, 0.000000000000000000 ) ) ;
#4619 = DIRECTION ( 'NONE',  ( -2.439149994343084764E-16, 0.000000000000000000, -1.000000000000000000 ) ) ;
#4620 = CARTESIAN_POINT ( 'NONE',  ( 0.9525000000000019007, 0.000000000000000000, 0.3175000000000011702 ) ) ;
#4621 = AXIS2_PLACEMENT_3D ( 'NONE', #5784, #2604, #2128 ) ;
#4622 = VECTOR ( 'NONE', #5207, 1000.000000000000000 ) ;
#4623 = ADVANCED_FACE ( 'NONE', ( #1938 ), #2981, .T. ) ;
#4624 = ORIENTED_EDGE ( 'NONE', *, *, #279, .F. ) ;
#4625 = DIRECTION ( 'NONE',  ( 0.000000000000000000, 1.000000000000000000, 0.000000000000000000 ) ) ;
#4626 = ORIENTED_EDGE ( 'NONE', *, *, #5748, .F. ) ;
#4627 = CARTESIAN_POINT ( 'NONE',  ( -2.920999999999994934, 0.000000000000000000, -1.269999999999998241 ) ) ;
#4628 = VECTOR ( 'NONE', #4934, 1000.000000000000000 ) ;
#4629 = VECTOR ( 'NONE', #5692, 1000.000000000000000 ) ;
#4630 = FILL_AREA_STYLE ('',( #925 ) ) ;
#4631 = EDGE_CURVE ( 'NONE', #4980, #2637, #2001, .T. ) ;
#4632 = DIRECTION ( 'NONE',  ( 1.000000000000000000, 0.000000000000000000, 0.000000000000000000 ) ) ;
#4633 = EDGE_LOOP ( 'NONE', ( #4922, #4419, #134, #5371 ) ) ;
#4634 = LINE ( 'NONE', #541, #5329 ) ;
#4635 = ORIENTED_EDGE ( 'NONE', *, *, #5399, .T. ) ;
#4636 = LINE ( 'NONE', #510, #813 ) ;
#4637 = VERTEX_POINT ( 'NONE', #5217 ) ;
#4638 = PLANE ( 'NONE',  #5511 ) ;
#4639 = VECTOR ( 'NONE', #5868, 1000.000000000000000 ) ;
#4640 = VECTOR ( 'NONE', #5454, 1000.000000000000000 ) ;
#4641 = VECTOR ( 'NONE', #1095, 1000.000000000000000 ) ;
#4642 = VECTOR ( 'NONE', #2723, 1000.000000000000000 ) ;
#4643 = DIRECTION ( 'NONE',  ( 1.000000000000000000, 0.000000000000000000, 0.000000000000000000 ) ) ;
#4644 = EDGE_LOOP ( 'NONE', ( #2312, #4413, #4466, #3628 ) ) ;
#4645 = DIRECTION ( 'NONE',  ( 0.000000000000000000, 0.000000000000000000, 1.000000000000000000 ) ) ;
#4646 = VECTOR ( 'NONE', #393, 1000.000000000000114 ) ;
#4647 = DIRECTION ( 'NONE',  ( 0.7071067811865492381, 0.000000000000000000, -0.7071067811865457964 ) ) ;
#4648 = VERTEX_POINT ( 'NONE', #2864 ) ;
#4649 = EDGE_LOOP ( 'NONE', ( #2995, #3327, #1265, #433 ) ) ;
#4650 = AXIS2_PLACEMENT_3D ( 'NONE', #3576, #4050, #4863 ) ;
#4651 = CARTESIAN_POINT ( 'NONE',  ( -1.587499999999996803, 0.000000000000000000, 0.3175000000000011702 ) ) ;
#4652 = DIRECTION ( 'NONE',  ( -1.000000000000000000, -0.000000000000000000, 2.439149994343084764E-16 ) ) ;
#4653 = EDGE_CURVE ( 'NONE', #5842, #2674, #1091, .T. ) ;
#4654 = CARTESIAN_POINT ( 'NONE',  ( 4.127500000000003055, 0.000000000000000000, 0.3175000000000011702 ) ) ;
#4655 = DIRECTION ( 'NONE',  ( -2.439149994343084764E-16, 0.000000000000000000, -1.000000000000000000 ) ) ;
#4656 = AXIS2_PLACEMENT_3D ( 'NONE', #5239, #4763, #664 ) ;
#4657 = ORIENTED_EDGE ( 'NONE', *, *, #2542, .F. ) ;
#4658 = CARTESIAN_POINT ( 'NONE',  ( -0.3174999999999999489, 2.540000000000000036, -0.3174999999999999489 ) ) ;
#4659 = ORIENTED_EDGE ( 'NONE', *, *, #3773, .T. ) ;
#4660 = AXIS2_PLACEMENT_3D ( 'NONE', #4971, #4489, #5423 ) ;
#4661 = EDGE_CURVE ( 'NONE', #1484, #3878, #3379, .T. ) ;
#4662 = EDGE_CURVE ( 'NONE', #1913, #5016, #5159, .T. ) ;
#4663 = CARTESIAN_POINT ( 'NONE',  ( -11.74749999999999694, 2.540000000000000036, -0.3174999999999990052 ) ) ;
#4664 = EDGE_CURVE ( 'NONE', #4903, #3461, #2384, .T. ) ;
#4665 = VECTOR ( 'NONE', #990, 1000.000000000000000 ) ;
#4666 = CARTESIAN_POINT ( 'NONE',  ( -10.54099999999999504, 2.540000000000000036, 1.270000000000001794 ) ) ;
#4667 = ORIENTED_EDGE ( 'NONE', *, *, #776, .T. ) ;
#4668 = FACE_OUTER_BOUND ( 'NONE', #4159, .T. ) ;
#4669 = ORIENTED_EDGE ( 'NONE', *, *, #2769, .T. ) ;
#4670 = CARTESIAN_POINT ( 'NONE',  ( -0.3174999999999999489, 8.382000000000001450, -0.3174999999999999489 ) ) ;
#4671 = ORIENTED_EDGE ( 'NONE', *, *, #3134, .F. ) ;
#4672 = DIRECTION ( 'NONE',  ( -1.000000000000000000, -0.000000000000000000, -0.000000000000000000 ) ) ;
#4673 = DIRECTION ( 'NONE',  ( 0.000000000000000000, -0.000000000000000000, 1.000000000000000000 ) ) ;
#4674 = CARTESIAN_POINT ( 'NONE',  ( 13.65250000000000519, 0.000000000000000000, 0.3175000000000011702 ) ) ;
#4675 = VERTEX_POINT ( 'NONE', #2926 ) ;
#4676 = EDGE_CURVE ( 'NONE', #1103, #2687, #4288, .T. ) ;
#4677 = CARTESIAN_POINT ( 'NONE',  ( 0.000000000000000000, 0.000000000000000000, 0.000000000000000000 ) ) ;
#4678 = CARTESIAN_POINT ( 'NONE',  ( -2.920999999999994934, 0.000000000000000000, -1.269999999999998241 ) ) ;
#4679 = ORIENTED_EDGE ( 'NONE', *, *, #4695, .F. ) ;
#4680 = VERTEX_POINT ( 'NONE', #3787 ) ;
#4681 = LINE ( 'NONE', #4311, #918 ) ;
#4682 = DIRECTION ( 'NONE',  ( 0.000000000000000000, 0.000000000000000000, 1.000000000000000000 ) ) ;
#4683 = FACE_OUTER_BOUND ( 'NONE', #1400, .T. ) ;
#4684 = CARTESIAN_POINT ( 'NONE',  ( 0.2446143550033490766, 8.382000000000001450, 0.000000000000000000 ) ) ;
#4685 = VERTEX_POINT ( 'NONE', #4259 ) ;
#4686 = DIRECTION ( 'NONE',  ( -0.7071067811865457964, -0.000000000000000000, -0.7071067811865492381 ) ) ;
#4687 = VERTEX_POINT ( 'NONE', #3754 ) ;
#4688 = FACE_OUTER_BOUND ( 'NONE', #219, .T. ) ;
#4689 = DIRECTION ( 'NONE',  ( 0.000000000000000000, 1.000000000000000000, 0.000000000000000000 ) ) ;
#4690 = PLANE ( 'NONE',  #3883 ) ;
#4691 = VECTOR ( 'NONE', #2892, 1000.000000000000000 ) ;
#4692 = EDGE_CURVE ( 'NONE', #5181, #3346, #1065, .T. ) ;
#4693 = PLANE ( 'NONE',  #2602 ) ;
#4694 = VERTEX_POINT ( 'NONE', #1489 ) ;
#4695 = EDGE_CURVE ( 'NONE', #1455, #3750, #670, .T. ) ;
#4696 = DIRECTION ( 'NONE',  ( -0.7071067811865479058, 0.000000000000000000, -0.7071067811865471286 ) ) ;
#4697 = EDGE_LOOP ( 'NONE', ( #3638, #1051, #4626, #5751 ) ) ;
#4698 = LINE ( 'NONE', #1592, #4629 ) ;
#4699 = FACE_OUTER_BOUND ( 'NONE', #5504, .T. ) ;
#4700 = VECTOR ( 'NONE', #5739, 1000.000000000000000 ) ;
#4701 = FACE_OUTER_BOUND ( 'NONE', #3952, .T. ) ;
#4702 = DIRECTION ( 'NONE',  ( 0.000000000000000000, 1.000000000000000000, 0.000000000000000000 ) ) ;
#4703 = PLANE ( 'NONE',  #5293 ) ;
#4704 = EDGE_LOOP ( 'NONE', ( #4176, #2380, #103, #5496 ) ) ;
#4705 =( LENGTH_UNIT ( ) NAMED_UNIT ( * ) SI_UNIT ( .MILLI., .METRE. ) );
#4706 = ORIENTED_EDGE ( 'NONE', *, *, #4987, .T. ) ;
#4707 = ORIENTED_EDGE ( 'NONE', *, *, #2217, .F. ) ;
#4708 = PRODUCT_DEFINITION_SHAPE ( 'NONE', 'NONE',  #5646 ) ;
#4709 = CARTESIAN_POINT ( 'NONE',  ( -6.032499999999997975, 2.540000000000000036, 0.3175000000000011702 ) ) ;
#4710 = DIRECTION ( 'NONE',  ( -0.000000000000000000, -0.000000000000000000, 1.000000000000000000 ) ) ;
#4711 = VECTOR ( 'NONE', #5855, 1000.000000000000000 ) ;
#4712 = DIRECTION ( 'NONE',  ( -1.000000000000000000, -0.000000000000000000, 2.439149994343084764E-16 ) ) ;
#4713 = FACE_OUTER_BOUND ( 'NONE', #1634, .T. ) ;
#4714 = VECTOR ( 'NONE', #4614, 1000.000000000000000 ) ;
#4715 = ORIENTED_EDGE ( 'NONE', *, *, #1531, .F. ) ;
#4716 = CARTESIAN_POINT ( 'NONE',  ( 13.08100000000000307, 2.540000000000000036, -1.269999999999998019 ) ) ;
#4717 = EDGE_LOOP ( 'NONE', ( #540, #194, #3489, #3392 ) ) ;
#4718 = LINE ( 'NONE', #3415, #1684 ) ;
#4719 = LINE ( 'NONE', #5255, #2447 ) ;
#4720 = DIRECTION ( 'NONE',  ( 0.7071067811865492381, 0.000000000000000000, -0.7071067811865457964 ) ) ;
#4721 = VERTEX_POINT ( 'NONE', #2027 ) ;
#4722 = DIRECTION ( 'NONE',  ( 2.439149994343089694E-16, -0.000000000000000000, 1.000000000000000000 ) ) ;
#4723 = ORIENTED_EDGE ( 'NONE', *, *, #1957, .F. ) ;
#4724 = AXIS2_PLACEMENT_3D ( 'NONE', #4392, #298, #5847 ) ;
#4725 = LINE ( 'NONE', #1135, #1386 ) ;
#4726 = ADVANCED_FACE ( 'NONE', ( #5675 ), #3324, .T. ) ;
#4727 = DIRECTION ( 'NONE',  ( 0.000000000000000000, 0.000000000000000000, -1.000000000000000000 ) ) ;
#4728 = ADVANCED_FACE ( 'NONE', ( #4683 ), #586, .T. ) ;
#4729 = VECTOR ( 'NONE', #2425, 1000.000000000000000 ) ;
#4730 = LINE ( 'NONE', #4276, #5717 ) ;
#4731 = DIRECTION ( 'NONE',  ( 1.000000000000000000, 0.000000000000000000, -0.000000000000000000 ) ) ;
#4732 = VERTEX_POINT ( 'NONE', #4743 ) ;
#4733 = VECTOR ( 'NONE', #2240, 1000.000000000000000 ) ;
#4734 = EDGE_CURVE ( 'NONE', #4549, #620, #2472, .T. ) ;
#4735 = EDGE_CURVE ( 'NONE', #690, #744, #613, .T. ) ;
#4736 = VECTOR ( 'NONE', #1362, 1000.000000000000000 ) ;
#4737 = CARTESIAN_POINT ( 'NONE',  ( 11.11250000000000426, 2.540000000000000036, 0.3175000000000011702 ) ) ;
#4738 = ORIENTED_EDGE ( 'NONE', *, *, #881, .T. ) ;
#4739 = ORIENTED_EDGE ( 'NONE', *, *, #1263, .F. ) ;
#4740 = DIRECTION ( 'NONE',  ( 0.000000000000000000, 1.000000000000000000, 0.000000000000000000 ) ) ;
#4741 = DIRECTION ( 'NONE',  ( 0.000000000000000000, 1.000000000000000000, 0.000000000000000000 ) ) ;
#4742 = VECTOR ( 'NONE', #5740, 1000.000000000000000 ) ;
#4743 = CARTESIAN_POINT ( 'NONE',  ( -13.65249999999999808, 2.540000000000000036, -0.3174999999999990052 ) ) ;
#4744 = LINE ( 'NONE', #3440, #5226 ) ;
#4745 = VECTOR ( 'NONE', #3264, 1000.000000000000000 ) ;
#4746 = ORIENTED_EDGE ( 'NONE', *, *, #2355, .F. ) ;
#4747 = DIRECTION ( 'NONE',  ( 1.000000000000000000, 0.000000000000000000, 0.000000000000000000 ) ) ;
#4748 = ORIENTED_EDGE ( 'NONE', *, *, #3800, .T. ) ;
#4749 = DIRECTION ( 'NONE',  ( 0.000000000000000000, 0.000000000000000000, -1.000000000000000000 ) ) ;
#4750 = CARTESIAN_POINT ( 'NONE',  ( 2.921000000000003372, 0.000000000000000000, 1.270000000000002238 ) ) ;
#4751 =( NAMED_UNIT ( * ) PLANE_ANGLE_UNIT ( ) SI_UNIT ( $, .RADIAN. ) );
#4752 = AXIS2_PLACEMENT_3D ( 'NONE', #4930, #3939, #1675 ) ;
#4753 = VECTOR ( 'NONE', #902, 1000.000000000000000 ) ;
#4754 = ORIENTED_EDGE ( 'NONE', *, *, #3744, .T. ) ;
#4755 = PLANE ( 'NONE',  #5626 ) ;
#4756 = EDGE_LOOP ( 'NONE', ( #1307, #5267, #1186, #5773 ) ) ;
#4757 =( NAMED_UNIT ( * ) PLANE_ANGLE_UNIT ( ) SI_UNIT ( $, .RADIAN. ) );
#4758 = LINE ( 'NONE', #3424, #2651 ) ;
#4759 = CARTESIAN_POINT ( 'NONE',  ( -9.207499999999997797, 0.000000000000000000, -0.3174999999999990052 ) ) ;
#4760 = EDGE_CURVE ( 'NONE', #4362, #581, #5340, .T. ) ;
#4761 = CARTESIAN_POINT ( 'NONE',  ( 10.16000000000000192, 2.540000000000000036, -0.8889999999999981251 ) ) ;
#4762 = VERTEX_POINT ( 'NONE', #2560 ) ;
#4763 = DIRECTION ( 'NONE',  ( 0.000000000000000000, 0.000000000000000000, 1.000000000000000000 ) ) ;
#4764 = DIRECTION ( 'NONE',  ( 0.000000000000000000, 1.000000000000000000, 0.000000000000000000 ) ) ;
#4765 = EDGE_CURVE ( 'NONE', #2780, #4305, #376, .T. ) ;
#4766 = EDGE_LOOP ( 'NONE', ( #3363, #5002, #5706, #1581 ) ) ;
#4767 = EDGE_CURVE ( 'NONE', #3329, #4336, #2657, .T. ) ;
#4768 = ORIENTED_EDGE ( 'NONE', *, *, #1417, .F. ) ;
#4769 = EDGE_CURVE ( 'NONE', #3005, #5563, #5368, .T. ) ;
#4770 = DIRECTION ( 'NONE',  ( -0.7071067811865479058, 0.000000000000000000, -0.7071067811865471286 ) ) ;
#4771 = PLANE ( 'NONE',  #4029 ) ;
#4772 = CARTESIAN_POINT ( 'NONE',  ( -2.920999999999994934, 0.000000000000000000, -1.269999999999998241 ) ) ;
#4773 = CARTESIAN_POINT ( 'NONE',  ( 12.70000000000000639, 0.000000000000000000, 0.8890000000000015667 ) ) ;
#4774 = EDGE_LOOP ( 'NONE', ( #550, #5910, #2005, #1402 ) ) ;
#4775 = EDGE_CURVE ( 'NONE', #4521, #930, #342, .T. ) ;
#4776 = LINE ( 'NONE', #1912, #5289 ) ;
#4777 = ORIENTED_EDGE ( 'NONE', *, *, #5815, .T. ) ;
#4778 = SURFACE_SIDE_STYLE ('',( #1097 ) ) ;
#4779 = LINE ( 'NONE', #3447, #3025 ) ;
#4780 = ORIENTED_EDGE ( 'NONE', *, *, #1377, .T. ) ;
#4781 = ADVANCED_FACE ( 'NONE', ( #1300 ), #794, .T. ) ;
#4782 = DIRECTION ( 'NONE',  ( 1.000000000000000000, 0.000000000000000000, -0.000000000000000000 ) ) ;
#4783 = ORIENTED_EDGE ( 'NONE', *, *, #752, .F. ) ;
#4784 = UNCERTAINTY_MEASURE_WITH_UNIT (LENGTH_MEASURE( 1.000000000000000082E-05 ), #691, 'distance_accuracy_value', 'NONE');
#4785 =( LENGTH_UNIT ( ) NAMED_UNIT ( * ) SI_UNIT ( .MILLI., .METRE. ) );
#4786 = DIRECTION ( 'NONE',  ( 0.000000000000000000, -0.000000000000000000, 1.000000000000000000 ) ) ;
#4787 = DIRECTION ( 'NONE',  ( -0.7071067811865471286, 0.000000000000000000, 0.7071067811865479058 ) ) ;
#4788 = VECTOR ( 'NONE', #3229, 1000.000000000000000 ) ;
#4789 = LINE ( 'NONE', #2516, #1864 ) ;
#4790 = VERTEX_POINT ( 'NONE', #1212 ) ;
#4791 = DIRECTION ( 'NONE',  ( 1.000000000000000000, 0.000000000000000000, 0.000000000000000000 ) ) ;
#4792 = VECTOR ( 'NONE', #2311, 1000.000000000000000 ) ;
#4793 = ORIENTED_EDGE ( 'NONE', *, *, #3020, .F. ) ;
#4794 = VERTEX_POINT ( 'NONE', #1699 ) ;
#4795 = LINE ( 'NONE', #4405, #1100 ) ;
#4796 = DIRECTION ( 'NONE',  ( 0.7071067811865505703, -0.000000000000000000, 0.7071067811865444641 ) ) ;
#4797 = CARTESIAN_POINT ( 'NONE',  ( 13.65250000000000519, 2.540000000000000036, -0.3174999999999990052 ) ) ;
#4798 = VECTOR ( 'NONE', #4764, 1000.000000000000000 ) ;
#4799 = EDGE_CURVE ( 'NONE', #5850, #4648, #313, .T. ) ;
#4800 = PLANE ( 'NONE',  #839 ) ;
#4801 = ADVANCED_FACE ( 'NONE', ( #2203 ), #3045, .F. ) ;
#4802 = CARTESIAN_POINT ( 'NONE',  ( 9.779000000000007020, 0.000000000000000000, 1.270000000000001794 ) ) ;
#4803 = ORIENTED_EDGE ( 'NONE', *, *, #4580, .T. ) ;
#4804 = CARTESIAN_POINT ( 'NONE',  ( -2.920999999999994934, 0.000000000000000000, 1.270000000000001794 ) ) ;
#4805 = ORIENTED_EDGE ( 'NONE', *, *, #1925, .T. ) ;
#4806 = DIRECTION ( 'NONE',  ( -0.000000000000000000, 1.000000000000000000, 0.000000000000000000 ) ) ;
#4807 = CARTESIAN_POINT ( 'NONE',  ( 8.001000000000001222, 2.540000000000000036, -1.269999999999998019 ) ) ;
#4808 = LINE ( 'NONE', #1072, #4544 ) ;
#4809 =( NAMED_UNIT ( * ) PLANE_ANGLE_UNIT ( ) SI_UNIT ( $, .RADIAN. ) );
#4810 = EDGE_CURVE ( 'NONE', #29, #4914, #4471, .T. ) ;
#4811 = EDGE_LOOP ( 'NONE', ( #4138, #4097, #5556, #4970 ) ) ;
#4812 = PLANE ( 'NONE',  #5690 ) ;
#4813 = VERTEX_POINT ( 'NONE', #4891 ) ;
#4814 = CARTESIAN_POINT ( 'NONE',  ( -5.460999999999994969, 2.540000000000000036, 1.270000000000001794 ) ) ;
#4815 = CARTESIAN_POINT ( 'NONE',  ( -15.23999999999999666, 2.540000000000000036, 0.8890000000000015667 ) ) ;
#4817 = CARTESIAN_POINT ( 'NONE',  ( -5.460999999999994969, 0.000000000000000000, -1.269999999999998241 ) ) ;
#4816 = AXIS2_PLACEMENT_3D ( 'NONE', #2206, #4022, #3142 ) ;
#4818 = LINE ( 'NONE', #4246, #2280 ) ;
#4819 = LINE ( 'NONE', #5266, #3303 ) ;
#4820 = ORIENTED_EDGE ( 'NONE', *, *, #1479, .F. ) ;
#4821 =( GEOMETRIC_REPRESENTATION_CONTEXT ( 3 ) GLOBAL_UNCERTAINTY_ASSIGNED_CONTEXT ( ( #64 ) ) GLOBAL_UNIT_ASSIGNED_CONTEXT ( ( #4785, #4757, #5631 ) ) REPRESENTATION_CONTEXT ( 'NONE', 'WORKASPACE' ) );
#4822 = ITEM_DEFINED_TRANSFORMATION ( 'NONE', 'NONE', #1031,  #1320 ) ;
#4823 = AXIS2_PLACEMENT_3D ( 'NONE', #4320, #2871, #4749 ) ;
#4824 = ORIENTED_EDGE ( 'NONE', *, *, #4106, .T. ) ;
#4825 = VERTEX_POINT ( 'NONE', #762 ) ;
#4826 = DIRECTION ( 'NONE',  ( -1.000000000000000000, 0.000000000000000000, 0.000000000000000000 ) ) ;
#4827 = DIRECTION ( 'NONE',  ( -0.000000000000000000, 1.000000000000000000, 0.000000000000000000 ) ) ;
#4828 = CARTESIAN_POINT ( 'NONE',  ( 6.032500000000003304, 2.540000000000000036, 0.3175000000000011702 ) ) ;
#4829 = CARTESIAN_POINT ( 'NONE',  ( 0.000000000000000000, 0.000000000000000000, 0.000000000000000000 ) ) ;
#4830 = AXIS2_PLACEMENT_3D ( 'NONE', #3795, #206, #2479 ) ;
#4831 = LINE ( 'NONE', #1153, #2502 ) ;
#4832 = VERTEX_POINT ( 'NONE', #2174 ) ;
#4833 = CARTESIAN_POINT ( 'NONE',  ( -9.778999999999999915, 2.540000000000000036, -1.269999999999998019 ) ) ;
#4834 = ORIENTED_EDGE ( 'NONE', *, *, #637, .F. ) ;
#4835 = EDGE_CURVE ( 'NONE', #1078, #324, #2087, .T. ) ;
#4836 = AXIS2_PLACEMENT_3D ( 'NONE', #156, #885, #3138 ) ;
#4837 = LINE ( 'NONE', #2598, #4340 ) ;
#4838 = CARTESIAN_POINT ( 'NONE',  ( -9.207499999999997797, 0.000000000000000000, -0.3174999999999990052 ) ) ;
#4839 = CARTESIAN_POINT ( 'NONE',  ( -14.28749999999999787, 2.540000000000000036, -0.3174999999999990052 ) ) ;
#4840 = AXIS2_PLACEMENT_3D ( 'NONE', #4876, #3123, #2159 ) ;
#4841 = VERTEX_POINT ( 'NONE', #3992 ) ;
#4842 = PLANE ( 'NONE',  #1573 ) ;
#4843 = ORIENTED_EDGE ( 'NONE', *, *, #1000, .F. ) ;
#4844 = EDGE_CURVE ( 'NONE', #3120, #1096, #4918, .T. ) ;
#4845 = DIRECTION ( 'NONE',  ( 0.000000000000000000, 1.000000000000000000, 0.000000000000000000 ) ) ;
#4846 = VECTOR ( 'NONE', #2234, 1000.000000000000000 ) ;
#4847 = FACE_OUTER_BOUND ( 'NONE', #4491, .T. ) ;
#4848 = PRODUCT_DEFINITION_FORMATION_WITH_SPECIFIED_SOURCE ( 'ANY', '', #5087, .NOT_KNOWN. ) ;
#4849 = DIRECTION ( 'NONE',  ( 1.000000000000000000, 0.000000000000000000, 0.000000000000000000 ) ) ;
#4850 = LINE ( 'NONE', #816, #5334 ) ;
#4851 = UNCERTAINTY_MEASURE_WITH_UNIT (LENGTH_MEASURE( 1.000000000000000082E-05 ), #2841, 'distance_accuracy_value', 'NONE');
#4852 = CARTESIAN_POINT ( 'NONE',  ( 8.572500000000003340, 2.540000000000000036, -0.3174999999999990052 ) ) ;
#4853 = ORIENTED_EDGE ( 'NONE', *, *, #4472, .F. ) ;
#4854 = VECTOR ( 'NONE', #94, 1000.000000000000000 ) ;
#4855 = AXIS2_PLACEMENT_3D ( 'NONE', #1077, #5657, #2966 ) ;
#4856 =( LENGTH_UNIT ( ) NAMED_UNIT ( * ) SI_UNIT ( .MILLI., .METRE. ) );
#4857 = ORIENTED_EDGE ( 'NONE', *, *, #2870, .T. ) ;
#4858 = ADVANCED_FACE ( 'NONE', ( #3903 ), #3956, .T. ) ;
#4859 = ORIENTED_EDGE ( 'NONE', *, *, #1113, .F. ) ;
#4860 = LINE ( 'NONE', #1149, #2349 ) ;
#4861 = DIRECTION ( 'NONE',  ( 0.000000000000000000, 1.000000000000000000, 0.000000000000000000 ) ) ;
#4862 = DIRECTION ( 'NONE',  ( -1.000000000000000000, 0.000000000000000000, 0.000000000000000000 ) ) ;
#4863 = DIRECTION ( 'NONE',  ( 0.000000000000000000, 0.000000000000000000, -1.000000000000000000 ) ) ;
#4864 = DIRECTION ( 'NONE',  ( 0.7071067811865444641, 0.000000000000000000, -0.7071067811865505703 ) ) ;
#4865 = ORIENTED_EDGE ( 'NONE', *, *, #5022, .F. ) ;
#4866 = DIRECTION ( 'NONE',  ( 0.2035585949527758676, 0.9576678948579738782, -0.2035585949527758676 ) ) ;
#4867 = ORIENTED_EDGE ( 'NONE', *, *, #745, .F. ) ;
#4868 = CARTESIAN_POINT ( 'NONE',  ( 0.3809999999999993947, 0.000000000000000000, -1.269999999999998019 ) ) ;
#4869 = DIRECTION ( 'NONE',  ( -1.000000000000000000, 0.000000000000000000, 0.000000000000000000 ) ) ;
#4870 = CARTESIAN_POINT ( 'NONE',  ( -7.239000000000000767, 0.000000000000000000, -1.269999999999998019 ) ) ;
#4871 = DIRECTION ( 'NONE',  ( 1.000000000000000000, 0.000000000000000000, -2.439149994343089694E-16 ) ) ;
#4872 = ORIENTED_EDGE ( 'NONE', *, *, #3430, .F. ) ;
#4873 = LINE ( 'NONE', #5257, #2253 ) ;
#4874 = ORIENTED_EDGE ( 'NONE', *, *, #5243, .T. ) ;
#4875 =( NAMED_UNIT ( * ) PLANE_ANGLE_UNIT ( ) SI_UNIT ( $, .RADIAN. ) );
#4876 = CARTESIAN_POINT ( 'NONE',  ( 0.000000000000000000, 0.000000000000000000, -0.8889999999999981251 ) ) ;
#4877 = EDGE_CURVE ( 'NONE', #2092, #4975, #3074, .T. ) ;
#4878 = EDGE_CURVE ( 'NONE', #2719, #4762, #5830, .T. ) ;
#4879 = DIRECTION ( 'NONE',  ( 2.439149994343089694E-16, -0.000000000000000000, 1.000000000000000000 ) ) ;
#4880 = CARTESIAN_POINT ( 'NONE',  ( 0.2446143550033490766, 8.382000000000001450, 0.2446143550033490766 ) ) ;
#4881 = FACE_BOUND ( 'NONE', #4644, .T. ) ;
#4882 = ORIENTED_EDGE ( 'NONE', *, *, #3133, .F. ) ;
#4883 = EDGE_CURVE ( 'NONE', #398, #2373, #3548, .T. ) ;
#4884 = VECTOR ( 'NONE', #5185, 1000.000000000000000 ) ;
#4885 = CARTESIAN_POINT ( 'NONE',  ( -0.3174999999999999489, 2.540000000000000036, -0.3174999999999999489 ) ) ;
#4886 = ORIENTED_EDGE ( 'NONE', *, *, #687, .F. ) ;
#4887 = VECTOR ( 'NONE', #619, 1000.000000000000000 ) ;
#4888 = VERTEX_POINT ( 'NONE', #3467 ) ;
#4889 = FACE_OUTER_BOUND ( 'NONE', #2895, .T. ) ;
#4890 = VECTOR ( 'NONE', #1351, 1000.000000000000114 ) ;
#4891 = CARTESIAN_POINT ( 'NONE',  ( 0.3174999999999999489, 2.540000000000000036, -0.3174999999999999489 ) ) ;
#4892 = LINE ( 'NONE', #5832, #1178 ) ;
#4893 = VERTEX_POINT ( 'NONE', #1179 ) ;
#4894 = DIRECTION ( 'NONE',  ( 0.000000000000000000, 1.000000000000000000, 0.000000000000000000 ) ) ;
#4895 = ORIENTED_EDGE ( 'NONE', *, *, #604, .F. ) ;
#4896 = DIRECTION ( 'NONE',  ( 0.000000000000000000, 0.000000000000000000, -1.000000000000000000 ) ) ;
#4897 = CARTESIAN_POINT ( 'NONE',  ( -10.54099999999999504, 0.000000000000000000, 1.270000000000001794 ) ) ;
#4898 = LINE ( 'NONE', #322, #5209 ) ;
#4899 = FACE_OUTER_BOUND ( 'NONE', #278, .T. ) ;
#4900 = AXIS2_PLACEMENT_3D ( 'NONE', #3602, #2169, #5336 ) ;
#4901 = ORIENTED_EDGE ( 'NONE', *, *, #1781, .F. ) ;
#4902 = PLANE ( 'NONE',  #1713 ) ;
#4903 = VERTEX_POINT ( 'NONE', #3010 ) ;
#4904 = VECTOR ( 'NONE', #3578, 1000.000000000000000 ) ;
#4905 = CARTESIAN_POINT ( 'NONE',  ( -14.28749999999999787, 2.540000000000000036, 0.3175000000000011702 ) ) ;
#4906 = DIRECTION ( 'NONE',  ( -0.7071067811865471286, -0.000000000000000000, 0.7071067811865479058 ) ) ;
#4907 = AXIS2_PLACEMENT_3D ( 'NONE', #5519, #466, #5065 ) ;
#4908 = DIRECTION ( 'NONE',  ( 0.000000000000000000, -0.000000000000000000, 1.000000000000000000 ) ) ;
#4909 = ORIENTED_EDGE ( 'NONE', *, *, #4692, .F. ) ;
#4910 = EDGE_CURVE ( 'NONE', #1420, #758, #729, .T. ) ;
#4911 = EDGE_CURVE ( 'NONE', #618, #2780, #4526, .T. ) ;
#4912 = VECTOR ( 'NONE', #1599, 1000.000000000000114 ) ;
#4913 = CARTESIAN_POINT ( 'NONE',  ( 4.699000000000005173, 0.000000000000000000, 1.270000000000001794 ) ) ;
#4914 = VERTEX_POINT ( 'NONE', #4977 ) ;
#4915 = EDGE_CURVE ( 'NONE', #1857, #308, #5149, .T. ) ;
#4916 = EDGE_CURVE ( 'NONE', #1812, #1600, #856, .T. ) ;
#4917 = CARTESIAN_POINT ( 'NONE',  ( -10.15999999999999837, 2.540000000000000036, -0.8889999999999981251 ) ) ;
#4918 = LINE ( 'NONE', #1756, #5809 ) ;
#4919 = FILL_AREA_STYLE ('',( #1268 ) ) ;
#4920 = VECTOR ( 'NONE', #4740, 1000.000000000000000 ) ;
#4921 = LINE ( 'NONE', #829, #4325 ) ;
#4922 = ORIENTED_EDGE ( 'NONE', *, *, #1757, .F. ) ;
#4923 = DIRECTION ( 'NONE',  ( 1.000000000000000000, -0.000000000000000000, 0.000000000000000000 ) ) ;
#4924 = ORIENTED_EDGE ( 'NONE', *, *, #1854, .F. ) ;
#4925 = CARTESIAN_POINT ( 'NONE',  ( 27.94000000000000128, 0.000000000000000000, 0.000000000000000000 ) ) ;
#4926 = FACE_OUTER_BOUND ( 'NONE', #488, .T. ) ;
#4927 = VECTOR ( 'NONE', #872, 1000.000000000000000 ) ;
#4928 = AXIS2_PLACEMENT_3D ( 'NONE', #1241, #4826, #312 ) ;
#4929 = LINE ( 'NONE', #3531, #4347 ) ;
#4930 = CARTESIAN_POINT ( 'NONE',  ( -4.127499999999997726, 0.000000000000000000, -0.3174999999999990052 ) ) ;
#4931 = APPLICATION_CONTEXT ( 'automotive_design' ) ;
#4932 = VECTOR ( 'NONE', #5583, 1000.000000000000000 ) ;
#4933 = VERTEX_POINT ( 'NONE', #2689 ) ;
#4934 = DIRECTION ( 'NONE',  ( 0.000000000000000000, 1.000000000000000000, 0.000000000000000000 ) ) ;
#4935 = ORIENTED_EDGE ( 'NONE', *, *, #1146, .T. ) ;
#4936 = LINE ( 'NONE', #899, #1308 ) ;
#4937 = VECTOR ( 'NONE', #4458, 1000.000000000000000 ) ;
#4938 = PLANE ( 'NONE',  #3835 ) ;
#4939 = AXIS2_PLACEMENT_3D ( 'NONE', #69, #7, #5121 ) ;
#4940 = ORIENTED_EDGE ( 'NONE', *, *, #11, .T. ) ;
#4941 = CARTESIAN_POINT ( 'NONE',  ( 2.159000000000004693, 0.000000000000000000, 1.270000000000001794 ) ) ;
#4942 = AXIS2_PLACEMENT_3D ( 'NONE', #4773, #5187, #587 ) ;
#4943 = FACE_OUTER_BOUND ( 'NONE', #1722, .T. ) ;
#4944 = ORIENTED_EDGE ( 'NONE', *, *, #5060, .T. ) ;
#4945 = CONTEXT_DEPENDENT_SHAPE_REPRESENTATION ( #1142, #1418 ) ;
#4946 = VECTOR ( 'NONE', #827, 1000.000000000000000 ) ;
#4947 = ADVANCED_FACE ( 'NONE', ( #995 ), #3805, .T. ) ;
#4948 = FACE_OUTER_BOUND ( 'NONE', #5250, .T. ) ;
#4949 = ORIENTED_EDGE ( 'NONE', *, *, #5651, .F. ) ;
#4950 = LINE ( 'NONE', #3606, #5502 ) ;
#4951 = CARTESIAN_POINT ( 'NONE',  ( 15.24000000000000021, 0.000000000000000000, 0.000000000000000000 ) ) ;
#4952 = DIRECTION ( 'NONE',  ( -0.7071067811865471286, -0.000000000000000000, 0.7071067811865479058 ) ) ;
#4953 = ADVANCED_FACE ( 'NONE', ( #5119 ), #4638, .F. ) ;
#4954 = EDGE_CURVE ( 'NONE', #4223, #5075, #1026, .T. ) ;
#4955 = CARTESIAN_POINT ( 'NONE',  ( -12.69999999999999751, 2.540000000000000036, -0.8889999999999986802 ) ) ;
#4956 = ORIENTED_EDGE ( 'NONE', *, *, #2660, .F. ) ;
#4957 = LINE ( 'NONE', #3721, #3875 ) ;
#4958 = VERTEX_POINT ( 'NONE', #4083 ) ;
#4959 = LINE ( 'NONE', #79, #5301 ) ;
#4960 = LINE ( 'NONE', #1367, #3458 ) ;
#4961 = DIRECTION ( 'NONE',  ( 0.000000000000000000, 1.000000000000000000, 0.000000000000000000 ) ) ;
#4962 = CARTESIAN_POINT ( 'NONE',  ( 7.239000000000006096, 0.000000000000000000, -1.269999999999998241 ) ) ;
#4963 = ADVANCED_FACE ( 'NONE', ( #1899 ), #4243, .F. ) ;
#4964 = VERTEX_POINT ( 'NONE', #2401 ) ;
#4965 = LINE ( 'NONE', #5446, #2160 ) ;
#4966 = ORIENTED_EDGE ( 'NONE', *, *, #904, .T. ) ;
#4967 = LINE ( 'NONE', #4007, #1388 ) ;
#4968 =( NAMED_UNIT ( * ) SI_UNIT ( $, .STERADIAN. ) SOLID_ANGLE_UNIT ( ) );
#4969 = DIRECTION ( 'NONE',  ( -0.000000000000000000, -0.000000000000000000, 1.000000000000000000 ) ) ;
#4970 = ORIENTED_EDGE ( 'NONE', *, *, #2365, .F. ) ;
#4971 = CARTESIAN_POINT ( 'NONE',  ( -0.3809999999999941767, 0.000000000000000000, 1.270000000000001794 ) ) ;
#4972 = CARTESIAN_POINT ( 'NONE',  ( 1.587500000000002132, 0.000000000000000000, 0.3175000000000011702 ) ) ;
#4973 = ORIENTED_EDGE ( 'NONE', *, *, #3495, .T. ) ;
#4974 = SURFACE_STYLE_USAGE ( .BOTH. , #3156 ) ;
#4975 = VERTEX_POINT ( 'NONE', #2233 ) ;
#4976 = DIRECTION ( 'NONE',  ( -1.000000000000000000, 0.000000000000000000, 1.951319995474474122E-15 ) ) ;
#4977 = CARTESIAN_POINT ( 'NONE',  ( 2.920999999999999819, 0.000000000000000000, -1.269999999999998019 ) ) ;
#4978 = VECTOR ( 'NONE', #4533, 1000.000000000000000 ) ;
#4979 = DIRECTION ( 'NONE',  ( 1.951319995474474122E-15, 0.000000000000000000, 1.000000000000000000 ) ) ;
#4980 = VERTEX_POINT ( 'NONE', #4214 ) ;
#4981 = CARTESIAN_POINT ( 'NONE',  ( 2.540000000000002256, 2.540000000000000036, -0.8889999999999986802 ) ) ;
#4982 = EDGE_LOOP ( 'NONE', ( #1154, #4886, #1202, #980 ) ) ;
#4983 = VECTOR ( 'NONE', #875, 1000.000000000000000 ) ;
#4984 = CARTESIAN_POINT ( 'NONE',  ( -0.3174999999999999489, -10.66799999999999926, 0.2446143550033492986 ) ) ;
#4985 = PLANE ( 'NONE',  #585 ) ;
#4986 = ADVANCED_FACE ( 'NONE', ( #1924, #4701 ), #3718, .F. ) ;
#4987 = EDGE_CURVE ( 'NONE', #1024, #101, #1986, .T. ) ;
#4988 = CARTESIAN_POINT ( 'NONE',  ( -0.2446143550033490766, 8.382000000000001450, 0.000000000000000000 ) ) ;
#4989 = CARTESIAN_POINT ( 'NONE',  ( -13.65249999999999808, 0.000000000000000000, 0.3175000000000011702 ) ) ;
#4990 = ORIENTED_EDGE ( 'NONE', *, *, #788, .T. ) ;
#4991 = DIRECTION ( 'NONE',  ( 0.000000000000000000, 1.000000000000000000, 0.000000000000000000 ) ) ;
#4992 = ORIENTED_EDGE ( 'NONE', *, *, #5385, .T. ) ;
#4993 = SURFACE_SIDE_STYLE ('',( #1375 ) ) ;
#4994 = ADVANCED_FACE ( 'NONE', ( #5539 ), #1445, .F. ) ;
#4995 = CARTESIAN_POINT ( 'NONE',  ( 0.3174999999999999489, -10.32509999999999373, 0.3174999999999999489 ) ) ;
#4996 = CARTESIAN_POINT ( 'NONE',  ( -0.9524999999999967937, 0.000000000000000000, 0.3175000000000011702 ) ) ;
#4997 = VERTEX_POINT ( 'NONE', #1475 ) ;
#4998 = LINE ( 'NONE', #3653, #3988 ) ;
#4999 = ORIENTED_EDGE ( 'NONE', *, *, #3857, .T. ) ;
#5000 = CARTESIAN_POINT ( 'NONE',  ( -6.667499999999997762, 2.540000000000000036, 0.3175000000000011702 ) ) ;
#5001 = ORIENTED_EDGE ( 'NONE', *, *, #2230, .T. ) ;
#5002 = ORIENTED_EDGE ( 'NONE', *, *, #2177, .F. ) ;
#5003 = FACE_OUTER_BOUND ( 'NONE', #4086, .T. ) ;
#5004 = DIRECTION ( 'NONE',  ( 0.000000000000000000, 0.000000000000000000, 1.000000000000000000 ) ) ;
#5005 = PLANE ( 'NONE',  #4907 ) ;
#5006 = VECTOR ( 'NONE', #1227, 1000.000000000000000 ) ;
#5007 = VECTOR ( 'NONE', #3597, 1000.000000000000000 ) ;
#5008 = ORIENTED_EDGE ( 'NONE', *, *, #4077, .F. ) ;
#5009 = EDGE_LOOP ( 'NONE', ( #3443, #1238, #5097, #848 ) ) ;
#5010 = DIRECTION ( 'NONE',  ( 0.7071067811865463515, 0.000000000000000000, 0.7071067811865487940 ) ) ;
#5011 = CARTESIAN_POINT ( 'NONE',  ( -7.619999999999997442, 0.000000000000000000, -0.8889999999999986802 ) ) ;
#5012 = DIRECTION ( 'NONE',  ( 0.000000000000000000, 0.000000000000000000, -1.000000000000000000 ) ) ;
#5013 = DIRECTION ( 'NONE',  ( 1.000000000000000000, 0.000000000000000000, 0.000000000000000000 ) ) ;
#5014 = VECTOR ( 'NONE', #1319, 1000.000000000000000 ) ;
#5015 = ADVANCED_FACE ( 'NONE', ( #4496, #5086 ), #3306, .F. ) ;
#5016 = VERTEX_POINT ( 'NONE', #5887 ) ;
#5017 = CARTESIAN_POINT ( 'NONE',  ( 12.70000000000000284, 0.000000000000000000, -0.8889999999999981251 ) ) ;
#5018 = ORIENTED_EDGE ( 'NONE', *, *, #5277, .T. ) ;
#5019 = VECTOR ( 'NONE', #5407, 1000.000000000000000 ) ;
#5020 = FACE_OUTER_BOUND ( 'NONE', #5666, .T. ) ;
#5021 = VECTOR ( 'NONE', #4295, 1000.000000000000000 ) ;
#5022 = EDGE_CURVE ( 'NONE', #3077, #2505, #1788, .T. ) ;
#5023 = DIRECTION ( 'NONE',  ( -0.2035585949527762561, 0.9576678948579737671, -0.2035585949527762561 ) ) ;
#5024 = ORIENTED_EDGE ( 'NONE', *, *, #2216, .T. ) ;
#5025 = ADVANCED_FACE ( 'NONE', ( #1054, #3608 ), #4190, .F. ) ;
#5026 = LINE ( 'NONE', #931, #2855 ) ;
#5027 = EDGE_LOOP ( 'NONE', ( #5447, #3811, #5689, #2596 ) ) ;
#5028 = EDGE_CURVE ( 'NONE', #3630, #5472, #4394, .T. ) ;
#5029 = DIRECTION ( 'NONE',  ( 0.000000000000000000, 0.000000000000000000, -1.000000000000000000 ) ) ;
#5030 = ORIENTED_EDGE ( 'NONE', *, *, #491, .T. ) ;
#5031 = VECTOR ( 'NONE', #2303, 1000.000000000000000 ) ;
#5032 = VECTOR ( 'NONE', #3512, 1000.000000000000000 ) ;
#5033 = EDGE_CURVE ( 'NONE', #581, #2259, #3829, .T. ) ;
#5034 = DIRECTION ( 'NONE',  ( 0.7071067811865463515, 0.000000000000000000, 0.7071067811865487940 ) ) ;
#5035 = ORIENTED_EDGE ( 'NONE', *, *, #1301, .F. ) ;
#5036 = VECTOR ( 'NONE', #920, 1000.000000000000000 ) ;
#5037 = SURFACE_STYLE_USAGE ( .BOTH. , #436 ) ;
#5038 = EDGE_CURVE ( 'NONE', #2967, #5333, #3916, .T. ) ;
#5039 = LINE ( 'NONE', #4194, #1273 ) ;
#5040 = AXIS2_PLACEMENT_3D ( 'NONE', #5701, #1059, #192 ) ;
#5041 = ORIENTED_EDGE ( 'NONE', *, *, #3169, .T. ) ;
#5042 = ORIENTED_EDGE ( 'NONE', *, *, #3105, .F. ) ;
#5043 = PRODUCT ( 'Pin - Tin_AD', 'Pin - Tin_AD', '', ( #5668 ) ) ;
#5044 = LINE ( 'NONE', #916, #625 ) ;
#5045 = LINE ( 'NONE', #5838, #4206 ) ;
#5046 = LINE ( 'NONE', #1396, #2546 ) ;
#5047 = DIRECTION ( 'NONE',  ( 0.7071067811865462405, 0.000000000000000000, 0.7071067811865489050 ) ) ;
#5048 = ORIENTED_EDGE ( 'NONE', *, *, #750, .F. ) ;
#5049 = CARTESIAN_POINT ( 'NONE',  ( -5.079999999999997407, 2.540000000000000036, -0.8889999999999986802 ) ) ;
#5050 = ORIENTED_EDGE ( 'NONE', *, *, #1369, .T. ) ;
#5051 = CARTESIAN_POINT ( 'NONE',  ( -2.539999999999998703, 0.000000000000000000, -0.8889999999999981251 ) ) ;
#5052 = DIRECTION ( 'NONE',  ( 0.000000000000000000, 1.000000000000000000, 0.000000000000000000 ) ) ;
#5053 = DIRECTION ( 'NONE',  ( 0.000000000000000000, 1.000000000000000000, 0.000000000000000000 ) ) ;
#5054 = VERTEX_POINT ( 'NONE', #272 ) ;
#5055 = FACE_OUTER_BOUND ( 'NONE', #3590, .T. ) ;
#5056 = ORIENTED_EDGE ( 'NONE', *, *, #5204, .F. ) ;
#5057 = CARTESIAN_POINT ( 'NONE',  ( -0.3174999999999999489, 8.382000000000001450, -0.3174999999999999489 ) ) ;
#5058 = ORIENTED_EDGE ( 'NONE', *, *, #2725, .F. ) ;
#5059 = ADVANCED_FACE ( 'NONE', ( #1625, #4847 ), #3452, .T. ) ;
#5060 = EDGE_CURVE ( 'NONE', #449, #5286, #1080, .T. ) ;
#5061 = ORIENTED_EDGE ( 'NONE', *, *, #525, .T. ) ;
#5062 = ADVANCED_FACE ( 'NONE', ( #1537 ), #4275, .F. ) ;
#5063 = SURFACE_STYLE_FILL_AREA ( #4165 ) ;
#5064 = ADVANCED_BREP_SHAPE_REPRESENTATION ( '', ( #5363, #1421, #1312, #5258, #1324, #3263, #5381, #1436, #1429, #3459, #3402, #3274, #1320 ), #1513 ) ;
#5065 = DIRECTION ( 'NONE',  ( 0.000000000000000000, 0.000000000000000000, 1.000000000000000000 ) ) ;
#5066 = ORIENTED_EDGE ( 'NONE', *, *, #3133, .T. ) ;
#5067 = VERTEX_POINT ( 'NONE', #2457 ) ;
#5068 = DIRECTION ( 'NONE',  ( -0.7071067811865457964, -0.000000000000000000, -0.7071067811865492381 ) ) ;
#5069 = DIRECTION ( 'NONE',  ( -0.7071067811865479058, 0.000000000000000000, -0.7071067811865471286 ) ) ;
#5070 = FACE_OUTER_BOUND ( 'NONE', #683, .T. ) ;
#5071 = CARTESIAN_POINT ( 'NONE',  ( -1.587499999999996803, 0.000000000000000000, -0.3174999999999990052 ) ) ;
#5072 = VECTOR ( 'NONE', #3728, 1000.000000000000000 ) ;
#5073 = ORIENTED_EDGE ( 'NONE', *, *, #5471, .F. ) ;
#5074 = LINE ( 'NONE', #5049, #3221 ) ;
#5075 = VERTEX_POINT ( 'NONE', #2577 ) ;
#5076 = CARTESIAN_POINT ( 'NONE',  ( -10.15999999999999837, 0.000000000000000000, -0.8889999999999981251 ) ) ;
#5077 = FACE_OUTER_BOUND ( 'NONE', #5163, .T. ) ;
#5078 = VECTOR ( 'NONE', #150, 1000.000000000000000 ) ;
#5079 = CARTESIAN_POINT ( 'NONE',  ( 7.620000000000003659, 0.000000000000000000, -0.8889999999999986802 ) ) ;
#5080 = VERTEX_POINT ( 'NONE', #3030 ) ;
#5081 = CARTESIAN_POINT ( 'NONE',  ( 13.65250000000000519, 0.000000000000000000, 0.3175000000000011702 ) ) ;
#5082 = VERTEX_POINT ( 'NONE', #299 ) ;
#5083 = UNCERTAINTY_MEASURE_WITH_UNIT (LENGTH_MEASURE( 1.000000000000000082E-05 ), #1682, 'distance_accuracy_value', 'NONE');
#5084 = DIRECTION ( 'NONE',  ( 0.7071067811865463515, 0.000000000000000000, 0.7071067811865487940 ) ) ;
#5085 = ORIENTED_EDGE ( 'NONE', *, *, #4734, .F. ) ;
#5086 = FACE_OUTER_BOUND ( 'NONE', #5656, .T. ) ;
#5087 = PRODUCT ( 'PEC12SADN', 'PEC12SADN', '', ( #217 ) ) ;
#5088 = EDGE_CURVE ( 'NONE', #1078, #5303, #5175, .T. ) ;
#5089 = CARTESIAN_POINT ( 'NONE',  ( -14.28749999999999787, 0.000000000000000000, 0.3175000000000011702 ) ) ;
#5090 = ORIENTED_EDGE ( 'NONE', *, *, #2047, .T. ) ;
#5091 = DIRECTION ( 'NONE',  ( 0.000000000000000000, 0.000000000000000000, 1.000000000000000000 ) ) ;
#5092 = CARTESIAN_POINT ( 'NONE',  ( -6.667499999999997762, 2.540000000000000036, 0.3175000000000011702 ) ) ;
#5093 = EDGE_CURVE ( 'NONE', #5437, #5878, #2909, .T. ) ;
#5094 = ORIENTED_EDGE ( 'NONE', *, *, #4661, .F. ) ;
#5095 = EDGE_CURVE ( 'NONE', #4825, #2704, #188, .T. ) ;
#5096 = VECTOR ( 'NONE', #280, 1000.000000000000114 ) ;
#5097 = ORIENTED_EDGE ( 'NONE', *, *, #1631, .T. ) ;
#5098 = EDGE_CURVE ( 'NONE', #2493, #4680, #4758, .T. ) ;
#5099 = DIRECTION ( 'NONE',  ( -0.7071067811865471286, 0.000000000000000000, 0.7071067811865479058 ) ) ;
#5100 = CARTESIAN_POINT ( 'NONE',  ( -12.31900000000000084, 2.540000000000000036, -1.269999999999998019 ) ) ;
#5101 = PLANE ( 'NONE',  #538 ) ;
#5102 = LINE ( 'NONE', #4989, #3422 ) ;
#5103 = VECTOR ( 'NONE', #1023, 1000.000000000000000 ) ;
#5104 = ORIENTED_EDGE ( 'NONE', *, *, #2768, .F. ) ;
#5105 = LINE ( 'NONE', #4293, #4244 ) ;
#5106 = ORIENTED_EDGE ( 'NONE', *, *, #3279, .T. ) ;
#5107 = AXIS2_PLACEMENT_3D ( 'NONE', #5557, #2417, #1494 ) ;
#5108 = CARTESIAN_POINT ( 'NONE',  ( -15.23999999999999666, 0.000000000000000000, 0.8890000000000015667 ) ) ;
#5109 = VECTOR ( 'NONE', #1624, 1000.000000000000000 ) ;
#5110 = CARTESIAN_POINT ( 'NONE',  ( -12.69999999999999574, 0.000000000000000000, 0.8890000000000015667 ) ) ;
#5112 = CARTESIAN_POINT ( 'NONE',  ( 7.620000000000003659, 0.000000000000000000, -0.8889999999999986802 ) ) ;
#5111 = VECTOR ( 'NONE', #2751, 1000.000000000000000 ) ;
#5113 = ORIENTED_EDGE ( 'NONE', *, *, #1269, .F. ) ;
#5114 = EDGE_CURVE ( 'NONE', #3573, #3450, #1106, .T. ) ;
#5115 = CARTESIAN_POINT ( 'NONE',  ( 0.3810000000000028919, 0.000000000000000000, 1.270000000000002238 ) ) ;
#5116 = ORIENTED_EDGE ( 'NONE', *, *, #3097, .T. ) ;
#5117 = DIRECTION ( 'NONE',  ( 0.000000000000000000, 0.000000000000000000, -1.000000000000000000 ) ) ;
#5118 = EDGE_LOOP ( 'NONE', ( #4834, #1861, #22, #4136 ) ) ;
#5119 = FACE_OUTER_BOUND ( 'NONE', #5767, .T. ) ;
#5120 = VECTOR ( 'NONE', #2495, 1000.000000000000000 ) ;
#5121 = DIRECTION ( 'NONE',  ( -1.000000000000000000, 0.000000000000000000, -0.000000000000000000 ) ) ;
#5122 = VECTOR ( 'NONE', #4408, 1000.000000000000000 ) ;
#5123 = DIRECTION ( 'NONE',  ( 0.000000000000000000, 0.000000000000000000, 1.000000000000000000 ) ) ;
#5124 = VERTEX_POINT ( 'NONE', #2969 ) ;
#5125 = FACE_OUTER_BOUND ( 'NONE', #5522, .T. ) ;
#5126 = ORIENTED_EDGE ( 'NONE', *, *, #5132, .F. ) ;
#5127 = ORIENTED_EDGE ( 'NONE', *, *, #938, .T. ) ;
#5128 = MECHANICAL_DESIGN_GEOMETRIC_PRESENTATION_REPRESENTATION (  '', ( #2549 ), #2662 ) ;
#5129 = DIRECTION ( 'NONE',  ( 2.439149994343089694E-16, -0.000000000000000000, 1.000000000000000000 ) ) ;
#5130 = DIRECTION ( 'NONE',  ( 1.951319995474474122E-15, 0.000000000000000000, 1.000000000000000000 ) ) ;
#5131 = CARTESIAN_POINT ( 'NONE',  ( -10.15999999999999481, 0.000000000000000000, 0.8890000000000015667 ) ) ;
#5132 = EDGE_CURVE ( 'NONE', #5124, #4362, #2101, .T. ) ;
#5133 = PLANE ( 'NONE',  #4942 ) ;
#5134 = EDGE_CURVE ( 'NONE', #1525, #3473, #2545, .T. ) ;
#5135 = ORIENTED_EDGE ( 'NONE', *, *, #4915, .T. ) ;
#5136 = LINE ( 'NONE', #1580, #424 ) ;
#5137 = ORIENTED_EDGE ( 'NONE', *, *, #3890, .F. ) ;
#5138 = PLANE ( 'NONE',  #4823 ) ;
#5139 = LINE ( 'NONE', #2063, #2928 ) ;
#5140 = CARTESIAN_POINT ( 'NONE',  ( -10.15999999999999659, 2.540000000000000036, 0.8890000000000009006 ) ) ;
#5141 = PRODUCT_DEFINITION_SHAPE ( 'NONE', 'NONE',  #5933 ) ;
#5142 = VECTOR ( 'NONE', #2876, 1000.000000000000000 ) ;
#5143 = CARTESIAN_POINT ( 'NONE',  ( 6.032500000000003304, 2.540000000000000036, 0.3175000000000011702 ) ) ;
#5144 = EDGE_LOOP ( 'NONE', ( #1814, #589, #1012, #5785 ) ) ;
#5145 = CARTESIAN_POINT ( 'NONE',  ( 3.469446951953614189E-15, 0.000000000000000000, -0.8889999999999986802 ) ) ;
#5146 = VERTEX_POINT ( 'NONE', #4365 ) ;
#5147 = CARTESIAN_POINT ( 'NONE',  ( 0.000000000000000000, 2.540000000000000036, -0.8889999999999981251 ) ) ;
#5148 = DIRECTION ( 'NONE',  ( -0.7071067811865457964, -0.000000000000000000, -0.7071067811865492381 ) ) ;
#5149 = LINE ( 'NONE', #5599, #1500 ) ;
#5150 = ADVANCED_FACE ( 'NONE', ( #5663 ), #1136, .T. ) ;
#5151 = FACE_OUTER_BOUND ( 'NONE', #3318, .T. ) ;
#5152 = DIRECTION ( 'NONE',  ( -0.7071067811865479058, 0.000000000000000000, -0.7071067811865471286 ) ) ;
#5153 = ORIENTED_EDGE ( 'NONE', *, *, #1817, .F. ) ;
#5154 =( NAMED_UNIT ( * ) PLANE_ANGLE_UNIT ( ) SI_UNIT ( $, .RADIAN. ) );
#5155 = ORIENTED_EDGE ( 'NONE', *, *, #1666, .T. ) ;
#5156 = EDGE_LOOP ( 'NONE', ( #5826, #2713, #5678, #5445 ) ) ;
#5157 = LINE ( 'NONE', #4286, #2743 ) ;
#5158 = CARTESIAN_POINT ( 'NONE',  ( 2.920999999999999819, 2.540000000000000036, -1.269999999999998019 ) ) ;
#5159 = LINE ( 'NONE', #2498, #3600 ) ;
#5160 = DIRECTION ( 'NONE',  ( -0.7071067811865457964, -0.000000000000000000, -0.7071067811865492381 ) ) ;
#5161 = EDGE_LOOP ( 'NONE', ( #1126, #1894, #3704, #572 ) ) ;
#5162 = CARTESIAN_POINT ( 'NONE',  ( 0.000000000000000000, 2.540000000000000036, -0.8889999999999981251 ) ) ;
#5163 = EDGE_LOOP ( 'NONE', ( #5630, #806, #2803, #3266 ) ) ;
#5164 = EDGE_CURVE ( 'NONE', #2406, #5753, #5693, .T. ) ;
#5165 = ADVANCED_FACE ( 'NONE', ( #686 ), #4332, .T. ) ;
#5166 = DIRECTION ( 'NONE',  ( 0.7071067811865444641, 0.000000000000000000, -0.7071067811865505703 ) ) ;
#5167 = DIRECTION ( 'NONE',  ( 1.951319995474474122E-15, 0.000000000000000000, 1.000000000000000000 ) ) ;
#5168 = LINE ( 'NONE', #1073, #2755 ) ;
#5169 = VERTEX_POINT ( 'NONE', #3624 ) ;
#5170 = DIRECTION ( 'NONE',  ( 0.000000000000000000, 0.000000000000000000, -1.000000000000000000 ) ) ;
#5171 = VERTEX_POINT ( 'NONE', #3177 ) ;
#5172 = EDGE_CURVE ( 'NONE', #3346, #502, #1683, .T. ) ;
#5173 = EDGE_CURVE ( 'NONE', #3450, #5622, #4541, .T. ) ;
#5174 = VECTOR ( 'NONE', #1019, 1000.000000000000000 ) ;
#5175 = LINE ( 'NONE', #2941, #1598 ) ;
#5176 = DIRECTION ( 'NONE',  ( -0.2035585949527758676, 0.9576678948579738782, -0.2035585949527758676 ) ) ;
#5177 = FACE_OUTER_BOUND ( 'NONE', #2263, .T. ) ;
#5178 = EDGE_LOOP ( 'NONE', ( #2748, #3821, #903, #483 ) ) ;
#5179 = ITEM_DEFINED_TRANSFORMATION ( 'NONE', 'NONE', #2084,  #1320 ) ;
#5180 = FILL_AREA_STYLE_COLOUR ( '', #4137 ) ;
#5181 = VERTEX_POINT ( 'NONE', #2283 ) ;
#5182 = ORIENTED_EDGE ( 'NONE', *, *, #2294, .T. ) ;
#5183 = PRODUCT_DEFINITION_SHAPE ( 'NONE', 'NONE',  #1589 ) ;
#5184 = CARTESIAN_POINT ( 'NONE',  ( 5.080000000000004512, 0.000000000000000000, 0.8890000000000015667 ) ) ;
#5185 = DIRECTION ( 'NONE',  ( 0.000000000000000000, 1.000000000000000000, 0.000000000000000000 ) ) ;
#5186 = CARTESIAN_POINT ( 'NONE',  ( 3.469446951953614189E-15, 2.540000000000000036, 0.8890000000000015667 ) ) ;
#5187 = DIRECTION ( 'NONE',  ( -0.7071067811865489050, 0.000000000000000000, 0.7071067811865462405 ) ) ;
#5188 =( GEOMETRIC_REPRESENTATION_CONTEXT ( 3 ) GLOBAL_UNCERTAINTY_ASSIGNED_CONTEXT ( ( #2635 ) ) GLOBAL_UNIT_ASSIGNED_CONTEXT ( ( #5704, #5154, #1143 ) ) REPRESENTATION_CONTEXT ( 'NONE', 'WORKASPACE' ) );
#5189 = ORIENTED_EDGE ( 'NONE', *, *, #2190, .F. ) ;
#5190 = LINE ( 'NONE', #1642, #2491 ) ;
#5191 = EDGE_LOOP ( 'NONE', ( #2377, #492, #3389, #246 ) ) ;
#5192 = PLANE ( 'NONE',  #335 ) ;
#5193 = CARTESIAN_POINT ( 'NONE',  ( 0.9525000000000019007, 2.540000000000000036, -0.3174999999999990052 ) ) ;
#5194 = FILL_AREA_STYLE_COLOUR ( '', #2940 ) ;
#5195 = VECTOR ( 'NONE', #65, 1000.000000000000000 ) ;
#5196 = EDGE_CURVE ( 'NONE', #744, #2215, #5787, .T. ) ;
#5197 = ORIENTED_EDGE ( 'NONE', *, *, #5219, .F. ) ;
#5198 = FACE_OUTER_BOUND ( 'NONE', #2180, .T. ) ;
#5199 = VERTEX_POINT ( 'NONE', #4486 ) ;
#5200 = CARTESIAN_POINT ( 'NONE',  ( -2.539999999999998703, 0.000000000000000000, -0.8889999999999981251 ) ) ;
#5201 = CARTESIAN_POINT ( 'NONE',  ( 5.080000000000002736, 0.000000000000000000, 0.8890000000000009006 ) ) ;
#5202 = EDGE_CURVE ( 'NONE', #2231, #824, #4936, .T. ) ;
#5203 = AXIS2_PLACEMENT_3D ( 'NONE', #3406, #170, #1487 ) ;
#5204 = EDGE_CURVE ( 'NONE', #930, #5303, #874, .T. ) ;
#5205 = ADVANCED_FACE ( 'NONE', ( #421 ), #2679, .T. ) ;
#5206 = LINE ( 'NONE', #214, #72 ) ;
#5207 = DIRECTION ( 'NONE',  ( 0.000000000000000000, 1.000000000000000000, 0.000000000000000000 ) ) ;
#5208 = ORIENTED_EDGE ( 'NONE', *, *, #5469, .T. ) ;
#5209 = VECTOR ( 'NONE', #5840, 1000.000000000000000 ) ;
#5210 = EDGE_CURVE ( 'NONE', #5671, #441, #452, .T. ) ;
#5211 = VECTOR ( 'NONE', #2374, 1000.000000000000114 ) ;
#5212 = VERTEX_POINT ( 'NONE', #1232 ) ;
#5213 = ORIENTED_EDGE ( 'NONE', *, *, #4664, .F. ) ;
#5214 = LINE ( 'NONE', #2862, #819 ) ;
#5215 = CARTESIAN_POINT ( 'NONE',  ( 4.699000000000005173, 0.000000000000000000, 1.270000000000001794 ) ) ;
#5216 = VECTOR ( 'NONE', #5052, 1000.000000000000000 ) ;
#5217 = CARTESIAN_POINT ( 'NONE',  ( -0.2446143550033490766, 8.382000000000001450, -0.2446143550033490766 ) ) ;
#5218 = DIRECTION ( 'NONE',  ( -0.000000000000000000, 1.000000000000000000, 0.000000000000000000 ) ) ;
#5219 = EDGE_CURVE ( 'NONE', #3152, #251, #1743, .T. ) ;
#5220 = VECTOR ( 'NONE', #3290, 1000.000000000000000 ) ;
#5221 = ORIENTED_EDGE ( 'NONE', *, *, #5573, .F. ) ;
#5222 = DIRECTION ( 'NONE',  ( 0.000000000000000000, 1.000000000000000000, 0.000000000000000000 ) ) ;
#5223 = ORIENTED_EDGE ( 'NONE', *, *, #3388, .F. ) ;
#5224 = LINE ( 'NONE', #2506, #2921 ) ;
#5225 = DIRECTION ( 'NONE',  ( 1.000000000000000000, 0.000000000000000000, -2.439149994343089694E-16 ) ) ;
#5226 = VECTOR ( 'NONE', #5160, 1000.000000000000114 ) ;
#5227 = VECTOR ( 'NONE', #5388, 1000.000000000000000 ) ;
#5228 = ORIENTED_EDGE ( 'NONE', *, *, #4631, .T. ) ;
#5229 = FACE_OUTER_BOUND ( 'NONE', #1329, .T. ) ;
#5230 = VERTEX_POINT ( 'NONE', #3062 ) ;
#5231 = PLANE ( 'NONE',  #2238 ) ;
#5232 = LINE ( 'NONE', #5147, #3400 ) ;
#5233 = DIRECTION ( 'NONE',  ( 0.000000000000000000, -0.000000000000000000, 1.000000000000000000 ) ) ;
#5234 = LINE ( 'NONE', #3368, #843 ) ;
#5235 = FACE_BOUND ( 'NONE', #1305, .T. ) ;
#5236 = VERTEX_POINT ( 'NONE', #846 ) ;
#5237 = EDGE_CURVE ( 'NONE', #1070, #5333, #2707, .T. ) ;
#5238 = EDGE_CURVE ( 'NONE', #2467, #2490, #1772, .T. ) ;
#5239 = CARTESIAN_POINT ( 'NONE',  ( -3.809999999999997389, 0.000000000000000000, 1.192622389734054877E-15 ) ) ;
#5240 = DIRECTION ( 'NONE',  ( -0.7071067811865457964, -0.000000000000000000, -0.7071067811865492381 ) ) ;
#5241 = ORIENTED_EDGE ( 'NONE', *, *, #57, .T. ) ;
#5242 = ORIENTED_EDGE ( 'NONE', *, *, #857, .T. ) ;
#5243 = EDGE_CURVE ( 'NONE', #1103, #5181, #2639, .T. ) ;
#5244 = DIRECTION ( 'NONE',  ( 0.000000000000000000, 1.000000000000000000, 0.000000000000000000 ) ) ;
#5245 = FACE_OUTER_BOUND ( 'NONE', #3150, .T. ) ;
#5246 = DIRECTION ( 'NONE',  ( 1.951319995474474122E-15, 0.000000000000000000, 1.000000000000000000 ) ) ;
#5247 = DIRECTION ( 'NONE',  ( 0.000000000000000000, 0.000000000000000000, 1.000000000000000000 ) ) ;
#5248 = MANIFOLD_SOLID_BREP ( 'Chamfer1', #399 ) ;
#5249 = FACE_OUTER_BOUND ( 'NONE', #3456, .T. ) ;
#5250 = EDGE_LOOP ( 'NONE', ( #3284, #1094, #4219, #4857 ) ) ;
#5251 = LINE ( 'NONE', #832, #2249 ) ;
#5252 = VERTEX_POINT ( 'NONE', #5384 ) ;
#5253 = PRESENTATION_STYLE_ASSIGNMENT (( #2390 ) ) ;
#5254 = FACE_OUTER_BOUND ( 'NONE', #1560, .T. ) ;
#5255 = CARTESIAN_POINT ( 'NONE',  ( 15.24000000000000554, 0.000000000000000000, -0.8889999999999986802 ) ) ;
#5256 = ORIENTED_EDGE ( 'NONE', *, *, #2802, .T. ) ;
#5257 = CARTESIAN_POINT ( 'NONE',  ( -5.079999999999999183, 0.000000000000000000, -0.8889999999999981251 ) ) ;
#5259 = VERTEX_POINT ( 'NONE', #4425 ) ;
#5258 = MANIFOLD_SOLID_BREP ( 'LPattern1[3]', #4401 ) ;
#5260 = PRODUCT_DEFINITION_CONTEXT ( 'detailed design', #4931, 'design' ) ;
#5261 = CARTESIAN_POINT ( 'NONE',  ( -5.079999999999999183, 0.000000000000000000, -0.8889999999999981251 ) ) ;
#5262 = DIRECTION ( 'NONE',  ( 0.000000000000000000, 0.000000000000000000, 1.000000000000000000 ) ) ;
#5263 = CARTESIAN_POINT ( 'NONE',  ( -7.238999999999997215, 0.000000000000000000, 1.270000000000002238 ) ) ;
#5264 = CARTESIAN_POINT ( 'NONE',  ( -1.587499999999996803, 0.000000000000000000, 0.3175000000000011702 ) ) ;
#5265 = VECTOR ( 'NONE', #695, 1000.000000000000114 ) ;
#5266 = CARTESIAN_POINT ( 'NONE',  ( 0.3174999999999999489, 8.039099999999994139, 0.3174999999999999489 ) ) ;
#5267 = ORIENTED_EDGE ( 'NONE', *, *, #5172, .T. ) ;
#5268 = EDGE_CURVE ( 'NONE', #3088, #3048, #1405, .T. ) ;
#5269 = CARTESIAN_POINT ( 'NONE',  ( 4.699000000000005173, 2.540000000000000036, 1.270000000000001794 ) ) ;
#5270 = ORIENTED_EDGE ( 'NONE', *, *, #392, .F. ) ;
#5271 = ORIENTED_EDGE ( 'NONE', *, *, #2618, .F. ) ;
#5272 = CARTESIAN_POINT ( 'NONE',  ( 12.70000000000000462, 2.540000000000000036, -0.8889999999999986802 ) ) ;
#5273 = FACE_OUTER_BOUND ( 'NONE', #4404, .T. ) ;
#5274 = CARTESIAN_POINT ( 'NONE',  ( 5.461000000000003851, 0.000000000000000000, 1.270000000000002238 ) ) ;
#5275 = DIRECTION ( 'NONE',  ( -0.7071067811865471286, -0.000000000000000000, 0.7071067811865479058 ) ) ;
#5276 = EDGE_CURVE ( 'NONE', #4349, #2960, #3649, .T. ) ;
#5277 = EDGE_CURVE ( 'NONE', #5548, #5343, #1915, .T. ) ;
#5278 = CARTESIAN_POINT ( 'NONE',  ( 4.699000000000005173, 2.540000000000000036, -1.269999999999998241 ) ) ;
#5279 = ORIENTED_EDGE ( 'NONE', *, *, #5093, .F. ) ;
#5280 = DIRECTION ( 'NONE',  ( 0.000000000000000000, 1.000000000000000000, 0.000000000000000000 ) ) ;
#5281 = ORIENTED_EDGE ( 'NONE', *, *, #4251, .F. ) ;
#5282 = DIRECTION ( 'NONE',  ( 0.000000000000000000, 0.000000000000000000, -1.000000000000000000 ) ) ;
#5283 = LINE ( 'NONE', #3937, #2404 ) ;
#5284 = LINE ( 'NONE', #2631, #1587 ) ;
#5285 = AXIS2_PLACEMENT_3D ( 'NONE', #1515, #2409, #4221 ) ;
#5286 = VERTEX_POINT ( 'NONE', #4663 ) ;
#5287 = CARTESIAN_POINT ( 'NONE',  ( -0.3809999999999941767, 0.000000000000000000, 1.270000000000001794 ) ) ;
#5288 = ORIENTED_EDGE ( 'NONE', *, *, #1485, .T. ) ;
#5289 = VECTOR ( 'NONE', #85, 1000.000000000000000 ) ;
#5290 = FILL_AREA_STYLE ('',( #3943 ) ) ;
#5291 = CARTESIAN_POINT ( 'NONE',  ( -5.079999999999997407, 0.000000000000000000, -0.8889999999999986802 ) ) ;
#5292 = EDGE_CURVE ( 'NONE', #3345, #544, #3708, .T. ) ;
#5294 = DIRECTION ( 'NONE',  ( 1.000000000000000000, 0.000000000000000000, -0.000000000000000000 ) ) ;
#5293 = AXIS2_PLACEMENT_3D ( 'NONE', #3398, #634, #2431 ) ;
#5295 = CARTESIAN_POINT ( 'NONE',  ( 13.65250000000000519, 0.000000000000000000, 0.3175000000000011702 ) ) ;
#5296 = DIRECTION ( 'NONE',  ( -0.000000000000000000, 1.000000000000000000, 0.000000000000000000 ) ) ;
#5297 = ORIENTED_EDGE ( 'NONE', *, *, #3504, .F. ) ;
#5298 = MECHANICAL_DESIGN_GEOMETRIC_PRESENTATION_REPRESENTATION (  '', ( #4338 ), #5402 ) ;
#5299 = STYLED_ITEM ( 'NONE', ( #3544 ), #1421 ) ;
#5300 = CARTESIAN_POINT ( 'NONE',  ( -4.127499999999997726, 0.000000000000000000, -0.3174999999999990052 ) ) ;
#5301 = VECTOR ( 'NONE', #3255, 1000.000000000000114 ) ;
#5302 = ORIENTED_EDGE ( 'NONE', *, *, #2359, .F. ) ;
#5303 = VERTEX_POINT ( 'NONE', #3298 ) ;
#5304 = DIRECTION ( 'NONE',  ( 0.000000000000000000, -0.000000000000000000, 1.000000000000000000 ) ) ;
#5305 = CARTESIAN_POINT ( 'NONE',  ( -13.08099999999999596, 2.540000000000000036, -1.269999999999998241 ) ) ;
#5306 = DIRECTION ( 'NONE',  ( -0.7071067811865479058, 0.000000000000000000, -0.7071067811865471286 ) ) ;
#5307 = FACE_OUTER_BOUND ( 'NONE', #4717, .T. ) ;
#5308 = VECTOR ( 'NONE', #1584, 1000.000000000000000 ) ;
#5309 = DIRECTION ( 'NONE',  ( 0.000000000000000000, 0.000000000000000000, -1.000000000000000000 ) ) ;
#5310 = ORIENTED_EDGE ( 'NONE', *, *, #4835, .T. ) ;
#5311 = DIRECTION ( 'NONE',  ( 0.000000000000000000, 0.000000000000000000, 1.000000000000000000 ) ) ;
#5312 = VERTEX_POINT ( 'NONE', #5110 ) ;
#5313 = AXIS2_PLACEMENT_3D ( 'NONE', #2273, #3699, #4534 ) ;
#5314 = DIRECTION ( 'NONE',  ( 1.000000000000000000, 0.000000000000000000, -2.439149994343089694E-16 ) ) ;
#5315 = PLANE ( 'NONE',  #2791 ) ;
#5316 = ADVANCED_FACE ( 'NONE', ( #24 ), #4690, .T. ) ;
#5317 = EDGE_CURVE ( 'NONE', #2954, #2960, #3680, .T. ) ;
#5318 = DIRECTION ( 'NONE',  ( -0.000000000000000000, -1.000000000000000000, -0.000000000000000000 ) ) ;
#5319 = DIRECTION ( 'NONE',  ( 0.7071067811865492381, 0.000000000000000000, -0.7071067811865457964 ) ) ;
#5320 = AXIS2_PLACEMENT_3D ( 'NONE', #1566, #3394, #2043 ) ;
#5321 = VERTEX_POINT ( 'NONE', #2391 ) ;
#5322 = CARTESIAN_POINT ( 'NONE',  ( -0.3174999999999999489, 2.540000000000000036, 0.3174999999999999489 ) ) ;
#5323 = VERTEX_POINT ( 'NONE', #4204 ) ;
#5324 = DIRECTION ( 'NONE',  ( 0.7071067811865492381, 0.000000000000000000, -0.7071067811865457964 ) ) ;
#5325 = AXIS2_PLACEMENT_3D ( 'NONE', #2865, #1968, #5247 ) ;
#5326 = EDGE_CURVE ( 'NONE', #1737, #4888, #1945, .T. ) ;
#5327 = DIRECTION ( 'NONE',  ( 1.000000000000000000, 0.000000000000000000, 0.000000000000000000 ) ) ;
#5328 = VECTOR ( 'NONE', #2133, 1000.000000000000000 ) ;
#5329 = VECTOR ( 'NONE', #4185, 1000.000000000000000 ) ;
#5330 = CARTESIAN_POINT ( 'NONE',  ( 0.3174999999999999489, 8.039099999999994139, -0.3174999999999999489 ) ) ;
#5331 = CARTESIAN_POINT ( 'NONE',  ( 9.779000000000007020, 0.000000000000000000, -1.269999999999998241 ) ) ;
#5332 = LINE ( 'NONE', #1235, #232 ) ;
#5333 = VERTEX_POINT ( 'NONE', #504 ) ;
#5334 = VECTOR ( 'NONE', #2581, 1000.000000000000000 ) ;
#5335 = ADVANCED_FACE ( 'NONE', ( #2336, #5020 ), #3761, .T. ) ;
#5336 = DIRECTION ( 'NONE',  ( -0.7071067811865457964, 0.000000000000000000, -0.7071067811865492381 ) ) ;
#5337 = ORIENTED_EDGE ( 'NONE', *, *, #2998, .F. ) ;
#5338 = ORIENTED_EDGE ( 'NONE', *, *, #1586, .T. ) ;
#5339 = LINE ( 'NONE', #3464, #3972 ) ;
#5340 = LINE ( 'NONE', #1665, #1693 ) ;
#5341 = DIRECTION ( 'NONE',  ( 1.000000000000000000, 0.000000000000000000, -2.439149994343089694E-16 ) ) ;
#5342 = DIRECTION ( 'NONE',  ( -1.000000000000000000, 0.000000000000000000, 0.000000000000000000 ) ) ;
#5343 = VERTEX_POINT ( 'NONE', #5140 ) ;
#5344 = CARTESIAN_POINT ( 'NONE',  ( -0.2344784897417124814, 8.429685496895514163, 0.2344784897417124814 ) ) ;
#5345 = ORIENTED_EDGE ( 'NONE', *, *, #3926, .F. ) ;
#5346 = CARTESIAN_POINT ( 'NONE',  ( -3.492499999999997495, 0.000000000000000000, 0.3175000000000011702 ) ) ;
#5347 = CARTESIAN_POINT ( 'NONE',  ( 6.032500000000003304, 0.000000000000000000, 0.3175000000000011702 ) ) ;
#5348 = DIRECTION ( 'NONE',  ( -0.7071067811865471286, -0.000000000000000000, 0.7071067811865479058 ) ) ;
#5349 = PLANE ( 'NONE',  #2656 ) ;
#5350 = APPLICATION_CONTEXT ( 'automotive_design' ) ;
#5351 = ADVANCED_FACE ( 'NONE', ( #1047 ), #5531, .T. ) ;
#5352 = EDGE_LOOP ( 'NONE', ( #1921, #4376, #268, #2205, #3211, #3726, #4615, #3180 ) ) ;
#5353 = EDGE_CURVE ( 'NONE', #5878, #449, #58, .T. ) ;
#5354 = LINE ( 'NONE', #2994, #2912 ) ;
#5355 = ORIENTED_EDGE ( 'NONE', *, *, #5196, .T. ) ;
#5356 = ADVANCED_FACE ( 'NONE', ( #5077 ), #985, .T. ) ;
#5357 = EDGE_CURVE ( 'NONE', #3711, #86, #231, .T. ) ;
#5358 = LINE ( 'NONE', #1233, #5367 ) ;
#5359 = EDGE_CURVE ( 'NONE', #5671, #2092, #182, .T. ) ;
#5360 = DIRECTION ( 'NONE',  ( -1.000000000000000000, 0.000000000000000000, 2.439149994343084764E-16 ) ) ;
#5361 = CARTESIAN_POINT ( 'NONE',  ( 14.28750000000000497, 0.000000000000000000, -0.3174999999999990052 ) ) ;
#5362 = ORIENTED_EDGE ( 'NONE', *, *, #3020, .T. ) ;
#5363 = MANIFOLD_SOLID_BREP ( 'Boss-Extrude1', #5460 ) ;
#5364 = VECTOR ( 'NONE', #4686, 1000.000000000000114 ) ;
#5365 = ORIENTED_EDGE ( 'NONE', *, *, #2984, .F. ) ;
#5366 = CARTESIAN_POINT ( 'NONE',  ( 12.31900000000000617, 2.540000000000000036, -1.269999999999998241 ) ) ;
#5367 = VECTOR ( 'NONE', #3064, 1000.000000000000000 ) ;
#5368 = LINE ( 'NONE', #4345, #2168 ) ;
#5369 = DIRECTION ( 'NONE',  ( -1.000000000000000000, 0.000000000000000000, 2.439149994343084764E-16 ) ) ;
#5370 = LINE ( 'NONE', #2717, #3571 ) ;
#5371 = ORIENTED_EDGE ( 'NONE', *, *, #4878, .T. ) ;
#5372 = CARTESIAN_POINT ( 'NONE',  ( 13.08100000000000307, 0.000000000000000000, -1.269999999999998019 ) ) ;
#5373 = ORIENTED_EDGE ( 'NONE', *, *, #5399, .F. ) ;
#5374 = LINE ( 'NONE', #1275, #3776 ) ;
#5375 = CARTESIAN_POINT ( 'NONE',  ( -11.74749999999999694, 2.540000000000000036, 0.3175000000000011702 ) ) ;
#5376 = LINE ( 'NONE', #1277, #3124 ) ;
#5377 = CARTESIAN_POINT ( 'NONE',  ( 5.080000000000002736, 2.540000000000000036, 0.8890000000000009006 ) ) ;
#5378 = ORIENTED_EDGE ( 'NONE', *, *, #3029, .F. ) ;
#5379 = CARTESIAN_POINT ( 'NONE',  ( -6.032499999999997975, 0.000000000000000000, 0.3175000000000011702 ) ) ;
#5381 = MANIFOLD_SOLID_BREP ( 'LPattern1[6]', #2975 ) ;
#5380 = ORIENTED_EDGE ( 'NONE', *, *, #2543, .F. ) ;
#5382 = PLANE ( 'NONE',  #2057 ) ;
#5383 = EDGE_CURVE ( 'NONE', #3690, #2819, #2537, .T. ) ;
#5384 = CARTESIAN_POINT ( 'NONE',  ( 5.080000000000004512, 0.000000000000000000, 0.8890000000000015667 ) ) ;
#5385 = EDGE_CURVE ( 'NONE', #2416, #4964, #4356, .T. ) ;
#5386 = FACE_OUTER_BOUND ( 'NONE', #5579, .T. ) ;
#5387 = ORIENTED_EDGE ( 'NONE', *, *, #2650, .F. ) ;
#5388 = DIRECTION ( 'NONE',  ( -0.000000000000000000, -0.000000000000000000, -1.000000000000000000 ) ) ;
#5389 = PLANE ( 'NONE',  #37 ) ;
#5390 = ORIENTED_EDGE ( 'NONE', *, *, #1229, .F. ) ;
#5391 = ADVANCED_FACE ( 'NONE', ( #1131 ), #3912, .T. ) ;
#5392 = EDGE_CURVE ( 'NONE', #1145, #1420, #3477, .T. ) ;
#5393 = AXIS2_PLACEMENT_3D ( 'NONE', #4972, #754, #1721 ) ;
#5394 = EDGE_CURVE ( 'NONE', #3405, #2424, #5625, .T. ) ;
#5395 = DIRECTION ( 'NONE',  ( 0.000000000000000000, 1.000000000000000000, 0.000000000000000000 ) ) ;
#5396 = ORIENTED_EDGE ( 'NONE', *, *, #2814, .F. ) ;
#5397 = VECTOR ( 'NONE', #5559, 1000.000000000000000 ) ;
#5398 = PLANE ( 'NONE',  #2262 ) ;
#5399 = EDGE_CURVE ( 'NONE', #1661, #4685, #5168, .T. ) ;
#5400 = CARTESIAN_POINT ( 'NONE',  ( -0.3174999999999999489, 2.540000000000000036, 0.3174999999999999489 ) ) ;
#5401 = LINE ( 'NONE', #763, #4946 ) ;
#5402 =( GEOMETRIC_REPRESENTATION_CONTEXT ( 3 ) GLOBAL_UNCERTAINTY_ASSIGNED_CONTEXT ( ( #4371 ) ) GLOBAL_UNIT_ASSIGNED_CONTEXT ( ( #4540, #23, #55 ) ) REPRESENTATION_CONTEXT ( 'NONE', 'WORKASPACE' ) );
#5403 = DIRECTION ( 'NONE',  ( 0.000000000000000000, 0.000000000000000000, 1.000000000000000000 ) ) ;
#5404 = VERTEX_POINT ( 'NONE', #2700 ) ;
#5405 = DIRECTION ( 'NONE',  ( 1.951319995474474122E-15, 0.000000000000000000, 1.000000000000000000 ) ) ;
#5406 = ORIENTED_EDGE ( 'NONE', *, *, #1631, .F. ) ;
#5407 = DIRECTION ( 'NONE',  ( 0.000000000000000000, 1.000000000000000000, 0.000000000000000000 ) ) ;
#5408 = FACE_BOUND ( 'NONE', #873, .T. ) ;
#5409 = VECTOR ( 'NONE', #5641, 1000.000000000000000 ) ;
#5410 = ADVANCED_FACE ( 'NONE', ( #5413 ), #1344, .T. ) ;
#5411 = DIRECTION ( 'NONE',  ( -1.000000000000000000, -0.000000000000000000, -0.000000000000000000 ) ) ;
#5412 = VECTOR ( 'NONE', #1929, 1000.000000000000000 ) ;
#5413 = FACE_OUTER_BOUND ( 'NONE', #2903, .T. ) ;
#5414 = VECTOR ( 'NONE', #4018, 1000.000000000000000 ) ;
#5415 = ORIENTED_EDGE ( 'NONE', *, *, #5732, .F. ) ;
#5416 = CARTESIAN_POINT ( 'NONE',  ( 15.24000000000000554, 2.540000000000000036, -0.8889999999999986802 ) ) ;
#5417 = ORIENTED_EDGE ( 'NONE', *, *, #3388, .T. ) ;
#5418 = FILL_AREA_STYLE ('',( #3592 ) ) ;
#5419 = STYLED_ITEM ( 'NONE', ( #5501 ), #5258 ) ;
#5420 = DIRECTION ( 'NONE',  ( 0.000000000000000000, 1.000000000000000000, 0.000000000000000000 ) ) ;
#5421 = AXIS2_PLACEMENT_3D ( 'NONE', #4556, #99, #464 ) ;
#5422 = ORIENTED_EDGE ( 'NONE', *, *, #10, .F. ) ;
#5423 = DIRECTION ( 'NONE',  ( 0.7071067811865444641, 0.000000000000000000, -0.7071067811865505703 ) ) ;
#5424 = VECTOR ( 'NONE', #1152, 1000.000000000000000 ) ;
#5425 = CARTESIAN_POINT ( 'NONE',  ( -7.238999999999997215, 0.000000000000000000, 1.270000000000002238 ) ) ;
#5426 = EDGE_LOOP ( 'NONE', ( #2653, #2070, #1193, #4577 ) ) ;
#5427 = AXIS2_PLACEMENT_3D ( 'NONE', #3661, #944, #5576 ) ;
#5428 = LINE ( 'NONE', #2615, #987 ) ;
#5429 = ADVANCED_FACE ( 'NONE', ( #1278 ), #5349, .F. ) ;
#5430 = EDGE_CURVE ( 'NONE', #607, #2437, #5869, .T. ) ;
#5431 = ORIENTED_EDGE ( 'NONE', *, *, #2402, .T. ) ;
#5432 = CARTESIAN_POINT ( 'NONE',  ( 8.572500000000003340, 0.000000000000000000, 0.3175000000000011702 ) ) ;
#5433 = DIRECTION ( 'NONE',  ( -0.000000000000000000, 1.000000000000000000, 0.000000000000000000 ) ) ;
#5434 =( NAMED_UNIT ( * ) PLANE_ANGLE_UNIT ( ) SI_UNIT ( $, .RADIAN. ) );
#5435 = VECTOR ( 'NONE', #1893, 1000.000000000000000 ) ;
#5436 = CARTESIAN_POINT ( 'NONE',  ( -6.667499999999997762, 0.000000000000000000, -0.3174999999999990052 ) ) ;
#5437 = VERTEX_POINT ( 'NONE', #387 ) ;
#5438 = ADVANCED_FACE ( 'NONE', ( #771 ), #294, .T. ) ;
#5439 = DIRECTION ( 'NONE',  ( -0.7071067811865489050, 0.000000000000000000, 0.7071067811865462405 ) ) ;
#5440 = ORIENTED_EDGE ( 'NONE', *, *, #3577, .F. ) ;
#5441 = LINE ( 'NONE', #5523, #5019 ) ;
#5442 = PLANE ( 'NONE',  #1357 ) ;
#5443 = DIRECTION ( 'NONE',  ( -0.9781476007338062439, -0.2079116908177565115, -0.000000000000000000 ) ) ;
#5444 = LINE ( 'NONE', #4388, #1027 ) ;
#5445 = ORIENTED_EDGE ( 'NONE', *, *, #3029, .T. ) ;
#5446 = CARTESIAN_POINT ( 'NONE',  ( 5.080000000000004512, 0.000000000000000000, 0.8890000000000015667 ) ) ;
#5447 = ORIENTED_EDGE ( 'NONE', *, *, #604, .T. ) ;
#5448 = DIRECTION ( 'NONE',  ( 0.7071067811865444641, 0.000000000000000000, -0.7071067811865505703 ) ) ;
#5449 = CARTESIAN_POINT ( 'NONE',  ( -0.3174999999999999489, -10.32509999999999373, -0.3174999999999999489 ) ) ;
#5450 = CARTESIAN_POINT ( 'NONE',  ( -7.620000000000000107, 2.540000000000000036, -0.8889999999999981251 ) ) ;
#5451 = ORIENTED_EDGE ( 'NONE', *, *, #4179, .T. ) ;
#5452 = CARTESIAN_POINT ( 'NONE',  ( -10.15999999999999659, 2.540000000000000036, -0.8889999999999986802 ) ) ;
#5453 = ORIENTED_EDGE ( 'NONE', *, *, #4077, .T. ) ;
#5454 = DIRECTION ( 'NONE',  ( -1.000000000000000000, -0.000000000000000000, 2.439149994343084764E-16 ) ) ;
#5455 = VERTEX_POINT ( 'NONE', #2243 ) ;
#5456 = ORIENTED_EDGE ( 'NONE', *, *, #3599, .T. ) ;
#5457 = DIRECTION ( 'NONE',  ( 2.439149994343089694E-16, -0.000000000000000000, 1.000000000000000000 ) ) ;
#5458 = EDGE_CURVE ( 'NONE', #960, #4254, #1313, .T. ) ;
#5459 = CARTESIAN_POINT ( 'NONE',  ( -13.96999999999999886, 0.000000000000000000, 1.192622389734054877E-15 ) ) ;
#5460 = CLOSED_SHELL ( 'NONE', ( #90, #927, #2100, #3545, #2004, #345, #5391, #5685, #2910, #1219, #1843, #5062, #4801, #165 ) ) ;
#5461 = DIRECTION ( 'NONE',  ( 0.7071067811865444641, 0.000000000000000000, -0.7071067811865505703 ) ) ;
#5462 = EDGE_LOOP ( 'NONE', ( #359, #692, #1174, #4992 ) ) ;
#5463 = ORIENTED_EDGE ( 'NONE', *, *, #2619, .F. ) ;
#5464 = AXIS2_PLACEMENT_3D ( 'NONE', #5079, #4632, #116 ) ;
#5465 = CARTESIAN_POINT ( 'NONE',  ( 0.3810000000000028919, 0.000000000000000000, 1.270000000000002238 ) ) ;
#5466 = LINE ( 'NONE', #2721, #3080 ) ;
#5467 =( REPRESENTATION_RELATIONSHIP ('NONE','NONE', #5475, #3634 ) REPRESENTATION_RELATIONSHIP_WITH_TRANSFORMATION ( #2649 )SHAPE_REPRESENTATION_RELATIONSHIP( ) );
#5468 = LINE ( 'NONE', #3168, #3692 ) ;
#5469 = EDGE_CURVE ( 'NONE', #3405, #4790, #868, .T. ) ;
#5470 = FACE_OUTER_BOUND ( 'NONE', #326, .T. ) ;
#5471 = EDGE_CURVE ( 'NONE', #4130, #3175, #5444, .T. ) ;
#5472 = VERTEX_POINT ( 'NONE', #5377 ) ;
#5473 = DIRECTION ( 'NONE',  ( -0.7071067811865471286, 0.000000000000000000, 0.7071067811865479058 ) ) ;
#5474 = VERTEX_POINT ( 'NONE', #356 ) ;
#5475 = SHAPE_REPRESENTATION ( 'PEC12SADN', ( #741, #3990, #2084, #2282, #845, #5427, #4656, #5915, #5822, #1031, #367, #5040, #1992, #2463 ), #4367 ) ;
#5476 = CARTESIAN_POINT ( 'NONE',  ( -8.000999999999994117, 0.000000000000000000, -1.269999999999998241 ) ) ;
#5477 = SURFACE_SIDE_STYLE ('',( #115 ) ) ;
#5478 = CARTESIAN_POINT ( 'NONE',  ( -5.460999999999994969, 0.000000000000000000, 1.270000000000001794 ) ) ;
#5479 = DIRECTION ( 'NONE',  ( 0.000000000000000000, 1.000000000000000000, 0.000000000000000000 ) ) ;
#5480 = VERTEX_POINT ( 'NONE', #5780 ) ;
#5481 = LINE ( 'NONE', #5000, #1771 ) ;
#5482 = ORIENTED_EDGE ( 'NONE', *, *, #199, .F. ) ;
#5483 = ADVANCED_FACE ( 'NONE', ( #4899 ), #740, .F. ) ;
#5484 = ORIENTED_EDGE ( 'NONE', *, *, #5883, .T. ) ;
#5485 = CARTESIAN_POINT ( 'NONE',  ( 0.3174999999999999489, 2.540000000000000036, 0.3174999999999999489 ) ) ;
#5486 = VECTOR ( 'NONE', #2309, 1000.000000000000114 ) ;
#5487 = EDGE_LOOP ( 'NONE', ( #3247, #2726, #1842, #2857 ) ) ;
#5488 = ORIENTED_EDGE ( 'NONE', *, *, #167, .T. ) ;
#5489 = CARTESIAN_POINT ( 'NONE',  ( -12.31899999999999729, 0.000000000000000000, 1.270000000000002238 ) ) ;
#5490 = CARTESIAN_POINT ( 'NONE',  ( 7.239000000000006096, 2.540000000000000036, 1.270000000000001794 ) ) ;
#5491 = DIRECTION ( 'NONE',  ( 0.7071067811865463515, 0.000000000000000000, 0.7071067811865487940 ) ) ;
#5492 = LINE ( 'NONE', #4200, #3888 ) ;
#5493 = VECTOR ( 'NONE', #229, 1000.000000000000000 ) ;
#5494 = EDGE_LOOP ( 'NONE', ( #2765, #2351, #5127, #4610 ) ) ;
#5495 = PLANE ( 'NONE',  #4542 ) ;
#5496 = ORIENTED_EDGE ( 'NONE', *, *, #5687, .F. ) ;
#5497 = ADVANCED_FACE ( 'NONE', ( #2125 ), #2632, .F. ) ;
#5498 = VECTOR ( 'NONE', #2568, 1000.000000000000000 ) ;
#5499 = EDGE_CURVE ( 'NONE', #1024, #308, #2212, .T. ) ;
#5500 = CARTESIAN_POINT ( 'NONE',  ( -12.31900000000000084, 0.000000000000000000, -1.269999999999998019 ) ) ;
#5501 = PRESENTATION_STYLE_ASSIGNMENT (( #593 ) ) ;
#5502 = VECTOR ( 'NONE', #855, 1000.000000000000114 ) ;
#5503 = PLANE ( 'NONE',  #110 ) ;
#5504 = EDGE_LOOP ( 'NONE', ( #3962, #3781, #1228, #4398, #2965, #5730, #5197, #1770 ) ) ;
#5505 = FACE_OUTER_BOUND ( 'NONE', #4446, .T. ) ;
#5506 = ORIENTED_EDGE ( 'NONE', *, *, #461, .T. ) ;
#5507 = EDGE_CURVE ( 'NONE', #2829, #4841, #2153, .T. ) ;
#5508 = UNCERTAINTY_MEASURE_WITH_UNIT (LENGTH_MEASURE( 1.000000000000000082E-05 ), #35, 'distance_accuracy_value', 'NONE');
#5509 = CARTESIAN_POINT ( 'NONE',  ( -13.65249999999999808, 0.000000000000000000, 0.3175000000000011702 ) ) ;
#5510 = VERTEX_POINT ( 'NONE', #1765 ) ;
#5511 = AXIS2_PLACEMENT_3D ( 'NONE', #1952, #2265, #405 ) ;
#5512 = VECTOR ( 'NONE', #513, 1000.000000000000000 ) ;
#5513 = VECTOR ( 'NONE', #3852, 1000.000000000000000 ) ;
#5514 = PLANE ( 'NONE',  #4461 ) ;
#5515 = ORIENTED_EDGE ( 'NONE', *, *, #4472, .T. ) ;
#5516 = VECTOR ( 'NONE', #3817, 1000.000000000000114 ) ;
#5517 = FILL_AREA_STYLE_COLOUR ( '', #3892 ) ;
#5518 = VECTOR ( 'NONE', #2815, 1000.000000000000000 ) ;
#5519 = CARTESIAN_POINT ( 'NONE',  ( 13.65250000000000519, 0.000000000000000000, 0.3175000000000011702 ) ) ;
#5520 = VECTOR ( 'NONE', #5831, 1000.000000000000000 ) ;
#5521 = ORIENTED_EDGE ( 'NONE', *, *, #1630, .T. ) ;
#5522 = EDGE_LOOP ( 'NONE', ( #532, #2021, #1678, #4189, #4561, #1690, #2763, #2139 ) ) ;
#5523 = CARTESIAN_POINT ( 'NONE',  ( 12.70000000000000284, 0.000000000000000000, -0.8889999999999981251 ) ) ;
#5524 = CARTESIAN_POINT ( 'NONE',  ( 7.239000000000006096, 0.000000000000000000, -1.269999999999998241 ) ) ;
#5525 = CARTESIAN_POINT ( 'NONE',  ( -13.08099999999999596, 2.540000000000000036, -1.269999999999998241 ) ) ;
#5526 = DIRECTION ( 'NONE',  ( 0.000000000000000000, 1.000000000000000000, 0.000000000000000000 ) ) ;
#5527 = ORIENTED_EDGE ( 'NONE', *, *, #3197, .F. ) ;
#5528 = LINE ( 'NONE', #3174, #144 ) ;
#5529 = ORIENTED_EDGE ( 'NONE', *, *, #5507, .T. ) ;
#5530 = CARTESIAN_POINT ( 'NONE',  ( -14.85899999999999999, 0.000000000000000000, -1.269999999999998019 ) ) ;
#5531 = PLANE ( 'NONE',  #1406 ) ;
#5532 = ADVANCED_FACE ( 'NONE', ( #3586 ), #4418, .T. ) ;
#5533 = CARTESIAN_POINT ( 'NONE',  ( -13.65249999999999808, 0.000000000000000000, 0.3175000000000011702 ) ) ;
#5534 = ORIENTED_EDGE ( 'NONE', *, *, #5033, .T. ) ;
#5535 = LINE ( 'NONE', #5081, #4665 ) ;
#5536 = ORIENTED_EDGE ( 'NONE', *, *, #1479, .T. ) ;
#5537 = CARTESIAN_POINT ( 'NONE',  ( -2.539999999999998703, 0.000000000000000000, -0.8889999999999981251 ) ) ;
#5538 = VERTEX_POINT ( 'NONE', #2601 ) ;
#5539 = FACE_OUTER_BOUND ( 'NONE', #901, .T. ) ;
#5540 = EDGE_CURVE ( 'NONE', #758, #4694, #323, .T. ) ;
#5541 = EDGE_CURVE ( 'NONE', #3630, #2719, #5814, .T. ) ;
#5542 = CARTESIAN_POINT ( 'NONE',  ( 2.920999999999999819, 0.000000000000000000, -1.269999999999998019 ) ) ;
#5543 = FACE_OUTER_BOUND ( 'NONE', #1409, .T. ) ;
#5544 = ORIENTED_EDGE ( 'NONE', *, *, #3570, .F. ) ;
#5545 = DIRECTION ( 'NONE',  ( 1.000000000000000000, 0.000000000000000000, 0.000000000000000000 ) ) ;
#5546 = DIRECTION ( 'NONE',  ( -0.7071067811865457964, 0.000000000000000000, -0.7071067811865492381 ) ) ;
#5547 = ORIENTED_EDGE ( 'NONE', *, *, #3240, .F. ) ;
#5548 = VERTEX_POINT ( 'NONE', #5841 ) ;
#5549 = CARTESIAN_POINT ( 'NONE',  ( 11.11250000000000426, 0.000000000000000000, 0.3175000000000011702 ) ) ;
#5550 = DIRECTION ( 'NONE',  ( 0.000000000000000000, 1.000000000000000000, 0.000000000000000000 ) ) ;
#5551 = CLOSED_SHELL ( 'NONE', ( #1045, #4492, #3677, #1450, #2330, #4281, #4545, #1926, #4554, #3460 ) ) ;
#5552 = FACE_OUTER_BOUND ( 'NONE', #2141, .T. ) ;
#5553 = DIRECTION ( 'NONE',  ( -0.000000000000000000, -0.000000000000000000, 1.000000000000000000 ) ) ;
#5554 = EDGE_CURVE ( 'NONE', #2584, #3448, #1910, .T. ) ;
#5555 = VECTOR ( 'NONE', #5148, 1000.000000000000114 ) ;
#5556 = ORIENTED_EDGE ( 'NONE', *, *, #5619, .F. ) ;
#5557 = CARTESIAN_POINT ( 'NONE',  ( -6.667499999999997762, 0.000000000000000000, 0.3175000000000011702 ) ) ;
#5558 = EDGE_LOOP ( 'NONE', ( #5050, #4494, #5030, #122, #3736, #2628, #316, #3924 ) ) ;
#5559 = DIRECTION ( 'NONE',  ( 0.000000000000000000, 1.000000000000000000, 0.000000000000000000 ) ) ;
#5560 = CARTESIAN_POINT ( 'NONE',  ( -10.15999999999999837, 0.000000000000000000, -0.8889999999999981251 ) ) ;
#5561 = AXIS2_PLACEMENT_3D ( 'NONE', #4198, #5069, #2000 ) ;
#5562 = CARTESIAN_POINT ( 'NONE',  ( -4.127499999999997726, 0.000000000000000000, -0.3174999999999990052 ) ) ;
#5563 = VERTEX_POINT ( 'NONE', #2274 ) ;
#5564 = DIRECTION ( 'NONE',  ( -1.000000000000000000, 0.000000000000000000, 2.439149994343084764E-16 ) ) ;
#5565 = ORIENTED_EDGE ( 'NONE', *, *, #3782, .T. ) ;
#5566 = LINE ( 'NONE', #96, #5103 ) ;
#5567 = ORIENTED_EDGE ( 'NONE', *, *, #896, .F. ) ;
#5568 = VECTOR ( 'NONE', #2465, 1000.000000000000000 ) ;
#5569 = DIRECTION ( 'NONE',  ( 0.000000000000000000, -0.000000000000000000, 1.000000000000000000 ) ) ;
#5570 = LINE ( 'NONE', #1360, #257 ) ;
#5571 = DIRECTION ( 'NONE',  ( 0.000000000000000000, 0.2079116908177560674, -0.9781476007338063550 ) ) ;
#5572 = ORIENTED_EDGE ( 'NONE', *, *, #236, .F. ) ;
#5573 = EDGE_CURVE ( 'NONE', #5169, #4112, #473, .T. ) ;
#5574 = EDGE_CURVE ( 'NONE', #4687, #5510, #1828, .T. ) ;
#5575 = VECTOR ( 'NONE', #4402, 1000.000000000000000 ) ;
#5576 = DIRECTION ( 'NONE',  ( 1.000000000000000000, 0.000000000000000000, 0.000000000000000000 ) ) ;
#5577 = LINE ( 'NONE', #5092, #5781 ) ;
#5578 = ORIENTED_EDGE ( 'NONE', *, *, #5038, .T. ) ;
#5579 = EDGE_LOOP ( 'NONE', ( #4588, #3243, #1164, #2324 ) ) ;
#5580 = EDGE_CURVE ( 'NONE', #4351, #4648, #979, .T. ) ;
#5581 = DIRECTION ( 'NONE',  ( -1.000000000000000000, -0.000000000000000000, 2.439149994343084764E-16 ) ) ;
#5582 = PLANE ( 'NONE',  #3831 ) ;
#5583 = DIRECTION ( 'NONE',  ( 0.000000000000000000, 0.000000000000000000, 1.000000000000000000 ) ) ;
#5584 = CARTESIAN_POINT ( 'NONE',  ( 12.31900000000000617, 0.000000000000000000, 1.270000000000001794 ) ) ;
#5585 = VECTOR ( 'NONE', #2583, 1000.000000000000114 ) ;
#5586 = ORIENTED_EDGE ( 'NONE', *, *, #2321, .F. ) ;
#5587 = DIRECTION ( 'NONE',  ( 0.000000000000000000, 1.000000000000000000, 0.000000000000000000 ) ) ;
#5588 = EDGE_LOOP ( 'NONE', ( #4595, #830, #3508, #2207 ) ) ;
#5589 = FILL_AREA_STYLE ('',( #3444 ) ) ;
#5590 = VECTOR ( 'NONE', #5922, 1000.000000000000000 ) ;
#5591 = CARTESIAN_POINT ( 'NONE',  ( 10.16000000000000547, 2.540000000000000036, 0.8890000000000015667 ) ) ;
#5592 = DIRECTION ( 'NONE',  ( 0.000000000000000000, 1.000000000000000000, 0.000000000000000000 ) ) ;
#5594 = DIRECTION ( 'NONE',  ( 0.000000000000000000, 1.000000000000000000, 0.000000000000000000 ) ) ;
#5593 = COLOUR_RGB ( '',0.2509803921568627416, 0.2509803921568627416, 0.2509803921568627416 ) ;
#5595 = ORIENTED_EDGE ( 'NONE', *, *, #2460, .T. ) ;
#5596 = CARTESIAN_POINT ( 'NONE',  ( 5.461000000000000298, 0.000000000000000000, -1.269999999999998019 ) ) ;
#5597 = ORIENTED_EDGE ( 'NONE', *, *, #239, .T. ) ;
#5598 = FACE_BOUND ( 'NONE', #4203, .T. ) ;
#5599 = CARTESIAN_POINT ( 'NONE',  ( 5.461000000000003851, 2.540000000000000036, 1.270000000000002238 ) ) ;
#5600 = VECTOR ( 'NONE', #4017, 1000.000000000000000 ) ;
#5601 = CARTESIAN_POINT ( 'NONE',  ( 8.572500000000003340, 0.000000000000000000, 0.3175000000000011702 ) ) ;
#5602 = AXIS2_PLACEMENT_3D ( 'NONE', #3350, #3408, #2958 ) ;
#5603 = CARTESIAN_POINT ( 'NONE',  ( 12.31900000000000617, 2.540000000000000036, -1.269999999999998241 ) ) ;
#5604 = EDGE_LOOP ( 'NONE', ( #162, #1866, #635, #3855 ) ) ;
#5605 = SHAPE_DEFINITION_REPRESENTATION ( #5183, #5705 ) ;
#5606 = VECTOR ( 'NONE', #4727, 1000.000000000000000 ) ;
#5607 = EDGE_CURVE ( 'NONE', #4351, #71, #951, .T. ) ;
#5608 = EDGE_CURVE ( 'NONE', #1042, #2058, #3700, .T. ) ;
#5609 = LINE ( 'NONE', #4560, #3193 ) ;
#5610 = EDGE_LOOP ( 'NONE', ( #3722, #3598, #3647, #3259 ) ) ;
#5611 = ORIENTED_EDGE ( 'NONE', *, *, #5394, .T. ) ;
#5612 = VECTOR ( 'NONE', #5645, 1000.000000000000000 ) ;
#5613 = PLANE ( 'NONE',  #3507 ) ;
#5614 = CARTESIAN_POINT ( 'NONE',  ( -7.619999999999997442, 2.540000000000000036, -0.8889999999999986802 ) ) ;
#5615 = CARTESIAN_POINT ( 'NONE',  ( -14.85899999999999999, 2.540000000000000036, -1.269999999999998019 ) ) ;
#5616 = FACE_OUTER_BOUND ( 'NONE', #4597, .T. ) ;
#5617 = EDGE_CURVE ( 'NONE', #324, #5146, #499, .T. ) ;
#5618 = CARTESIAN_POINT ( 'NONE',  ( 0.9525000000000019007, 0.000000000000000000, -0.3174999999999990052 ) ) ;
#5619 = EDGE_CURVE ( 'NONE', #216, #3758, #2754, .T. ) ;
#5620 = ORIENTED_EDGE ( 'NONE', *, *, #5876, .T. ) ;
#5621 = CARTESIAN_POINT ( 'NONE',  ( 2.159000000000004693, 0.000000000000000000, -1.269999999999998241 ) ) ;
#5622 = VERTEX_POINT ( 'NONE', #4143 ) ;
#5623 = CARTESIAN_POINT ( 'NONE',  ( -12.69999999999999574, 0.000000000000000000, 0.8890000000000015667 ) ) ;
#5624 = CARTESIAN_POINT ( 'NONE',  ( 8.001000000000001222, 0.000000000000000000, -1.269999999999998019 ) ) ;
#5625 = LINE ( 'NONE', #1530, #933 ) ;
#5626 = AXIS2_PLACEMENT_3D ( 'NONE', #3826, #1102, #3854 ) ;
#5627 = FACE_OUTER_BOUND ( 'NONE', #542, .T. ) ;
#5628 = ORIENTED_EDGE ( 'NONE', *, *, #2378, .F. ) ;
#5629 = PLANE ( 'NONE',  #4568 ) ;
#5630 = ORIENTED_EDGE ( 'NONE', *, *, #1369, .F. ) ;
#5631 =( NAMED_UNIT ( * ) SI_UNIT ( $, .STERADIAN. ) SOLID_ANGLE_UNIT ( ) );
#5632 = LINE ( 'NONE', #1160, #5555 ) ;
#5633 = CARTESIAN_POINT ( 'NONE',  ( 12.70000000000000462, 0.000000000000000000, -0.8889999999999986802 ) ) ;
#5634 = CARTESIAN_POINT ( 'NONE',  ( 13.08100000000000662, 2.540000000000000036, 1.270000000000002238 ) ) ;
#5635 = LINE ( 'NONE', #215, #4240 ) ;
#5636 = ORIENTED_EDGE ( 'NONE', *, *, #3644, .F. ) ;
#5637 = PRODUCT_CONTEXT ( 'NONE', #851, 'mechanical' ) ;
#5638 = CARTESIAN_POINT ( 'NONE',  ( -6.032499999999997975, 0.000000000000000000, 0.3175000000000011702 ) ) ;
#5639 = ORIENTED_EDGE ( 'NONE', *, *, #5608, .T. ) ;
#5640 = ORIENTED_EDGE ( 'NONE', *, *, #337, .F. ) ;
#5641 = DIRECTION ( 'NONE',  ( 1.000000000000000000, 0.000000000000000000, 0.000000000000000000 ) ) ;
#5642 = CARTESIAN_POINT ( 'NONE',  ( 1.587500000000002132, 0.000000000000000000, 0.3175000000000011702 ) ) ;
#5643 = ADVANCED_FACE ( 'NONE', ( #1939 ), #2385, .F. ) ;
#5644 = LINE ( 'NONE', #2893, #1978 ) ;
#5645 = DIRECTION ( 'NONE',  ( -1.000000000000000000, -0.000000000000000000, -0.000000000000000000 ) ) ;
#5646 = PRODUCT_DEFINITION ( 'UNKNOWN', '', #4848, #5260 ) ;
#5647 = VERTEX_POINT ( 'NONE', #2358 ) ;
#5648 = CARTESIAN_POINT ( 'NONE',  ( -9.778999999999996362, 0.000000000000000000, 1.270000000000002238 ) ) ;
#5649 = ORIENTED_EDGE ( 'NONE', *, *, #547, .T. ) ;
#5650 = DIRECTION ( 'NONE',  ( -0.7071067811865471286, -0.000000000000000000, 0.7071067811865479058 ) ) ;
#5651 = EDGE_CURVE ( 'NONE', #690, #5181, #1490, .T. ) ;
#5652 = EDGE_CURVE ( 'NONE', #3725, #1775, #526, .T. ) ;
#5653 = FACE_BOUND ( 'NONE', #5723, .T. ) ;
#5654 = EDGE_CURVE ( 'NONE', #2247, #5252, #4569, .T. ) ;
#5655 = AXIS2_PLACEMENT_3D ( 'NONE', #2210, #949, #4591 ) ;
#5656 = EDGE_LOOP ( 'NONE', ( #563, #63, #133, #2744, #1279, #4707, #3652, #3470 ) ) ;
#5657 = DIRECTION ( 'NONE',  ( 0.9781476007338062439, -0.2079116908177565115, 0.000000000000000000 ) ) ;
#5658 = VERTEX_POINT ( 'NONE', #4093 ) ;
#5659 = FILL_AREA_STYLE_COLOUR ( '', #3587 ) ;
#5660 = AXIS2_PLACEMENT_3D ( 'NONE', #3840, #2113, #3465 ) ;
#5661 = EDGE_CURVE ( 'NONE', #3148, #4582, #5102, .T. ) ;
#5662 =( REPRESENTATION_RELATIONSHIP ('NONE','NONE', #5475, #5705 ) REPRESENTATION_RELATIONSHIP_WITH_TRANSFORMATION ( #1514 )SHAPE_REPRESENTATION_RELATIONSHIP( ) );
#5663 = FACE_OUTER_BOUND ( 'NONE', #1949, .T. ) ;
#5664 = LINE ( 'NONE', #1539, #1804 ) ;
#5665 = LINE ( 'NONE', #1568, #4622 ) ;
#5666 = EDGE_LOOP ( 'NONE', ( #3687, #4667, #1729, #1829, #5241, #3819, #4669, #2889 ) ) ;
#5667 = ADVANCED_FACE ( 'NONE', ( #2836 ), #4593, .T. ) ;
#5668 = PRODUCT_CONTEXT ( 'NONE', #3024, 'mechanical' ) ;
#5669 = CARTESIAN_POINT ( 'NONE',  ( -0.3809999999999941767, 0.000000000000000000, -1.269999999999998241 ) ) ;
#5670 = ORIENTED_EDGE ( 'NONE', *, *, #3457, .F. ) ;
#5671 = VERTEX_POINT ( 'NONE', #5584 ) ;
#5672 = DIRECTION ( 'NONE',  ( -0.7071067811865471286, -0.000000000000000000, 0.7071067811865479058 ) ) ;
#5673 = PLANE ( 'NONE',  #3741 ) ;
#5674 = AXIS2_PLACEMENT_3D ( 'NONE', #439, #4085, #1821 ) ;
#5675 = FACE_OUTER_BOUND ( 'NONE', #5487, .T. ) ;
#5676 = LINE ( 'NONE', #2002, #2179 ) ;
#5677 = STYLED_ITEM ( 'NONE', ( #2976 ), #1324 ) ;
#5678 = ORIENTED_EDGE ( 'NONE', *, *, #3203, .T. ) ;
#5679 = CARTESIAN_POINT ( 'NONE',  ( 14.85900000000000709, 2.540000000000000036, -1.269999999999998241 ) ) ;
#5680 = EDGE_LOOP ( 'NONE', ( #61, #1569, #935, #1892 ) ) ;
#5681 = CARTESIAN_POINT ( 'NONE',  ( -9.207499999999997797, 2.540000000000000036, 0.3175000000000011702 ) ) ;
#5682 = CARTESIAN_POINT ( 'NONE',  ( 8.001000000000004775, 2.540000000000000036, 1.270000000000002238 ) ) ;
#5683 = CARTESIAN_POINT ( 'NONE',  ( -10.15999999999999659, 0.000000000000000000, -0.8889999999999986802 ) ) ;
#5684 = AXIS2_PLACEMENT_3D ( 'NONE', #3745, #5152, #4191 ) ;
#5685 = ADVANCED_FACE ( 'NONE', ( #5470 ), #1371, .T. ) ;
#5686 = ORIENTED_EDGE ( 'NONE', *, *, #2613, .F. ) ;
#5687 = EDGE_CURVE ( 'NONE', #1754, #2954, #5492, .T. ) ;
#5688 = CARTESIAN_POINT ( 'NONE',  ( 2.159000000000004693, 0.000000000000000000, 1.270000000000001794 ) ) ;
#5689 = ORIENTED_EDGE ( 'NONE', *, *, #2664, .F. ) ;
#5690 = AXIS2_PLACEMENT_3D ( 'NONE', #4005, #1679, #3509 ) ;
#5691 = AXIS2_PLACEMENT_3D ( 'NONE', #420, #3676, #3237 ) ;
#5692 = DIRECTION ( 'NONE',  ( 1.000000000000000000, 0.000000000000000000, -2.439149994343089694E-16 ) ) ;
#5693 = LINE ( 'NONE', #1654, #5710 ) ;
#5694 = VECTOR ( 'NONE', #2333, 1000.000000000000000 ) ;
#5695 = STYLED_ITEM ( 'NONE', ( #5253 ), #3459 ) ;
#5696 = ADVANCED_FACE ( 'NONE', ( #109 ), #1880, .T. ) ;
#5697 = CARTESIAN_POINT ( 'NONE',  ( 6.032500000000003304, 0.000000000000000000, -0.3174999999999990052 ) ) ;
#5698 = CARTESIAN_POINT ( 'NONE',  ( -15.24000000000000021, 2.540000000000000036, -0.8889999999999981251 ) ) ;
#5699 = EDGE_LOOP ( 'NONE', ( #3812, #1030, #800, #5440, #1541, #5713, #1803, #95 ) ) ;
#5700 = AXIS2_PLACEMENT_3D ( 'NONE', #2172, #1697, #3955 ) ;
#5701 = CARTESIAN_POINT ( 'NONE',  ( 8.890000000000004121, 0.000000000000000000, 1.192622389734054877E-15 ) ) ;
#5702 = VECTOR ( 'NONE', #1267, 1000.000000000000000 ) ;
#5703 = EDGE_CURVE ( 'NONE', #4933, #1737, #4315, .T. ) ;
#5704 =( LENGTH_UNIT ( ) NAMED_UNIT ( * ) SI_UNIT ( .MILLI., .METRE. ) );
#5705 = SHAPE_REPRESENTATION ( 'GBC36SAAN_GC12S', ( #1320 ), #1513 ) ;
#5706 = ORIENTED_EDGE ( 'NONE', *, *, #1138, .T. ) ;
#5707 = EDGE_LOOP ( 'NONE', ( #4294, #4292, #474, #1287, #3683, #5135, #4080, #2410 ) ) ;
#5708 = CARTESIAN_POINT ( 'NONE',  ( 4.699000000000005173, 2.540000000000000036, 1.270000000000001794 ) ) ;
#5709 = DIRECTION ( 'NONE',  ( -1.000000000000000000, 0.000000000000000000, 0.000000000000000000 ) ) ;
#5710 = VECTOR ( 'NONE', #1593, 1000.000000000000114 ) ;
#5711 = DIRECTION ( 'NONE',  ( 0.7071067811865463515, 0.000000000000000000, 0.7071067811865487940 ) ) ;
#5712 = CARTESIAN_POINT ( 'NONE',  ( 9.779000000000007020, 2.540000000000000036, -1.269999999999998241 ) ) ;
#5713 = ORIENTED_EDGE ( 'NONE', *, *, #5654, .F. ) ;
#5714 = LINE ( 'NONE', #1185, #4053 ) ;
#5715 = ORIENTED_EDGE ( 'NONE', *, *, #3352, .T. ) ;
#5716 = CARTESIAN_POINT ( 'NONE',  ( -3.492499999999997495, 2.540000000000000036, 0.3175000000000011702 ) ) ;
#5717 = VECTOR ( 'NONE', #3894, 1000.000000000000000 ) ;
#5718 = CARTESIAN_POINT ( 'NONE',  ( 7.620000000000003659, 2.540000000000000036, 0.8890000000000009006 ) ) ;
#5719 = SURFACE_SIDE_STYLE ('',( #4324 ) ) ;
#5720 = VECTOR ( 'NONE', #5275, 1000.000000000000000 ) ;
#5721 = ORIENTED_EDGE ( 'NONE', *, *, #5661, .T. ) ;
#5722 = CARTESIAN_POINT ( 'NONE',  ( -8.000999999999994117, 0.000000000000000000, -1.269999999999998241 ) ) ;
#5723 = EDGE_LOOP ( 'NONE', ( #4102, #3518, #1431, #2539 ) ) ;
#5724 = PLANE ( 'NONE',  #145 ) ;
#5725 = ADVANCED_FACE ( 'NONE', ( #5616 ), #4800, .F. ) ;
#5726 = DIRECTION ( 'NONE',  ( -0.000000000000000000, 1.000000000000000000, 0.000000000000000000 ) ) ;
#5727 = CARTESIAN_POINT ( 'NONE',  ( 9.207500000000003126, 0.000000000000000000, 0.3175000000000011702 ) ) ;
#5728 = DIRECTION ( 'NONE',  ( -0.000000000000000000, -0.000000000000000000, -1.000000000000000000 ) ) ;
#5729 = DIRECTION ( 'NONE',  ( 1.000000000000000000, -0.000000000000000000, 0.000000000000000000 ) ) ;
#5730 = ORIENTED_EDGE ( 'NONE', *, *, #4399, .F. ) ;
#5731 = EDGE_CURVE ( 'NONE', #1731, #5753, #5676, .T. ) ;
#5732 = EDGE_CURVE ( 'NONE', #5736, #5842, #3409, .T. ) ;
#5733 = ITEM_DEFINED_TRANSFORMATION ( 'NONE', 'NONE', #5822,  #1320 ) ;
#5734 = EDGE_CURVE ( 'NONE', #4832, #3077, #1611, .T. ) ;
#5735 =( NAMED_UNIT ( * ) SI_UNIT ( $, .STERADIAN. ) SOLID_ANGLE_UNIT ( ) );
#5736 = VERTEX_POINT ( 'NONE', #138 ) ;
#5737 = ORIENTED_EDGE ( 'NONE', *, *, #969, .T. ) ;
#5738 = CARTESIAN_POINT ( 'NONE',  ( 12.31900000000000617, 0.000000000000000000, -1.269999999999998241 ) ) ;
#5739 = DIRECTION ( 'NONE',  ( -0.000000000000000000, -1.000000000000000000, -0.000000000000000000 ) ) ;
#5740 = DIRECTION ( 'NONE',  ( 0.000000000000000000, 1.000000000000000000, 0.000000000000000000 ) ) ;
#5741 = FACE_OUTER_BOUND ( 'NONE', #1372, .T. ) ;
#5742 = PLANE ( 'NONE',  #3558 ) ;
#5743 = ORIENTED_EDGE ( 'NONE', *, *, #2911, .T. ) ;
#5744 = DIRECTION ( 'NONE',  ( 0.000000000000000000, 1.000000000000000000, 0.000000000000000000 ) ) ;
#5745 = ORIENTED_EDGE ( 'NONE', *, *, #4769, .F. ) ;
#5746 = DIRECTION ( 'NONE',  ( -1.000000000000000000, -0.000000000000000000, 2.439149994343084764E-16 ) ) ;
#5747 = CARTESIAN_POINT ( 'NONE',  ( 25.40000000000000213, 0.000000000000000000, 0.000000000000000000 ) ) ;
#5748 = EDGE_CURVE ( 'NONE', #2032, #4832, #2500, .T. ) ;
#5749 = FACE_BOUND ( 'NONE', #5118, .T. ) ;
#5750 = CARTESIAN_POINT ( 'NONE',  ( -15.24000000000000021, 0.000000000000000000, -0.8889999999999981251 ) ) ;
#5751 = ORIENTED_EDGE ( 'NONE', *, *, #4519, .T. ) ;
#5752 = CARTESIAN_POINT ( 'NONE',  ( 7.620000000000003659, 2.540000000000000036, -0.8889999999999986802 ) ) ;
#5753 = VERTEX_POINT ( 'NONE', #5712 ) ;
#5754 =( NAMED_UNIT ( * ) SI_UNIT ( $, .STERADIAN. ) SOLID_ANGLE_UNIT ( ) );
#5755 = CARTESIAN_POINT ( 'NONE',  ( 2.540000000000000036, 2.540000000000000036, 0.000000000000000000 ) ) ;
#5756 = AXIS2_PLACEMENT_3D ( 'NONE', #3196, #2668, #2272 ) ;
#5757 = DIRECTION ( 'NONE',  ( -0.000000000000000000, 1.000000000000000000, 0.000000000000000000 ) ) ;
#5758 = FACE_OUTER_BOUND ( 'NONE', #1014, .T. ) ;
#5759 = VECTOR ( 'NONE', #1966, 1000.000000000000000 ) ;
#5760 = CARTESIAN_POINT ( 'NONE',  ( 7.620000000000005436, 2.540000000000000036, 0.8890000000000015667 ) ) ;
#5761 = ORIENTED_EDGE ( 'NONE', *, *, #4284, .T. ) ;
#5762 = ADVANCED_FACE ( 'NONE', ( #3872 ), #1124, .F. ) ;
#5763 = ITEM_DEFINED_TRANSFORMATION ( 'NONE', 'NONE', #5427,  #1320 ) ;
#5764 = EDGE_CURVE ( 'NONE', #4155, #2362, #2028, .T. ) ;
#5765 = VERTEX_POINT ( 'NONE', #2056 ) ;
#5766 = ADVANCED_FACE ( 'NONE', ( #5741 ), #5133, .T. ) ;
#5767 = EDGE_LOOP ( 'NONE', ( #1365, #4375, #4264, #4146 ) ) ;
#5768 = CARTESIAN_POINT ( 'NONE',  ( -10.15999999999999659, 0.000000000000000000, -0.8889999999999986802 ) ) ;
#5769 = DIRECTION ( 'NONE',  ( -1.000000000000000000, -0.000000000000000000, 2.439149994343084764E-16 ) ) ;
#5770 = DIRECTION ( 'NONE',  ( -1.000000000000000000, -0.000000000000000000, 2.439149994343084764E-16 ) ) ;
#5771 = DIRECTION ( 'NONE',  ( 1.000000000000000000, 0.000000000000000000, 0.000000000000000000 ) ) ;
#5772 = LINE ( 'NONE', #3362, #5174 ) ;
#5773 = ORIENTED_EDGE ( 'NONE', *, *, #5196, .F. ) ;
#5774 = EDGE_CURVE ( 'NONE', #4305, #4212, #4744, .T. ) ;
#5775 = LINE ( 'NONE', #3907, #2729 ) ;
#5776 = ORIENTED_EDGE ( 'NONE', *, *, #2294, .F. ) ;
#5777 = CARTESIAN_POINT ( 'NONE',  ( -0.2446143550033492986, -10.66799999999999926, -0.3174999999999999489 ) ) ;
#5778 = CARTESIAN_POINT ( 'NONE',  ( -4.127499999999997726, 0.000000000000000000, 0.3175000000000011702 ) ) ;
#5779 = DIRECTION ( 'NONE',  ( 0.000000000000000000, 0.000000000000000000, -1.000000000000000000 ) ) ;
#5780 = CARTESIAN_POINT ( 'NONE',  ( 14.28750000000000497, 0.000000000000000000, -0.3174999999999990052 ) ) ;
#5781 = VECTOR ( 'NONE', #1933, 1000.000000000000000 ) ;
#5782 =( REPRESENTATION_RELATIONSHIP ('NONE','NONE', #5475, #3634 ) REPRESENTATION_RELATIONSHIP_WITH_TRANSFORMATION ( #1632 )SHAPE_REPRESENTATION_RELATIONSHIP( ) );
#5783 = ORIENTED_EDGE ( 'NONE', *, *, #1736, .F. ) ;
#5784 = CARTESIAN_POINT ( 'NONE',  ( -13.08099999999999596, 0.000000000000000000, 1.270000000000001794 ) ) ;
#5785 = ORIENTED_EDGE ( 'NONE', *, *, #665, .T. ) ;
#5786 = SURFACE_SIDE_STYLE ('',( #1742 ) ) ;
#5787 = LINE ( 'NONE', #3091, #3789 ) ;
#5788 = VECTOR ( 'NONE', #1739, 1000.000000000000000 ) ;
#5790 = LINE ( 'NONE', #275, #4503 ) ;
#5789 = VECTOR ( 'NONE', #5029, 1000.000000000000000 ) ;
#5791 = PLANE ( 'NONE',  #936 ) ;
#5792 = CARTESIAN_POINT ( 'NONE',  ( 11.11250000000000426, 2.540000000000000036, -0.3174999999999990052 ) ) ;
#5793 = ORIENTED_EDGE ( 'NONE', *, *, #5383, .F. ) ;
#5794 = MECHANICAL_DESIGN_GEOMETRIC_PRESENTATION_REPRESENTATION (  '', ( #1285 ), #1483 ) ;
#5795 = VECTOR ( 'NONE', #768, 1000.000000000000227 ) ;
#5796 = EDGE_LOOP ( 'NONE', ( #4373, #1970, #4605, #4167 ) ) ;
#5797 = ORIENTED_EDGE ( 'NONE', *, *, #5471, .T. ) ;
#5798 = CARTESIAN_POINT ( 'NONE',  ( 2.540000000000000480, 0.000000000000000000, -0.8889999999999981251 ) ) ;
#5799 = DIRECTION ( 'NONE',  ( 2.439149994343089694E-16, -0.000000000000000000, 1.000000000000000000 ) ) ;
#5800 = EDGE_CURVE ( 'NONE', #3906, #5212, #3904, .T. ) ;
#5801 =( LENGTH_UNIT ( ) NAMED_UNIT ( * ) SI_UNIT ( .MILLI., .METRE. ) );
#5802 = AXIS2_PLACEMENT_3D ( 'NONE', #571, #4696, #234 ) ;
#5803 = VECTOR ( 'NONE', #707, 1000.000000000000000 ) ;
#5804 = EDGE_CURVE ( 'NONE', #5480, #5765, #1550, .T. ) ;
#5805 = CARTESIAN_POINT ( 'NONE',  ( 3.492500000000002380, 0.000000000000000000, 0.3175000000000011702 ) ) ;
#5806 = EDGE_LOOP ( 'NONE', ( #5565, #4222, #3717, #1295 ) ) ;
#5807 = DIRECTION ( 'NONE',  ( -1.000000000000000000, 0.000000000000000000, 0.000000000000000000 ) ) ;
#5808 = ORIENTED_EDGE ( 'NONE', *, *, #4400, .F. ) ;
#5809 = VECTOR ( 'NONE', #2590, 1000.000000000000114 ) ;
#5810 = PLANE ( 'NONE',  #2825 ) ;
#5811 = LINE ( 'NONE', #2630, #1158 ) ;
#5812 = CARTESIAN_POINT ( 'NONE',  ( 7.620000000000001883, 0.000000000000000000, -0.8889999999999981251 ) ) ;
#5813 = ADVANCED_FACE ( 'NONE', ( #256 ), #1092, .T. ) ;
#5814 = LINE ( 'NONE', #2188, #4364 ) ;
#5815 = EDGE_CURVE ( 'NONE', #4888, #5199, #2894, .T. ) ;
#5816 = VERTEX_POINT ( 'NONE', #3380 ) ;
#5817 = FACE_OUTER_BOUND ( 'NONE', #3740, .T. ) ;
#5818 = EDGE_LOOP ( 'NONE', ( #1147, #725, #2338, #5902 ) ) ;
#5819 = AXIS2_PLACEMENT_3D ( 'NONE', #1055, #2882, #4787 ) ;
#5820 = VECTOR ( 'NONE', #1250, 1000.000000000000000 ) ;
#5821 = AXIS2_PLACEMENT_3D ( 'NONE', #5909, #3684, #1811 ) ;
#5822 = AXIS2_PLACEMENT_3D ( 'NONE', #1084, #131, #3433 ) ;
#5823 = CARTESIAN_POINT ( 'NONE',  ( -0.3174999999999999489, 2.540000000000000036, -0.3174999999999999489 ) ) ;
#5824 = FACE_OUTER_BOUND ( 'NONE', #5588, .T. ) ;
#5825 = CARTESIAN_POINT ( 'NONE',  ( 10.16000000000000014, 0.000000000000000000, 0.000000000000000000 ) ) ;
#5826 = ORIENTED_EDGE ( 'NONE', *, *, #1318, .F. ) ;
#5827 = PLANE ( 'NONE',  #505 ) ;
#5828 = ORIENTED_EDGE ( 'NONE', *, *, #1964, .T. ) ;
#5829 = CARTESIAN_POINT ( 'NONE',  ( -5.460999999999994969, 0.000000000000000000, -1.269999999999998241 ) ) ;
#5830 = LINE ( 'NONE', #1727, #4742 ) ;
#5831 = DIRECTION ( 'NONE',  ( 0.000000000000000000, 1.000000000000000000, 0.000000000000000000 ) ) ;
#5832 = CARTESIAN_POINT ( 'NONE',  ( 10.54100000000000215, 0.000000000000000000, -1.269999999999998019 ) ) ;
#5833 = VERTEX_POINT ( 'NONE', #4260 ) ;
#5834 = CARTESIAN_POINT ( 'NONE',  ( -7.619999999999996554, 0.000000000000000000, 0.8890000000000015667 ) ) ;
#5835 = VERTEX_POINT ( 'NONE', #2526 ) ;
#5836 = ADVANCED_FACE ( 'NONE', ( #4713 ), #4346, .F. ) ;
#5837 = FACE_OUTER_BOUND ( 'NONE', #5610, .T. ) ;
#5838 = CARTESIAN_POINT ( 'NONE',  ( -5.079999999999999183, 2.540000000000000036, -0.8889999999999981251 ) ) ;
#5839 = EDGE_CURVE ( 'NONE', #4254, #4675, #3351, .T. ) ;
#5840 = DIRECTION ( 'NONE',  ( 1.000000000000000000, 0.000000000000000000, 0.000000000000000000 ) ) ;
#5841 = CARTESIAN_POINT ( 'NONE',  ( -10.15999999999999659, 0.000000000000000000, 0.8890000000000009006 ) ) ;
#5842 = VERTEX_POINT ( 'NONE', #2690 ) ;
#5843 = LINE ( 'NONE', #2214, #5006 ) ;
#5844 = ORIENTED_EDGE ( 'NONE', *, *, #1229, .T. ) ;
#5845 = ADVANCED_FACE ( 'NONE', ( #5307 ), #730, .T. ) ;
#5846 = ADVANCED_FACE ( 'NONE', ( #286 ), #3075, .F. ) ;
#5847 = DIRECTION ( 'NONE',  ( 0.000000000000000000, -0.000000000000000000, 1.000000000000000000 ) ) ;
#5848 = PRESENTATION_STYLE_ASSIGNMENT (( #4009 ) ) ;
#5849 = DIRECTION ( 'NONE',  ( -1.000000000000000000, -0.000000000000000000, 2.439149994343084764E-16 ) ) ;
#5850 = VERTEX_POINT ( 'NONE', #3993 ) ;
#5851 = CARTESIAN_POINT ( 'NONE',  ( -8.000999999999994117, 0.000000000000000000, -1.269999999999998241 ) ) ;
#5852 = DIRECTION ( 'NONE',  ( 1.000000000000000000, 0.000000000000000000, 0.000000000000000000 ) ) ;
#5853 = ORIENTED_EDGE ( 'NONE', *, *, #3605, .T. ) ;
#5854 = CLOSED_SHELL ( 'NONE', ( #1181, #573, #2659, #2041, #124, #3563, #426, #5316, #2987, #5335, #3185, #4598, #126, #5497 ) ) ;
#5855 = DIRECTION ( 'NONE',  ( 0.000000000000000000, 0.000000000000000000, -1.000000000000000000 ) ) ;
#5856 = EDGE_CURVE ( 'NONE', #3302, #3573, #4497, .T. ) ;
#5857 = ORIENTED_EDGE ( 'NONE', *, *, #5317, .T. ) ;
#5858 = CARTESIAN_POINT ( 'NONE',  ( 15.24000000000000554, 2.540000000000000036, -0.8889999999999986802 ) ) ;
#5859 = VECTOR ( 'NONE', #4618, 1000.000000000000000 ) ;
#5860 = CARTESIAN_POINT ( 'NONE',  ( 8.572500000000003340, 0.000000000000000000, -0.3174999999999990052 ) ) ;
#5861 = LINE ( 'NONE', #4409, #5720 ) ;
#5862 = CARTESIAN_POINT ( 'NONE',  ( -12.69999999999999929, 0.000000000000000000, -0.8889999999999981251 ) ) ;
#5863 = ORIENTED_EDGE ( 'NONE', *, *, #2300, .T. ) ;
#5864 = DIRECTION ( 'NONE',  ( 0.000000000000000000, 1.000000000000000000, 0.000000000000000000 ) ) ;
#5865 = ORIENTED_EDGE ( 'NONE', *, *, #1182, .F. ) ;
#5866 = DIRECTION ( 'NONE',  ( 0.000000000000000000, 1.000000000000000000, 0.000000000000000000 ) ) ;
#5867 = LINE ( 'NONE', #1276, #1548 ) ;
#5868 = DIRECTION ( 'NONE',  ( -0.7071067811865471286, -0.000000000000000000, 0.7071067811865479058 ) ) ;
#5869 = LINE ( 'NONE', #838, #2844 ) ;
#5870 = EDGE_LOOP ( 'NONE', ( #1822, #2446, #2694, #1348 ) ) ;
#5871 = CARTESIAN_POINT ( 'NONE',  ( 12.31900000000000617, 2.540000000000000036, 1.270000000000001794 ) ) ;
#5872 = ORIENTED_EDGE ( 'NONE', *, *, #3867, .T. ) ;
#5873 = DIRECTION ( 'NONE',  ( 1.000000000000000000, 0.000000000000000000, -2.439149994343089694E-16 ) ) ;
#5874 = CARTESIAN_POINT ( 'NONE',  ( 11.11250000000000426, 0.000000000000000000, 0.3175000000000011702 ) ) ;
#5875 = EDGE_CURVE ( 'NONE', #1042, #119, #377, .T. ) ;
#5876 = EDGE_CURVE ( 'NONE', #4903, #3345, #4440, .T. ) ;
#5877 = CARTESIAN_POINT ( 'NONE',  ( 9.779000000000007020, 2.540000000000000036, 1.270000000000001794 ) ) ;
#5878 = VERTEX_POINT ( 'NONE', #2176 ) ;
#5879 = DIRECTION ( 'NONE',  ( 0.7071067811865444641, 0.000000000000000000, -0.7071067811865505703 ) ) ;
#5880 = LINE ( 'NONE', #4465, #5007 ) ;
#5881 = EDGE_LOOP ( 'NONE', ( #3436, #4793, #1392, #3695 ) ) ;
#5882 = VECTOR ( 'NONE', #1217, 1000.000000000000000 ) ;
#5883 = EDGE_CURVE ( 'NONE', #2505, #863, #406, .T. ) ;
#5884 = CARTESIAN_POINT ( 'NONE',  ( 2.159000000000004693, 0.000000000000000000, -1.269999999999998241 ) ) ;
#5885 = ORIENTED_EDGE ( 'NONE', *, *, #4662, .F. ) ;
#5886 = FACE_OUTER_BOUND ( 'NONE', #774, .T. ) ;
#5887 = CARTESIAN_POINT ( 'NONE',  ( -2.539999999999996927, 2.540000000000000036, -0.8889999999999986802 ) ) ;
#5888 =( NAMED_UNIT ( * ) SI_UNIT ( $, .STERADIAN. ) SOLID_ANGLE_UNIT ( ) );
#5889 = AXIS2_PLACEMENT_3D ( 'NONE', #4115, #1796, #4171 ) ;
#5890 = CARTESIAN_POINT ( 'NONE',  ( -0.2446143550033492986, -10.66799999999999926, 0.2446143550033492986 ) ) ;
#5891 = ORIENTED_EDGE ( 'NONE', *, *, #672, .F. ) ;
#5892 = FACE_OUTER_BOUND ( 'NONE', #4531, .T. ) ;
#5893 = VERTEX_POINT ( 'NONE', #858 ) ;
#5894 = CARTESIAN_POINT ( 'NONE',  ( 10.16000000000000369, 2.540000000000000036, -0.8889999999999986802 ) ) ;
#5895 = DIRECTION ( 'NONE',  ( 1.000000000000000000, 0.000000000000000000, -0.000000000000000000 ) ) ;
#5896 = VECTOR ( 'NONE', #386, 1000.000000000000000 ) ;
#5897 = FACE_OUTER_BOUND ( 'NONE', #4120, .T. ) ;
#5898 = DIRECTION ( 'NONE',  ( 1.951319995474474122E-15, 0.000000000000000000, 1.000000000000000000 ) ) ;
#5899 = AXIS2_PLACEMENT_3D ( 'NONE', #950, #498, #978 ) ;
#5900 = ORIENTED_EDGE ( 'NONE', *, *, #645, .F. ) ;
#5901 = DIRECTION ( 'NONE',  ( -0.7071067811865479058, 0.000000000000000000, -0.7071067811865471286 ) ) ;
#5902 = ORIENTED_EDGE ( 'NONE', *, *, #1613, .F. ) ;
#5903 = CARTESIAN_POINT ( 'NONE',  ( -11.11249999999999716, 0.000000000000000000, -0.3174999999999990052 ) ) ;
#5904 = DIRECTION ( 'NONE',  ( 0.000000000000000000, 1.000000000000000000, 0.000000000000000000 ) ) ;
#5905 = VECTOR ( 'NONE', #716, 1000.000000000000000 ) ;
#5906 = DIRECTION ( 'NONE',  ( -1.000000000000000000, -0.000000000000000000, 2.439149994343084764E-16 ) ) ;
#5907 = COLOUR_RGB ( '',0.2509803921568627416, 0.2509803921568627416, 0.2509803921568627416 ) ;
#5908 = ORIENTED_EDGE ( 'NONE', *, *, #3396, .F. ) ;
#5909 = CARTESIAN_POINT ( 'NONE',  ( -6.667499999999997762, 0.000000000000000000, -0.3174999999999990052 ) ) ;
#5910 = ORIENTED_EDGE ( 'NONE', *, *, #5385, .F. ) ;
#5911 = VECTOR ( 'NONE', #1009, 1000.000000000000000 ) ;
#5912 = LINE ( 'NONE', #5361, #2434 ) ;
#5913 = ORIENTED_EDGE ( 'NONE', *, *, #687, .T. ) ;
#5914 = EDGE_CURVE ( 'NONE', #5080, #863, #5401, .T. ) ;
#5915 = AXIS2_PLACEMENT_3D ( 'NONE', #1602, #1959, #2019 ) ;
#5916 = LINE ( 'NONE', #3187, #3794 ) ;
#5917 = VECTOR ( 'NONE', #780, 1000.000000000000000 ) ;
#5918 = ORIENTED_EDGE ( 'NONE', *, *, #2187, .F. ) ;
#5919 = EDGE_CURVE ( 'NONE', #3002, #4721, #4019, .T. ) ;
#5920 = EDGE_CURVE ( 'NONE', #3711, #4429, #2591, .T. ) ;
#5921 = DIRECTION ( 'NONE',  ( 1.951319995474474122E-15, 0.000000000000000000, 1.000000000000000000 ) ) ;
#5922 = DIRECTION ( 'NONE',  ( 0.000000000000000000, 1.000000000000000000, 0.000000000000000000 ) ) ;
#5923 = NEXT_ASSEMBLY_USAGE_OCCURRENCE ( 'NAUO1', ' ', ' ', #5646, #1589, $ ) ;
#5924 = NEXT_ASSEMBLY_USAGE_OCCURRENCE ( 'NAUO2', ' ', ' ', #5646, #2573, $ ) ;
#5925 = NEXT_ASSEMBLY_USAGE_OCCURRENCE ( 'NAUO3', ' ', ' ', #5646, #2573, $ ) ;
#5926 = NEXT_ASSEMBLY_USAGE_OCCURRENCE ( 'NAUO4', ' ', ' ', #5646, #2573, $ ) ;
#5927 = NEXT_ASSEMBLY_USAGE_OCCURRENCE ( 'NAUO5', ' ', ' ', #5646, #2573, $ ) ;
#5928 = NEXT_ASSEMBLY_USAGE_OCCURRENCE ( 'NAUO6', ' ', ' ', #5646, #2573, $ ) ;
#5929 = NEXT_ASSEMBLY_USAGE_OCCURRENCE ( 'NAUO7', ' ', ' ', #5646, #2573, $ ) ;
#5930 = NEXT_ASSEMBLY_USAGE_OCCURRENCE ( 'NAUO8', ' ', ' ', #5646, #2573, $ ) ;
#5931 = NEXT_ASSEMBLY_USAGE_OCCURRENCE ( 'NAUO9', ' ', ' ', #5646, #2573, $ ) ;
#5932 = NEXT_ASSEMBLY_USAGE_OCCURRENCE ( 'NAUO10', ' ', ' ', #5646, #2573, $ ) ;
#5933 = NEXT_ASSEMBLY_USAGE_OCCURRENCE ( 'NAUO11', ' ', ' ', #5646, #2573, $ ) ;
#5934 = NEXT_ASSEMBLY_USAGE_OCCURRENCE ( 'NAUO12', ' ', ' ', #5646, #2573, $ ) ;
#5935 = NEXT_ASSEMBLY_USAGE_OCCURRENCE ( 'NAUO13', ' ', ' ', #5646, #2573, $ ) ;
ENDSEC;
END-ISO-10303-21;
