ISO-10303-21;
HEADER;
FILE_DESCRIPTION (( 'STEP AP214' ),
    '1' );
FILE_NAME ('NPPC121LFBN-RC.STEP',
    '2024-10-30T12:14:35',
    ( '' ),
    ( '' ),
    'SwSTEP 2.0',
    'SolidWorks 2021',
    '' );
FILE_SCHEMA (( 'AUTOMOTIVE_DESIGN' ));
ENDSEC;

DATA;
#1 = CARTESIAN_POINT ( 'NONE',  ( 10.16000000000000369, 0.000000000000000000, 1.269999999999998908 ) ) ;
#2 = CARTESIAN_POINT ( 'NONE',  ( 2.540000000000002256, -1.925929944387235853E-31, 0.8889999999999991243 ) ) ;
#3 = DIRECTION ( 'NONE',  ( -0.5773502691896267303, -0.5773502691896246208, -0.5773502691896259531 ) ) ;
#4 = SURFACE_SIDE_STYLE ('',( #6261 ) ) ;
#5 = ORIENTED_EDGE ( 'NONE', *, *, #1074, .T. ) ;
#6 = ORIENTED_EDGE ( 'NONE', *, *, #2272, .T. ) ;
#7 = CARTESIAN_POINT ( 'NONE',  ( -7.619999999999997442, 0.5080000000000000071, 0.7528818102449925664 ) ) ;
#8 = CARTESIAN_POINT ( 'NONE',  ( 10.16000000000000369, 0.5080000000000000071, 0.7528818102449925664 ) ) ;
#9 = DIRECTION ( 'NONE',  ( 0.000000000000000000, 1.733406087350420004E-16, -1.000000000000000000 ) ) ;
#10 = LINE ( 'NONE', #2297, #5366 ) ;
#11 = CARTESIAN_POINT ( 'NONE',  ( 3.683000000000005603, 7.810499999999999332, -0.1270000000000042206 ) ) ;
#12 = VERTEX_POINT ( 'NONE', #2703 ) ;
#13 = LINE ( 'NONE', #6269, #2433 ) ;
#14 = VERTEX_POINT ( 'NONE', #6711 ) ;
#15 = VERTEX_POINT ( 'NONE', #5523 ) ;
#16 = VERTEX_POINT ( 'NONE', #6064 ) ;
#17 = ORIENTED_EDGE ( 'NONE', *, *, #5720, .T. ) ;
#18 = EDGE_CURVE ( 'NONE', #7049, #176, #2621, .T. ) ;
#19 = VECTOR ( 'NONE', #2316, 1000.000000000000000 ) ;
#20 = VECTOR ( 'NONE', #5186, 1000.000000000000000 ) ;
#21 = EDGE_CURVE ( 'NONE', #6294, #2935, #362, .T. ) ;
#22 = CARTESIAN_POINT ( 'NONE',  ( -15.49399999999999977, 8.509000000000000341, -1.270000000000001128 ) ) ;
#23 = CARTESIAN_POINT ( 'NONE',  ( -7.619999999999998330, 0.5080000000000000071, 0.7528818102449925664 ) ) ;
#24 = VECTOR ( 'NONE', #3373, 1000.000000000000000 ) ;
#25 = AXIS2_PLACEMENT_3D ( 'NONE', #6308, #1201, #5123 ) ;
#26 = ADVANCED_FACE ( 'NONE', ( #7346 ), #7230, .F. ) ;
#27 = DIRECTION ( 'NONE',  ( 0.000000000000000000, -2.449293598294710852E-16, 1.000000000000000000 ) ) ;
#28 = EDGE_CURVE ( 'NONE', #4563, #2633, #4873, .T. ) ;
#29 = CARTESIAN_POINT ( 'NONE',  ( -8.508999999999995012, 8.064499999999998892, -0.3810000000000038356 ) ) ;
#30 = VECTOR ( 'NONE', #3621, 1000.000000000000227 ) ;
#31 = VECTOR ( 'NONE', #446, 1000.000000000000227 ) ;
#32 = LINE ( 'NONE', #7414, #1283 ) ;
#33 = PRESENTATION_STYLE_ASSIGNMENT (( #1720 ) ) ;
#34 = ORIENTED_EDGE ( 'NONE', *, *, #3607, .T. ) ;
#35 = VECTOR ( 'NONE', #6167, 1000.000000000000000 ) ;
#36 = EDGE_CURVE ( 'NONE', #4511, #6224, #2139, .T. ) ;
#37 = CARTESIAN_POINT ( 'NONE',  ( 15.49399999999999977, 0.5080000000000000071, 0.7528818102449925664 ) ) ;
#38 = DIRECTION ( 'NONE',  ( 0.000000000000000000, 0.000000000000000000, 1.000000000000000000 ) ) ;
#39 = LINE ( 'NONE', #2932, #1273 ) ;
#40 = CARTESIAN_POINT ( 'NONE',  ( 3.429000000000005155, 8.064499999999998892, 0.3809999999999947873 ) ) ;
#41 = VECTOR ( 'NONE', #3426, 1000.000000000000000 ) ;
#42 = ORIENTED_EDGE ( 'NONE', *, *, #758, .T. ) ;
#43 = ORIENTED_EDGE ( 'NONE', *, *, #4583, .F. ) ;
#44 = STYLED_ITEM ( 'NONE', ( #3185 ), #6630 ) ;
#45 = FACE_OUTER_BOUND ( 'NONE', #1593, .T. ) ;
#46 = DIRECTION ( 'NONE',  ( -0.000000000000000000, 0.000000000000000000, -1.000000000000000000 ) ) ;
#47 = DIRECTION ( 'NONE',  ( -0.000000000000000000, 1.000000000000000000, 1.169455476739838842E-16 ) ) ;
#48 = FACE_OUTER_BOUND ( 'NONE', #6577, .T. ) ;
#49 = DIRECTION ( 'NONE',  ( 0.000000000000000000, 0.000000000000000000, -1.000000000000000000 ) ) ;
#50 = ORIENTED_EDGE ( 'NONE', *, *, #161, .F. ) ;
#51 = CARTESIAN_POINT ( 'NONE',  ( 0.1961031209927693308, -3.200400000000000134, 0.2032000000000001583 ) ) ;
#52 = AXIS2_PLACEMENT_3D ( 'NONE', #6029, #1995, #3008 ) ;
#53 = ORIENTED_EDGE ( 'NONE', *, *, #7196, .F. ) ;
#54 = EDGE_LOOP ( 'NONE', ( #5365, #4917, #4252, #332 ) ) ;
#55 = ORIENTED_EDGE ( 'NONE', *, *, #4109, .F. ) ;
#56 = AXIS2_PLACEMENT_3D ( 'NONE', #78, #1195, #1129 ) ;
#57 = FACE_OUTER_BOUND ( 'NONE', #5864, .T. ) ;
#58 = DIRECTION ( 'NONE',  ( 0.000000000000000000, 0.9659258262890699775, 0.2588190451025145222 ) ) ;
#59 = EDGE_CURVE ( 'NONE', #704, #3299, #6753, .T. ) ;
#60 = EDGE_CURVE ( 'NONE', #5043, #5498, #2172, .T. ) ;
#61 = ORIENTED_EDGE ( 'NONE', *, *, #1071, .T. ) ;
#62 = EDGE_LOOP ( 'NONE', ( #5382, #2981, #5470, #874, #1314, #2006, #5646, #5094 ) ) ;
#63 =( REPRESENTATION_RELATIONSHIP ('NONE','NONE', #3318, #5372 ) REPRESENTATION_RELATIONSHIP_WITH_TRANSFORMATION ( #2501 )SHAPE_REPRESENTATION_RELATIONSHIP( ) );
#64 = FACE_OUTER_BOUND ( 'NONE', #6494, .T. ) ;
#65 = CARTESIAN_POINT ( 'NONE',  ( -5.079999999999997407, -1.925929944387235853E-31, 0.8889999999999991243 ) ) ;
#66 = PRODUCT_DEFINITION_FORMATION_WITH_SPECIFIED_SOURCE ( 'ANY', '', #2145, .NOT_KNOWN. ) ;
#67 = CARTESIAN_POINT ( 'NONE',  ( -0.1961031209927693308, -3.200400000000000134, 0.2032000000000001583 ) ) ;
#68 = DIRECTION ( 'NONE',  ( 0.000000000000000000, 0.000000000000000000, 1.000000000000000000 ) ) ;
#69 = VECTOR ( 'NONE', #3845, 1000.000000000000000 ) ;
#70 = EDGE_CURVE ( 'NONE', #6083, #3202, #408, .T. ) ;
#71 = ORIENTED_EDGE ( 'NONE', *, *, #835, .T. ) ;
#72 = EDGE_CURVE ( 'NONE', #3022, #5121, #4400, .T. ) ;
#73 = VECTOR ( 'NONE', #6443, 1000.000000000000000 ) ;
#74 = DIRECTION ( 'NONE',  ( 0.000000000000000000, -1.000000000000000000, -2.548365665731588345E-16 ) ) ;
#75 = CARTESIAN_POINT ( 'NONE',  ( -9.016999999999994131, 7.810499999999999332, -0.1270000000000042206 ) ) ;
#76 = DIRECTION ( 'NONE',  ( 0.000000000000000000, 0.9659258262890700886, -0.2588190451025140781 ) ) ;
#77 = DIRECTION ( 'NONE',  ( 0.000000000000000000, -1.733406087350420004E-16, 1.000000000000000000 ) ) ;
#78 = CARTESIAN_POINT ( 'NONE',  ( 12.70000000000000462, 8.509000000000000341, -1.270000000000001128 ) ) ;
#79 = ORIENTED_EDGE ( 'NONE', *, *, #6702, .T. ) ;
#80 = EDGE_CURVE ( 'NONE', #6877, #4403, #3156, .T. ) ;
#81 = EDGE_LOOP ( 'NONE', ( #3860, #4103, #320, #4076 ) ) ;
#82 = LINE ( 'NONE', #4104, #4007 ) ;
#83 = FACE_OUTER_BOUND ( 'NONE', #6614, .T. ) ;
#84 = PLANE ( 'NONE',  #1178 ) ;
#85 = DIRECTION ( 'NONE',  ( 0.000000000000000000, 1.000000000000000000, 2.548365665731588345E-16 ) ) ;
#86 = VERTEX_POINT ( 'NONE', #2101 ) ;
#87 = DIRECTION ( 'NONE',  ( 0.000000000000000000, 0.000000000000000000, -1.000000000000000000 ) ) ;
#88 = ORIENTED_EDGE ( 'NONE', *, *, #5862, .F. ) ;
#89 = ORIENTED_EDGE ( 'NONE', *, *, #6856, .F. ) ;
#90 = VECTOR ( 'NONE', #1299, 1000.000000000000000 ) ;
#91 = ORIENTED_EDGE ( 'NONE', *, *, #5927, .T. ) ;
#92 = DIRECTION ( 'NONE',  ( 1.000000000000000000, 0.000000000000000000, 0.000000000000000000 ) ) ;
#93 = DIRECTION ( 'NONE',  ( 0.000000000000000000, -5.054934237236841843E-31, -1.000000000000000000 ) ) ;
#94 = AXIS2_PLACEMENT_3D ( 'NONE', #6095, #3309, #5641 ) ;
#95 = VECTOR ( 'NONE', #3937, 1000.000000000000000 ) ;
#96 = ORIENTED_EDGE ( 'NONE', *, *, #6892, .F. ) ;
#97 = VECTOR ( 'NONE', #7142, 1000.000000000000000 ) ;
#98 = LINE ( 'NONE', #4125, #261 ) ;
#99 = CARTESIAN_POINT ( 'NONE',  ( 12.70000000000000462, 2.177422008883992879E-16, -0.8890000000000013447 ) ) ;
#100 = EDGE_CURVE ( 'NONE', #844, #609, #6674, .T. ) ;
#101 = LINE ( 'NONE', #4576, #2363 ) ;
#102 =( NAMED_UNIT ( * ) SI_UNIT ( $, .STERADIAN. ) SOLID_ANGLE_UNIT ( ) );
#103 = ORIENTED_EDGE ( 'NONE', *, *, #1941, .T. ) ;
#104 = ADVANCED_FACE ( 'NONE', ( #892 ), #3271, .F. ) ;
#105 = CARTESIAN_POINT ( 'NONE',  ( 12.70000000000000462, 8.509000000000000341, 1.270000000000001128 ) ) ;
#106 = LINE ( 'NONE', #4835, #1212 ) ;
#107 = EDGE_CURVE ( 'NONE', #4512, #3910, #6629, .T. ) ;
#108 = PLANE ( 'NONE',  #1267 ) ;
#109 = DIRECTION ( 'NONE',  ( 0.000000000000000000, 5.054934237236841843E-31, 1.000000000000000000 ) ) ;
#110 = ORIENTED_EDGE ( 'NONE', *, *, #3952, .F. ) ;
#111 = VERTEX_POINT ( 'NONE', #3191 ) ;
#112 = DIRECTION ( 'NONE',  ( 0.000000000000000000, 0.000000000000000000, -1.000000000000000000 ) ) ;
#113 = FACE_OUTER_BOUND ( 'NONE', #6486, .T. ) ;
#114 = EDGE_CURVE ( 'NONE', #3592, #3544, #5483, .T. ) ;
#115 = LINE ( 'NONE', #2475, #4758 ) ;
#116 = DIRECTION ( 'NONE',  ( -1.000000000000000000, 0.000000000000000000, 0.000000000000000000 ) ) ;
#117 = VERTEX_POINT ( 'NONE', #1006 ) ;
#118 = CARTESIAN_POINT ( 'NONE',  ( 0.3810000000000000053, 0.5079999999999997851, 0.2032000000000010465 ) ) ;
#119 = EDGE_LOOP ( 'NONE', ( #3589, #595, #1063, #6631, #7430, #3370, #5218, #4739 ) ) ;
#120 = ORIENTED_EDGE ( 'NONE', *, *, #758, .F. ) ;
#121 = ORIENTED_EDGE ( 'NONE', *, *, #5212, .F. ) ;
#122 = PRODUCT_DEFINITION_CONTEXT ( 'detailed design', #590, 'design' ) ;
#123 = CARTESIAN_POINT ( 'NONE',  ( 1.651000000000003132, 7.239000000000000767, -0.3810000000000040021 ) ) ;
#124 = LINE ( 'NONE', #1858, #4425 ) ;
#125 = FACE_OUTER_BOUND ( 'NONE', #7447, .T. ) ;
#126 = STYLED_ITEM ( 'NONE', ( #4057 ), #4203 ) ;
#127 = VECTOR ( 'NONE', #3401, 1000.000000000000000 ) ;
#128 = ORIENTED_EDGE ( 'NONE', *, *, #5488, .F. ) ;
#129 = DIRECTION ( 'NONE',  ( 0.000000000000000000, -1.000000000000000000, 0.000000000000000000 ) ) ;
#130 = DIRECTION ( 'NONE',  ( -0.000000000000000000, -0.000000000000000000, 1.000000000000000000 ) ) ;
#131 = DIRECTION ( 'NONE',  ( 0.000000000000000000, 0.000000000000000000, -1.000000000000000000 ) ) ;
#132 = CONTEXT_DEPENDENT_SHAPE_REPRESENTATION ( #63, #4023 ) ;
#133 = VECTOR ( 'NONE', #3943, 1000.000000000000000 ) ;
#134 = DIRECTION ( 'NONE',  ( -1.000000000000000000, -0.000000000000000000, -0.000000000000000000 ) ) ;
#135 = VECTOR ( 'NONE', #6060, 1000.000000000000000 ) ;
#136 = ORIENTED_EDGE ( 'NONE', *, *, #6726, .F. ) ;
#137 = EDGE_LOOP ( 'NONE', ( #4115, #4263, #5617, #6921 ) ) ;
#138 = VECTOR ( 'NONE', #2784, 1000.000000000000000 ) ;
#139 = AXIS2_PLACEMENT_3D ( 'NONE', #5078, #7392, #1463 ) ;
#140 = LINE ( 'NONE', #4204, #5207 ) ;
#141 = CARTESIAN_POINT ( 'NONE',  ( -5.079999999999997407, 0.5080000000000000071, 0.7528818102449925664 ) ) ;
#142 = DIRECTION ( 'NONE',  ( 0.000000000000000000, 0.9659258262890699775, 0.2588190451025145222 ) ) ;
#143 = VECTOR ( 'NONE', #6578, 1000.000000000000000 ) ;
#144 = VECTOR ( 'NONE', #5141, 1000.000000000000000 ) ;
#145 = ORIENTED_EDGE ( 'NONE', *, *, #893, .T. ) ;
#146 = EDGE_CURVE ( 'NONE', #3945, #6422, #448, .T. ) ;
#147 = ADVANCED_FACE ( 'NONE', ( #2058 ), #3805, .F. ) ;
#148 = VERTEX_POINT ( 'NONE', #3991 ) ;
#149 = CARTESIAN_POINT ( 'NONE',  ( 8.509000000000005670, 8.064499999999998892, 0.3809999999999947873 ) ) ;
#150 = FACE_OUTER_BOUND ( 'NONE', #4377, .T. ) ;
#151 = VECTOR ( 'NONE', #1762, 1000.000000000000000 ) ;
#152 = DIRECTION ( 'NONE',  ( 1.000000000000000000, 0.000000000000000000, 0.000000000000000000 ) ) ;
#153 = CARTESIAN_POINT ( 'NONE',  ( -9.270999999999993690, 8.064499999999998892, -0.3810000000000038356 ) ) ;
#154 = ORIENTED_EDGE ( 'NONE', *, *, #2910, .F. ) ;
#155 = CARTESIAN_POINT ( 'NONE',  ( -1.650999999999994472, 7.239000000000000767, -0.3810000000000040021 ) ) ;
#156 = ORIENTED_EDGE ( 'NONE', *, *, #1585, .F. ) ;
#157 = ADVANCED_FACE ( 'NONE', ( #2848 ), #5142, .F. ) ;
#158 = VECTOR ( 'NONE', #1181, 1000.000000000000000 ) ;
#159 = ADVANCED_FACE ( 'NONE', ( #3421 ), #2281, .F. ) ;
#160 = ORIENTED_EDGE ( 'NONE', *, *, #3189, .F. ) ;
#161 = EDGE_CURVE ( 'NONE', #6591, #6455, #4215, .T. ) ;
#162 = VERTEX_POINT ( 'NONE', #260 ) ;
#163 = PLANE ( 'NONE',  #5254 ) ;
#164 = CARTESIAN_POINT ( 'NONE',  ( -9.270999999999993690, 7.239000000000000767, 0.3809999999999947873 ) ) ;
#165 = VECTOR ( 'NONE', #4376, 1000.000000000000000 ) ;
#166 = FACE_OUTER_BOUND ( 'NONE', #1054, .T. ) ;
#167 = LINE ( 'NONE', #2450, #5321 ) ;
#168 = ORIENTED_EDGE ( 'NONE', *, *, #5537, .T. ) ;
#169 = ADVANCED_FACE ( 'NONE', ( #3119 ), #2588, .T. ) ;
#170 = ORIENTED_EDGE ( 'NONE', *, *, #5687, .T. ) ;
#171 = DIRECTION ( 'NONE',  ( -0.000000000000000000, 1.000000000000000000, 2.449293598294710852E-16 ) ) ;
#172 = DIRECTION ( 'NONE',  ( 0.000000000000000000, -1.000000000000000000, -2.548365665731588345E-16 ) ) ;
#173 = CARTESIAN_POINT ( 'NONE',  ( 15.24000000000000554, 3.110602869834277161E-16, -1.270000000000001128 ) ) ;
#174 = AXIS2_PLACEMENT_3D ( 'NONE', #4865, #6621, #4279 ) ;
#175 = DIRECTION ( 'NONE',  ( 0.000000000000000000, 0.000000000000000000, 1.000000000000000000 ) ) ;
#176 = VERTEX_POINT ( 'NONE', #2627 ) ;
#177 = CARTESIAN_POINT ( 'NONE',  ( 8.509000000000005670, 7.239000000000000767, 0.3809999999999947873 ) ) ;
#178 = CARTESIAN_POINT ( 'NONE',  ( -5.079999999999997407, 8.509000000000000341, -1.270000000000001128 ) ) ;
#179 = FACE_OUTER_BOUND ( 'NONE', #7446, .T. ) ;
#180 = PLANE ( 'NONE',  #4947 ) ;
#181 = ORIENTED_EDGE ( 'NONE', *, *, #3574, .T. ) ;
#182 = VERTEX_POINT ( 'NONE', #7165 ) ;
#183 = CARTESIAN_POINT ( 'NONE',  ( 7.620000000000003659, -1.925929944387235853E-31, 0.8889999999999991243 ) ) ;
#184 = DIRECTION ( 'NONE',  ( 0.000000000000000000, -0.000000000000000000, -1.000000000000000000 ) ) ;
#185 = DIRECTION ( 'NONE',  ( 1.000000000000000000, 0.000000000000000000, 0.000000000000000000 ) ) ;
#186 = PRODUCT_DEFINITION ( 'UNKNOWN', '', #66, #3518 ) ;
#187 = CARTESIAN_POINT ( 'NONE',  ( 15.49399999999999977, 8.509000000000000341, 1.270000000000001128 ) ) ;
#188 = EDGE_CURVE ( 'NONE', #1471, #7296, #4257, .T. ) ;
#189 = DIRECTION ( 'NONE',  ( 0.000000000000000000, 0.2588190451025145222, -0.9659258262890699775 ) ) ;
#190 = ORIENTED_EDGE ( 'NONE', *, *, #3842, .F. ) ;
#191 = DIRECTION ( 'NONE',  ( 0.000000000000000000, 1.733406087350420004E-16, -1.000000000000000000 ) ) ;
#192 = AXIS2_PLACEMENT_3D ( 'NONE', #2782, #6795, #3316 ) ;
#193 = ORIENTED_EDGE ( 'NONE', *, *, #787, .F. ) ;
#194 = ORIENTED_EDGE ( 'NONE', *, *, #2950, .T. ) ;
#195 = ORIENTED_EDGE ( 'NONE', *, *, #7104, .F. ) ;
#196 = CARTESIAN_POINT ( 'NONE',  ( 12.70000000000000462, 8.509000000000000341, 1.270000000000001128 ) ) ;
#197 = UNCERTAINTY_MEASURE_WITH_UNIT (LENGTH_MEASURE( 1.000000000000000082E-05 ), #2738, 'distance_accuracy_value', 'NONE');
#198 = DIRECTION ( 'NONE',  ( -1.000000000000000000, -0.000000000000000000, -0.000000000000000000 ) ) ;
#199 = FILL_AREA_STYLE_COLOUR ( '', #4540 ) ;
#200 = ADVANCED_FACE ( 'NONE', ( #1352 ), #2551, .F. ) ;
#201 = DIRECTION ( 'NONE',  ( 1.000000000000000000, 0.000000000000000000, -0.000000000000000000 ) ) ;
#202 = EDGE_CURVE ( 'NONE', #5577, #6740, #224, .T. ) ;
#203 = AXIS2_PLACEMENT_3D ( 'NONE', #3005, #5305, #5803 ) ;
#204 = ORIENTED_EDGE ( 'NONE', *, *, #4620, .F. ) ;
#205 = ORIENTED_EDGE ( 'NONE', *, *, #827, .T. ) ;
#206 = LINE ( 'NONE', #5280, #5070 ) ;
#207 = VECTOR ( 'NONE', #7005, 1000.000000000000000 ) ;
#208 = VECTOR ( 'NONE', #2347, 1000.000000000000000 ) ;
#209 = FILL_AREA_STYLE_COLOUR ( '', #6275 ) ;
#210 = CARTESIAN_POINT ( 'NONE',  ( -14.35099999999999554, 7.239000000000000767, 0.3809999999999947873 ) ) ;
#211 = LINE ( 'NONE', #4318, #5984 ) ;
#212 = EDGE_CURVE ( 'NONE', #3591, #482, #2514, .T. ) ;
#213 = FACE_OUTER_BOUND ( 'NONE', #2790, .T. ) ;
#214 = VECTOR ( 'NONE', #5427, 1000.000000000000000 ) ;
#215 = ORIENTED_EDGE ( 'NONE', *, *, #6710, .F. ) ;
#216 = CARTESIAN_POINT ( 'NONE',  ( 15.24000000000000554, 0.5080000000000000071, 0.7528818102449925664 ) ) ;
#217 = DIRECTION ( 'NONE',  ( 0.000000000000000000, 0.000000000000000000, 1.000000000000000000 ) ) ;
#218 = DIRECTION ( 'NONE',  ( -0.000000000000000000, 1.000000000000000000, 1.733406087350420004E-16 ) ) ;
#219 = AXIS2_PLACEMENT_3D ( 'NONE', #861, #6863, #5992 ) ;
#220 = ORIENTED_EDGE ( 'NONE', *, *, #4831, .T. ) ;
#221 = VERTEX_POINT ( 'NONE', #858 ) ;
#222 = LINE ( 'NONE', #3117, #748 ) ;
#223 = CARTESIAN_POINT ( 'NONE',  ( 3.429000000000005155, 7.239000000000000767, 0.3809999999999947873 ) ) ;
#224 = LINE ( 'NONE', #4332, #433 ) ;
#225 = DIRECTION ( 'NONE',  ( 0.7071067811865462405, -0.7071067811865489050, 0.000000000000000000 ) ) ;
#226 = PLANE ( 'NONE',  #1337 ) ;
#227 = ORIENTED_EDGE ( 'NONE', *, *, #3736, .T. ) ;
#228 = CARTESIAN_POINT ( 'NONE',  ( -10.15999999999999659, 0.5080000000000002292, -0.7528818102449945648 ) ) ;
#229 = ORIENTED_EDGE ( 'NONE', *, *, #3480, .F. ) ;
#230 = EDGE_LOOP ( 'NONE', ( #3449, #5327, #6685, #2211 ) ) ;
#231 = ORIENTED_EDGE ( 'NONE', *, *, #2384, .T. ) ;
#232 = LINE ( 'NONE', #1319, #3222 ) ;
#233 = PLANE ( 'NONE',  #4464 ) ;
#234 = CARTESIAN_POINT ( 'NONE',  ( -5.079999999999997407, 2.177422008883992879E-16, -0.8890000000000013447 ) ) ;
#235 = FILL_AREA_STYLE_COLOUR ( '', #6054 ) ;
#236 = ORIENTED_EDGE ( 'NONE', *, *, #5388, .F. ) ;
#237 = EDGE_CURVE ( 'NONE', #16, #4413, #4803, .T. ) ;
#238 = EDGE_CURVE ( 'NONE', #1964, #5690, #3196, .T. ) ;
#239 = ORIENTED_EDGE ( 'NONE', *, *, #2745, .T. ) ;
#240 = DIRECTION ( 'NONE',  ( 0.000000000000000000, 1.733406087350420004E-16, -1.000000000000000000 ) ) ;
#241 = LINE ( 'NONE', #7330, #3997 ) ;
#242 = CARTESIAN_POINT ( 'NONE',  ( 15.24000000000000554, 0.5080000000000002292, -0.7528818102449945648 ) ) ;
#243 = LINE ( 'NONE', #283, #1524 ) ;
#244 = EDGE_LOOP ( 'NONE', ( #2152, #1247, #2765, #1913 ) ) ;
#245 = ADVANCED_FACE ( 'NONE', ( #2064 ), #4769, .F. ) ;
#246 = ADVANCED_FACE ( 'NONE', ( #7091 ), #6636, .F. ) ;
#247 = FACE_OUTER_BOUND ( 'NONE', #577, .T. ) ;
#248 = FACE_OUTER_BOUND ( 'NONE', #6541, .T. ) ;
#249 = AXIS2_PLACEMENT_3D ( 'NONE', #3915, #5132, #1745 ) ;
#250 = VECTOR ( 'NONE', #3276, 1000.000000000000000 ) ;
#251 = CARTESIAN_POINT ( 'NONE',  ( 7.175500000000008427, 8.509000000000000341, -1.270000000000001128 ) ) ;
#252 = LINE ( 'NONE', #5905, #1338 ) ;
#253 = VERTEX_POINT ( 'NONE', #3520 ) ;
#254 = AXIS2_PLACEMENT_3D ( 'NONE', #751, #4668, #5917 ) ;
#255 = VECTOR ( 'NONE', #7107, 1000.000000000000000 ) ;
#256 = EDGE_CURVE ( 'NONE', #3116, #7146, #5912, .T. ) ;
#257 = ORIENTED_EDGE ( 'NONE', *, *, #4437, .F. ) ;
#258 = LINE ( 'NONE', #3659, #5931 ) ;
#259 = DIRECTION ( 'NONE',  ( 0.5773502691896267303, -0.5773502691896247319, -0.5773502691896258421 ) ) ;
#260 = CARTESIAN_POINT ( 'NONE',  ( 15.49399999999999977, 3.110602869834277161E-16, -1.270000000000001128 ) ) ;
#261 = VECTOR ( 'NONE', #1222, 1000.000000000000000 ) ;
#262 = VECTOR ( 'NONE', #670, 1000.000000000000000 ) ;
#263 = CARTESIAN_POINT ( 'NONE',  ( 11.04900000000000659, 7.239000000000000767, -0.3810000000000040021 ) ) ;
#264 = CARTESIAN_POINT ( 'NONE',  ( 15.49399999999999977, -1.925929944387235853E-31, 0.8889999999999991243 ) ) ;
#265 = ORIENTED_EDGE ( 'NONE', *, *, #829, .T. ) ;
#266 = CARTESIAN_POINT ( 'NONE',  ( 7.620000000000003659, 2.177422008883992879E-16, -0.8890000000000013447 ) ) ;
#267 = VERTEX_POINT ( 'NONE', #6596 ) ;
#268 = ORIENTED_EDGE ( 'NONE', *, *, #4617, .T. ) ;
#269 = VERTEX_POINT ( 'NONE', #5336 ) ;
#270 = VECTOR ( 'NONE', #6792, 1000.000000000000227 ) ;
#271 = DIRECTION ( 'NONE',  ( -0.000000000000000000, 0.000000000000000000, 1.000000000000000000 ) ) ;
#272 = FACE_OUTER_BOUND ( 'NONE', #1017, .T. ) ;
#273 = DIRECTION ( 'NONE',  ( 0.000000000000000000, 0.000000000000000000, 1.000000000000000000 ) ) ;
#274 = CARTESIAN_POINT ( 'NONE',  ( -10.15999999999999659, 3.110602869834277161E-16, -1.270000000000001128 ) ) ;
#275 = ORIENTED_EDGE ( 'NONE', *, *, #2390, .F. ) ;
#276 = ORIENTED_EDGE ( 'NONE', *, *, #1755, .T. ) ;
#277 = ORIENTED_EDGE ( 'NONE', *, *, #5210, .F. ) ;
#278 = VECTOR ( 'NONE', #3906, 1000.000000000000000 ) ;
#279 = PLANE ( 'NONE',  #4820 ) ;
#280 = CARTESIAN_POINT ( 'NONE',  ( -7.619999999999997442, 3.110602869834277161E-16, -1.270000000000001128 ) ) ;
#281 = CARTESIAN_POINT ( 'NONE',  ( 11.81100000000000527, 7.239000000000000767, 0.3809999999999947873 ) ) ;
#282 = EDGE_CURVE ( 'NONE', #7257, #7260, #1420, .T. ) ;
#283 = CARTESIAN_POINT ( 'NONE',  ( 9.271000000000004349, 7.239000000000000767, -0.3810000000000040021 ) ) ;
#284 = APPLICATION_PROTOCOL_DEFINITION ( 'draft international standard', 'automotive_design', 1998, #1877 ) ;
#285 = EDGE_CURVE ( 'NONE', #3676, #379, #2026, .T. ) ;
#286 = ORIENTED_EDGE ( 'NONE', *, *, #6757, .T. ) ;
#287 = FACE_OUTER_BOUND ( 'NONE', #4638, .T. ) ;
#288 = DIRECTION ( 'NONE',  ( 0.000000000000000000, 0.000000000000000000, 1.000000000000000000 ) ) ;
#289 = CARTESIAN_POINT ( 'NONE',  ( -15.49399999999999977, 0.000000000000000000, 1.269999999999998908 ) ) ;
#290 = CARTESIAN_POINT ( 'NONE',  ( -4.190999999999995396, 8.064499999999998892, 0.3809999999999949538 ) ) ;
#291 = EDGE_CURVE ( 'NONE', #5861, #5690, #3728, .T. ) ;
#292 = CARTESIAN_POINT ( 'NONE',  ( -10.15999999999999659, 0.5080000000000000071, 0.7528818102449925664 ) ) ;
#293 = EDGE_CURVE ( 'NONE', #4812, #2755, #819, .T. ) ;
#294 = EDGE_CURVE ( 'NONE', #2903, #4936, #7201, .T. ) ;
#295 = DIRECTION ( 'NONE',  ( 0.000000000000000000, 2.449293598294710852E-16, -1.000000000000000000 ) ) ;
#296 = ORIENTED_EDGE ( 'NONE', *, *, #2129, .F. ) ;
#297 = LINE ( 'NONE', #3726, #4601 ) ;
#298 = PLANE ( 'NONE',  #6276 ) ;
#299 = DIRECTION ( 'NONE',  ( 0.000000000000000000, 2.449293598294710852E-16, -1.000000000000000000 ) ) ;
#300 = CARTESIAN_POINT ( 'NONE',  ( 0.3810000000000000053, -2.692399999999995686, 0.2032000000000002693 ) ) ;
#301 = PLANE ( 'NONE',  #4588 ) ;
#302 = ORIENTED_EDGE ( 'NONE', *, *, #7439, .T. ) ;
#303 = CARTESIAN_POINT ( 'NONE',  ( 12.70000000000000462, 0.5080000000000002292, -0.7528818102449945648 ) ) ;
#304 = EDGE_CURVE ( 'NONE', #5182, #5229, #5455, .T. ) ;
#305 = ORIENTED_EDGE ( 'NONE', *, *, #5818, .F. ) ;
#306 = EDGE_LOOP ( 'NONE', ( #7287, #393, #5356, #7216, #3484, #1229, #956, #7442 ) ) ;
#307 = ORIENTED_EDGE ( 'NONE', *, *, #5212, .T. ) ;
#308 = CARTESIAN_POINT ( 'NONE',  ( 5.080000000000002736, 0.5080000000000000071, 0.7528818102449925664 ) ) ;
#309 = CARTESIAN_POINT ( 'NONE',  ( 5.969000000000005635, 7.239000000000000767, -0.3810000000000040021 ) ) ;
#310 = VECTOR ( 'NONE', #6335, 1000.000000000000000 ) ;
#311 = LINE ( 'NONE', #3866, #7327 ) ;
#312 = CARTESIAN_POINT ( 'NONE',  ( 5.080000000000002736, 2.177422008883992879E-16, -0.8890000000000013447 ) ) ;
#313 = CARTESIAN_POINT ( 'NONE',  ( -14.79549999999999876, 8.509000000000000341, -0.8255000000000067839 ) ) ;
#314 = ORIENTED_EDGE ( 'NONE', *, *, #4029, .F. ) ;
#315 = ORIENTED_EDGE ( 'NONE', *, *, #5960, .T. ) ;
#316 = VERTEX_POINT ( 'NONE', #6141 ) ;
#317 = DIRECTION ( 'NONE',  ( -1.000000000000000000, 0.000000000000000000, -0.000000000000000000 ) ) ;
#318 = DIRECTION ( 'NONE',  ( 0.000000000000000000, 0.000000000000000000, -1.000000000000000000 ) ) ;
#319 = LINE ( 'NONE', #1484, #6229 ) ;
#320 = ORIENTED_EDGE ( 'NONE', *, *, #5629, .F. ) ;
#321 = EDGE_CURVE ( 'NONE', #7187, #456, #3391, .T. ) ;
#322 = AXIS2_PLACEMENT_3D ( 'NONE', #3611, #1984, #1910 ) ;
#323 = CARTESIAN_POINT ( 'NONE',  ( -4.190999999999995396, 8.064499999999998892, -0.3810000000000038356 ) ) ;
#324 = EDGE_CURVE ( 'NONE', #4810, #3447, #1652, .T. ) ;
#325 = FILL_AREA_STYLE_COLOUR ( '', #2429 ) ;
#326 = FACE_OUTER_BOUND ( 'NONE', #5274, .T. ) ;
#327 = CARTESIAN_POINT ( 'NONE',  ( 10.16000000000000369, 3.110602869834277161E-16, -1.270000000000001128 ) ) ;
#328 = VECTOR ( 'NONE', #6536, 1000.000000000000000 ) ;
#329 = VECTOR ( 'NONE', #3835, 1000.000000000000000 ) ;
#330 = CARTESIAN_POINT ( 'NONE',  ( -5.079999999999997407, 0.000000000000000000, 1.269999999999998908 ) ) ;
#331 = ADVANCED_FACE ( 'NONE', ( #5528 ), #3240, .F. ) ;
#332 = ORIENTED_EDGE ( 'NONE', *, *, #3950, .T. ) ;
#333 = ADVANCED_FACE ( 'NONE', ( #3964 ), #6256, .F. ) ;
#334 = CARTESIAN_POINT ( 'NONE',  ( 7.620000000000003659, 0.5080000000000000071, 0.7528818102449925664 ) ) ;
#335 = LINE ( 'NONE', #6716, #2652 ) ;
#336 = DIRECTION ( 'NONE',  ( -0.000000000000000000, 1.000000000000000000, 1.733406087350420004E-16 ) ) ;
#337 = FACE_OUTER_BOUND ( 'NONE', #418, .T. ) ;
#338 = DIRECTION ( 'NONE',  ( 0.000000000000000000, -1.000000000000000000, -1.733406087350420004E-16 ) ) ;
#339 = DIRECTION ( 'NONE',  ( -0.000000000000000000, 1.000000000000000000, 1.733406087350420004E-16 ) ) ;
#340 = ORIENTED_EDGE ( 'NONE', *, *, #3339, .F. ) ;
#341 = LINE ( 'NONE', #6683, #4841 ) ;
#342 = VERTEX_POINT ( 'NONE', #5685 ) ;
#343 = ORIENTED_EDGE ( 'NONE', *, *, #6646, .F. ) ;
#344 =( REPRESENTATION_RELATIONSHIP ('NONE','NONE', #3318, #5372 ) REPRESENTATION_RELATIONSHIP_WITH_TRANSFORMATION ( #4718 )SHAPE_REPRESENTATION_RELATIONSHIP( ) );
#345 = ORIENTED_EDGE ( 'NONE', *, *, #1164, .T. ) ;
#346 = ADVANCED_FACE ( 'NONE', ( #412 ), #2819, .F. ) ;
#347 = DIRECTION ( 'NONE',  ( 0.000000000000000000, 0.9659258262890700886, -0.2588190451025140781 ) ) ;
#348 = CARTESIAN_POINT ( 'NONE',  ( 10.16000000000000369, 0.5080000000000000071, 0.7528818102449925664 ) ) ;
#349 = FACE_OUTER_BOUND ( 'NONE', #1922, .T. ) ;
#350 = ORIENTED_EDGE ( 'NONE', *, *, #542, .T. ) ;
#351 = VERTEX_POINT ( 'NONE', #5036 ) ;
#352 = ORIENTED_EDGE ( 'NONE', *, *, #2166, .T. ) ;
#353 = CARTESIAN_POINT ( 'NONE',  ( -1.650999999999994472, 7.239000000000000767, 0.3809999999999947873 ) ) ;
#354 = FACE_OUTER_BOUND ( 'NONE', #62, .T. ) ;
#355 = DIRECTION ( 'NONE',  ( 0.000000000000000000, 1.440069553722777130E-16, -1.000000000000000000 ) ) ;
#356 = CARTESIAN_POINT ( 'NONE',  ( 10.16000000000000369, 0.000000000000000000, 0.000000000000000000 ) ) ;
#357 = ORIENTED_EDGE ( 'NONE', *, *, #3235, .F. ) ;
#358 = CARTESIAN_POINT ( 'NONE',  ( -0.3810000000000000053, -2.692399999999995686, -0.2032000000000001028 ) ) ;
#359 = FILL_AREA_STYLE ('',( #7309 ) ) ;
#360 = DIRECTION ( 'NONE',  ( 0.000000000000000000, 0.000000000000000000, -1.000000000000000000 ) ) ;
#361 = CARTESIAN_POINT ( 'NONE',  ( -0.8889999999999956826, 7.239000000000000767, 0.3809999999999947873 ) ) ;
#362 = LINE ( 'NONE', #1535, #6818 ) ;
#363 = VERTEX_POINT ( 'NONE', #5649 ) ;
#364 = COLOUR_RGB ( '',0.2509803921568627416, 0.2509803921568627416, 0.2509803921568627416 ) ;
#365 = VECTOR ( 'NONE', #4291, 1000.000000000000000 ) ;
#366 = CARTESIAN_POINT ( 'NONE',  ( 3.469446951953614189E-15, 3.110602869834277161E-16, -1.270000000000001128 ) ) ;
#367 = CARTESIAN_POINT ( 'NONE',  ( 11.81100000000000527, 7.239000000000000767, 0.3809999999999947873 ) ) ;
#368 = CARTESIAN_POINT ( 'NONE',  ( 9.017000000000004789, 7.810499999999998444, 0.1269999999999948948 ) ) ;
#369 = DIRECTION ( 'NONE',  ( -0.000000000000000000, 0.2588190451025140781, 0.9659258262890700886 ) ) ;
#370 = PLANE ( 'NONE',  #7319 ) ;
#371 = LINE ( 'NONE', #2218, #4814 ) ;
#372 = EDGE_CURVE ( 'NONE', #1701, #6500, #7318, .T. ) ;
#373 = ORIENTED_EDGE ( 'NONE', *, *, #4868, .T. ) ;
#374 = CARTESIAN_POINT ( 'NONE',  ( -10.60449999999999271, 8.509000000000000341, 0.8254999999999981242 ) ) ;
#375 = AXIS2_PLACEMENT_3D ( 'NONE', #4229, #6537, #92 ) ;
#376 = VECTOR ( 'NONE', #1829, 1000.000000000000000 ) ;
#377 = ADVANCED_FACE ( 'NONE', ( #2144 ), #5610, .F. ) ;
#378 = ORIENTED_EDGE ( 'NONE', *, *, #5603, .F. ) ;
#379 = VERTEX_POINT ( 'NONE', #3277 ) ;
#380 = EDGE_LOOP ( 'NONE', ( #1536, #6349, #4889, #2764 ) ) ;
#381 = DIRECTION ( 'NONE',  ( -0.000000000000000000, 0.000000000000000000, -1.000000000000000000 ) ) ;
#382 = AXIS2_PLACEMENT_3D ( 'NONE', #7168, #1503, #1993 ) ;
#383 = AXIS2_PLACEMENT_3D ( 'NONE', #1233, #3542, #5113 ) ;
#384 = DIRECTION ( 'NONE',  ( 1.000000000000000000, 0.000000000000000000, 0.000000000000000000 ) ) ;
#385 = LINE ( 'NONE', #1553, #2137 ) ;
#386 = DIRECTION ( 'NONE',  ( -1.000000000000000000, -0.000000000000000000, -0.000000000000000000 ) ) ;
#387 = CARTESIAN_POINT ( 'NONE',  ( 0.8890000000000043423, 8.064499999999998892, 0.3809999999999949538 ) ) ;
#388 = EDGE_CURVE ( 'NONE', #6616, #1317, #486, .T. ) ;
#389 = ADVANCED_FACE ( 'NONE', ( #7423 ), #7391, .F. ) ;
#390 = ORIENTED_EDGE ( 'NONE', *, *, #4396, .F. ) ;
#391 = VECTOR ( 'NONE', #3139, 1000.000000000000000 ) ;
#392 = VERTEX_POINT ( 'NONE', #4998 ) ;
#393 = ORIENTED_EDGE ( 'NONE', *, *, #2280, .F. ) ;
#394 = DIRECTION ( 'NONE',  ( -0.000000000000000000, 1.000000000000000000, 1.733406087350420004E-16 ) ) ;
#395 = DIRECTION ( 'NONE',  ( -0.7071067811865462405, -0.7071067811865489050, 0.000000000000000000 ) ) ;
#396 = AXIS2_PLACEMENT_3D ( 'NONE', #4290, #4767, #7089 ) ;
#397 = PLANE ( 'NONE',  #6967 ) ;
#398 = CARTESIAN_POINT ( 'NONE',  ( 7.620000000000003659, 0.5080000000000002292, -0.7528818102449945648 ) ) ;
#399 = ORIENTED_EDGE ( 'NONE', *, *, #5398, .T. ) ;
#400 = VECTOR ( 'NONE', #3524, 1000.000000000000000 ) ;
#401 = PRODUCT_DEFINITION_SHAPE ( 'NONE', 'NONE',  #7456 ) ;
#402 = CARTESIAN_POINT ( 'NONE',  ( 15.23999999999999844, 2.177422008883992879E-16, -0.8890000000000013447 ) ) ;
#403 =( NAMED_UNIT ( * ) PLANE_ANGLE_UNIT ( ) SI_UNIT ( $, .RADIAN. ) );
#404 = DIRECTION ( 'NONE',  ( 1.000000000000000000, 0.000000000000000000, 0.000000000000000000 ) ) ;
#405 = CARTESIAN_POINT ( 'NONE',  ( -5.079999999999997407, 8.509000000000000341, 1.270000000000001128 ) ) ;
#406 = SURFACE_STYLE_USAGE ( .BOTH. , #6134 ) ;
#407 = VECTOR ( 'NONE', #4599, 1000.000000000000000 ) ;
#408 = LINE ( 'NONE', #330, #3559 ) ;
#409 = VERTEX_POINT ( 'NONE', #6678 ) ;
#410 = LINE ( 'NONE', #3194, #270 ) ;
#411 = CARTESIAN_POINT ( 'NONE',  ( -10.15999999999999837, 8.509000000000000341, -1.270000000000001128 ) ) ;
#412 = FACE_OUTER_BOUND ( 'NONE', #5422, .T. ) ;
#413 = LINE ( 'NONE', #2146, #3757 ) ;
#414 = CARTESIAN_POINT ( 'NONE',  ( 5.969000000000005635, 7.239000000000000767, 0.3809999999999947873 ) ) ;
#415 = ORIENTED_EDGE ( 'NONE', *, *, #4302, .F. ) ;
#416 = CARTESIAN_POINT ( 'NONE',  ( 12.70000000000000462, 8.509000000000000341, 1.270000000000001128 ) ) ;
#417 = AXIS2_PLACEMENT_3D ( 'NONE', #664, #6902, #1869 ) ;
#418 = EDGE_LOOP ( 'NONE', ( #5995, #4271, #2954, #4672 ) ) ;
#419 = VERTEX_POINT ( 'NONE', #6759 ) ;
#420 = ORIENTED_EDGE ( 'NONE', *, *, #1488, .F. ) ;
#421 = DIRECTION ( 'NONE',  ( -1.000000000000000000, -0.000000000000000000, -0.000000000000000000 ) ) ;
#422 = ADVANCED_FACE ( 'NONE', ( #5568 ), #934, .F. ) ;
#423 = CARTESIAN_POINT ( 'NONE',  ( 6.477000000000003865, 7.810499999999998444, 0.1269999999999948948 ) ) ;
#424 = DIRECTION ( 'NONE',  ( 0.000000000000000000, 1.000000000000000000, 1.733406087350420004E-16 ) ) ;
#425 = FILL_AREA_STYLE ('',( #2601 ) ) ;
#426 = CARTESIAN_POINT ( 'NONE',  ( 15.49399999999999977, 8.509000000000000341, -1.270000000000001128 ) ) ;
#427 = CARTESIAN_POINT ( 'NONE',  ( -6.730999999999995431, 7.239000000000000767, 0.3809999999999947873 ) ) ;
#428 = ORIENTED_EDGE ( 'NONE', *, *, #5687, .F. ) ;
#429 = ORIENTED_EDGE ( 'NONE', *, *, #4657, .F. ) ;
#430 = UNCERTAINTY_MEASURE_WITH_UNIT (LENGTH_MEASURE( 1.000000000000000082E-05 ), #6935, 'distance_accuracy_value', 'NONE');
#431 = VERTEX_POINT ( 'NONE', #4958 ) ;
#432 = ADVANCED_FACE ( 'NONE', ( #1010 ), #7280, .F. ) ;
#433 = VECTOR ( 'NONE', #4912, 1000.000000000000000 ) ;
#434 = PLANE ( 'NONE',  #3884 ) ;
#435 = EDGE_CURVE ( 'NONE', #6144, #3447, #2749, .T. ) ;
#436 = CARTESIAN_POINT ( 'NONE',  ( 12.70000000000000462, 0.5080000000000000071, 0.7528818102449925664 ) ) ;
#437 = CARTESIAN_POINT ( 'NONE',  ( -10.15999999999999659, 8.509000000000000341, 1.270000000000001128 ) ) ;
#438 = VERTEX_POINT ( 'NONE', #3929 ) ;
#439 = EDGE_CURVE ( 'NONE', #7407, #1577, #6221, .T. ) ;
#440 = DIRECTION ( 'NONE',  ( 0.000000000000000000, -1.000000000000000000, 0.000000000000000000 ) ) ;
#441 = EDGE_CURVE ( 'NONE', #6764, #2255, #2355, .T. ) ;
#442 = ADVANCED_FACE ( 'NONE', ( #6369 ), #108, .T. ) ;
#443 =( NAMED_UNIT ( * ) SI_UNIT ( $, .STERADIAN. ) SOLID_ANGLE_UNIT ( ) );
#444 = PLANE ( 'NONE',  #6521 ) ;
#445 = DIRECTION ( 'NONE',  ( -1.000000000000000000, -0.000000000000000000, -0.000000000000000000 ) ) ;
#446 = DIRECTION ( 'NONE',  ( -0.5773502691896268413, 0.5773502691896246208, -0.5773502691896256200 ) ) ;
#447 = CARTESIAN_POINT ( 'NONE',  ( -12.69999999999999751, -1.925929944387235853E-31, 0.8889999999999991243 ) ) ;
#448 = LINE ( 'NONE', #1494, #3926 ) ;
#449 = ORIENTED_EDGE ( 'NONE', *, *, #1848, .T. ) ;
#450 = CARTESIAN_POINT ( 'NONE',  ( 12.70000000000000462, 8.509000000000000341, -1.270000000000001128 ) ) ;
#451 = LINE ( 'NONE', #4481, #1691 ) ;
#452 = DIRECTION ( 'NONE',  ( 0.000000000000000000, -1.000000000000000000, 0.000000000000000000 ) ) ;
#453 = VECTOR ( 'NONE', #4941, 1000.000000000000000 ) ;
#454 = CARTESIAN_POINT ( 'NONE',  ( 15.24000000000000554, -1.925929944387235853E-31, 0.8889999999999991243 ) ) ;
#455 = CARTESIAN_POINT ( 'NONE',  ( -12.69999999999999751, 8.509000000000000341, -1.270000000000001128 ) ) ;
#456 = VERTEX_POINT ( 'NONE', #3541 ) ;
#457 = LINE ( 'NONE', #3815, #165 ) ;
#458 = ORIENTED_EDGE ( 'NONE', *, *, #3429, .T. ) ;
#459 = ORIENTED_EDGE ( 'NONE', *, *, #4046, .T. ) ;
#460 = VECTOR ( 'NONE', #93, 1000.000000000000000 ) ;
#461 = VERTEX_POINT ( 'NONE', #2 ) ;
#462 = DIRECTION ( 'NONE',  ( 0.000000000000000000, 0.9659258262890699775, 0.2588190451025145222 ) ) ;
#463 = CARTESIAN_POINT ( 'NONE',  ( -15.23999999999999844, 0.5080000000000000071, 0.7528818102449925664 ) ) ;
#464 = LINE ( 'NONE', #1737, #6353 ) ;
#465 = CARTESIAN_POINT ( 'NONE',  ( -11.04899999999999594, 7.239000000000000767, -0.3810000000000040021 ) ) ;
#466 = CARTESIAN_POINT ( 'NONE',  ( 13.58900000000000752, 7.239000000000000767, -0.3810000000000040021 ) ) ;
#467 = ITEM_DEFINED_TRANSFORMATION ( 'NONE', 'NONE', #7402,  #765 ) ;
#468 = ORIENTED_EDGE ( 'NONE', *, *, #80, .F. ) ;
#469 = EDGE_LOOP ( 'NONE', ( #4488, #6925, #3254, #4286 ) ) ;
#470 = ORIENTED_EDGE ( 'NONE', *, *, #4567, .F. ) ;
#471 = EDGE_LOOP ( 'NONE', ( #3639, #4909, #2222, #3408 ) ) ;
#472 = DIRECTION ( 'NONE',  ( 0.000000000000000000, 1.000000000000000000, 0.000000000000000000 ) ) ;
#473 = DIRECTION ( 'NONE',  ( 0.000000000000000000, -0.000000000000000000, -1.000000000000000000 ) ) ;
#474 = EDGE_CURVE ( 'NONE', #4961, #4682, #4586, .T. ) ;
#475 = EDGE_CURVE ( 'NONE', #2431, #1883, #562, .T. ) ;
#476 = ORIENTED_EDGE ( 'NONE', *, *, #2041, .T. ) ;
#477 = CARTESIAN_POINT ( 'NONE',  ( 3.429000000000005155, 7.239000000000000767, 0.3809999999999947873 ) ) ;
#478 = PLANE ( 'NONE',  #1819 ) ;
#479 = LINE ( 'NONE', #3921, #1166 ) ;
#480 = EDGE_CURVE ( 'NONE', #1883, #5121, #4136, .T. ) ;
#481 = ADVANCED_FACE ( 'NONE', ( #1232 ), #1270, .F. ) ;
#482 = VERTEX_POINT ( 'NONE', #7012 ) ;
#483 = ORIENTED_EDGE ( 'NONE', *, *, #2920, .F. ) ;
#484 = DIRECTION ( 'NONE',  ( -0.000000000000000000, 1.000000000000000000, 1.440069553722777130E-16 ) ) ;
#485 = CARTESIAN_POINT ( 'NONE',  ( -11.04899999999999594, 7.239000000000000767, 0.3809999999999947873 ) ) ;
#486 = LINE ( 'NONE', #5112, #6339 ) ;
#487 = CARTESIAN_POINT ( 'NONE',  ( 15.24000000000000554, 8.509000000000000341, 1.270000000000001128 ) ) ;
#488 = DIRECTION ( 'NONE',  ( 0.000000000000000000, 5.054934237236841843E-31, 1.000000000000000000 ) ) ;
#489 = ORIENTED_EDGE ( 'NONE', *, *, #4200, .T. ) ;
#490 = LINE ( 'NONE', #4884, #7275 ) ;
#491 = ORIENTED_EDGE ( 'NONE', *, *, #3230, .F. ) ;
#492 = VECTOR ( 'NONE', #4872, 1000.000000000000000 ) ;
#493 = ORIENTED_EDGE ( 'NONE', *, *, #932, .F. ) ;
#494 = VECTOR ( 'NONE', #5223, 1000.000000000000000 ) ;
#495 = VERTEX_POINT ( 'NONE', #3464 ) ;
#496 = CARTESIAN_POINT ( 'NONE',  ( 13.14450000000000429, 8.509000000000000341, -1.270000000000001128 ) ) ;
#497 = VECTOR ( 'NONE', #1253, 1000.000000000000000 ) ;
#498 = VECTOR ( 'NONE', #4417, 1000.000000000000227 ) ;
#499 = CARTESIAN_POINT ( 'NONE',  ( 9.715500000000009351, 8.509000000000000341, 0.8254999999999981242 ) ) ;
#500 = CARTESIAN_POINT ( 'NONE',  ( 0.3810000000000000053, 0.5079999999999997851, 0.2032000000000010465 ) ) ;
#501 = LINE ( 'NONE', #6735, #4253 ) ;
#502 = ORIENTED_EDGE ( 'NONE', *, *, #293, .T. ) ;
#503 = VERTEX_POINT ( 'NONE', #1160 ) ;
#504 = EDGE_LOOP ( 'NONE', ( #3157, #4673, #2158, #7394 ) ) ;
#505 = VECTOR ( 'NONE', #5724, 1000.000000000000000 ) ;
#506 = VECTOR ( 'NONE', #5188, 1000.000000000000000 ) ;
#507 = ORIENTED_EDGE ( 'NONE', *, *, #5548, .F. ) ;
#508 = LINE ( 'NONE', #4504, #3135 ) ;
#509 = CARTESIAN_POINT ( 'NONE',  ( 1.734723475976807094E-15, 2.177422008883992879E-16, -0.8890000000000013447 ) ) ;
#510 = AXIS2_PLACEMENT_3D ( 'NONE', #3178, #240, #2046 ) ;
#511 = PRESENTATION_LAYER_ASSIGNMENT (  '', '', ( #4577 ) ) ;
#512 = VECTOR ( 'NONE', #1871, 1000.000000000000000 ) ;
#513 = DIRECTION ( 'NONE',  ( 1.000000000000000000, 0.000000000000000000, 0.000000000000000000 ) ) ;
#514 = EDGE_CURVE ( 'NONE', #269, #2559, #5830, .T. ) ;
#515 = DIRECTION ( 'NONE',  ( -1.000000000000000000, -0.000000000000000000, -0.000000000000000000 ) ) ;
#516 = ADVANCED_FACE ( 'NONE', ( #6300 ), #3497, .F. ) ;
#517 = DIRECTION ( 'NONE',  ( -0.000000000000000000, 1.000000000000000000, 1.733406087350420004E-16 ) ) ;
#518 = DIRECTION ( 'NONE',  ( 0.000000000000000000, -0.9659258262890699775, -0.2588190451025145222 ) ) ;
#519 = CARTESIAN_POINT ( 'NONE',  ( -6.730999999999995431, 8.064499999999998892, -0.3810000000000038356 ) ) ;
#520 =( GEOMETRIC_REPRESENTATION_CONTEXT ( 3 ) GLOBAL_UNCERTAINTY_ASSIGNED_CONTEXT ( ( #6461 ) ) GLOBAL_UNIT_ASSIGNED_CONTEXT ( ( #2525, #1475, #1970 ) ) REPRESENTATION_CONTEXT ( 'NONE', 'WORKASPACE' ) );
#521 = VERTEX_POINT ( 'NONE', #1687 ) ;
#522 = EDGE_CURVE ( 'NONE', #3206, #6877, #4550, .T. ) ;
#523 = CARTESIAN_POINT ( 'NONE',  ( 3.469446951953614189E-15, -1.925929944387235853E-31, 0.8889999999999991243 ) ) ;
#524 = PLANE ( 'NONE',  #1092 ) ;
#525 = VECTOR ( 'NONE', #5236, 1000.000000000000000 ) ;
#526 = ADVANCED_FACE ( 'NONE', ( #2387 ), #597, .F. ) ;
#527 = EDGE_CURVE ( 'NONE', #2713, #3287, #6867, .T. ) ;
#528 = DIRECTION ( 'NONE',  ( -0.000000000000000000, 1.000000000000000000, 1.733406087350420004E-16 ) ) ;
#529 = PRODUCT_DEFINITION_SHAPE ( 'NONE', 'NONE',  #7454 ) ;
#530 = DIRECTION ( 'NONE',  ( 0.000000000000000000, 1.000000000000000000, -5.054934237236841843E-31 ) ) ;
#531 = EDGE_CURVE ( 'NONE', #1396, #7187, #3999, .T. ) ;
#532 = LINE ( 'NONE', #1614, #6776 ) ;
#533 = EDGE_LOOP ( 'NONE', ( #5656, #1622, #3814, #4299, #5838, #1236, #1470, #231 ) ) ;
#534 = FACE_OUTER_BOUND ( 'NONE', #3490, .T. ) ;
#535 = ORIENTED_EDGE ( 'NONE', *, *, #7339, .T. ) ;
#536 = ORIENTED_EDGE ( 'NONE', *, *, #6466, .F. ) ;
#537 = ORIENTED_EDGE ( 'NONE', *, *, #2323, .F. ) ;
#538 = EDGE_CURVE ( 'NONE', #6391, #6725, #2854, .T. ) ;
#539 = FACE_OUTER_BOUND ( 'NONE', #5080, .T. ) ;
#540 = EDGE_CURVE ( 'NONE', #2826, #5273, #39, .T. ) ;
#541 = FACE_OUTER_BOUND ( 'NONE', #6007, .T. ) ;
#542 = EDGE_CURVE ( 'NONE', #2431, #3022, #4624, .T. ) ;
#543 = DIRECTION ( 'NONE',  ( 0.000000000000000000, -1.440069553722777130E-16, 1.000000000000000000 ) ) ;
#544 = DIRECTION ( 'NONE',  ( 0.000000000000000000, -0.9659258262890699775, -0.2588190451025145222 ) ) ;
#545 = CARTESIAN_POINT ( 'NONE',  ( 8.509000000000005670, 8.064499999999998892, 0.3809999999999947873 ) ) ;
#546 = PLANE ( 'NONE',  #1238 ) ;
#547 = VERTEX_POINT ( 'NONE', #4064 ) ;
#548 = ORIENTED_EDGE ( 'NONE', *, *, #2880, .F. ) ;
#549 = ORIENTED_EDGE ( 'NONE', *, *, #1846, .T. ) ;
#550 = ORIENTED_EDGE ( 'NONE', *, *, #372, .F. ) ;
#551 = DIRECTION ( 'NONE',  ( 0.000000000000000000, 0.000000000000000000, -1.000000000000000000 ) ) ;
#552 = FACE_OUTER_BOUND ( 'NONE', #119, .T. ) ;
#553 = VECTOR ( 'NONE', #5031, 1000.000000000000000 ) ;
#554 = PLANE ( 'NONE',  #5682 ) ;
#555 = CARTESIAN_POINT ( 'NONE',  ( -14.35099999999999554, 8.064499999999998892, 0.3809999999999947873 ) ) ;
#556 = DIRECTION ( 'NONE',  ( 0.000000000000000000, 2.449293598294710852E-16, -1.000000000000000000 ) ) ;
#557 = VECTOR ( 'NONE', #6025, 1000.000000000000000 ) ;
#558 = DIRECTION ( 'NONE',  ( -1.000000000000000000, 0.000000000000000000, -0.000000000000000000 ) ) ;
#559 = DIRECTION ( 'NONE',  ( 1.000000000000000000, 0.000000000000000000, 0.000000000000000000 ) ) ;
#560 = ORIENTED_EDGE ( 'NONE', *, *, #5778, .T. ) ;
#561 = DIRECTION ( 'NONE',  ( 0.000000000000000000, 1.000000000000000000, -5.054934237236841843E-31 ) ) ;
#562 = LINE ( 'NONE', #1728, #1512 ) ;
#563 = DIRECTION ( 'NONE',  ( 0.000000000000000000, -1.000000000000000000, -1.733406087350420004E-16 ) ) ;
#564 = DIRECTION ( 'NONE',  ( -1.000000000000000000, -0.000000000000000000, -0.000000000000000000 ) ) ;
#565 = VECTOR ( 'NONE', #2396, 1000.000000000000114 ) ;
#566 = DIRECTION ( 'NONE',  ( 0.000000000000000000, -0.9659258262890699775, -0.2588190451025145222 ) ) ;
#567 = ORIENTED_EDGE ( 'NONE', *, *, #6658, .T. ) ;
#568 = EDGE_CURVE ( 'NONE', #4866, #2431, #1193, .T. ) ;
#569 = ADVANCED_FACE ( 'NONE', ( #4206 ), #1378, .F. ) ;
#570 = ORIENTED_EDGE ( 'NONE', *, *, #7298, .T. ) ;
#571 = AXIS2_PLACEMENT_3D ( 'NONE', #4373, #3812, #3199 ) ;
#572 = VECTOR ( 'NONE', #1407, 1000.000000000000000 ) ;
#573 = LINE ( 'NONE', #7, #1587 ) ;
#574 = DIRECTION ( 'NONE',  ( -1.000000000000000000, -0.000000000000000000, -0.000000000000000000 ) ) ;
#575 = LINE ( 'NONE', #6309, #3820 ) ;
#576 = DIRECTION ( 'NONE',  ( -0.7071067811865462405, -0.7071067811865489050, 0.000000000000000000 ) ) ;
#577 = EDGE_LOOP ( 'NONE', ( #5345, #2526, #5736, #296, #1997, #2802, #1459, #4384 ) ) ;
#578 = DIRECTION ( 'NONE',  ( -1.000000000000000000, -0.000000000000000000, -0.000000000000000000 ) ) ;
#579 = ORIENTED_EDGE ( 'NONE', *, *, #3534, .F. ) ;
#580 = PRESENTATION_LAYER_ASSIGNMENT (  '', '', ( #5631 ) ) ;
#581 = ORIENTED_EDGE ( 'NONE', *, *, #5637, .T. ) ;
#582 = ADVANCED_FACE ( 'NONE', ( #3650 ), #889, .F. ) ;
#583 = EDGE_CURVE ( 'NONE', #3305, #2329, #5369, .T. ) ;
#584 = EDGE_LOOP ( 'NONE', ( #2270, #6014, #6201, #7138 ) ) ;
#585 = ORIENTED_EDGE ( 'NONE', *, *, #6432, .F. ) ;
#586 = FACE_OUTER_BOUND ( 'NONE', #7398, .T. ) ;
#587 = CARTESIAN_POINT ( 'NONE',  ( 11.04900000000000659, 7.239000000000000767, -0.3810000000000040021 ) ) ;
#588 = LINE ( 'NONE', #6999, #158 ) ;
#589 = ORIENTED_EDGE ( 'NONE', *, *, #3237, .F. ) ;
#590 = APPLICATION_CONTEXT ( 'automotive_design' ) ;
#591 = CARTESIAN_POINT ( 'NONE',  ( 2.540000000000002256, 2.177422008883992879E-16, -0.8890000000000013447 ) ) ;
#592 = FACE_OUTER_BOUND ( 'NONE', #5532, .T. ) ;
#593 = CARTESIAN_POINT ( 'NONE',  ( 11.04900000000000659, 8.064499999999998892, 0.3809999999999947873 ) ) ;
#594 = LINE ( 'NONE', #5714, #3026 ) ;
#595 = ORIENTED_EDGE ( 'NONE', *, *, #321, .F. ) ;
#596 = CARTESIAN_POINT ( 'NONE',  ( 5.080000000000002736, 8.509000000000000341, 1.270000000000001128 ) ) ;
#597 = PLANE ( 'NONE',  #6346 ) ;
#598 = LINE ( 'NONE', #6301, #1457 ) ;
#599 =( NAMED_UNIT ( * ) SI_UNIT ( $, .STERADIAN. ) SOLID_ANGLE_UNIT ( ) );
#600 = ORIENTED_EDGE ( 'NONE', *, *, #441, .T. ) ;
#601 = EDGE_LOOP ( 'NONE', ( #7097, #314, #7171, #939 ) ) ;
#602 = DIRECTION ( 'NONE',  ( 0.000000000000000000, -5.054934237236841843E-31, -1.000000000000000000 ) ) ;
#603 = DIRECTION ( 'NONE',  ( 1.000000000000000000, 0.000000000000000000, -0.000000000000000000 ) ) ;
#604 = PLANE ( 'NONE',  #976 ) ;
#605 = EDGE_CURVE ( 'NONE', #4359, #6380, #2466, .T. ) ;
#606 = DIRECTION ( 'NONE',  ( 1.000000000000000000, 0.000000000000000000, 0.000000000000000000 ) ) ;
#607 = ADVANCED_FACE ( 'NONE', ( #179 ), #5446, .F. ) ;
#608 = DIRECTION ( 'NONE',  ( 0.000000000000000000, 0.9659258262890700886, -0.2588190451025140781 ) ) ;
#609 = VERTEX_POINT ( 'NONE', #738 ) ;
#610 = LINE ( 'NONE', #4562, #525 ) ;
#611 = ORIENTED_EDGE ( 'NONE', *, *, #1249, .T. ) ;
#612 = VERTEX_POINT ( 'NONE', #3721 ) ;
#613 = VERTEX_POINT ( 'NONE', #290 ) ;
#614 = VECTOR ( 'NONE', #2683, 1000.000000000000000 ) ;
#615 = VECTOR ( 'NONE', #2542, 1000.000000000000000 ) ;
#616 = DIRECTION ( 'NONE',  ( 1.000000000000000000, 0.000000000000000000, 0.000000000000000000 ) ) ;
#617 = EDGE_CURVE ( 'NONE', #2799, #6447, #6515, .T. ) ;
#618 = CARTESIAN_POINT ( 'NONE',  ( -15.23999999999999844, 3.110602869834277161E-16, -1.270000000000001128 ) ) ;
#619 = EDGE_CURVE ( 'NONE', #4124, #4580, #851, .T. ) ;
#620 =( NAMED_UNIT ( * ) SI_UNIT ( $, .STERADIAN. ) SOLID_ANGLE_UNIT ( ) );
#621 = AXIS2_PLACEMENT_3D ( 'NONE', #5234, #2367, #4179 ) ;
#622 = AXIS2_PLACEMENT_3D ( 'NONE', #2054, #4363, #3232 ) ;
#623 = VERTEX_POINT ( 'NONE', #6627 ) ;
#624 = ORIENTED_EDGE ( 'NONE', *, *, #1478, .F. ) ;
#625 = FACE_OUTER_BOUND ( 'NONE', #6217, .T. ) ;
#626 = LINE ( 'NONE', #555, #2536 ) ;
#627 = VECTOR ( 'NONE', #689, 1000.000000000000000 ) ;
#628 = VECTOR ( 'NONE', #6760, 1000.000000000000000 ) ;
#629 = LINE ( 'NONE', #67, #6590 ) ;
#630 = LINE ( 'NONE', #6290, #144 ) ;
#631 = EDGE_CURVE ( 'NONE', #877, #6329, #3034, .T. ) ;
#632 = DIRECTION ( 'NONE',  ( 0.000000000000000000, 0.000000000000000000, 1.000000000000000000 ) ) ;
#633 = EDGE_LOOP ( 'NONE', ( #3409, #7134, #4137, #4264, #220, #5052, #724, #778 ) ) ;
#634 = VECTOR ( 'NONE', #2725, 1000.000000000000000 ) ;
#635 = LINE ( 'NONE', #4656, #7233 ) ;
#636 = CARTESIAN_POINT ( 'NONE',  ( -2.539999999999996927, -1.925929944387235853E-31, 0.8889999999999991243 ) ) ;
#637 = VECTOR ( 'NONE', #3684, 1000.000000000000000 ) ;
#638 = LINE ( 'NONE', #6870, #5706 ) ;
#639 = EDGE_LOOP ( 'NONE', ( #1959, #5344, #3369, #5416 ) ) ;
#640 = ORIENTED_EDGE ( 'NONE', *, *, #5300, .F. ) ;
#641 = VECTOR ( 'NONE', #5172, 1000.000000000000000 ) ;
#642 = LINE ( 'NONE', #149, #4116 ) ;
#643 = CARTESIAN_POINT ( 'NONE',  ( 10.16000000000000369, 0.000000000000000000, 0.000000000000000000 ) ) ;
#644 = CARTESIAN_POINT ( 'NONE',  ( 0.1961031209927693864, -3.200400000000000134, -0.2032000000000001583 ) ) ;
#645 = LINE ( 'NONE', #6490, #3396 ) ;
#646 = ORIENTED_EDGE ( 'NONE', *, *, #6166, .T. ) ;
#647 = FACE_OUTER_BOUND ( 'NONE', #5535, .T. ) ;
#648 = VECTOR ( 'NONE', #3245, 1000.000000000000000 ) ;
#649 = ORIENTED_EDGE ( 'NONE', *, *, #2452, .F. ) ;
#650 = ORIENTED_EDGE ( 'NONE', *, *, #1713, .F. ) ;
#651 = ORIENTED_EDGE ( 'NONE', *, *, #6984, .T. ) ;
#652 = EDGE_CURVE ( 'NONE', #2642, #6500, #2427, .T. ) ;
#653 = VECTOR ( 'NONE', #4098, 1000.000000000000000 ) ;
#654 = CARTESIAN_POINT ( 'NONE',  ( 12.70000000000000462, 2.177422008883992879E-16, -0.8890000000000013447 ) ) ;
#655 = CARTESIAN_POINT ( 'NONE',  ( -2.539999999999996927, 8.509000000000000341, -1.270000000000001128 ) ) ;
#656 = EDGE_CURVE ( 'NONE', #3910, #6848, #4724, .T. ) ;
#657 = EDGE_CURVE ( 'NONE', #877, #5420, #6018, .T. ) ;
#658 = ORIENTED_EDGE ( 'NONE', *, *, #5396, .F. ) ;
#659 = DIRECTION ( 'NONE',  ( 0.000000000000000000, -1.000000000000000000, 0.000000000000000000 ) ) ;
#660 = PLANE ( 'NONE',  #965 ) ;
#661 = DIRECTION ( 'NONE',  ( 0.5773502691896268413, 0.5773502691896246208, -0.5773502691896256200 ) ) ;
#662 = DIRECTION ( 'NONE',  ( 0.000000000000000000, 0.000000000000000000, 1.000000000000000000 ) ) ;
#663 = CARTESIAN_POINT ( 'NONE',  ( -7.619999999999997442, 0.000000000000000000, 1.269999999999998908 ) ) ;
#664 = CARTESIAN_POINT ( 'NONE',  ( 0.000000000000000000, 0.000000000000000000, 0.000000000000000000 ) ) ;
#665 = ORIENTED_EDGE ( 'NONE', *, *, #4831, .F. ) ;
#666 = ADVANCED_FACE ( 'NONE', ( #4761 ), #2508, .F. ) ;
#667 = CARTESIAN_POINT ( 'NONE',  ( -2.539999999999996927, 0.5080000000000000071, 0.7528818102449925664 ) ) ;
#668 = FACE_OUTER_BOUND ( 'NONE', #7159, .T. ) ;
#669 = DIRECTION ( 'NONE',  ( -0.000000000000000000, 0.000000000000000000, 1.000000000000000000 ) ) ;
#670 = DIRECTION ( 'NONE',  ( 1.000000000000000000, -0.000000000000000000, -0.000000000000000000 ) ) ;
#671 = VERTEX_POINT ( 'NONE', #1873 ) ;
#672 = EDGE_LOOP ( 'NONE', ( #205, #2443, #4173, #2017 ) ) ;
#673 = CARTESIAN_POINT ( 'NONE',  ( 1.397000000000002462, 7.810499999999998444, 0.1269999999999948948 ) ) ;
#674 = CARTESIAN_POINT ( 'NONE',  ( 5.969000000000005635, 8.064499999999998892, 0.3809999999999947873 ) ) ;
#675 = FACE_OUTER_BOUND ( 'NONE', #3923, .T. ) ;
#676 = VERTEX_POINT ( 'NONE', #2021 ) ;
#677 = CARTESIAN_POINT ( 'NONE',  ( -6.730999999999995431, 7.239000000000000767, 0.3809999999999947873 ) ) ;
#678 = VERTEX_POINT ( 'NONE', #4168 ) ;
#679 = VERTEX_POINT ( 'NONE', #3686 ) ;
#680 = VECTOR ( 'NONE', #1560, 1000.000000000000000 ) ;
#681 = VECTOR ( 'NONE', #2318, 1000.000000000000000 ) ;
#682 = VERTEX_POINT ( 'NONE', #775 ) ;
#683 = CARTESIAN_POINT ( 'NONE',  ( 10.16000000000000369, 8.509000000000000341, -1.270000000000001128 ) ) ;
#684 = FACE_OUTER_BOUND ( 'NONE', #2044, .T. ) ;
#685 = DIRECTION ( 'NONE',  ( -0.000000000000000000, 0.000000000000000000, 1.000000000000000000 ) ) ;
#686 =( GEOMETRIC_REPRESENTATION_CONTEXT ( 3 ) GLOBAL_UNCERTAINTY_ASSIGNED_CONTEXT ( ( #6297 ) ) GLOBAL_UNIT_ASSIGNED_CONTEXT ( ( #6079, #6733, #4893 ) ) REPRESENTATION_CONTEXT ( 'NONE', 'WORKASPACE' ) );
#687 = ORIENTED_EDGE ( 'NONE', *, *, #5297, .T. ) ;
#688 = VECTOR ( 'NONE', #2078, 1000.000000000000000 ) ;
#689 = DIRECTION ( 'NONE',  ( 0.000000000000000000, -5.054934237236841843E-31, -1.000000000000000000 ) ) ;
#690 = CARTESIAN_POINT ( 'NONE',  ( -15.49399999999999977, 0.000000000000000000, 0.000000000000000000 ) ) ;
#691 = CARTESIAN_POINT ( 'NONE',  ( 2.984500000000001041, 8.509000000000000341, 0.8254999999999981242 ) ) ;
#692 = ADVANCED_FACE ( 'NONE', ( #6481 ), #5330, .F. ) ;
#693 = LINE ( 'NONE', #1408, #3579 ) ;
#694 = CARTESIAN_POINT ( 'NONE',  ( 1.270000000000003793, 0.000000000000000000, 0.000000000000000000 ) ) ;
#695 = EDGE_CURVE ( 'NONE', #3859, #6386, #4797, .T. ) ;
#696 = ORIENTED_EDGE ( 'NONE', *, *, #3249, .F. ) ;
#697 = VERTEX_POINT ( 'NONE', #6553 ) ;
#698 = CARTESIAN_POINT ( 'NONE',  ( 12.70000000000000462, 0.5080000000000000071, 0.7528818102449925664 ) ) ;
#699 = LINE ( 'NONE', #141, #3876 ) ;
#700 = CARTESIAN_POINT ( 'NONE',  ( -2.539999999999996927, 2.177422008883992879E-16, -0.8890000000000013447 ) ) ;
#701 = SURFACE_STYLE_FILL_AREA ( #3578 ) ;
#702 = EDGE_CURVE ( 'NONE', #4478, #6372, #813, .T. ) ;
#703 = EDGE_CURVE ( 'NONE', #5695, #3573, #5601, .T. ) ;
#704 = VERTEX_POINT ( 'NONE', #4364 ) ;
#705 = ORIENTED_EDGE ( 'NONE', *, *, #1641, .F. ) ;
#706 = LINE ( 'NONE', #3691, #1112 ) ;
#707 = DIRECTION ( 'NONE',  ( 0.000000000000000000, 0.000000000000000000, -1.000000000000000000 ) ) ;
#708 = DIRECTION ( 'NONE',  ( 0.000000000000000000, -0.9659258262890699775, -0.2588190451025145222 ) ) ;
#709 = DIRECTION ( 'NONE',  ( 0.000000000000000000, -0.9659258262890700886, 0.2588190451025140781 ) ) ;
#710 = ORIENTED_EDGE ( 'NONE', *, *, #1897, .T. ) ;
#711 = PLANE ( 'NONE',  #52 ) ;
#712 = ADVANCED_FACE ( 'NONE', ( #1606 ), #3882, .F. ) ;
#713 = ORIENTED_EDGE ( 'NONE', *, *, #1071, .F. ) ;
#714 = ORIENTED_EDGE ( 'NONE', *, *, #6425, .F. ) ;
#715 = ORIENTED_EDGE ( 'NONE', *, *, #1941, .F. ) ;
#716 = CARTESIAN_POINT ( 'NONE',  ( -10.15999999999999659, 8.509000000000000341, -1.270000000000001128 ) ) ;
#717 = UNCERTAINTY_MEASURE_WITH_UNIT (LENGTH_MEASURE( 1.000000000000000082E-05 ), #7043, 'distance_accuracy_value', 'NONE');
#718 = LINE ( 'NONE', #1321, #975 ) ;
#719 = CARTESIAN_POINT ( 'NONE',  ( -11.81099999999999461, 8.064499999999998892, 0.3809999999999947873 ) ) ;
#720 = LINE ( 'NONE', #274, #1119 ) ;
#721 = EDGE_LOOP ( 'NONE', ( #731, #3894, #53, #6832 ) ) ;
#722 = MECHANICAL_DESIGN_GEOMETRIC_PRESENTATION_REPRESENTATION (  '', ( #3762 ), #4008 ) ;
#723 = AXIS2_PLACEMENT_3D ( 'NONE', #5866, #3033, #5943 ) ;
#724 = ORIENTED_EDGE ( 'NONE', *, *, #5396, .T. ) ;
#725 = DIRECTION ( 'NONE',  ( 0.000000000000000000, 1.733406087350420004E-16, -1.000000000000000000 ) ) ;
#726 = DIRECTION ( 'NONE',  ( 0.000000000000000000, 1.000000000000000000, 0.000000000000000000 ) ) ;
#727 = LINE ( 'NONE', #242, #2736 ) ;
#728 = VECTOR ( 'NONE', #6078, 1000.000000000000000 ) ;
#729 = CARTESIAN_POINT ( 'NONE',  ( 5.080000000000002736, 3.110602869834277161E-16, -1.270000000000001128 ) ) ;
#730 = VECTOR ( 'NONE', #2758, 1000.000000000000114 ) ;
#731 = ORIENTED_EDGE ( 'NONE', *, *, #2732, .T. ) ;
#732 = PRODUCT_DEFINITION ( 'UNKNOWN', '', #5595, #6996 ) ;
#733 = AXIS2_PLACEMENT_3D ( 'NONE', #4597, #6310, #5047 ) ;
#734 = VECTOR ( 'NONE', #1874, 1000.000000000000000 ) ;
#735 = EDGE_CURVE ( 'NONE', #6076, #3564, #479, .T. ) ;
#736 = DIRECTION ( 'NONE',  ( 0.000000000000000000, 2.548365665731588345E-16, -1.000000000000000000 ) ) ;
#737 = DIRECTION ( 'NONE',  ( 0.000000000000000000, 1.000000000000000000, 1.733406087350420004E-16 ) ) ;
#738 = CARTESIAN_POINT ( 'NONE',  ( -9.270999999999993690, 7.239000000000000767, -0.3810000000000040021 ) ) ;
#739 = DIRECTION ( 'NONE',  ( 0.000000000000000000, -0.000000000000000000, -1.000000000000000000 ) ) ;
#740 = AXIS2_PLACEMENT_3D ( 'NONE', #7221, #7183, #4317 ) ;
#741 = AXIS2_PLACEMENT_3D ( 'NONE', #7193, #4326, #6628 ) ;
#742 = ORIENTED_EDGE ( 'NONE', *, *, #829, .F. ) ;
#743 = ADVANCED_FACE ( 'NONE', ( #3348 ), #2209, .F. ) ;
#744 = EDGE_LOOP ( 'NONE', ( #2789, #5589, #866, #3050 ) ) ;
#745 = EDGE_CURVE ( 'NONE', #682, #7419, #2772, .T. ) ;
#746 = LINE ( 'NONE', #1915, #5202 ) ;
#747 = CARTESIAN_POINT ( 'NONE',  ( -11.04899999999999594, 7.239000000000000767, 0.3809999999999947873 ) ) ;
#748 = VECTOR ( 'NONE', #2512, 1000.000000000000000 ) ;
#749 = CARTESIAN_POINT ( 'NONE',  ( -12.25549999999999962, 8.509000000000000341, -1.270000000000001128 ) ) ;
#750 = FACE_OUTER_BOUND ( 'NONE', #54, .T. ) ;
#751 = CARTESIAN_POINT ( 'NONE',  ( -7.619999999999997442, 2.177422008883992879E-16, -0.8890000000000013447 ) ) ;
#752 = ORIENTED_EDGE ( 'NONE', *, *, #6856, .T. ) ;
#753 = CARTESIAN_POINT ( 'NONE',  ( -12.25549999999999962, 8.509000000000000341, -0.8255000000000067839 ) ) ;
#754 = VERTEX_POINT ( 'NONE', #7343 ) ;
#755 = ORIENTED_EDGE ( 'NONE', *, *, #1679, .T. ) ;
#756 = ORIENTED_EDGE ( 'NONE', *, *, #5581, .T. ) ;
#757 = EDGE_CURVE ( 'NONE', #5050, #4017, #6133, .T. ) ;
#758 = EDGE_CURVE ( 'NONE', #4563, #2804, #4472, .T. ) ;
#759 = CARTESIAN_POINT ( 'NONE',  ( 3.937000000000002942, 7.810499999999998444, 0.1269999999999948948 ) ) ;
#760 = DIRECTION ( 'NONE',  ( 0.000000000000000000, 2.548365665731588345E-16, -1.000000000000000000 ) ) ;
#761 = VECTOR ( 'NONE', #4045, 1000.000000000000000 ) ;
#762 = CARTESIAN_POINT ( 'NONE',  ( 1.734723475976807094E-15, 0.5080000000000000071, 0.7528818102449925664 ) ) ;
#763 = DIRECTION ( 'NONE',  ( 0.000000000000000000, -1.000000000000000000, 0.000000000000000000 ) ) ;
#764 = ORIENTED_EDGE ( 'NONE', *, *, #3854, .T. ) ;
#765 = AXIS2_PLACEMENT_3D ( 'NONE', #5116, #2786, #3467 ) ;
#766 = ORIENTED_EDGE ( 'NONE', *, *, #1301, .T. ) ;
#767 = DIRECTION ( 'NONE',  ( -1.000000000000000000, 0.000000000000000000, 0.000000000000000000 ) ) ;
#768 = DIRECTION ( 'NONE',  ( 0.000000000000000000, 1.440069553722777130E-16, -1.000000000000000000 ) ) ;
#769 = CARTESIAN_POINT ( 'NONE',  ( 2.540000000000002256, 8.509000000000000341, 1.270000000000001128 ) ) ;
#770 = CARTESIAN_POINT ( 'NONE',  ( -10.15999999999999659, 0.5080000000000002292, -0.7528818102449945648 ) ) ;
#771 = APPLICATION_PROTOCOL_DEFINITION ( 'draft international standard', 'automotive_design', 1998, #5875 ) ;
#772 = ORIENTED_EDGE ( 'NONE', *, *, #2645, .F. ) ;
#773 = DIRECTION ( 'NONE',  ( 0.000000000000000000, 1.000000000000000000, 2.548365665731588345E-16 ) ) ;
#774 = CARTESIAN_POINT ( 'NONE',  ( -5.524499999999992639, 8.509000000000000341, -1.270000000000001128 ) ) ;
#775 = CARTESIAN_POINT ( 'NONE',  ( -9.715499999999998693, 8.509000000000000341, 0.8254999999999981242 ) ) ;
#776 = DIRECTION ( 'NONE',  ( 0.000000000000000000, -1.000000000000000000, 0.000000000000000000 ) ) ;
#777 = EDGE_LOOP ( 'NONE', ( #1428, #6645, #6686, #2825 ) ) ;
#778 = ORIENTED_EDGE ( 'NONE', *, *, #631, .T. ) ;
#779 = DIRECTION ( 'NONE',  ( 1.000000000000000000, 0.000000000000000000, -0.000000000000000000 ) ) ;
#780 = DIRECTION ( 'NONE',  ( 1.000000000000000000, 0.000000000000000000, 0.000000000000000000 ) ) ;
#781 = CARTESIAN_POINT ( 'NONE',  ( 13.58900000000000752, 8.064499999999998892, -0.3810000000000038356 ) ) ;
#782 = CARTESIAN_POINT ( 'NONE',  ( 15.24000000000000554, 0.5080000000000000071, 0.7528818102449925664 ) ) ;
#783 = DIRECTION ( 'NONE',  ( -0.000000000000000000, 0.2588190451025140781, 0.9659258262890700886 ) ) ;
#784 = EDGE_CURVE ( 'NONE', #894, #4532, #5067, .T. ) ;
#785 = ORIENTED_EDGE ( 'NONE', *, *, #5129, .F. ) ;
#786 = DIRECTION ( 'NONE',  ( -1.000000000000000000, -0.000000000000000000, -0.000000000000000000 ) ) ;
#787 = EDGE_CURVE ( 'NONE', #5430, #4812, #4510, .T. ) ;
#788 = ORIENTED_EDGE ( 'NONE', *, *, #6622, .T. ) ;
#789 = VERTEX_POINT ( 'NONE', #925 ) ;
#790 = ORIENTED_EDGE ( 'NONE', *, *, #7123, .T. ) ;
#791 = PLANE ( 'NONE',  #4652 ) ;
#792 = LINE ( 'NONE', #5391, #2407 ) ;
#793 = DIRECTION ( 'NONE',  ( 0.000000000000000000, -1.000000000000000000, -2.548365665731588345E-16 ) ) ;
#794 = LINE ( 'NONE', #2603, #4957 ) ;
#795 = ADVANCED_FACE ( 'NONE', ( #3233 ), #6822, .F. ) ;
#796 = VECTOR ( 'NONE', #6637, 1000.000000000000000 ) ;
#797 = EDGE_LOOP ( 'NONE', ( #1030, #1972, #493, #2368 ) ) ;
#798 = EDGE_CURVE ( 'NONE', #7296, #4138, #1647, .T. ) ;
#799 = ORIENTED_EDGE ( 'NONE', *, *, #531, .T. ) ;
#800 = FACE_OUTER_BOUND ( 'NONE', #6850, .T. ) ;
#801 = AXIS2_PLACEMENT_3D ( 'NONE', #3705, #5579, #1473 ) ;
#802 = VECTOR ( 'NONE', #556, 1000.000000000000000 ) ;
#803 = LINE ( 'NONE', #4196, #1220 ) ;
#804 = DIRECTION ( 'NONE',  ( -1.000000000000000000, -0.000000000000000000, -0.000000000000000000 ) ) ;
#805 = ITEM_DEFINED_TRANSFORMATION ( 'NONE', 'NONE', #4621,  #765 ) ;
#806 = PLANE ( 'NONE',  #3215 ) ;
#807 = APPLICATION_PROTOCOL_DEFINITION ( 'draft international standard', 'automotive_design', 1998, #590 ) ;
#808 = VECTOR ( 'NONE', #1397, 1000.000000000000000 ) ;
#809 = AXIS2_PLACEMENT_3D ( 'NONE', #7101, #3673, #3018 ) ;
#810 = ORIENTED_EDGE ( 'NONE', *, *, #3346, .T. ) ;
#811 = PLANE ( 'NONE',  #3901 ) ;
#812 = DIRECTION ( 'NONE',  ( 0.000000000000000000, 0.000000000000000000, 1.000000000000000000 ) ) ;
#813 = LINE ( 'NONE', #3113, #1406 ) ;
#814 = PLANE ( 'NONE',  #1705 ) ;
#815 = EDGE_LOOP ( 'NONE', ( #2953, #3830, #6318, #5850 ) ) ;
#816 = ORIENTED_EDGE ( 'NONE', *, *, #4288, .T. ) ;
#817 = CARTESIAN_POINT ( 'NONE',  ( -1.650999999999994472, 8.064499999999998892, -0.3810000000000038356 ) ) ;
#818 = CARTESIAN_POINT ( 'NONE',  ( 0.8890000000000043423, 7.239000000000000767, -0.3810000000000040021 ) ) ;
#819 = LINE ( 'NONE', #4292, #557 ) ;
#820 = CARTESIAN_POINT ( 'NONE',  ( 1.143000000000005123, 7.810499999999999332, -0.1270000000000042206 ) ) ;
#821 = CARTESIAN_POINT ( 'NONE',  ( 7.620000000000003659, 0.5080000000000002292, -0.7528818102449945648 ) ) ;
#822 = VERTEX_POINT ( 'NONE', #3270 ) ;
#823 = FACE_OUTER_BOUND ( 'NONE', #1068, .T. ) ;
#824 = VERTEX_POINT ( 'NONE', #6177 ) ;
#825 = ORIENTED_EDGE ( 'NONE', *, *, #4916, .T. ) ;
#826 = ORIENTED_EDGE ( 'NONE', *, *, #3534, .T. ) ;
#827 = EDGE_CURVE ( 'NONE', #2120, #5694, #3959, .T. ) ;
#828 = CARTESIAN_POINT ( 'NONE',  ( -7.175499999999999545, 8.509000000000000341, -1.270000000000001128 ) ) ;
#829 = EDGE_CURVE ( 'NONE', #5690, #5694, #1004, .T. ) ;
#830 = CARTESIAN_POINT ( 'NONE',  ( 2.540000000000002256, 0.000000000000000000, 1.269999999999998908 ) ) ;
#831 = DIRECTION ( 'NONE',  ( -1.000000000000000000, -0.000000000000000000, -0.000000000000000000 ) ) ;
#832 = ORIENTED_EDGE ( 'NONE', *, *, #5287, .F. ) ;
#833 = ORIENTED_EDGE ( 'NONE', *, *, #605, .T. ) ;
#834 = ORIENTED_EDGE ( 'NONE', *, *, #893, .F. ) ;
#835 = EDGE_CURVE ( 'NONE', #182, #3436, #1077, .T. ) ;
#836 = CARTESIAN_POINT ( 'NONE',  ( 3.469446951953614189E-15, -1.925929944387235853E-31, 0.8889999999999991243 ) ) ;
#837 = EDGE_CURVE ( 'NONE', #2377, #2391, #6787, .T. ) ;
#838 = EDGE_CURVE ( 'NONE', #5694, #1266, #4991, .T. ) ;
#839 = FACE_OUTER_BOUND ( 'NONE', #3337, .T. ) ;
#840 = CARTESIAN_POINT ( 'NONE',  ( 12.70000000000000462, 0.000000000000000000, 1.269999999999998908 ) ) ;
#841 = DIRECTION ( 'NONE',  ( 0.000000000000000000, -0.9659258262890700886, 0.2588190451025140781 ) ) ;
#842 = DIRECTION ( 'NONE',  ( 1.000000000000000000, 0.000000000000000000, 0.000000000000000000 ) ) ;
#843 = AXIS2_PLACEMENT_3D ( 'NONE', #6828, #38, #2890 ) ;
#844 = VERTEX_POINT ( 'NONE', #2057 ) ;
#845 = DIRECTION ( 'NONE',  ( 0.000000000000000000, 2.449293598294710852E-16, -1.000000000000000000 ) ) ;
#846 = EDGE_CURVE ( 'NONE', #5663, #2633, #7311, .T. ) ;
#847 = DIRECTION ( 'NONE',  ( -0.000000000000000000, 1.000000000000000000, 1.440069553722777130E-16 ) ) ;
#848 = DIRECTION ( 'NONE',  ( 0.000000000000000000, 0.9659258262890700886, -0.2588190451025140781 ) ) ;
#849 = VECTOR ( 'NONE', #6651, 1000.000000000000000 ) ;
#850 = VECTOR ( 'NONE', #3492, 1000.000000000000000 ) ;
#851 = LINE ( 'NONE', #251, #6092 ) ;
#852 = CARTESIAN_POINT ( 'NONE',  ( 2.540000000000002256, 0.5080000000000000071, 0.7528818102449925664 ) ) ;
#853 = AXIS2_PLACEMENT_3D ( 'NONE', #2654, #2616, #5443 ) ;
#854 = VECTOR ( 'NONE', #1766, 999.9999999999998863 ) ;
#855 = ORIENTED_EDGE ( 'NONE', *, *, #5827, .T. ) ;
#856 = DIRECTION ( 'NONE',  ( 0.000000000000000000, -1.733406087350420004E-16, 1.000000000000000000 ) ) ;
#857 = PLANE ( 'NONE',  #4345 ) ;
#858 = CARTESIAN_POINT ( 'NONE',  ( 12.70000000000000462, 0.000000000000000000, 1.269999999999998908 ) ) ;
#859 = AXIS2_PLACEMENT_3D ( 'NONE', #4541, #6859, #4467 ) ;
#860 = MECHANICAL_DESIGN_GEOMETRIC_PRESENTATION_REPRESENTATION (  '', ( #5180 ), #5666 ) ;
#861 = CARTESIAN_POINT ( 'NONE',  ( 5.080000000000002736, 0.5080000000000002292, -0.7528818102449945648 ) ) ;
#862 = CARTESIAN_POINT ( 'NONE',  ( 2.540000000000002256, 0.5080000000000002292, -0.7528818102449945648 ) ) ;
#863 = EDGE_LOOP ( 'NONE', ( #6228, #766, #4619, #1634 ) ) ;
#864 = LINE ( 'NONE', #266, #3414 ) ;
#865 = ORIENTED_EDGE ( 'NONE', *, *, #6334, .T. ) ;
#866 = ORIENTED_EDGE ( 'NONE', *, *, #1156, .F. ) ;
#867 = EDGE_LOOP ( 'NONE', ( #1480, #5192, #5332, #2676 ) ) ;
#868 = VECTOR ( 'NONE', #3043, 1000.000000000000000 ) ;
#869 = DIRECTION ( 'NONE',  ( -0.5773502691896267303, -0.5773502691896246208, -0.5773502691896259531 ) ) ;
#870 = CARTESIAN_POINT ( 'NONE',  ( 7.620000000000003659, 0.000000000000000000, 1.269999999999998908 ) ) ;
#871 = DIRECTION ( 'NONE',  ( 0.000000000000000000, -1.000000000000000000, 0.000000000000000000 ) ) ;
#872 = CARTESIAN_POINT ( 'NONE',  ( -6.222999999999997200, 7.810499999999999332, -0.1270000000000042206 ) ) ;
#873 = VECTOR ( 'NONE', #2275, 1000.000000000000000 ) ;
#874 = ORIENTED_EDGE ( 'NONE', *, *, #1393, .F. ) ;
#875 = ORIENTED_EDGE ( 'NONE', *, *, #4346, .F. ) ;
#876 = EDGE_CURVE ( 'NONE', #623, #4192, #2811, .T. ) ;
#877 = VERTEX_POINT ( 'NONE', #4648 ) ;
#878 = ORIENTED_EDGE ( 'NONE', *, *, #6097, .T. ) ;
#879 = AXIS2_PLACEMENT_3D ( 'NONE', #155, #191, #4736 ) ;
#880 = CARTESIAN_POINT ( 'NONE',  ( -15.49399999999999977, 3.110602869834277161E-16, -1.270000000000001128 ) ) ;
#881 = PLANE ( 'NONE',  #1290 ) ;
#882 = CARTESIAN_POINT ( 'NONE',  ( 10.16000000000000369, 0.000000000000000000, 1.269999999999998908 ) ) ;
#883 = EDGE_CURVE ( 'NONE', #2254, #5310, #4026, .T. ) ;
#884 = EDGE_CURVE ( 'NONE', #4242, #1896, #101, .T. ) ;
#885 = ORIENTED_EDGE ( 'NONE', *, *, #2168, .T. ) ;
#886 = DIRECTION ( 'NONE',  ( -0.000000000000000000, 0.000000000000000000, -1.000000000000000000 ) ) ;
#887 = SURFACE_STYLE_USAGE ( .BOTH. , #3764 ) ;
#888 = DIRECTION ( 'NONE',  ( -0.3420201433256659929, 0.9396926207859094271, 1.098928681830094149E-16 ) ) ;
#889 = PLANE ( 'NONE',  #1760 ) ;
#890 = SURFACE_STYLE_FILL_AREA ( #4365 ) ;
#891 = EDGE_CURVE ( 'NONE', #3399, #2978, #1149, .T. ) ;
#892 = FACE_OUTER_BOUND ( 'NONE', #1368, .T. ) ;
#893 = EDGE_CURVE ( 'NONE', #5071, #4810, #1681, .T. ) ;
#894 = VERTEX_POINT ( 'NONE', #6289 ) ;
#895 = CARTESIAN_POINT ( 'NONE',  ( 4.191000000000003389, 7.239000000000000767, -0.3810000000000040021 ) ) ;
#896 = CARTESIAN_POINT ( 'NONE',  ( -10.15999999999999659, 8.509000000000000341, -1.270000000000001128 ) ) ;
#897 = DIRECTION ( 'NONE',  ( 0.000000000000000000, -0.9659258262890700886, 0.2588190451025140781 ) ) ;
#898 = FACE_OUTER_BOUND ( 'NONE', #3770, .T. ) ;
#899 = PLANE ( 'NONE',  #571 ) ;
#900 = DIRECTION ( 'NONE',  ( 0.000000000000000000, -0.000000000000000000, -1.000000000000000000 ) ) ;
#901 = ORIENTED_EDGE ( 'NONE', *, *, #3942, .F. ) ;
#902 = LINE ( 'NONE', #3203, #3913 ) ;
#903 = ORIENTED_EDGE ( 'NONE', *, *, #4794, .F. ) ;
#904 = VERTEX_POINT ( 'NONE', #4543 ) ;
#905 = VERTEX_POINT ( 'NONE', #6971 ) ;
#906 = CARTESIAN_POINT ( 'NONE',  ( 15.24000000000000554, 0.5080000000000002292, -0.7528818102449945648 ) ) ;
#907 = DIRECTION ( 'NONE',  ( -1.000000000000000000, 0.000000000000000000, -0.000000000000000000 ) ) ;
#908 = DIRECTION ( 'NONE',  ( -1.000000000000000000, -0.000000000000000000, -0.000000000000000000 ) ) ;
#909 = CARTESIAN_POINT ( 'NONE',  ( -10.15999999999999837, -1.925929944387235853E-31, 0.8889999999999991243 ) ) ;
#910 = ORIENTED_EDGE ( 'NONE', *, *, #6550, .T. ) ;
#911 = VERTEX_POINT ( 'NONE', #3988 ) ;
#912 = ORIENTED_EDGE ( 'NONE', *, *, #3669, .F. ) ;
#913 = DIRECTION ( 'NONE',  ( 0.000000000000000000, -2.449293598294710852E-16, 1.000000000000000000 ) ) ;
#914 = DIRECTION ( 'NONE',  ( 1.000000000000000000, 0.000000000000000000, -0.000000000000000000 ) ) ;
#915 = VECTOR ( 'NONE', #544, 1000.000000000000000 ) ;
#916 = CARTESIAN_POINT ( 'NONE',  ( -3.428999999999996273, 7.239000000000000767, 0.3809999999999947873 ) ) ;
#917 = ORIENTED_EDGE ( 'NONE', *, *, #7063, .T. ) ;
#918 = VECTOR ( 'NONE', #6744, 1000.000000000000000 ) ;
#919 = VECTOR ( 'NONE', #5981, 1000.000000000000000 ) ;
#920 = PLANE ( 'NONE',  #2411 ) ;
#921 = EDGE_CURVE ( 'NONE', #2903, #3514, #2221, .T. ) ;
#922 = SURFACE_STYLE_USAGE ( .BOTH. , #1604 ) ;
#923 = CARTESIAN_POINT ( 'NONE',  ( 15.23999999999999844, 2.177422008883992879E-16, -0.8890000000000013447 ) ) ;
#924 = EDGE_CURVE ( 'NONE', #3676, #3448, #3493, .T. ) ;
#925 = CARTESIAN_POINT ( 'NONE',  ( 12.70000000000000462, -1.925929944387235853E-31, 0.8889999999999991243 ) ) ;
#926 = FILL_AREA_STYLE_COLOUR ( '', #983 ) ;
#927 = VECTOR ( 'NONE', #6663, 1000.000000000000000 ) ;
#928 = ORIENTED_EDGE ( 'NONE', *, *, #5871, .F. ) ;
#929 = VECTOR ( 'NONE', #3474, 1000.000000000000000 ) ;
#930 = DIRECTION ( 'NONE',  ( 1.000000000000000000, 0.000000000000000000, -0.000000000000000000 ) ) ;
#931 = LINE ( 'NONE', #1539, #5542 ) ;
#932 = EDGE_CURVE ( 'NONE', #7323, #148, #4127, .T. ) ;
#933 = EDGE_CURVE ( 'NONE', #6386, #1471, #5822, .T. ) ;
#934 = PLANE ( 'NONE',  #7177 ) ;
#935 = DIRECTION ( 'NONE',  ( -0.000000000000000000, 0.000000000000000000, -1.000000000000000000 ) ) ;
#936 = ADVANCED_FACE ( 'NONE', ( #4056 ), #6397, .F. ) ;
#937 = LINE ( 'NONE', #5530, #2728 ) ;
#938 = DIRECTION ( 'NONE',  ( 0.000000000000000000, -1.000000000000000000, 0.000000000000000000 ) ) ;
#939 = ORIENTED_EDGE ( 'NONE', *, *, #891, .T. ) ;
#940 = DIRECTION ( 'NONE',  ( 0.000000000000000000, -1.000000000000000000, -2.548365665731588345E-16 ) ) ;
#941 = ORIENTED_EDGE ( 'NONE', *, *, #5451, .T. ) ;
#942 = ORIENTED_EDGE ( 'NONE', *, *, #7033, .T. ) ;
#943 = ORIENTED_EDGE ( 'NONE', *, *, #7022, .T. ) ;
#944 = CARTESIAN_POINT ( 'NONE',  ( 5.080000000000002736, 0.5080000000000000071, 0.7528818102449925664 ) ) ;
#945 = EDGE_CURVE ( 'NONE', #4403, #3299, #1793, .T. ) ;
#946 = PLANE ( 'NONE',  #4581 ) ;
#947 = DIRECTION ( 'NONE',  ( -0.000000000000000000, -0.000000000000000000, 1.000000000000000000 ) ) ;
#948 = ORIENTED_EDGE ( 'NONE', *, *, #6984, .F. ) ;
#949 = ORIENTED_EDGE ( 'NONE', *, *, #6295, .F. ) ;
#950 = ORIENTED_EDGE ( 'NONE', *, *, #6906, .F. ) ;
#951 = VERTEX_POINT ( 'NONE', #2924 ) ;
#952 = PLANE ( 'NONE',  #3760 ) ;
#953 = CARTESIAN_POINT ( 'NONE',  ( -14.35099999999999554, 8.064499999999998892, 0.3809999999999947873 ) ) ;
#954 = CARTESIAN_POINT ( 'NONE',  ( -15.23999999999999844, 8.509000000000000341, -1.270000000000001128 ) ) ;
#955 = DIRECTION ( 'NONE',  ( 0.000000000000000000, 1.733406087350420004E-16, -1.000000000000000000 ) ) ;
#956 = ORIENTED_EDGE ( 'NONE', *, *, #4618, .F. ) ;
#957 = PLANE ( 'NONE',  #2534 ) ;
#958 = CARTESIAN_POINT ( 'NONE',  ( -12.69999999999999751, 2.177422008883992879E-16, -0.8890000000000013447 ) ) ;
#959 = CARTESIAN_POINT ( 'NONE',  ( -4.190999999999995396, 7.239000000000000767, -0.3810000000000040021 ) ) ;
#960 = DIRECTION ( 'NONE',  ( 0.000000000000000000, 5.054934237236841843E-31, 1.000000000000000000 ) ) ;
#961 = FACE_OUTER_BOUND ( 'NONE', #777, .T. ) ;
#962 = CARTESIAN_POINT ( 'NONE',  ( -9.270999999999993690, 7.239000000000000767, -0.3810000000000040021 ) ) ;
#963 = EDGE_CURVE ( 'NONE', #1870, #6740, #5677, .T. ) ;
#964 = ORIENTED_EDGE ( 'NONE', *, *, #6602, .F. ) ;
#965 = AXIS2_PLACEMENT_3D ( 'NONE', #4237, #4825, #2956 ) ;
#966 = VECTOR ( 'NONE', #6488, 1000.000000000000000 ) ;
#967 = PLANE ( 'NONE',  #5688 ) ;
#968 = DIRECTION ( 'NONE',  ( -1.000000000000000000, -0.000000000000000000, -0.000000000000000000 ) ) ;
#969 = CARTESIAN_POINT ( 'NONE',  ( -15.23999999999999844, 0.5080000000000002292, -0.7528818102449945648 ) ) ;
#970 = CARTESIAN_POINT ( 'NONE',  ( 14.79550000000000942, 8.509000000000000341, -0.8255000000000067839 ) ) ;
#971 = CARTESIAN_POINT ( 'NONE',  ( 2.540000000000002256, 0.000000000000000000, 0.000000000000000000 ) ) ;
#972 = LINE ( 'NONE', #2672, #7008 ) ;
#973 = ORIENTED_EDGE ( 'NONE', *, *, #1073, .T. ) ;
#974 = DIRECTION ( 'NONE',  ( 0.000000000000000000, -0.9659258262890699775, -0.2588190451025145222 ) ) ;
#975 = VECTOR ( 'NONE', #198, 1000.000000000000000 ) ;
#976 = AXIS2_PLACEMENT_3D ( 'NONE', #1134, #9, #7434 ) ;
#977 = ORIENTED_EDGE ( 'NONE', *, *, #702, .F. ) ;
#978 = ORIENTED_EDGE ( 'NONE', *, *, #285, .F. ) ;
#979 = EDGE_CURVE ( 'NONE', #676, #3859, #3532, .T. ) ;
#980 = EDGE_LOOP ( 'NONE', ( #5825, #1027, #1079, #286 ) ) ;
#981 = CARTESIAN_POINT ( 'NONE',  ( 11.04900000000000659, 8.064499999999998892, -0.3810000000000038356 ) ) ;
#982 = VECTOR ( 'NONE', #1242, 1000.000000000000114 ) ;
#983 = COLOUR_RGB ( '',0.2509803921568627416, 0.2509803921568627416, 0.2509803921568627416 ) ;
#984 = DIRECTION ( 'NONE',  ( -1.000000000000000000, 0.000000000000000000, 0.000000000000000000 ) ) ;
#985 = LINE ( 'NONE', #2037, #6399 ) ;
#986 = DIRECTION ( 'NONE',  ( -1.000000000000000000, -0.000000000000000000, -0.000000000000000000 ) ) ;
#987 = DIRECTION ( 'NONE',  ( 0.000000000000000000, 0.000000000000000000, -1.000000000000000000 ) ) ;
#988 = CARTESIAN_POINT ( 'NONE',  ( -7.619999999999998330, 3.110602869834277161E-16, -1.270000000000001128 ) ) ;
#989 = VERTEX_POINT ( 'NONE', #2885 ) ;
#990 = VECTOR ( 'NONE', #4591, 1000.000000000000000 ) ;
#991 = ORIENTED_EDGE ( 'NONE', *, *, #5023, .T. ) ;
#992 = EDGE_CURVE ( 'NONE', #4565, #6616, #4090, .T. ) ;
#993 = EDGE_CURVE ( 'NONE', #7182, #182, #1831, .T. ) ;
#994 = EDGE_LOOP ( 'NONE', ( #4316, #2943, #1064, #2595 ) ) ;
#995 = CARTESIAN_POINT ( 'NONE',  ( -15.49399999999999977, 2.177422008883992879E-16, -0.8890000000000013447 ) ) ;
#996 = AXIS2_PLACEMENT_3D ( 'NONE', #7388, #5526, #6066 ) ;
#997 = DIRECTION ( 'NONE',  ( -1.000000000000000000, 0.000000000000000000, 0.000000000000000000 ) ) ;
#998 = DIRECTION ( 'NONE',  ( 0.000000000000000000, 2.449293598294710852E-16, -1.000000000000000000 ) ) ;
#999 = ORIENTED_EDGE ( 'NONE', *, *, #2261, .T. ) ;
#1000 = VECTOR ( 'NONE', #2019, 1000.000000000000000 ) ;
#1001 = PRODUCT_DEFINITION_SHAPE ( 'NONE', 'NONE',  #7451 ) ;
#1002 = CARTESIAN_POINT ( 'NONE',  ( 7.620000000000003659, 0.000000000000000000, 0.000000000000000000 ) ) ;
#1003 = CARTESIAN_POINT ( 'NONE',  ( -2.539999999999996927, 0.5080000000000002292, -0.7528818102449945648 ) ) ;
#1004 = LINE ( 'NONE', #6251, #6231 ) ;
#1005 = VECTOR ( 'NONE', #7256, 1000.000000000000000 ) ;
#1006 = CARTESIAN_POINT ( 'NONE',  ( 9.271000000000004349, 7.239000000000000767, -0.3810000000000040021 ) ) ;
#1007 = ORIENTED_EDGE ( 'NONE', *, *, #21, .T. ) ;
#1008 = CARTESIAN_POINT ( 'NONE',  ( 11.04900000000000659, 8.064499999999998892, 0.3809999999999949538 ) ) ;
#1009 = DIRECTION ( 'NONE',  ( -1.000000000000000000, -0.000000000000000000, -0.000000000000000000 ) ) ;
#1010 = FACE_OUTER_BOUND ( 'NONE', #3629, .T. ) ;
#1011 = CARTESIAN_POINT ( 'NONE',  ( 4.191000000000003389, 7.239000000000000767, -0.3810000000000040021 ) ) ;
#1012 = DIRECTION ( 'NONE',  ( 0.000000000000000000, 1.440069553722777130E-16, -1.000000000000000000 ) ) ;
#1013 = VERTEX_POINT ( 'NONE', #5784 ) ;
#1014 = CARTESIAN_POINT ( 'NONE',  ( 8.064500000000002444, 8.509000000000000341, -1.270000000000001128 ) ) ;
#1015 = EDGE_LOOP ( 'NONE', ( #3055, #3501, #1485, #3216 ) ) ;
#1016 = ORIENTED_EDGE ( 'NONE', *, *, #583, .F. ) ;
#1017 = EDGE_LOOP ( 'NONE', ( #3917, #2653, #7016, #5780 ) ) ;
#1018 = CARTESIAN_POINT ( 'NONE',  ( -2.539999999999996927, 8.509000000000000341, -1.270000000000001128 ) ) ;
#1019 = CARTESIAN_POINT ( 'NONE',  ( -13.58899999999999686, 7.239000000000000767, -0.3810000000000040021 ) ) ;
#1020 = EDGE_CURVE ( 'NONE', #4393, #989, #5177, .T. ) ;
#1021 = FACE_OUTER_BOUND ( 'NONE', #5693, .T. ) ;
#1022 = FACE_OUTER_BOUND ( 'NONE', #4078, .T. ) ;
#1023 = EDGE_CURVE ( 'NONE', #678, #4810, #32, .T. ) ;
#1024 = LINE ( 'NONE', #500, #2055 ) ;
#1025 = ORIENTED_EDGE ( 'NONE', *, *, #4335, .F. ) ;
#1026 = DIRECTION ( 'NONE',  ( 0.000000000000000000, 1.000000000000000000, 0.000000000000000000 ) ) ;
#1027 = ORIENTED_EDGE ( 'NONE', *, *, #2438, .F. ) ;
#1028 = EDGE_LOOP ( 'NONE', ( #3343, #5872, #658, #5108 ) ) ;
#1029 = EDGE_LOOP ( 'NONE', ( #4375, #6495, #3208, #2868 ) ) ;
#1030 = ORIENTED_EDGE ( 'NONE', *, *, #1218, .T. ) ;
#1031 = CARTESIAN_POINT ( 'NONE',  ( 13.58900000000000752, 7.239000000000000767, 0.3809999999999947873 ) ) ;
#1032 = LINE ( 'NONE', #3980, #5671 ) ;
#1033 = EDGE_CURVE ( 'NONE', #5428, #1733, #629, .T. ) ;
#1034 = CARTESIAN_POINT ( 'NONE',  ( 1.734723475976807094E-15, 8.509000000000000341, 1.270000000000001128 ) ) ;
#1035 = ADVANCED_FACE ( 'NONE', ( #1866 ), #3027, .F. ) ;
#1036 = ORIENTED_EDGE ( 'NONE', *, *, #2138, .F. ) ;
#1037 = CARTESIAN_POINT ( 'NONE',  ( 12.70000000000000462, 8.509000000000000341, -1.270000000000001128 ) ) ;
#1038 = LINE ( 'NONE', #4989, #7269 ) ;
#1039 = DIRECTION ( 'NONE',  ( 1.000000000000000000, 0.000000000000000000, -0.000000000000000000 ) ) ;
#1040 = CARTESIAN_POINT ( 'NONE',  ( -12.69999999999999751, 0.000000000000000000, 0.000000000000000000 ) ) ;
#1041 = CARTESIAN_POINT ( 'NONE',  ( 7.620000000000003659, -1.925929944387235853E-31, 0.8889999999999991243 ) ) ;
#1042 = ORIENTED_EDGE ( 'NONE', *, *, #1382, .F. ) ;
#1043 = VECTOR ( 'NONE', #1343, 1000.000000000000000 ) ;
#1044 = ORIENTED_EDGE ( 'NONE', *, *, #1023, .T. ) ;
#1045 = DIRECTION ( 'NONE',  ( 1.000000000000000000, 0.000000000000000000, -0.000000000000000000 ) ) ;
#1046 = CARTESIAN_POINT ( 'NONE',  ( 11.04900000000000659, 7.239000000000000767, 0.3809999999999947873 ) ) ;
#1047 = CARTESIAN_POINT ( 'NONE',  ( 10.16000000000000369, -1.925929944387235853E-31, 0.8889999999999991243 ) ) ;
#1048 = VECTOR ( 'NONE', #869, 1000.000000000000000 ) ;
#1049 = DIRECTION ( 'NONE',  ( 0.000000000000000000, 5.054934237236841843E-31, 1.000000000000000000 ) ) ;
#1050 = VECTOR ( 'NONE', #2659, 1000.000000000000000 ) ;
#1051 = LINE ( 'NONE', #7322, #4695 ) ;
#1052 = ORIENTED_EDGE ( 'NONE', *, *, #3104, .T. ) ;
#1053 = LINE ( 'NONE', #5001, #2087 ) ;
#1054 = EDGE_LOOP ( 'NONE', ( #3093, #5452, #912, #6981 ) ) ;
#1055 = VERTEX_POINT ( 'NONE', #1976 ) ;
#1056 = AXIS2_PLACEMENT_3D ( 'NONE', #5098, #1747, #58 ) ;
#1057 = VERTEX_POINT ( 'NONE', #1903 ) ;
#1058 = LINE ( 'NONE', #2114, #95 ) ;
#1059 = DIRECTION ( 'NONE',  ( 1.000000000000000000, 0.000000000000000000, -0.000000000000000000 ) ) ;
#1060 = DIRECTION ( 'NONE',  ( -0.000000000000000000, 1.000000000000000000, 1.733406087350420004E-16 ) ) ;
#1061 = CARTESIAN_POINT ( 'NONE',  ( 15.23999999999999844, 8.509000000000000341, -1.270000000000001128 ) ) ;
#1062 = DIRECTION ( 'NONE',  ( 1.000000000000000000, 0.000000000000000000, 0.000000000000000000 ) ) ;
#1063 = ORIENTED_EDGE ( 'NONE', *, *, #531, .F. ) ;
#1064 = ORIENTED_EDGE ( 'NONE', *, *, #6658, .F. ) ;
#1065 = EDGE_CURVE ( 'NONE', #1841, #3909, #4752, .T. ) ;
#1066 = EDGE_LOOP ( 'NONE', ( #5949, #6074, #6316, #6270 ) ) ;
#1067 = EDGE_CURVE ( 'NONE', #1131, #1796, #4788, .T. ) ;
#1068 = EDGE_LOOP ( 'NONE', ( #1827, #2519, #2184, #5513 ) ) ;
#1069 = LINE ( 'NONE', #6927, #24 ) ;
#1070 = DIRECTION ( 'NONE',  ( 0.000000000000000000, -1.000000000000000000, 0.000000000000000000 ) ) ;
#1071 = EDGE_CURVE ( 'NONE', #5384, #3283, #727, .T. ) ;
#1072 = ADVANCED_FACE ( 'NONE', ( #7108 ), #5437, .F. ) ;
#1073 = EDGE_CURVE ( 'NONE', #5128, #1013, #1936, .T. ) ;
#1074 = EDGE_CURVE ( 'NONE', #6420, #5665, #2013, .T. ) ;
#1075 = CARTESIAN_POINT ( 'NONE',  ( -7.619999999999997442, 2.177422008883992879E-16, -0.8890000000000013447 ) ) ;
#1076 = DIRECTION ( 'NONE',  ( 1.000000000000000000, 0.000000000000000000, 0.000000000000000000 ) ) ;
#1077 = LINE ( 'NONE', #405, #2007 ) ;
#1078 =( NAMED_UNIT ( * ) SI_UNIT ( $, .STERADIAN. ) SOLID_ANGLE_UNIT ( ) );
#1079 = ORIENTED_EDGE ( 'NONE', *, *, #5873, .F. ) ;
#1080 = EDGE_CURVE ( 'NONE', #822, #3887, #1330, .T. ) ;
#1081 = ADVANCED_FACE ( 'NONE', ( #6010 ), #1298, .F. ) ;
#1082 = LINE ( 'NONE', #3538, #7019 ) ;
#1083 = CARTESIAN_POINT ( 'NONE',  ( -10.15999999999999659, 0.000000000000000000, 1.269999999999998908 ) ) ;
#1084 = DIRECTION ( 'NONE',  ( -1.000000000000000000, 0.000000000000000000, 0.000000000000000000 ) ) ;
#1085 = CARTESIAN_POINT ( 'NONE',  ( 3.429000000000005155, 7.239000000000000767, 0.3809999999999947873 ) ) ;
#1086 = LINE ( 'NONE', #7426, #5789 ) ;
#1087 = ORIENTED_EDGE ( 'NONE', *, *, #4200, .F. ) ;
#1088 = CARTESIAN_POINT ( 'NONE',  ( 10.16000000000000369, -1.925929944387235853E-31, 0.8889999999999991243 ) ) ;
#1089 = VERTEX_POINT ( 'NONE', #5937 ) ;
#1090 = AXIS2_PLACEMENT_3D ( 'NONE', #1753, #3556, #5102 ) ;
#1091 = ORIENTED_EDGE ( 'NONE', *, *, #4067, .T. ) ;
#1092 = AXIS2_PLACEMENT_3D ( 'NONE', #6368, #4094, #5111 ) ;
#1093 = ORIENTED_EDGE ( 'NONE', *, *, #3469, .T. ) ;
#1094 = LINE ( 'NONE', #5697, #929 ) ;
#1095 = LINE ( 'NONE', #5008, #1451 ) ;
#1096 = VECTOR ( 'NONE', #2079, 1000.000000000000000 ) ;
#1097 = AXIS2_PLACEMENT_3D ( 'NONE', #4787, #3678, #4646 ) ;
#1098 = DIRECTION ( 'NONE',  ( -0.000000000000000000, 1.000000000000000000, 1.440069553722777130E-16 ) ) ;
#1099 = FACE_OUTER_BOUND ( 'NONE', #4301, .T. ) ;
#1100 = CARTESIAN_POINT ( 'NONE',  ( -5.079999999999997407, 3.110602869834277161E-16, -1.270000000000001128 ) ) ;
#1101 = VERTEX_POINT ( 'NONE', #769 ) ;
#1102 = VERTEX_POINT ( 'NONE', #3067 ) ;
#1103 = VERTEX_POINT ( 'NONE', #5324 ) ;
#1104 = AXIS2_PLACEMENT_3D ( 'NONE', #7021, #6451, #3663 ) ;
#1105 = VECTOR ( 'NONE', #3930, 1000.000000000000000 ) ;
#1106 = ORIENTED_EDGE ( 'NONE', *, *, #2680, .T. ) ;
#1107 = DIRECTION ( 'NONE',  ( 0.000000000000000000, 0.000000000000000000, 1.000000000000000000 ) ) ;
#1108 = DIRECTION ( 'NONE',  ( -1.000000000000000000, -0.000000000000000000, -0.000000000000000000 ) ) ;
#1109 = AXIS2_PLACEMENT_3D ( 'NONE', #4462, #4664, #5591 ) ;
#1110 = COLOUR_RGB ( '',0.2509803921568627416, 0.2509803921568627416, 0.2509803921568627416 ) ;
#1111 = EDGE_CURVE ( 'NONE', #1656, #7187, #4240, .T. ) ;
#1112 = VECTOR ( 'NONE', #6487, 1000.000000000000114 ) ;
#1113 = CARTESIAN_POINT ( 'NONE',  ( 3.469446951953614189E-15, 0.5080000000000000071, 0.7528818102449925664 ) ) ;
#1114 = CARTESIAN_POINT ( 'NONE',  ( 2.095500000000007024, 8.509000000000000341, 0.8254999999999981242 ) ) ;
#1115 = CARTESIAN_POINT ( 'NONE',  ( -5.079999999999997407, 2.177422008883992879E-16, -0.8890000000000013447 ) ) ;
#1116 = EDGE_CURVE ( 'NONE', #2150, #15, #211, .T. ) ;
#1117 = DIRECTION ( 'NONE',  ( 1.000000000000000000, 0.000000000000000000, -0.000000000000000000 ) ) ;
#1118 = EDGE_CURVE ( 'NONE', #4180, #363, #6619, .T. ) ;
#1119 = VECTOR ( 'NONE', #2564, 1000.000000000000000 ) ;
#1120 = ORIENTED_EDGE ( 'NONE', *, *, #2691, .T. ) ;
#1121 = LINE ( 'NONE', #2852, #41 ) ;
#1122 = LINE ( 'NONE', #6333, #6514 ) ;
#1123 = AXIS2_PLACEMENT_3D ( 'NONE', #6922, #5126, #87 ) ;
#1124 = DIRECTION ( 'NONE',  ( -1.000000000000000000, 0.000000000000000000, -0.000000000000000000 ) ) ;
#1125 = PRODUCT_DEFINITION_SHAPE ( 'NONE', 'NONE',  #7457 ) ;
#1126 = LINE ( 'NONE', #40, #854 ) ;
#1127 = CARTESIAN_POINT ( 'NONE',  ( 3.469446951953614189E-15, 8.509000000000000341, -1.270000000000001128 ) ) ;
#1128 = EDGE_CURVE ( 'NONE', #1750, #5275, #6545, .T. ) ;
#1129 = DIRECTION ( 'NONE',  ( 0.000000000000000000, -0.000000000000000000, -1.000000000000000000 ) ) ;
#1130 = EDGE_CURVE ( 'NONE', #1385, #3087, #3568, .T. ) ;
#1131 = VERTEX_POINT ( 'NONE', #691 ) ;
#1132 = ORIENTED_EDGE ( 'NONE', *, *, #7344, .T. ) ;
#1133 = CARTESIAN_POINT ( 'NONE',  ( -2.539999999999996927, -1.925929944387235853E-31, 0.8889999999999991243 ) ) ;
#1134 = CARTESIAN_POINT ( 'NONE',  ( -14.35099999999999554, 7.239000000000000767, -0.3810000000000040021 ) ) ;
#1135 = DIRECTION ( 'NONE',  ( 1.000000000000000000, 0.000000000000000000, 0.000000000000000000 ) ) ;
#1136 = CARTESIAN_POINT ( 'NONE',  ( 7.620000000000003659, 0.5080000000000000071, 0.7528818102449925664 ) ) ;
#1137 = ORIENTED_EDGE ( 'NONE', *, *, #2995, .T. ) ;
#1138 = DIRECTION ( 'NONE',  ( -1.000000000000000000, -0.000000000000000000, -0.000000000000000000 ) ) ;
#1139 = ORIENTED_EDGE ( 'NONE', *, *, #2312, .F. ) ;
#1140 = ORIENTED_EDGE ( 'NONE', *, *, #6138, .T. ) ;
#1141 = EDGE_LOOP ( 'NONE', ( #7367, #229, #6884, #5042 ) ) ;
#1142 = ORIENTED_EDGE ( 'NONE', *, *, #1630, .T. ) ;
#1143 = CARTESIAN_POINT ( 'NONE',  ( -3.428999999999996273, 7.239000000000000767, 0.3809999999999947873 ) ) ;
#1144 = LINE ( 'NONE', #3452, #460 ) ;
#1145 = PLANE ( 'NONE',  #5442 ) ;
#1146 = ORIENTED_EDGE ( 'NONE', *, *, #2827, .F. ) ;
#1147 = PLANE ( 'NONE',  #2793 ) ;
#1148 = CARTESIAN_POINT ( 'NONE',  ( -11.81099999999999461, 7.239000000000000767, 0.3809999999999947873 ) ) ;
#1149 = LINE ( 'NONE', #2958, #6838 ) ;
#1150 = DIRECTION ( 'NONE',  ( 0.000000000000000000, -1.000000000000000000, 0.000000000000000000 ) ) ;
#1151 = FILL_AREA_STYLE_COLOUR ( '', #1110 ) ;
#1152 = AXIS2_PLACEMENT_3D ( 'NONE', #7350, #4482, #1084 ) ;
#1153 = DIRECTION ( 'NONE',  ( 0.000000000000000000, 0.000000000000000000, 1.000000000000000000 ) ) ;
#1154 = DIRECTION ( 'NONE',  ( 0.000000000000000000, 0.000000000000000000, 1.000000000000000000 ) ) ;
#1155 = ORIENTED_EDGE ( 'NONE', *, *, #7399, .T. ) ;
#1156 = EDGE_CURVE ( 'NONE', #894, #6563, #2457, .T. ) ;
#1157 = ADVANCED_FACE ( 'NONE', ( #6579 ), #2990, .F. ) ;
#1158 = DIRECTION ( 'NONE',  ( 0.000000000000000000, -0.7071067811865483499, 0.7071067811865466846 ) ) ;
#1159 = CARTESIAN_POINT ( 'NONE',  ( 3.469446951953614189E-15, 0.000000000000000000, 1.269999999999998908 ) ) ;
#1160 = CARTESIAN_POINT ( 'NONE',  ( -9.715499999999998693, 8.509000000000000341, -0.8255000000000067839 ) ) ;
#1161 = AXIS2_PLACEMENT_3D ( 'NONE', #4855, #6120, #3742 ) ;
#1162 = VERTEX_POINT ( 'NONE', #6473 ) ;
#1163 = EDGE_LOOP ( 'NONE', ( #1596, #4556, #7432, #1914 ) ) ;
#1164 = EDGE_CURVE ( 'NONE', #2361, #3287, #5553, .T. ) ;
#1165 = EDGE_CURVE ( 'NONE', #5704, #2188, #1442, .T. ) ;
#1166 = VECTOR ( 'NONE', #2134, 1000.000000000000000 ) ;
#1167 = CARTESIAN_POINT ( 'NONE',  ( 0.8890000000000043423, 8.064499999999998892, -0.3810000000000038356 ) ) ;
#1168 = DIRECTION ( 'NONE',  ( -0.000000000000000000, -0.000000000000000000, 1.000000000000000000 ) ) ;
#1169 = CARTESIAN_POINT ( 'NONE',  ( -7.619999999999998330, 0.5080000000000002292, -0.7528818102449945648 ) ) ;
#1170 = LINE ( 'NONE', #1136, #133 ) ;
#1171 = VERTEX_POINT ( 'NONE', #4391 ) ;
#1172 = LINE ( 'NONE', #7438, #4498 ) ;
#1173 = VECTOR ( 'NONE', #5389, 1000.000000000000000 ) ;
#1174 = ORIENTED_EDGE ( 'NONE', *, *, #2140, .T. ) ;
#1175 = VERTEX_POINT ( 'NONE', #7303 ) ;
#1176 = VERTEX_POINT ( 'NONE', #1034 ) ;
#1177 = EDGE_CURVE ( 'NONE', #3287, #5768, #7265, .T. ) ;
#1178 = AXIS2_PLACEMENT_3D ( 'NONE', #2366, #4667, #2436 ) ;
#1179 = LINE ( 'NONE', #6320, #3631 ) ;
#1180 = CARTESIAN_POINT ( 'NONE',  ( 9.017000000000004789, 7.810499999999999332, -0.1270000000000042206 ) ) ;
#1181 = DIRECTION ( 'NONE',  ( -1.000000000000000000, -0.000000000000000000, -0.000000000000000000 ) ) ;
#1182 = ORIENTED_EDGE ( 'NONE', *, *, #6150, .T. ) ;
#1183 = ORIENTED_EDGE ( 'NONE', *, *, #4849, .T. ) ;
#1184 = LINE ( 'NONE', #477, #2540 ) ;
#1185 = CARTESIAN_POINT ( 'NONE',  ( 7.620000000000003659, 2.177422008883992879E-16, -0.8890000000000013447 ) ) ;
#1186 = DIRECTION ( 'NONE',  ( -1.000000000000000000, 0.000000000000000000, 0.000000000000000000 ) ) ;
#1187 = CARTESIAN_POINT ( 'NONE',  ( -5.079999999999997407, 3.110602869834277161E-16, -1.270000000000001128 ) ) ;
#1188 = FILL_AREA_STYLE_COLOUR ( '', #2651 ) ;
#1189 = SHAPE_REPRESENTATION_RELATIONSHIP ( 'NONE' , 'NONE' ,  #5372, #6258 ) ;
#1190 = ORIENTED_EDGE ( 'NONE', *, *, #2816, .T. ) ;
#1191 = DIRECTION ( 'NONE',  ( -1.000000000000000000, -0.000000000000000000, -0.000000000000000000 ) ) ;
#1192 = DIRECTION ( 'NONE',  ( 0.5773502691896268413, 0.5773502691896246208, -0.5773502691896256200 ) ) ;
#1193 = LINE ( 'NONE', #5793, #2594 ) ;
#1194 = DIRECTION ( 'NONE',  ( -1.000000000000000000, -0.000000000000000000, -0.000000000000000000 ) ) ;
#1195 = DIRECTION ( 'NONE',  ( 0.000000000000000000, -1.000000000000000000, 0.000000000000000000 ) ) ;
#1196 = EDGE_CURVE ( 'NONE', #3787, #2677, #6699, .T. ) ;
#1197 = ORIENTED_EDGE ( 'NONE', *, *, #1382, .T. ) ;
#1198 = ORIENTED_EDGE ( 'NONE', *, *, #4062, .T. ) ;
#1199 = PLANE ( 'NONE',  #6174 ) ;
#1200 = PLANE ( 'NONE',  #5902 ) ;
#1201 = DIRECTION ( 'NONE',  ( -0.000000000000000000, 1.000000000000000000, 1.440069553722777130E-16 ) ) ;
#1202 = PLANE ( 'NONE',  #2614 ) ;
#1203 = CARTESIAN_POINT ( 'NONE',  ( 8.763000000000007006, 7.810499999999999332, -0.1270000000000042206 ) ) ;
#1204 = EDGE_CURVE ( 'NONE', #3555, #1577, #7337, .T. ) ;
#1205 = ORIENTED_EDGE ( 'NONE', *, *, #5299, .T. ) ;
#1206 = DIRECTION ( 'NONE',  ( 1.000000000000000000, 0.000000000000000000, 0.000000000000000000 ) ) ;
#1207 = ADVANCED_FACE ( 'NONE', ( #1519 ), #881, .F. ) ;
#1208 = ORIENTED_EDGE ( 'NONE', *, *, #1631, .T. ) ;
#1209 = EDGE_LOOP ( 'NONE', ( #6644, #6102, #2423, #2061 ) ) ;
#1210 = ORIENTED_EDGE ( 'NONE', *, *, #4445, .F. ) ;
#1211 = VECTOR ( 'NONE', #2984, 1000.000000000000000 ) ;
#1212 = VECTOR ( 'NONE', #1269, 1000.000000000000114 ) ;
#1213 = CARTESIAN_POINT ( 'NONE',  ( 0.3810000000000000053, 0.000000000000000000, 0.000000000000000000 ) ) ;
#1214 = PLANE ( 'NONE',  #3875 ) ;
#1215 = FACE_OUTER_BOUND ( 'NONE', #1920, .T. ) ;
#1216 = EDGE_CURVE ( 'NONE', #7001, #4976, #2162, .T. ) ;
#1217 = CARTESIAN_POINT ( 'NONE',  ( 8.509000000000005670, 7.239000000000000767, 0.3809999999999947873 ) ) ;
#1218 = EDGE_CURVE ( 'NONE', #2607, #6765, #3916, .T. ) ;
#1219 = VECTOR ( 'NONE', #1423, 1000.000000000000000 ) ;
#1220 = VECTOR ( 'NONE', #172, 1000.000000000000000 ) ;
#1221 = ORIENTED_EDGE ( 'NONE', *, *, #6088, .T. ) ;
#1222 = DIRECTION ( 'NONE',  ( 0.000000000000000000, 1.440069553722777130E-16, -1.000000000000000000 ) ) ;
#1223 = CARTESIAN_POINT ( 'NONE',  ( 7.620000000000003659, 0.000000000000000000, 1.269999999999998908 ) ) ;
#1224 = CARTESIAN_POINT ( 'NONE',  ( -13.58899999999999686, 7.239000000000000767, -0.3810000000000040021 ) ) ;
#1225 = VECTOR ( 'NONE', #2239, 1000.000000000000227 ) ;
#1226 = DIRECTION ( 'NONE',  ( 0.000000000000000000, -0.9659258262890700886, 0.2588190451025140781 ) ) ;
#1227 = PRESENTATION_STYLE_ASSIGNMENT (( #6972 ) ) ;
#1228 = FILL_AREA_STYLE ('',( #2421 ) ) ;
#1229 = ORIENTED_EDGE ( 'NONE', *, *, #4521, .F. ) ;
#1230 = VECTOR ( 'NONE', #1982, 1000.000000000000000 ) ;
#1231 = CARTESIAN_POINT ( 'NONE',  ( -10.15999999999999659, 8.509000000000000341, 1.270000000000001128 ) ) ;
#1232 = FACE_OUTER_BOUND ( 'NONE', #5986, .T. ) ;
#1233 = CARTESIAN_POINT ( 'NONE',  ( 12.70000000000000462, -1.925929944387235853E-31, 0.8889999999999991243 ) ) ;
#1234 = VECTOR ( 'NONE', #6785, 1000.000000000000000 ) ;
#1235 = CARTESIAN_POINT ( 'NONE',  ( -5.079999999999997407, 8.509000000000000341, 1.270000000000001128 ) ) ;
#1236 = ORIENTED_EDGE ( 'NONE', *, *, #6057, .T. ) ;
#1237 = VERTEX_POINT ( 'NONE', #3754 ) ;
#1238 = AXIS2_PLACEMENT_3D ( 'NONE', #1811, #6991, #3445 ) ;
#1239 = FACE_OUTER_BOUND ( 'NONE', #5718, .T. ) ;
#1240 = CARTESIAN_POINT ( 'NONE',  ( -1.650999999999994472, 7.239000000000000767, -0.3810000000000040021 ) ) ;
#1241 = LINE ( 'NONE', #674, #2257 ) ;
#1242 = DIRECTION ( 'NONE',  ( 0.3420201433256659929, -0.9396926207859094271, -2.197857363660188298E-16 ) ) ;
#1243 = ORIENTED_EDGE ( 'NONE', *, *, #1033, .T. ) ;
#1244 = DIRECTION ( 'NONE',  ( 0.000000000000000000, -2.449293598294710852E-16, 1.000000000000000000 ) ) ;
#1245 = PRESENTATION_LAYER_ASSIGNMENT (  '', '', ( #1732 ) ) ;
#1246 = ORIENTED_EDGE ( 'NONE', *, *, #5449, .T. ) ;
#1247 = ORIENTED_EDGE ( 'NONE', *, *, #2634, .T. ) ;
#1248 = ORIENTED_EDGE ( 'NONE', *, *, #2873, .F. ) ;
#1249 = EDGE_CURVE ( 'NONE', #3513, #1266, #2611, .T. ) ;
#1250 = EDGE_CURVE ( 'NONE', #1317, #911, #7222, .T. ) ;
#1251 = CARTESIAN_POINT ( 'NONE',  ( -5.079999999999997407, -1.925929944387235853E-31, 0.8889999999999991243 ) ) ;
#1252 = PLANE ( 'NONE',  #1782 ) ;
#1253 = DIRECTION ( 'NONE',  ( 0.000000000000000000, 0.000000000000000000, 1.000000000000000000 ) ) ;
#1254 = DIRECTION ( 'NONE',  ( 0.000000000000000000, 1.000000000000000000, 2.548365665731588345E-16 ) ) ;
#1255 = ORIENTED_EDGE ( 'NONE', *, *, #5871, .T. ) ;
#1256 = EDGE_CURVE ( 'NONE', #6848, #5955, #5474, .T. ) ;
#1257 = CARTESIAN_POINT ( 'NONE',  ( -0.8889999999999956826, 8.064499999999998892, 0.3809999999999949538 ) ) ;
#1258 = EDGE_CURVE ( 'NONE', #547, #613, #4463, .T. ) ;
#1259 = ADVANCED_FACE ( 'NONE', ( #3260 ), #397, .T. ) ;
#1260 = DIRECTION ( 'NONE',  ( -0.000000000000000000, 0.000000000000000000, 1.000000000000000000 ) ) ;
#1261 = DIRECTION ( 'NONE',  ( 0.000000000000000000, 0.000000000000000000, 1.000000000000000000 ) ) ;
#1262 = CARTESIAN_POINT ( 'NONE',  ( -12.69999999999999751, 2.177422008883992879E-16, -0.8890000000000013447 ) ) ;
#1263 = DIRECTION ( 'NONE',  ( 0.000000000000000000, 0.000000000000000000, 1.000000000000000000 ) ) ;
#1264 = CLOSED_SHELL ( 'NONE', ( #5403, #6650, #4447, #936, #6244, #607, #2212, #1443, #6518, #246, #4980, #3304, #5812, #3840, #2838, #6854, #1533, #3509, #4355 ) ) ;
#1265 = ORIENTED_EDGE ( 'NONE', *, *, #3886, .F. ) ;
#1266 = VERTEX_POINT ( 'NONE', #3793 ) ;
#1267 = AXIS2_PLACEMENT_3D ( 'NONE', #3577, #4033, #1838 ) ;
#1268 = PLANE ( 'NONE',  #6783 ) ;
#1269 = DIRECTION ( 'NONE',  ( 0.000000000000000000, 0.9659258262890700886, -0.2588190451025140781 ) ) ;
#1270 = PLANE ( 'NONE',  #6454 ) ;
#1271 = FACE_OUTER_BOUND ( 'NONE', #7220, .T. ) ;
#1272 = EDGE_LOOP ( 'NONE', ( #4486, #4598, #2189, #43 ) ) ;
#1273 = VECTOR ( 'NONE', #2327, 1000.000000000000000 ) ;
#1274 = ORIENTED_EDGE ( 'NONE', *, *, #5670, .F. ) ;
#1275 = CARTESIAN_POINT ( 'NONE',  ( 11.04900000000000659, 8.064499999999998892, -0.3810000000000038356 ) ) ;
#1276 = DIRECTION ( 'NONE',  ( 0.000000000000000000, -0.9659258262890699775, -0.2588190451025145222 ) ) ;
#1277 = LINE ( 'NONE', #6415, #5508 ) ;
#1278 = FACE_OUTER_BOUND ( 'NONE', #6193, .T. ) ;
#1279 = ORIENTED_EDGE ( 'NONE', *, *, #3525, .T. ) ;
#1280 = DIRECTION ( 'NONE',  ( -1.000000000000000000, -0.000000000000000000, -0.000000000000000000 ) ) ;
#1281 = ORIENTED_EDGE ( 'NONE', *, *, #1546, .F. ) ;
#1282 = VERTEX_POINT ( 'NONE', #3342 ) ;
#1283 = VECTOR ( 'NONE', #2279, 1000.000000000000000 ) ;
#1284 = EDGE_LOOP ( 'NONE', ( #6491, #4839, #7299, #1274 ) ) ;
#1285 = CARTESIAN_POINT ( 'NONE',  ( -14.35099999999999554, 7.239000000000000767, 0.3809999999999947873 ) ) ;
#1286 = DIRECTION ( 'NONE',  ( 0.000000000000000000, 0.000000000000000000, -1.000000000000000000 ) ) ;
#1287 = CARTESIAN_POINT ( 'NONE',  ( -8.508999999999995012, 7.239000000000000767, 0.3809999999999947873 ) ) ;
#1288 = VECTOR ( 'NONE', #4813, 1000.000000000000000 ) ;
#1289 = CARTESIAN_POINT ( 'NONE',  ( -10.15999999999999659, -1.925929944387235853E-31, 0.8889999999999991243 ) ) ;
#1290 = AXIS2_PLACEMENT_3D ( 'NONE', #5593, #6780, #2126 ) ;
#1291 = VERTEX_POINT ( 'NONE', #2047 ) ;
#1292 = EDGE_CURVE ( 'NONE', #4580, #5166, #6169, .T. ) ;
#1293 = ORIENTED_EDGE ( 'NONE', *, *, #114, .F. ) ;
#1294 = VECTOR ( 'NONE', #6988, 1000.000000000000000 ) ;
#1295 = LINE ( 'NONE', #4786, #1830 ) ;
#1296 = PRESENTATION_STYLE_ASSIGNMENT (( #6471 ) ) ;
#1297 = CARTESIAN_POINT ( 'NONE',  ( -2.539999999999996927, 3.110602869834277161E-16, -1.270000000000001128 ) ) ;
#1298 = PLANE ( 'NONE',  #7074 ) ;
#1299 = DIRECTION ( 'NONE',  ( -1.000000000000000000, 0.000000000000000000, 0.000000000000000000 ) ) ;
#1300 = ADVANCED_FACE ( 'NONE', ( #5633 ), #5516, .F. ) ;
#1301 = EDGE_CURVE ( 'NONE', #6053, #824, #6743, .T. ) ;
#1302 = ORIENTED_EDGE ( 'NONE', *, *, #6668, .F. ) ;
#1303 = CARTESIAN_POINT ( 'NONE',  ( -13.58899999999999686, 7.239000000000000767, 0.3809999999999947873 ) ) ;
#1304 = FACE_OUTER_BOUND ( 'NONE', #1730, .T. ) ;
#1305 = DIRECTION ( 'NONE',  ( 0.000000000000000000, 0.9659258262890699775, 0.2588190451025145222 ) ) ;
#1306 = DIRECTION ( 'NONE',  ( 0.000000000000000000, -0.9659258262890700886, 0.2588190451025140781 ) ) ;
#1307 = ORIENTED_EDGE ( 'NONE', *, *, #1804, .F. ) ;
#1308 = EDGE_CURVE ( 'NONE', #6510, #4563, #7374, .T. ) ;
#1309 = ORIENTED_EDGE ( 'NONE', *, *, #3004, .F. ) ;
#1310 = LINE ( 'NONE', #6594, #3526 ) ;
#1311 = LINE ( 'NONE', #5911, #2050 ) ;
#1312 = CARTESIAN_POINT ( 'NONE',  ( -8.508999999999995012, 8.064499999999998892, 0.3809999999999947873 ) ) ;
#1313 = CARTESIAN_POINT ( 'NONE',  ( 5.969000000000005635, 8.064499999999998892, -0.3810000000000038356 ) ) ;
#1314 = ORIENTED_EDGE ( 'NONE', *, *, #3572, .F. ) ;
#1315 = CARTESIAN_POINT ( 'NONE',  ( -10.15999999999999659, 2.177422008883992879E-16, -0.8890000000000013447 ) ) ;
#1316 = EDGE_LOOP ( 'NONE', ( #2752, #1743, #1842, #4273 ) ) ;
#1317 = VERTEX_POINT ( 'NONE', #3951 ) ;
#1318 = ORIENTED_EDGE ( 'NONE', *, *, #5219, .F. ) ;
#1319 = CARTESIAN_POINT ( 'NONE',  ( -9.270999999999993690, 7.239000000000000767, -0.3810000000000040021 ) ) ;
#1320 = UNCERTAINTY_MEASURE_WITH_UNIT (LENGTH_MEASURE( 1.000000000000000082E-05 ), #6547, 'distance_accuracy_value', 'NONE');
#1321 = CARTESIAN_POINT ( 'NONE',  ( 0.3810000000000000053, 0.5079999999999998961, -0.2031999999999997419 ) ) ;
#1322 = CARTESIAN_POINT ( 'NONE',  ( -8.762999999999996348, 7.810499999999999332, -0.1270000000000042206 ) ) ;
#1323 = CARTESIAN_POINT ( 'NONE',  ( 7.620000000000003659, 3.110602869834277161E-16, -1.270000000000001128 ) ) ;
#1324 = EDGE_LOOP ( 'NONE', ( #1392, #7113, #4823, #816 ) ) ;
#1325 = MECHANICAL_DESIGN_GEOMETRIC_PRESENTATION_REPRESENTATION (  '', ( #4577 ), #2289 ) ;
#1326 = AXIS2_PLACEMENT_3D ( 'NONE', #2105, #6067, #4405 ) ;
#1327 = VERTEX_POINT ( 'NONE', #587 ) ;
#1328 = LINE ( 'NONE', #2455, #1710 ) ;
#1329 = LINE ( 'NONE', #1935, #6281 ) ;
#1330 = LINE ( 'NONE', #7150, #2851 ) ;
#1331 =( NAMED_UNIT ( * ) PLANE_ANGLE_UNIT ( ) SI_UNIT ( $, .RADIAN. ) );
#1332 = AXIS2_PLACEMENT_3D ( 'NONE', #3672, #3596, #5844 ) ;
#1333 = CARTESIAN_POINT ( 'NONE',  ( 27.94000000000000128, 7.239000000000000767, -2.201425730935033664E-16 ) ) ;
#1334 = VECTOR ( 'NONE', #2884, 1000.000000000000000 ) ;
#1335 =( NAMED_UNIT ( * ) PLANE_ANGLE_UNIT ( ) SI_UNIT ( $, .RADIAN. ) );
#1336 = ORIENTED_EDGE ( 'NONE', *, *, #514, .F. ) ;
#1337 = AXIS2_PLACEMENT_3D ( 'NONE', #4805, #7133, #85 ) ;
#1338 = VECTOR ( 'NONE', #4169, 1000.000000000000000 ) ;
#1339 = ADVANCED_FACE ( 'NONE', ( #552 ), #6928, .F. ) ;
#1340 = DIRECTION ( 'NONE',  ( -1.000000000000000000, 0.000000000000000000, 0.000000000000000000 ) ) ;
#1341 = CARTESIAN_POINT ( 'NONE',  ( -2.539999999999996927, 2.177422008883992879E-16, -0.8890000000000013447 ) ) ;
#1342 = EDGE_CURVE ( 'NONE', #6565, #3967, #2341, .T. ) ;
#1343 = DIRECTION ( 'NONE',  ( -1.000000000000000000, -0.000000000000000000, -0.000000000000000000 ) ) ;
#1344 =( NAMED_UNIT ( * ) SI_UNIT ( $, .STERADIAN. ) SOLID_ANGLE_UNIT ( ) );
#1345 = VECTOR ( 'NONE', #4506, 1000.000000000000000 ) ;
#1346 = ORIENTED_EDGE ( 'NONE', *, *, #3482, .T. ) ;
#1347 = ORIENTED_EDGE ( 'NONE', *, *, #4929, .T. ) ;
#1348 = DIRECTION ( 'NONE',  ( 0.000000000000000000, 0.9659258262890699775, 0.2588190451025145222 ) ) ;
#1349 = CARTESIAN_POINT ( 'NONE',  ( 15.24000000000000554, 0.000000000000000000, 1.269999999999998908 ) ) ;
#1350 = VECTOR ( 'NONE', #7278, 1000.000000000000000 ) ;
#1351 = ADVANCED_FACE ( 'NONE', ( #5208, #1215 ), #1675, .F. ) ;
#1352 = FACE_OUTER_BOUND ( 'NONE', #1272, .T. ) ;
#1353 = EDGE_CURVE ( 'NONE', #176, #4242, #4607, .T. ) ;
#1354 = DIRECTION ( 'NONE',  ( -0.000000000000000000, 1.000000000000000000, 1.440069553722777130E-16 ) ) ;
#1355 = DIRECTION ( 'NONE',  ( 0.000000000000000000, 0.9659258262890699775, 0.2588190451025145222 ) ) ;
#1356 = ORIENTED_EDGE ( 'NONE', *, *, #4666, .F. ) ;
#1357 = DIRECTION ( 'NONE',  ( -0.000000000000000000, -0.000000000000000000, 1.000000000000000000 ) ) ;
#1358 = ORIENTED_EDGE ( 'NONE', *, *, #5251, .T. ) ;
#1359 = PRESENTATION_LAYER_ASSIGNMENT (  '', '', ( #44 ) ) ;
#1360 = ORIENTED_EDGE ( 'NONE', *, *, #7239, .F. ) ;
#1361 = EDGE_LOOP ( 'NONE', ( #4460, #826, #1789, #4380 ) ) ;
#1362 = LINE ( 'NONE', #5314, #808 ) ;
#1363 = ADVANCED_FACE ( 'NONE', ( #1786 ), #2309, .F. ) ;
#1364 = LINE ( 'NONE', #5963, #1818 ) ;
#1365 = AXIS2_PLACEMENT_3D ( 'NONE', #303, #6453, #5956 ) ;
#1366 = PLANE ( 'NONE',  #5019 ) ;
#1367 = CARTESIAN_POINT ( 'NONE',  ( -11.81099999999999461, 7.239000000000000767, -0.3810000000000040021 ) ) ;
#1368 = EDGE_LOOP ( 'NONE', ( #2644, #6283, #715, #1779 ) ) ;
#1369 = ORIENTED_EDGE ( 'NONE', *, *, #4244, .F. ) ;
#1370 = CARTESIAN_POINT ( 'NONE',  ( -11.81099999999999461, 7.239000000000000767, -0.3810000000000040021 ) ) ;
#1371 = LINE ( 'NONE', #4716, #4351 ) ;
#1372 = CARTESIAN_POINT ( 'NONE',  ( 5.080000000000002736, 8.509000000000000341, -1.270000000000001128 ) ) ;
#1373 = CARTESIAN_POINT ( 'NONE',  ( -15.49399999999999977, 0.5080000000000000071, 0.7528818102449925664 ) ) ;
#1374 = SHAPE_DEFINITION_REPRESENTATION ( #6247, #3318 ) ;
#1375 = ORIENTED_EDGE ( 'NONE', *, *, #1342, .F. ) ;
#1376 = DIRECTION ( 'NONE',  ( 0.000000000000000000, 0.000000000000000000, 1.000000000000000000 ) ) ;
#1377 = FACE_OUTER_BOUND ( 'NONE', #6273, .T. ) ;
#1378 = PLANE ( 'NONE',  #3569 ) ;
#1379 = CARTESIAN_POINT ( 'NONE',  ( 14.35100000000000620, 7.239000000000000767, -0.3810000000000040021 ) ) ;
#1380 = CARTESIAN_POINT ( 'NONE',  ( -7.175499999999999545, 8.509000000000000341, -0.8255000000000067839 ) ) ;
#1381 = ORIENTED_EDGE ( 'NONE', *, *, #3190, .T. ) ;
#1382 = EDGE_CURVE ( 'NONE', #5709, #409, #5708, .T. ) ;
#1383 = EDGE_CURVE ( 'NONE', #5547, #5071, #2878, .T. ) ;
#1384 = VECTOR ( 'NONE', #6560, 1000.000000000000227 ) ;
#1385 = VERTEX_POINT ( 'NONE', #2949 ) ;
#1386 = DIRECTION ( 'NONE',  ( 0.000000000000000000, 0.000000000000000000, 1.000000000000000000 ) ) ;
#1387 = FACE_OUTER_BOUND ( 'NONE', #5501, .T. ) ;
#1388 = CARTESIAN_POINT ( 'NONE',  ( -1.650999999999994472, 7.239000000000000767, 0.3809999999999947873 ) ) ;
#1389 = PLANE ( 'NONE',  #203 ) ;
#1390 = LINE ( 'NONE', #6143, #1219 ) ;
#1391 = ORIENTED_EDGE ( 'NONE', *, *, #238, .F. ) ;
#1392 = ORIENTED_EDGE ( 'NONE', *, *, #6894, .T. ) ;
#1393 = EDGE_CURVE ( 'NONE', #3283, #4511, #4051, .T. ) ;
#1394 = EDGE_LOOP ( 'NONE', ( #5946, #1142, #1998, #1401 ) ) ;
#1395 = ADVANCED_FACE ( 'NONE', ( #4640 ), #3522, .F. ) ;
#1396 = VERTEX_POINT ( 'NONE', #509 ) ;
#1397 = DIRECTION ( 'NONE',  ( -1.000000000000000000, -0.000000000000000000, -0.000000000000000000 ) ) ;
#1398 = CARTESIAN_POINT ( 'NONE',  ( 10.16000000000000369, -1.925929944387235853E-31, 0.8889999999999991243 ) ) ;
#1399 = CARTESIAN_POINT ( 'NONE',  ( 10.16000000000000369, 0.5080000000000000071, 0.7528818102449925664 ) ) ;
#1400 = EDGE_LOOP ( 'NONE', ( #2479, #1205, #5654, #2882 ) ) ;
#1401 = ORIENTED_EDGE ( 'NONE', *, *, #3258, .T. ) ;
#1402 = EDGE_CURVE ( 'NONE', #1103, #3019, #6888, .T. ) ;
#1403 = EDGE_LOOP ( 'NONE', ( #1381, #6949, #3322, #2604, #6800, #5167, #3968, #6033 ) ) ;
#1404 = FACE_OUTER_BOUND ( 'NONE', #380, .T. ) ;
#1405 = VECTOR ( 'NONE', #6606, 1000.000000000000000 ) ;
#1406 = VECTOR ( 'NONE', #2619, 1000.000000000000000 ) ;
#1407 = DIRECTION ( 'NONE',  ( -1.000000000000000000, -0.000000000000000000, -0.000000000000000000 ) ) ;
#1408 = CARTESIAN_POINT ( 'NONE',  ( -5.079999999999997407, 0.5080000000000002292, -0.7528818102449945648 ) ) ;
#1409 = ITEM_DEFINED_TRANSFORMATION ( 'NONE', 'NONE', #4727,  #765 ) ;
#1410 = VECTOR ( 'NONE', #5929, 1000.000000000000227 ) ;
#1411 = VERTEX_POINT ( 'NONE', #2913 ) ;
#1412 = CARTESIAN_POINT ( 'NONE',  ( 3.469446951953614189E-15, 2.177422008883992879E-16, -0.8890000000000013447 ) ) ;
#1413 = DIRECTION ( 'NONE',  ( 0.000000000000000000, -1.000000000000000000, -2.548365665731588345E-16 ) ) ;
#1414 = FACE_OUTER_BOUND ( 'NONE', #1163, .T. ) ;
#1415 = CARTESIAN_POINT ( 'NONE',  ( 9.271000000000004349, 7.239000000000000767, 0.3809999999999947873 ) ) ;
#1416 = DIRECTION ( 'NONE',  ( 0.000000000000000000, -0.7071067811865483499, 0.7071067811865466846 ) ) ;
#1417 = ORIENTED_EDGE ( 'NONE', *, *, #6611, .F. ) ;
#1418 = DIRECTION ( 'NONE',  ( -0.5773502691896267303, -0.5773502691896246208, -0.5773502691896259531 ) ) ;
#1419 = DIRECTION ( 'NONE',  ( 0.000000000000000000, 0.2588190451025145222, -0.9659258262890699775 ) ) ;
#1420 = LINE ( 'NONE', #5413, #2463 ) ;
#1421 = DIRECTION ( 'NONE',  ( -1.000000000000000000, -0.000000000000000000, -0.000000000000000000 ) ) ;
#1422 = ADVANCED_FACE ( 'NONE', ( #3981 ), #5242, .F. ) ;
#1423 = DIRECTION ( 'NONE',  ( 0.000000000000000000, 1.440069553722777130E-16, -1.000000000000000000 ) ) ;
#1424 = ORIENTED_EDGE ( 'NONE', *, *, #3134, .F. ) ;
#1425 = PLANE ( 'NONE',  #1365 ) ;
#1426 = ORIENTED_EDGE ( 'NONE', *, *, #921, .T. ) ;
#1427 = ORIENTED_EDGE ( 'NONE', *, *, #7429, .F. ) ;
#1428 = ORIENTED_EDGE ( 'NONE', *, *, #6293, .T. ) ;
#1429 = DIRECTION ( 'NONE',  ( 0.000000000000000000, -1.000000000000000000, -2.548365665731588345E-16 ) ) ;
#1430 = EDGE_CURVE ( 'NONE', #1751, #1385, #6356, .T. ) ;
#1431 = FACE_OUTER_BOUND ( 'NONE', #1400, .T. ) ;
#1432 = PRESENTATION_STYLE_ASSIGNMENT (( #7253 ) ) ;
#1433 = EDGE_CURVE ( 'NONE', #3100, #5665, #3486, .T. ) ;
#1434 = DIRECTION ( 'NONE',  ( 0.000000000000000000, 1.000000000000000000, 2.548365665731588345E-16 ) ) ;
#1435 = CARTESIAN_POINT ( 'NONE',  ( -10.15999999999999659, 0.5080000000000000071, 0.7528818102449925664 ) ) ;
#1436 = EDGE_LOOP ( 'NONE', ( #3133, #6857, #428, #345 ) ) ;
#1437 = VERTEX_POINT ( 'NONE', #23 ) ;
#1438 = ORIENTED_EDGE ( 'NONE', *, *, #2962, .F. ) ;
#1439 = CARTESIAN_POINT ( 'NONE',  ( 12.70000000000000462, 3.110602869834277161E-16, -1.270000000000001128 ) ) ;
#1440 = EDGE_CURVE ( 'NONE', #904, #2283, #1144, .T. ) ;
#1441 = CARTESIAN_POINT ( 'NONE',  ( 12.70000000000000462, 0.000000000000000000, 0.000000000000000000 ) ) ;
#1442 = LINE ( 'NONE', #2091, #1654 ) ;
#1443 = ADVANCED_FACE ( 'NONE', ( #2375 ), #6388, .F. ) ;
#1444 = DIRECTION ( 'NONE',  ( -0.000000000000000000, 0.000000000000000000, -1.000000000000000000 ) ) ;
#1445 = VECTOR ( 'NONE', #1879, 1000.000000000000000 ) ;
#1446 = ORIENTED_EDGE ( 'NONE', *, *, #6045, .F. ) ;
#1447 = DIRECTION ( 'NONE',  ( 0.000000000000000000, 0.000000000000000000, -1.000000000000000000 ) ) ;
#1448 = SURFACE_STYLE_FILL_AREA ( #6625 ) ;
#1449 = FACE_OUTER_BOUND ( 'NONE', #2545, .T. ) ;
#1450 = VECTOR ( 'NONE', #386, 1000.000000000000000 ) ;
#1451 = VECTOR ( 'NONE', #3938, 1000.000000000000000 ) ;
#1452 = CARTESIAN_POINT ( 'NONE',  ( 3.429000000000005155, 7.239000000000000767, 0.3809999999999947873 ) ) ;
#1453 = LINE ( 'NONE', #1493, #31 ) ;
#1454 = CARTESIAN_POINT ( 'NONE',  ( 7.620000000000003659, 2.177422008883992879E-16, -0.8890000000000013447 ) ) ;
#1455 = DIRECTION ( 'NONE',  ( -1.000000000000000000, -0.000000000000000000, -0.000000000000000000 ) ) ;
#1456 = VECTOR ( 'NONE', #4361, 1000.000000000000000 ) ;
#1457 = VECTOR ( 'NONE', #6257, 1000.000000000000000 ) ;
#1458 = UNCERTAINTY_MEASURE_WITH_UNIT (LENGTH_MEASURE( 1.000000000000000082E-05 ), #7119, 'distance_accuracy_value', 'NONE');
#1459 = ORIENTED_EDGE ( 'NONE', *, *, #6895, .F. ) ;
#1460 = DIRECTION ( 'NONE',  ( 0.000000000000000000, -5.054934237236841843E-31, -1.000000000000000000 ) ) ;
#1461 = DIRECTION ( 'NONE',  ( 0.9396926207859094271, 0.3420201433256660484, 0.000000000000000000 ) ) ;
#1462 = CARTESIAN_POINT ( 'NONE',  ( -15.23999999999999844, 0.000000000000000000, 0.000000000000000000 ) ) ;
#1463 = DIRECTION ( 'NONE',  ( 0.000000000000000000, -0.000000000000000000, -1.000000000000000000 ) ) ;
#1464 = VECTOR ( 'NONE', #6091, 1000.000000000000000 ) ;
#1465 = FACE_OUTER_BOUND ( 'NONE', #5286, .T. ) ;
#1466 = DIRECTION ( 'NONE',  ( 1.000000000000000000, 0.000000000000000000, 0.000000000000000000 ) ) ;
#1467 = ORIENTED_EDGE ( 'NONE', *, *, #107, .F. ) ;
#1468 = LINE ( 'NONE', #1014, #4378 ) ;
#1469 = ORIENTED_EDGE ( 'NONE', *, *, #7385, .T. ) ;
#1470 = ORIENTED_EDGE ( 'NONE', *, *, #3624, .T. ) ;
#1471 = VERTEX_POINT ( 'NONE', #6538 ) ;
#1472 = VECTOR ( 'NONE', #4729, 1000.000000000000000 ) ;
#1473 = DIRECTION ( 'NONE',  ( 0.000000000000000000, 1.000000000000000000, 1.733406087350420004E-16 ) ) ;
#1474 = LINE ( 'NONE', #7141, #7004 ) ;
#1475 =( NAMED_UNIT ( * ) PLANE_ANGLE_UNIT ( ) SI_UNIT ( $, .RADIAN. ) );
#1476 = ORIENTED_EDGE ( 'NONE', *, *, #5820, .F. ) ;
#1477 = ORIENTED_EDGE ( 'NONE', *, *, #6324, .T. ) ;
#1478 = EDGE_CURVE ( 'NONE', #704, #1103, #4230, .T. ) ;
#1479 = ADVANCED_FACE ( 'NONE', ( #5317 ), #6004, .F. ) ;
#1480 = ORIENTED_EDGE ( 'NONE', *, *, #2497, .T. ) ;
#1481 = VECTOR ( 'NONE', #2593, 1000.000000000000000 ) ;
#1482 = LINE ( 'NONE', #3872, #35 ) ;
#1483 = DIRECTION ( 'NONE',  ( 0.000000000000000000, 0.000000000000000000, 1.000000000000000000 ) ) ;
#1484 = CARTESIAN_POINT ( 'NONE',  ( -4.190999999999995396, 7.239000000000000767, 0.3809999999999947873 ) ) ;
#1485 = ORIENTED_EDGE ( 'NONE', *, *, #2497, .F. ) ;
#1486 = ADVANCED_FACE ( 'NONE', ( #6998 ), #1252, .F. ) ;
#1487 = ADVANCED_FACE ( 'NONE', ( #684 ), #1366, .F. ) ;
#1488 = EDGE_CURVE ( 'NONE', #6848, #989, #5392, .T. ) ;
#1489 = DIRECTION ( 'NONE',  ( 0.000000000000000000, 1.000000000000000000, 0.000000000000000000 ) ) ;
#1490 = SURFACE_SIDE_STYLE ('',( #2053 ) ) ;
#1491 = DIRECTION ( 'NONE',  ( -0.000000000000000000, 0.000000000000000000, -1.000000000000000000 ) ) ;
#1492 = CARTESIAN_POINT ( 'NONE',  ( -0.8889999999999956826, 8.064499999999998892, 0.3809999999999947873 ) ) ;
#1493 = CARTESIAN_POINT ( 'NONE',  ( 6.223000000000006082, 7.810499999999999332, -0.1270000000000042206 ) ) ;
#1494 = CARTESIAN_POINT ( 'NONE',  ( 15.24000000000000554, 8.509000000000000341, 1.270000000000001128 ) ) ;
#1495 = DIRECTION ( 'NONE',  ( 0.000000000000000000, 1.000000000000000000, 2.548365665731588345E-16 ) ) ;
#1496 = EDGE_CURVE ( 'NONE', #3993, #5695, #5277, .T. ) ;
#1497 = ORIENTED_EDGE ( 'NONE', *, *, #4890, .F. ) ;
#1498 = DIRECTION ( 'NONE',  ( -1.000000000000000000, -0.000000000000000000, -0.000000000000000000 ) ) ;
#1499 = CARTESIAN_POINT ( 'NONE',  ( -7.619999999999997442, 8.509000000000000341, -1.270000000000001128 ) ) ;
#1500 = DIRECTION ( 'NONE',  ( 0.000000000000000000, -1.440069553722777130E-16, 1.000000000000000000 ) ) ;
#1501 = CARTESIAN_POINT ( 'NONE',  ( -15.49399999999999977, -1.925929944387235853E-31, 0.8889999999999991243 ) ) ;
#1502 = DIRECTION ( 'NONE',  ( 0.000000000000000000, -1.733406087350420004E-16, 1.000000000000000000 ) ) ;
#1503 = DIRECTION ( 'NONE',  ( 0.000000000000000000, -0.7071067811865483499, 0.7071067811865466846 ) ) ;
#1504 = ORIENTED_EDGE ( 'NONE', *, *, #6292, .F. ) ;
#1505 = DIRECTION ( 'NONE',  ( -0.000000000000000000, 1.000000000000000000, 1.733406087350420004E-16 ) ) ;
#1506 = EDGE_LOOP ( 'NONE', ( #193, #2631, #4223, #3912 ) ) ;
#1507 = AXIS2_PLACEMENT_3D ( 'NONE', #2581, #6101, #1495 ) ;
#1508 = ORIENTED_EDGE ( 'NONE', *, *, #7121, .T. ) ;
#1509 = EDGE_LOOP ( 'NONE', ( #3733, #772, #257, #2159 ) ) ;
#1510 = DIRECTION ( 'NONE',  ( 0.000000000000000000, 2.548365665731588345E-16, -1.000000000000000000 ) ) ;
#1511 = LINE ( 'NONE', #348, #4101 ) ;
#1512 = VECTOR ( 'NONE', #4096, 1000.000000000000000 ) ;
#1513 = DIRECTION ( 'NONE',  ( 0.000000000000000000, -1.000000000000000000, 0.000000000000000000 ) ) ;
#1514 = PLANE ( 'NONE',  #6673 ) ;
#1515 = ORIENTED_EDGE ( 'NONE', *, *, #3752, .F. ) ;
#1516 = ORIENTED_EDGE ( 'NONE', *, *, #5680, .T. ) ;
#1517 = ORIENTED_EDGE ( 'NONE', *, *, #5849, .F. ) ;
#1518 = FACE_OUTER_BOUND ( 'NONE', #6745, .T. ) ;
#1519 = FACE_OUTER_BOUND ( 'NONE', #5421, .T. ) ;
#1520 = AXIS2_PLACEMENT_3D ( 'NONE', #2563, #4308, #6608 ) ;
#1521 = CARTESIAN_POINT ( 'NONE',  ( -10.15999999999999659, 0.000000000000000000, 0.000000000000000000 ) ) ;
#1522 = EDGE_CURVE ( 'NONE', #3448, #7146, #5845, .T. ) ;
#1523 = ORIENTED_EDGE ( 'NONE', *, *, #2768, .T. ) ;
#1524 = VECTOR ( 'NONE', #4278, 1000.000000000000000 ) ;
#1525 = VECTOR ( 'NONE', #4161, 1000.000000000000000 ) ;
#1526 = DIRECTION ( 'NONE',  ( 0.000000000000000000, -0.000000000000000000, -1.000000000000000000 ) ) ;
#1527 = SHAPE_REPRESENTATION ( 'PPPC021LFBN-RC_C12', ( #765 ), #7036 ) ;
#1528 = DIRECTION ( 'NONE',  ( 1.000000000000000000, 0.000000000000000000, -0.000000000000000000 ) ) ;
#1529 = CARTESIAN_POINT ( 'NONE',  ( -15.23999999999999844, 0.5080000000000000071, 0.7528818102449925664 ) ) ;
#1530 = CARTESIAN_POINT ( 'NONE',  ( 7.175500000000008427, 8.509000000000000341, -0.8255000000000067839 ) ) ;
#1531 = CARTESIAN_POINT ( 'NONE',  ( 5.080000000000002736, 8.509000000000000341, 1.270000000000001128 ) ) ;
#1532 = EDGE_CURVE ( 'NONE', #2082, #844, #2985, .T. ) ;
#1533 = ADVANCED_FACE ( 'NONE', ( #1821 ), #4269, .F. ) ;
#1534 = VECTOR ( 'NONE', #5133, 1000.000000000000000 ) ;
#1535 = CARTESIAN_POINT ( 'NONE',  ( -5.968999999999996753, 7.239000000000000767, 0.3809999999999947873 ) ) ;
#1536 = ORIENTED_EDGE ( 'NONE', *, *, #7161, .F. ) ;
#1537 = VECTOR ( 'NONE', #5571, 1000.000000000000000 ) ;
#1538 = PLANE ( 'NONE',  #2199 ) ;
#1539 = CARTESIAN_POINT ( 'NONE',  ( -6.476999999999994984, 7.810499999999999332, -0.1270000000000042206 ) ) ;
#1540 = DIRECTION ( 'NONE',  ( 0.000000000000000000, -1.000000000000000000, -0.000000000000000000 ) ) ;
#1541 = FACE_OUTER_BOUND ( 'NONE', #4172, .T. ) ;
#1542 = PLANE ( 'NONE',  #3227 ) ;
#1543 = LINE ( 'NONE', #4260, #4470 ) ;
#1544 = EDGE_LOOP ( 'NONE', ( #3076, #5214, #2173, #6148 ) ) ;
#1545 = LINE ( 'NONE', #4962, #5940 ) ;
#1546 = EDGE_CURVE ( 'NONE', #3468, #2697, #6573, .T. ) ;
#1547 = ORIENTED_EDGE ( 'NONE', *, *, #2505, .F. ) ;
#1548 = ORIENTED_EDGE ( 'NONE', *, *, #4267, .F. ) ;
#1549 = ORIENTED_EDGE ( 'NONE', *, *, #3697, .F. ) ;
#1550 = FACE_OUTER_BOUND ( 'NONE', #2521, .T. ) ;
#1551 = DIRECTION ( 'NONE',  ( 0.000000000000000000, -1.000000000000000000, 0.000000000000000000 ) ) ;
#1552 = CARTESIAN_POINT ( 'NONE',  ( 7.620000000000003659, 2.177422008883992879E-16, -0.8890000000000013447 ) ) ;
#1553 = CARTESIAN_POINT ( 'NONE',  ( 2.095500000000007024, 8.509000000000000341, -1.270000000000001128 ) ) ;
#1554 = CARTESIAN_POINT ( 'NONE',  ( -15.49399999999999977, 2.177422008883992879E-16, -0.8890000000000013447 ) ) ;
#1555 = ORIENTED_EDGE ( 'NONE', *, *, #2176, .F. ) ;
#1556 = EDGE_LOOP ( 'NONE', ( #5985, #3546, #2539, #120 ) ) ;
#1557 = ORIENTED_EDGE ( 'NONE', *, *, #3004, .T. ) ;
#1558 = DIRECTION ( 'NONE',  ( -0.000000000000000000, 1.000000000000000000, 1.733406087350420004E-16 ) ) ;
#1559 = CARTESIAN_POINT ( 'NONE',  ( 5.080000000000002736, 0.000000000000000000, 0.000000000000000000 ) ) ;
#1560 = DIRECTION ( 'NONE',  ( -0.000000000000000000, -0.000000000000000000, 1.000000000000000000 ) ) ;
#1561 = ORIENTED_EDGE ( 'NONE', *, *, #3095, .F. ) ;
#1562 = CARTESIAN_POINT ( 'NONE',  ( -12.69999999999999751, 8.509000000000000341, -1.270000000000001128 ) ) ;
#1563 = CARTESIAN_POINT ( 'NONE',  ( -0.1961031209927693586, -3.200400000000000134, -0.2032000000000002138 ) ) ;
#1564 = DIRECTION ( 'NONE',  ( -1.000000000000000000, -0.000000000000000000, -0.000000000000000000 ) ) ;
#1565 = SURFACE_STYLE_USAGE ( .BOTH. , #3310 ) ;
#1566 = CARTESIAN_POINT ( 'NONE',  ( -2.539999999999996927, 8.509000000000000341, 1.270000000000001128 ) ) ;
#1567 = EDGE_CURVE ( 'NONE', #3297, #3078, #124, .T. ) ;
#1568 = ORIENTED_EDGE ( 'NONE', *, *, #7217, .T. ) ;
#1569 = AXIS2_PLACEMENT_3D ( 'NONE', #2681, #4970, #4344 ) ;
#1570 = VECTOR ( 'NONE', #812, 1000.000000000000000 ) ;
#1571 = EDGE_CURVE ( 'NONE', #1788, #253, #3597, .T. ) ;
#1572 = SURFACE_SIDE_STYLE ('',( #4513 ) ) ;
#1573 = DIRECTION ( 'NONE',  ( 0.000000000000000000, 0.000000000000000000, -1.000000000000000000 ) ) ;
#1574 = DIRECTION ( 'NONE',  ( -0.000000000000000000, 0.2588190451025140781, 0.9659258262890700886 ) ) ;
#1575 = DIRECTION ( 'NONE',  ( -1.000000000000000000, 0.000000000000000000, 0.000000000000000000 ) ) ;
#1576 = CARTESIAN_POINT ( 'NONE',  ( -8.508999999999995012, 7.239000000000000767, 0.3809999999999947873 ) ) ;
#1577 = VERTEX_POINT ( 'NONE', #1399 ) ;
#1578 = FACE_OUTER_BOUND ( 'NONE', #5386, .T. ) ;
#1579 = VECTOR ( 'NONE', #3, 1000.000000000000000 ) ;
#1580 = VECTOR ( 'NONE', #1680, 1000.000000000000000 ) ;
#1581 = ORIENTED_EDGE ( 'NONE', *, *, #1826, .F. ) ;
#1582 = ORIENTED_EDGE ( 'NONE', *, *, #4394, .T. ) ;
#1583 = ORIENTED_EDGE ( 'NONE', *, *, #5778, .F. ) ;
#1584 = ADVANCED_FACE ( 'NONE', ( #166 ), #3130, .F. ) ;
#1585 = EDGE_CURVE ( 'NONE', #2009, #3725, #7032, .T. ) ;
#1586 = LINE ( 'NONE', #4416, #6964 ) ;
#1587 = VECTOR ( 'NONE', #2331, 1000.000000000000000 ) ;
#1588 = VECTOR ( 'NONE', #6679, 1000.000000000000000 ) ;
#1589 = CARTESIAN_POINT ( 'NONE',  ( -7.619999999999997442, 0.5080000000000000071, 0.7528818102449925664 ) ) ;
#1590 = PLANE ( 'NONE',  #1161 ) ;
#1591 = ORIENTED_EDGE ( 'NONE', *, *, #2691, .F. ) ;
#1592 = LINE ( 'NONE', #909, #3540 ) ;
#1593 = EDGE_LOOP ( 'NONE', ( #3257, #1547, #7372, #943 ) ) ;
#1594 = VECTOR ( 'NONE', #1413, 1000.000000000000000 ) ;
#1595 = VERTEX_POINT ( 'NONE', #3059 ) ;
#1596 = ORIENTED_EDGE ( 'NONE', *, *, #4112, .T. ) ;
#1597 = EDGE_CURVE ( 'NONE', #2235, #6824, #7065, .T. ) ;
#1598 = DIRECTION ( 'NONE',  ( 0.000000000000000000, 1.000000000000000000, -5.054934237236841843E-31 ) ) ;
#1599 = FACE_OUTER_BOUND ( 'NONE', #5204, .T. ) ;
#1600 = AXIS2_PLACEMENT_3D ( 'NONE', #3575, #736, #773 ) ;
#1601 = CARTESIAN_POINT ( 'NONE',  ( 3.469446951953614189E-15, 0.5080000000000000071, 0.7528818102449925664 ) ) ;
#1602 = ORIENTED_EDGE ( 'NONE', *, *, #1065, .F. ) ;
#1603 = FACE_OUTER_BOUND ( 'NONE', #1436, .T. ) ;
#1604 = SURFACE_SIDE_STYLE ('',( #6093 ) ) ;
#1605 = CARTESIAN_POINT ( 'NONE',  ( -2.539999999999996927, 0.000000000000000000, 0.000000000000000000 ) ) ;
#1606 = FACE_OUTER_BOUND ( 'NONE', #6926, .T. ) ;
#1607 = DIRECTION ( 'NONE',  ( 0.000000000000000000, 0.2588190451025145222, -0.9659258262890699775 ) ) ;
#1608 = VECTOR ( 'NONE', #2833, 1000.000000000000000 ) ;
#1609 = EDGE_LOOP ( 'NONE', ( #3554, #810, #5253, #4774 ) ) ;
#1610 = ORIENTED_EDGE ( 'NONE', *, *, #6938, .F. ) ;
#1611 = FILL_AREA_STYLE_COLOUR ( '', #5802 ) ;
#1612 = DIRECTION ( 'NONE',  ( 0.000000000000000000, -0.000000000000000000, -1.000000000000000000 ) ) ;
#1613 = CARTESIAN_POINT ( 'NONE',  ( 5.080000000000002736, 0.000000000000000000, 1.269999999999998908 ) ) ;
#1614 = CARTESIAN_POINT ( 'NONE',  ( -7.619999999999997442, 8.509000000000000341, 1.270000000000001128 ) ) ;
#1615 = EDGE_CURVE ( 'NONE', #3468, #1089, #6498, .T. ) ;
#1616 = EDGE_LOOP ( 'NONE', ( #2422, #3274, #4629, #705 ) ) ;
#1617 = LINE ( 'NONE', #6112, #648 ) ;
#1618 = AXIS2_PLACEMENT_3D ( 'NONE', #694, #1263, #2992 ) ;
#1619 = MANIFOLD_SOLID_BREP ( 'LPattern1[4]', #6692 ) ;
#1620 = EDGE_CURVE ( 'NONE', #5298, #5240, #6689, .T. ) ;
#1621 = ORIENTED_EDGE ( 'NONE', *, *, #3258, .F. ) ;
#1622 = ORIENTED_EDGE ( 'NONE', *, *, #2383, .T. ) ;
#1623 = VERTEX_POINT ( 'NONE', #762 ) ;
#1624 = CARTESIAN_POINT ( 'NONE',  ( -10.15999999999999837, 0.000000000000000000, 0.000000000000000000 ) ) ;
#1625 = CARTESIAN_POINT ( 'NONE',  ( -12.69999999999999751, 8.509000000000000341, 0.8254999999999981242 ) ) ;
#1626 = CARTESIAN_POINT ( 'NONE',  ( 7.620000000000003659, 2.177422008883992879E-16, -0.8890000000000013447 ) ) ;
#1627 = DIRECTION ( 'NONE',  ( -0.000000000000000000, 0.000000000000000000, -1.000000000000000000 ) ) ;
#1628 = EDGE_CURVE ( 'NONE', #4389, #3460, #385, .T. ) ;
#1629 = DIRECTION ( 'NONE',  ( -1.000000000000000000, 0.000000000000000000, 0.000000000000000000 ) ) ;
#1630 = EDGE_CURVE ( 'NONE', #351, #5402, #311, .T. ) ;
#1631 = EDGE_CURVE ( 'NONE', #5518, #3819, #7293, .T. ) ;
#1632 = ORIENTED_EDGE ( 'NONE', *, *, #1981, .T. ) ;
#1633 = EDGE_CURVE ( 'NONE', #3164, #5373, #5505, .T. ) ;
#1634 = ORIENTED_EDGE ( 'NONE', *, *, #7209, .F. ) ;
#1635 = ORIENTED_EDGE ( 'NONE', *, *, #1672, .T. ) ;
#1636 = MANIFOLD_SOLID_BREP ( 'LPattern1[2]', #5107 ) ;
#1637 = EDGE_LOOP ( 'NONE', ( #6311, #7026, #204, #3193 ) ) ;
#1638 = VECTOR ( 'NONE', #3356, 1000.000000000000000 ) ;
#1639 = LINE ( 'NONE', #4535, #5785 ) ;
#1640 = DIRECTION ( 'NONE',  ( 1.000000000000000000, 0.000000000000000000, 0.000000000000000000 ) ) ;
#1641 = EDGE_CURVE ( 'NONE', #671, #1131, #2002, .T. ) ;
#1642 = ADVANCED_FACE ( 'NONE', ( #6772 ), #1590, .F. ) ;
#1643 = VERTEX_POINT ( 'NONE', #5583 ) ;
#1644 = PLANE ( 'NONE',  #2669 ) ;
#1645 = DIRECTION ( 'NONE',  ( 0.000000000000000000, 0.9659258262890700886, -0.2588190451025140781 ) ) ;
#1646 = CARTESIAN_POINT ( 'NONE',  ( 12.70000000000000462, 0.000000000000000000, 1.269999999999998908 ) ) ;
#1647 = LINE ( 'NONE', #3843, #3828 ) ;
#1648 = ORIENTED_EDGE ( 'NONE', *, *, #7219, .F. ) ;
#1649 = VECTOR ( 'NONE', #4248, 1000.000000000000000 ) ;
#1650 = DIRECTION ( 'NONE',  ( 0.000000000000000000, 0.000000000000000000, -1.000000000000000000 ) ) ;
#1651 = LINE ( 'NONE', #6299, #3741 ) ;
#1652 = LINE ( 'NONE', #969, #5969 ) ;
#1653 = CARTESIAN_POINT ( 'NONE',  ( 13.58900000000000752, 8.064499999999998892, 0.3809999999999949538 ) ) ;
#1654 = VECTOR ( 'NONE', #6086, 1000.000000000000000 ) ;
#1655 = LINE ( 'NONE', #1576, #4106 ) ;
#1656 = VERTEX_POINT ( 'NONE', #2717 ) ;
#1657 = ORIENTED_EDGE ( 'NONE', *, *, #1478, .T. ) ;
#1658 = EDGE_LOOP ( 'NONE', ( #7368, #71, #5227, #4637, #5441, #352, #4555, #4459 ) ) ;
#1659 = VECTOR ( 'NONE', #1662, 1000.000000000000000 ) ;
#1660 = ORIENTED_EDGE ( 'NONE', *, *, #4211, .F. ) ;
#1661 = ADVANCED_FACE ( 'NONE', ( #1022 ), #3330, .F. ) ;
#1662 = DIRECTION ( 'NONE',  ( -0.5773502691896267303, -0.5773502691896246208, -0.5773502691896259531 ) ) ;
#1663 = EDGE_CURVE ( 'NONE', #3164, #2235, #5698, .T. ) ;
#1664 = DIRECTION ( 'NONE',  ( -0.000000000000000000, 1.000000000000000000, 1.733406087350420004E-16 ) ) ;
#1665 = PLANE ( 'NONE',  #2059 ) ;
#1666 = FACE_OUTER_BOUND ( 'NONE', #3064, .T. ) ;
#1667 = PRODUCT_DEFINITION_SHAPE ( 'NONE', 'NONE',  #7450 ) ;
#1668 = ORIENTED_EDGE ( 'NONE', *, *, #2390, .T. ) ;
#1669 = EDGE_LOOP ( 'NONE', ( #168, #1120, #3371, #1246 ) ) ;
#1670 = ORIENTED_EDGE ( 'NONE', *, *, #891, .F. ) ;
#1671 = EDGE_LOOP ( 'NONE', ( #3406, #3000, #2744, #1875 ) ) ;
#1672 = EDGE_CURVE ( 'NONE', #4225, #6693, #4526, .T. ) ;
#1673 = EDGE_CURVE ( 'NONE', #7195, #5704, #3403, .T. ) ;
#1674 = PLANE ( 'NONE',  #6030 ) ;
#1675 = PLANE ( 'NONE',  #2490 ) ;
#1676 = ADVANCED_BREP_SHAPE_REPRESENTATION ( '', ( #4177, #4123, #4073, #4333, #1636, #6571, #1619, #4203, #6825, #4216, #6319, #6581, #6630, #4154, #765 ), #7036 ) ;
#1677 = ORIENTED_EDGE ( 'NONE', *, *, #1258, .F. ) ;
#1678 = PLANE ( 'NONE',  #6781 ) ;
#1679 = EDGE_CURVE ( 'NONE', #6028, #4053, #575, .T. ) ;
#1680 = DIRECTION ( 'NONE',  ( -0.000000000000000000, 1.000000000000000000, 1.733406087350420004E-16 ) ) ;
#1681 = LINE ( 'NONE', #2380, #2969 ) ;
#1682 =( NAMED_UNIT ( * ) PLANE_ANGLE_UNIT ( ) SI_UNIT ( $, .RADIAN. ) );
#1683 = DIRECTION ( 'NONE',  ( -0.000000000000000000, 0.000000000000000000, 1.000000000000000000 ) ) ;
#1684 = ORIENTED_EDGE ( 'NONE', *, *, #2498, .T. ) ;
#1685 = LINE ( 'NONE', #4655, #7143 ) ;
#1686 = DIRECTION ( 'NONE',  ( 0.000000000000000000, -1.440069553722777130E-16, 1.000000000000000000 ) ) ;
#1687 = CARTESIAN_POINT ( 'NONE',  ( -13.58899999999999686, 7.239000000000000767, 0.3809999999999947873 ) ) ;
#1688 = LINE ( 'NONE', #6830, #7131 ) ;
#1689 = DIRECTION ( 'NONE',  ( 0.000000000000000000, 0.000000000000000000, 1.000000000000000000 ) ) ;
#1690 = ORIENTED_EDGE ( 'NONE', *, *, #4792, .T. ) ;
#1691 = VECTOR ( 'NONE', #5035, 1000.000000000000000 ) ;
#1692 = ORIENTED_EDGE ( 'NONE', *, *, #294, .T. ) ;
#1693 = CARTESIAN_POINT ( 'NONE',  ( -5.968999999999996753, 7.239000000000000767, 0.3809999999999947873 ) ) ;
#1694 = PLANE ( 'NONE',  #3021 ) ;
#1695 = VECTOR ( 'NONE', #5504, 1000.000000000000000 ) ;
#1696 = VECTOR ( 'NONE', #47, 1000.000000000000000 ) ;
#1697 = LINE ( 'NONE', #6954, #6852 ) ;
#1698 = FACE_OUTER_BOUND ( 'NONE', #6575, .T. ) ;
#1699 = ORIENTED_EDGE ( 'NONE', *, *, #324, .F. ) ;
#1700 = DIRECTION ( 'NONE',  ( 0.000000000000000000, 5.054934237236841843E-31, 1.000000000000000000 ) ) ;
#1701 = VERTEX_POINT ( 'NONE', #499 ) ;
#1702 = VERTEX_POINT ( 'NONE', #5659 ) ;
#1703 = ORIENTED_EDGE ( 'NONE', *, *, #4503, .T. ) ;
#1704 = VECTOR ( 'NONE', #5339, 1000.000000000000000 ) ;
#1705 = AXIS2_PLACEMENT_3D ( 'NONE', #6444, #4249, #4725 ) ;
#1706 = ORIENTED_EDGE ( 'NONE', *, *, #6466, .T. ) ;
#1707 = PLANE ( 'NONE',  #3381 ) ;
#1708 = DIRECTION ( 'NONE',  ( 0.000000000000000000, 0.000000000000000000, -1.000000000000000000 ) ) ;
#1709 =( LENGTH_UNIT ( ) NAMED_UNIT ( * ) SI_UNIT ( .MILLI., .METRE. ) );
#1710 = VECTOR ( 'NONE', #3065, 1000.000000000000000 ) ;
#1711 = VECTOR ( 'NONE', #6326, 1000.000000000000000 ) ;
#1712 = EDGE_CURVE ( 'NONE', #1643, #3164, #6919, .T. ) ;
#1713 = EDGE_CURVE ( 'NONE', #7290, #5547, #6808, .T. ) ;
#1714 = ORIENTED_EDGE ( 'NONE', *, *, #4035, .T. ) ;
#1715 = VECTOR ( 'NONE', #4622, 1000.000000000000227 ) ;
#1716 = DIRECTION ( 'NONE',  ( 0.000000000000000000, -1.440069553722777130E-16, 1.000000000000000000 ) ) ;
#1717 = LINE ( 'NONE', #4645, #5290 ) ;
#1718 = LINE ( 'NONE', #4508, #3747 ) ;
#1719 = DIRECTION ( 'NONE',  ( -0.000000000000000000, 0.2588190451025140781, 0.9659258262890700886 ) ) ;
#1720 = SURFACE_STYLE_USAGE ( .BOTH. , #4615 ) ;
#1721 = STYLED_ITEM ( 'NONE', ( #3674 ), #6825 ) ;
#1722 = EDGE_CURVE ( 'NONE', #3481, #2607, #7403, .T. ) ;
#1723 = EDGE_CURVE ( 'NONE', #5373, #3676, #464, .T. ) ;
#1724 = ORIENTED_EDGE ( 'NONE', *, *, #5488, .T. ) ;
#1725 = CARTESIAN_POINT ( 'NONE',  ( 7.620000000000003659, 2.177422008883992879E-16, -0.8890000000000013447 ) ) ;
#1726 = CARTESIAN_POINT ( 'NONE',  ( 9.271000000000004349, 8.064499999999998892, -0.3810000000000038356 ) ) ;
#1727 = VECTOR ( 'NONE', #3779, 1000.000000000000000 ) ;
#1728 = CARTESIAN_POINT ( 'NONE',  ( 5.080000000000002736, 0.5080000000000000071, 0.7528818102449925664 ) ) ;
#1729 = LINE ( 'NONE', #3431, #262 ) ;
#1730 = EDGE_LOOP ( 'NONE', ( #1358, #315, #7088, #6457 ) ) ;
#1731 = EDGE_CURVE ( 'NONE', #1788, #5525, #4560, .T. ) ;
#1732 = STYLED_ITEM ( 'NONE', ( #7428 ), #1676 ) ;
#1733 = VERTEX_POINT ( 'NONE', #2831 ) ;
#1734 = PLANE ( 'NONE',  #1109 ) ;
#1735 = CARTESIAN_POINT ( 'NONE',  ( 10.16000000000000369, 0.5080000000000002292, -0.7528818102449945648 ) ) ;
#1736 =( GEOMETRIC_REPRESENTATION_CONTEXT ( 3 ) GLOBAL_UNCERTAINTY_ASSIGNED_CONTEXT ( ( #3595 ) ) GLOBAL_UNIT_ASSIGNED_CONTEXT ( ( #2282, #4058, #5752 ) ) REPRESENTATION_CONTEXT ( 'NONE', 'WORKASPACE' ) );
#1737 = CARTESIAN_POINT ( 'NONE',  ( -11.04899999999999594, 8.064499999999998892, 0.3809999999999947873 ) ) ;
#1738 = PLANE ( 'NONE',  #6648 ) ;
#1739 = ORIENTED_EDGE ( 'NONE', *, *, #1118, .F. ) ;
#1740 = CARTESIAN_POINT ( 'NONE',  ( 11.55700000000000394, 7.810499999999998444, 0.1269999999999948948 ) ) ;
#1741 = ORIENTED_EDGE ( 'NONE', *, *, #4647, .F. ) ;
#1742 =( REPRESENTATION_RELATIONSHIP ('NONE','NONE', #3318, #5372 ) REPRESENTATION_RELATIONSHIP_WITH_TRANSFORMATION ( #5587 )SHAPE_REPRESENTATION_RELATIONSHIP( ) );
#1743 = ORIENTED_EDGE ( 'NONE', *, *, #3198, .T. ) ;
#1744 = VERTEX_POINT ( 'NONE', #3442 ) ;
#1745 = DIRECTION ( 'NONE',  ( -0.000000000000000000, 0.000000000000000000, 1.000000000000000000 ) ) ;
#1746 = CLOSED_SHELL ( 'NONE', ( #6946, #5364, #3054, #1661, #5634, #5032, #3085, #3051, #6002, #3483, #5870, #331, #3647, #7154, #5644, #7035, #692, #4557, #3615 ) ) ;
#1747 = DIRECTION ( 'NONE',  ( 0.000000000000000000, 0.2588190451025145222, -0.9659258262890699775 ) ) ;
#1748 = LINE ( 'NONE', #4052, #1840 ) ;
#1749 = CLOSED_SHELL ( 'NONE', ( #432, #3201, #5767, #4159, #4315, #2151, #3899, #7120, #3562, #516 ) ) ;
#1750 = VERTEX_POINT ( 'NONE', #2333 ) ;
#1751 = VERTEX_POINT ( 'NONE', #6347 ) ;
#1752 = CARTESIAN_POINT ( 'NONE',  ( 3.429000000000005155, 7.239000000000000767, -0.3810000000000040021 ) ) ;
#1753 = CARTESIAN_POINT ( 'NONE',  ( -9.270999999999993690, 8.064499999999998892, 0.3809999999999947873 ) ) ;
#1754 = DIRECTION ( 'NONE',  ( -1.000000000000000000, 0.000000000000000000, -0.000000000000000000 ) ) ;
#1755 = EDGE_CURVE ( 'NONE', #5311, #5017, #2262, .T. ) ;
#1756 = DIRECTION ( 'NONE',  ( -1.000000000000000000, 0.000000000000000000, 0.000000000000000000 ) ) ;
#1757 = SURFACE_SIDE_STYLE ('',( #5178 ) ) ;
#1758 = AXIS2_PLACEMENT_3D ( 'NONE', #1462, #1917, #7129 ) ;
#1759 = ORIENTED_EDGE ( 'NONE', *, *, #1615, .T. ) ;
#1760 = AXIS2_PLACEMENT_3D ( 'NONE', #4871, #3074, #5904 ) ;
#1761 = EDGE_CURVE ( 'NONE', #2826, #2935, #4632, .T. ) ;
#1762 = DIRECTION ( 'NONE',  ( 0.000000000000000000, 0.000000000000000000, -1.000000000000000000 ) ) ;
#1763 = DIRECTION ( 'NONE',  ( 0.000000000000000000, 5.054934237236841843E-31, 1.000000000000000000 ) ) ;
#1764 = EDGE_CURVE ( 'NONE', #3352, #4164, #6267, .T. ) ;
#1765 = DIRECTION ( 'NONE',  ( -1.000000000000000000, -0.000000000000000000, -0.000000000000000000 ) ) ;
#1766 = DIRECTION ( 'NONE',  ( 0.5773502691896267303, -0.5773502691896247319, -0.5773502691896258421 ) ) ;
#1767 =( LENGTH_UNIT ( ) NAMED_UNIT ( * ) SI_UNIT ( .MILLI., .METRE. ) );
#1768 = VERTEX_POINT ( 'NONE', #1626 ) ;
#1769 = ORIENTED_EDGE ( 'NONE', *, *, #6150, .F. ) ;
#1770 = VECTOR ( 'NONE', #5502, 1000.000000000000000 ) ;
#1771 = ADVANCED_FACE ( 'NONE', ( #2865 ), #5159, .F. ) ;
#1772 = VECTOR ( 'NONE', #5217, 1000.000000000000000 ) ;
#1773 = DIRECTION ( 'NONE',  ( -0.000000000000000000, 1.000000000000000000, 1.733406087350420004E-16 ) ) ;
#1774 = PLANE ( 'NONE',  #2401 ) ;
#1775 = EDGE_CURVE ( 'NONE', #2329, #1744, #1697, .T. ) ;
#1776 = EDGE_CURVE ( 'NONE', #1899, #6053, #10, .T. ) ;
#1777 = CARTESIAN_POINT ( 'NONE',  ( -15.49399999999999977, 3.110602869834277161E-16, -1.270000000000001128 ) ) ;
#1778 = DIRECTION ( 'NONE',  ( 1.000000000000000000, 0.000000000000000000, -0.000000000000000000 ) ) ;
#1779 = ORIENTED_EDGE ( 'NONE', *, *, #1292, .F. ) ;
#1780 = CARTESIAN_POINT ( 'NONE',  ( 5.080000000000002736, 2.177422008883992879E-16, -0.8890000000000013447 ) ) ;
#1781 = EDGE_LOOP ( 'NONE', ( #2304, #6924, #5239, #399 ) ) ;
#1782 = AXIS2_PLACEMENT_3D ( 'NONE', #234, #3097, #4817 ) ;
#1783 = ORIENTED_EDGE ( 'NONE', *, *, #993, .F. ) ;
#1784 = VERTEX_POINT ( 'NONE', #5765 ) ;
#1785 = DIRECTION ( 'NONE',  ( 0.000000000000000000, 0.000000000000000000, 1.000000000000000000 ) ) ;
#1786 = FACE_OUTER_BOUND ( 'NONE', #2070, .T. ) ;
#1787 = FACE_OUTER_BOUND ( 'NONE', #1637, .T. ) ;
#1788 = VERTEX_POINT ( 'NONE', #3366 ) ;
#1789 = ORIENTED_EDGE ( 'NONE', *, *, #2392, .F. ) ;
#1790 = PLANE ( 'NONE',  #3641 ) ;
#1791 = DIRECTION ( 'NONE',  ( -1.000000000000000000, -0.000000000000000000, -0.000000000000000000 ) ) ;
#1792 = FACE_OUTER_BOUND ( 'NONE', #6354, .T. ) ;
#1793 = LINE ( 'NONE', #1187, #1772 ) ;
#1794 = CARTESIAN_POINT ( 'NONE',  ( -2.984499999999992159, 8.509000000000000341, -0.8255000000000067839 ) ) ;
#1795 = CARTESIAN_POINT ( 'NONE',  ( 12.70000000000000462, 0.000000000000000000, 1.269999999999998908 ) ) ;
#1796 = VERTEX_POINT ( 'NONE', #2901 ) ;
#1797 = DIRECTION ( 'NONE',  ( 0.000000000000000000, 0.2588190451025145222, -0.9659258262890699775 ) ) ;
#1798 = LINE ( 'NONE', #3355, #4222 ) ;
#1799 = CARTESIAN_POINT ( 'NONE',  ( -15.23999999999999844, 0.000000000000000000, 0.000000000000000000 ) ) ;
#1800 = DIRECTION ( 'NONE',  ( 0.000000000000000000, 0.000000000000000000, 1.000000000000000000 ) ) ;
#1801 = CARTESIAN_POINT ( 'NONE',  ( 3.469446951953614189E-15, 0.5080000000000002292, -0.7528818102449945648 ) ) ;
#1802 = ORIENTED_EDGE ( 'NONE', *, *, #2430, .F. ) ;
#1803 = ADVANCED_FACE ( 'NONE', ( #48 ), #1202, .F. ) ;
#1804 = EDGE_CURVE ( 'NONE', #5518, #4478, #2195, .T. ) ;
#1805 = ORIENTED_EDGE ( 'NONE', *, *, #4394, .F. ) ;
#1806 = CARTESIAN_POINT ( 'NONE',  ( 0.8890000000000043423, 8.064499999999998892, 0.3809999999999949538 ) ) ;
#1807 = LINE ( 'NONE', #6412, #2256 ) ;
#1808 = CARTESIAN_POINT ( 'NONE',  ( 1.734723475976807094E-15, -1.925929944387235853E-31, 0.8889999999999991243 ) ) ;
#1809 = CARTESIAN_POINT ( 'NONE',  ( 3.469446951953614189E-15, 0.5080000000000002292, -0.7528818102449945648 ) ) ;
#1810 = ORIENTED_EDGE ( 'NONE', *, *, #4209, .F. ) ;
#1811 = CARTESIAN_POINT ( 'NONE',  ( -7.619999999999997442, 8.509000000000000341, 1.270000000000001128 ) ) ;
#1812 = AXIS2_PLACEMENT_3D ( 'NONE', #747, #780, #6024 ) ;
#1813 = ORIENTED_EDGE ( 'NONE', *, *, #1488, .T. ) ;
#1814 = ADVANCED_FACE ( 'NONE', ( #4217 ), #1881, .F. ) ;
#1815 = ORIENTED_EDGE ( 'NONE', *, *, #2971, .T. ) ;
#1816 = EDGE_CURVE ( 'NONE', #4348, #7057, #2976, .T. ) ;
#1817 = ORIENTED_EDGE ( 'NONE', *, *, #605, .F. ) ;
#1818 = VECTOR ( 'NONE', #5886, 1000.000000000000000 ) ;
#1819 = AXIS2_PLACEMENT_3D ( 'NONE', #1605, #1039, #6933 ) ;
#1820 = DIRECTION ( 'NONE',  ( 0.000000000000000000, 1.440069553722777130E-16, -1.000000000000000000 ) ) ;
#1821 = FACE_OUTER_BOUND ( 'NONE', #2517, .T. ) ;
#1822 = DIRECTION ( 'NONE',  ( 0.000000000000000000, -0.000000000000000000, -1.000000000000000000 ) ) ;
#1823 = LINE ( 'NONE', #1289, #2550 ) ;
#1824 = AXIS2_PLACEMENT_3D ( 'NONE', #5837, #1849, #4142 ) ;
#1825 = AXIS2_PLACEMENT_3D ( 'NONE', #6185, #369, #4407 ) ;
#1826 = EDGE_CURVE ( 'NONE', #6714, #1862, #115, .T. ) ;
#1827 = ORIENTED_EDGE ( 'NONE', *, *, #1353, .T. ) ;
#1828 = CARTESIAN_POINT ( 'NONE',  ( -12.69999999999999751, 8.509000000000000341, -0.8255000000000067839 ) ) ;
#1829 = DIRECTION ( 'NONE',  ( 0.000000000000000000, 0.000000000000000000, 1.000000000000000000 ) ) ;
#1830 = VECTOR ( 'NONE', #5935, 1000.000000000000000 ) ;
#1831 = LINE ( 'NONE', #6434, #7188 ) ;
#1832 = CARTESIAN_POINT ( 'NONE',  ( -6.730999999999995431, 8.064499999999998892, 0.3809999999999949538 ) ) ;
#1833 = CARTESIAN_POINT ( 'NONE',  ( -6.349999999999996092, 0.000000000000000000, 0.000000000000000000 ) ) ;
#1834 = ORIENTED_EDGE ( 'NONE', *, *, #435, .F. ) ;
#1835 = AXIS2_PLACEMENT_3D ( 'NONE', #7162, #856, #5876 ) ;
#1836 = DIRECTION ( 'NONE',  ( 0.000000000000000000, 0.000000000000000000, -1.000000000000000000 ) ) ;
#1837 = PLANE ( 'NONE',  #3129 ) ;
#1838 = DIRECTION ( 'NONE',  ( -0.000000000000000000, 0.000000000000000000, -1.000000000000000000 ) ) ;
#1839 = PLANE ( 'NONE',  #7009 ) ;
#1840 = VECTOR ( 'NONE', #5776, 1000.000000000000000 ) ;
#1841 = VERTEX_POINT ( 'NONE', #5836 ) ;
#1842 = ORIENTED_EDGE ( 'NONE', *, *, #6893, .F. ) ;
#1843 = VECTOR ( 'NONE', #3405, 1000.000000000000000 ) ;
#1844 = CARTESIAN_POINT ( 'NONE',  ( 2.540000000000002256, 8.509000000000000341, -0.8255000000000067839 ) ) ;
#1845 = CARTESIAN_POINT ( 'NONE',  ( -12.69999999999999751, 8.509000000000000341, 1.270000000000001128 ) ) ;
#1846 = EDGE_CURVE ( 'NONE', #2709, #3468, #4770, .T. ) ;
#1847 = CARTESIAN_POINT ( 'NONE',  ( 15.24000000000000554, -1.925929944387235853E-31, 0.8889999999999991243 ) ) ;
#1848 = EDGE_CURVE ( 'NONE', #1796, #7144, #1918, .T. ) ;
#1849 = DIRECTION ( 'NONE',  ( 0.000000000000000000, -0.7071067811865483499, 0.7071067811865466846 ) ) ;
#1850 = ORIENTED_EDGE ( 'NONE', *, *, #5129, .T. ) ;
#1851 = DIRECTION ( 'NONE',  ( 0.000000000000000000, -0.9659258262890699775, -0.2588190451025145222 ) ) ;
#1852 = VERTEX_POINT ( 'NONE', #1808 ) ;
#1853 = ORIENTED_EDGE ( 'NONE', *, *, #2040, .T. ) ;
#1854 = ORIENTED_EDGE ( 'NONE', *, *, #5171, .F. ) ;
#1855 = AXIS2_PLACEMENT_3D ( 'NONE', #5012, #4790, #842 ) ;
#1856 = ADVANCED_FACE ( 'NONE', ( #7132 ), #5380, .F. ) ;
#1857 = FACE_OUTER_BOUND ( 'NONE', #7055, .T. ) ;
#1858 = CARTESIAN_POINT ( 'NONE',  ( -10.15999999999999659, 8.509000000000000341, 1.270000000000001128 ) ) ;
#1859 = ADVANCED_FACE ( 'NONE', ( #3620 ), #6528, .F. ) ;
#1860 = PLANE ( 'NONE',  #6163 ) ;
#1861 = CARTESIAN_POINT ( 'NONE',  ( 7.620000000000003659, 8.509000000000000341, -1.270000000000001128 ) ) ;
#1862 = VERTEX_POINT ( 'NONE', #3084 ) ;
#1863 = PLANE ( 'NONE',  #6904 ) ;
#1864 = EDGE_CURVE ( 'NONE', #5069, #6565, #4107, .T. ) ;
#1865 = LINE ( 'NONE', #1297, #5296 ) ;
#1866 = FACE_OUTER_BOUND ( 'NONE', #3656, .T. ) ;
#1867 = EDGE_CURVE ( 'NONE', #1237, #2082, #4141, .T. ) ;
#1868 = CARTESIAN_POINT ( 'NONE',  ( -7.619999999999997442, 8.509000000000000341, -1.270000000000001128 ) ) ;
#1869 = DIRECTION ( 'NONE',  ( 1.000000000000000000, 0.000000000000000000, 0.000000000000000000 ) ) ;
#1870 = VERTEX_POINT ( 'NONE', #6450 ) ;
#1871 = DIRECTION ( 'NONE',  ( -0.000000000000000000, -0.000000000000000000, 1.000000000000000000 ) ) ;
#1872 = FACE_OUTER_BOUND ( 'NONE', #7087, .T. ) ;
#1873 = CARTESIAN_POINT ( 'NONE',  ( 4.635500000000007503, 8.509000000000000341, 0.8254999999999981242 ) ) ;
#1874 = DIRECTION ( 'NONE',  ( -1.000000000000000000, 0.000000000000000000, 0.000000000000000000 ) ) ;
#1875 = ORIENTED_EDGE ( 'NONE', *, *, #4429, .F. ) ;
#1876 = ORIENTED_EDGE ( 'NONE', *, *, #3198, .F. ) ;
#1877 = APPLICATION_CONTEXT ( 'automotive_design' ) ;
#1878 = CARTESIAN_POINT ( 'NONE',  ( -7.619999999999997442, 3.110602869834277161E-16, -1.270000000000001128 ) ) ;
#1879 = DIRECTION ( 'NONE',  ( -1.000000000000000000, -0.000000000000000000, -0.000000000000000000 ) ) ;
#1880 = AXIS2_PLACEMENT_3D ( 'NONE', #782, #1354, #7053 ) ;
#1881 = PLANE ( 'NONE',  #3082 ) ;
#1882 = CARTESIAN_POINT ( 'NONE',  ( 15.49399999999999977, -1.925929944387235853E-31, 0.8889999999999991243 ) ) ;
#1883 = VERTEX_POINT ( 'NONE', #6489 ) ;
#1884 = CARTESIAN_POINT ( 'NONE',  ( 2.540000000000002256, 8.509000000000000341, 0.8254999999999981242 ) ) ;
#1885 = ORIENTED_EDGE ( 'NONE', *, *, #5760, .T. ) ;
#1886 = ORIENTED_EDGE ( 'NONE', *, *, #6907, .F. ) ;
#1887 = VECTOR ( 'NONE', #998, 1000.000000000000000 ) ;
#1888 = VECTOR ( 'NONE', #445, 1000.000000000000000 ) ;
#1889 = ORIENTED_EDGE ( 'NONE', *, *, #1816, .F. ) ;
#1890 = CARTESIAN_POINT ( 'NONE',  ( 0.8890000000000043423, 8.064499999999998892, -0.3810000000000038356 ) ) ;
#1891 = DIRECTION ( 'NONE',  ( -0.000000000000000000, -0.000000000000000000, 1.000000000000000000 ) ) ;
#1892 = CARTESIAN_POINT ( 'NONE',  ( -11.81099999999999461, 7.239000000000000767, -0.3810000000000040021 ) ) ;
#1893 = AXIS2_PLACEMENT_3D ( 'NONE', #2729, #955, #5555 ) ;
#1894 = CARTESIAN_POINT ( 'NONE',  ( -7.619999999999998330, 3.110602869834277161E-16, -1.270000000000001128 ) ) ;
#1895 = VECTOR ( 'NONE', #3225, 1000.000000000000000 ) ;
#1896 = VERTEX_POINT ( 'NONE', #4804 ) ;
#1897 = EDGE_CURVE ( 'NONE', #3573, #4565, #6561, .T. ) ;
#1898 = EDGE_CURVE ( 'NONE', #7277, #3544, #1277, .T. ) ;
#1899 = VERTEX_POINT ( 'NONE', #4259 ) ;
#1900 = VECTOR ( 'NONE', #1135, 1000.000000000000000 ) ;
#1901 = CARTESIAN_POINT ( 'NONE',  ( 5.080000000000002736, -1.925929944387235853E-31, 0.8889999999999991243 ) ) ;
#1902 = CARTESIAN_POINT ( 'NONE',  ( 12.70000000000000462, 0.5080000000000000071, 0.7528818102449925664 ) ) ;
#1903 = CARTESIAN_POINT ( 'NONE',  ( 8.509000000000005670, 8.064499999999998892, -0.3810000000000038356 ) ) ;
#1904 = CARTESIAN_POINT ( 'NONE',  ( 10.16000000000000369, 8.509000000000000341, 1.270000000000001128 ) ) ;
#1905 =( NAMED_UNIT ( * ) SI_UNIT ( $, .STERADIAN. ) SOLID_ANGLE_UNIT ( ) );
#1906 = ORIENTED_EDGE ( 'NONE', *, *, #6166, .F. ) ;
#1907 = ADVANCED_FACE ( 'NONE', ( #5916 ), #1389, .F. ) ;
#1908 = CARTESIAN_POINT ( 'NONE',  ( -13.58899999999999686, 8.064499999999998892, -0.3810000000000038356 ) ) ;
#1909 = PLANE ( 'NONE',  #6771 ) ;
#1910 = DIRECTION ( 'NONE',  ( -1.000000000000000000, 0.000000000000000000, 0.000000000000000000 ) ) ;
#1911 = CARTESIAN_POINT ( 'NONE',  ( 15.49399999999999977, 0.000000000000000000, 1.269999999999998908 ) ) ;
#1912 = DIRECTION ( 'NONE',  ( 0.000000000000000000, -2.449293598294710852E-16, 1.000000000000000000 ) ) ;
#1913 = ORIENTED_EDGE ( 'NONE', *, *, #656, .T. ) ;
#1914 = ORIENTED_EDGE ( 'NONE', *, *, #60, .T. ) ;
#1915 = CARTESIAN_POINT ( 'NONE',  ( -15.23999999999999844, 8.509000000000000341, -1.270000000000001128 ) ) ;
#1916 = FACE_BOUND ( 'NONE', #4321, .T. ) ;
#1917 = DIRECTION ( 'NONE',  ( 1.000000000000000000, 0.000000000000000000, -0.000000000000000000 ) ) ;
#1918 = LINE ( 'NONE', #7020, #3837 ) ;
#1919 = CARTESIAN_POINT ( 'NONE',  ( 15.24000000000000554, 8.509000000000000341, -0.8255000000000067839 ) ) ;
#1920 = EDGE_LOOP ( 'NONE', ( #1703, #2269, #624, #7208 ) ) ;
#1921 = CARTESIAN_POINT ( 'NONE',  ( 2.540000000000002256, 0.000000000000000000, 1.269999999999998908 ) ) ;
#1922 = EDGE_LOOP ( 'NONE', ( #6180, #6211, #3264, #2834 ) ) ;
#1923 = ORIENTED_EDGE ( 'NONE', *, *, #294, .F. ) ;
#1924 = ORIENTED_EDGE ( 'NONE', *, *, #4148, .F. ) ;
#1925 = PLANE ( 'NONE',  #801 ) ;
#1926 = UNCERTAINTY_MEASURE_WITH_UNIT (LENGTH_MEASURE( 1.000000000000000082E-05 ), #1709, 'distance_accuracy_value', 'NONE');
#1927 = PLANE ( 'NONE',  #375 ) ;
#1928 = FILL_AREA_STYLE ('',( #199 ) ) ;
#1929 = SURFACE_SIDE_STYLE ('',( #4310 ) ) ;
#1930 = ORIENTED_EDGE ( 'NONE', *, *, #527, .F. ) ;
#1931 = VECTOR ( 'NONE', #3558, 1000.000000000000000 ) ;
#1932 = AXIS2_PLACEMENT_3D ( 'NONE', #3727, #1419, #3619 ) ;
#1933 = VERTEX_POINT ( 'NONE', #644 ) ;
#1934 = CARTESIAN_POINT ( 'NONE',  ( 12.70000000000000107, 7.239000000000000767, -2.201425730935033664E-16 ) ) ;
#1935 = CARTESIAN_POINT ( 'NONE',  ( 11.55700000000000394, 7.810499999999999332, -0.1270000000000042206 ) ) ;
#1936 = LINE ( 'NONE', #7185, #4171 ) ;
#1937 = ADVANCED_FACE ( 'NONE', ( #5233 ), #84, .F. ) ;
#1938 = AXIS2_PLACEMENT_3D ( 'NONE', #3989, #1150, #1822 ) ;
#1939 = DIRECTION ( 'NONE',  ( 1.000000000000000000, -0.000000000000000000, -0.000000000000000000 ) ) ;
#1940 = AXIS2_PLACEMENT_3D ( 'NONE', #7413, #3457, #1076 ) ;
#1941 = EDGE_CURVE ( 'NONE', #5166, #1411, #1241, .T. ) ;
#1942 = ORIENTED_EDGE ( 'NONE', *, *, #3525, .F. ) ;
#1943 = VECTOR ( 'NONE', #1447, 1000.000000000000000 ) ;
#1944 = STYLED_ITEM ( 'NONE', ( #3075 ), #4073 ) ;
#1945 = CARTESIAN_POINT ( 'NONE',  ( -12.69999999999999751, 3.110602869834277161E-16, -1.270000000000001128 ) ) ;
#1946 = CARTESIAN_POINT ( 'NONE',  ( 2.540000000000002256, 8.509000000000000341, -1.270000000000001128 ) ) ;
#1947 = CARTESIAN_POINT ( 'NONE',  ( 15.49399999999999977, 0.5080000000000002292, -0.7528818102449945648 ) ) ;
#1948 = FILL_AREA_STYLE_COLOUR ( '', #2193 ) ;
#1949 = ADVANCED_FACE ( 'NONE', ( #750 ), #3046, .F. ) ;
#1950 = VECTOR ( 'NONE', #6048, 1000.000000000000000 ) ;
#1951 = EDGE_LOOP ( 'NONE', ( #5546, #5307, #1924, #3717 ) ) ;
#1952 = VERTEX_POINT ( 'NONE', #300 ) ;
#1953 = DIRECTION ( 'NONE',  ( 0.000000000000000000, -0.9659258262890699775, -0.2588190451025145222 ) ) ;
#1954 = CARTESIAN_POINT ( 'NONE',  ( 5.080000000000002736, 0.5080000000000002292, -0.7528818102449945648 ) ) ;
#1955 = AXIS2_PLACEMENT_3D ( 'NONE', #5411, #2780, #6181 ) ;
#1956 = CARTESIAN_POINT ( 'NONE',  ( -11.30299999999999727, 7.810499999999999332, -0.1270000000000042206 ) ) ;
#1957 = DIRECTION ( 'NONE',  ( -1.000000000000000000, -0.000000000000000000, -0.000000000000000000 ) ) ;
#1958 = FACE_BOUND ( 'NONE', #4772, .T. ) ;
#1959 = ORIENTED_EDGE ( 'NONE', *, *, #6995, .F. ) ;
#1960 = CARTESIAN_POINT ( 'NONE',  ( -6.730999999999995431, 7.239000000000000767, -0.3810000000000040021 ) ) ;
#1961 = ADVANCED_FACE ( 'NONE', ( #5106 ), #1542, .F. ) ;
#1962 = VERTEX_POINT ( 'NONE', #2671 ) ;
#1963 = MECHANICAL_DESIGN_GEOMETRIC_PRESENTATION_REPRESENTATION (  '', ( #7027 ), #3160 ) ;
#1964 = VERTEX_POINT ( 'NONE', #4881 ) ;
#1965 = ORIENTED_EDGE ( 'NONE', *, *, #5873, .T. ) ;
#1966 = LINE ( 'NONE', #5423, #1405 ) ;
#1967 = DIRECTION ( 'NONE',  ( 0.000000000000000000, 0.9659258262890700886, -0.2588190451025140781 ) ) ;
#1968 = VECTOR ( 'NONE', #4635, 1000.000000000000000 ) ;
#1969 = CARTESIAN_POINT ( 'NONE',  ( -2.539999999999996927, 8.509000000000000341, -1.270000000000001128 ) ) ;
#1970 =( NAMED_UNIT ( * ) SI_UNIT ( $, .STERADIAN. ) SOLID_ANGLE_UNIT ( ) );
#1971 = ORIENTED_EDGE ( 'NONE', *, *, #4610, .T. ) ;
#1972 = ORIENTED_EDGE ( 'NONE', *, *, #7112, .F. ) ;
#1973 = ORIENTED_EDGE ( 'NONE', *, *, #3237, .T. ) ;
#1974 = CARTESIAN_POINT ( 'NONE',  ( 10.16000000000000369, 8.509000000000000341, -1.270000000000001128 ) ) ;
#1975 = LINE ( 'NONE', #5045, #4935 ) ;
#1976 = CARTESIAN_POINT ( 'NONE',  ( 12.70000000000000462, 2.177422008883992879E-16, -0.8890000000000013447 ) ) ;
#1977 = LINE ( 'NONE', #7109, #6718 ) ;
#1978 = CONTEXT_DEPENDENT_SHAPE_REPRESENTATION ( #1742, #529 ) ;
#1979 =( REPRESENTATION_RELATIONSHIP ('NONE','NONE', #3318, #5372 ) REPRESENTATION_RELATIONSHIP_WITH_TRANSFORMATION ( #467 )SHAPE_REPRESENTATION_RELATIONSHIP( ) );
#1980 = EDGE_LOOP ( 'NONE', ( #302, #6533, #1985, #4534 ) ) ;
#1981 = EDGE_CURVE ( 'NONE', #3168, #3481, #4295, .T. ) ;
#1982 = DIRECTION ( 'NONE',  ( 0.000000000000000000, 1.000000000000000000, 0.000000000000000000 ) ) ;
#1983 = CARTESIAN_POINT ( 'NONE',  ( -7.619999999999997442, 2.177422008883992879E-16, -0.8890000000000013447 ) ) ;
#1984 = DIRECTION ( 'NONE',  ( -0.000000000000000000, -0.7071067811865482389, -0.7071067811865467956 ) ) ;
#1985 = ORIENTED_EDGE ( 'NONE', *, *, #3063, .F. ) ;
#1986 = EDGE_CURVE ( 'NONE', #4936, #5117, #4959, .T. ) ;
#1987 = ORIENTED_EDGE ( 'NONE', *, *, #7157, .F. ) ;
#1988 = ADVANCED_FACE ( 'NONE', ( #2027 ), #3280, .F. ) ;
#1989 = FACE_OUTER_BOUND ( 'NONE', #7069, .T. ) ;
#1990 = CARTESIAN_POINT ( 'NONE',  ( -4.635499999999998622, 8.509000000000000341, -1.270000000000001128 ) ) ;
#1991 = DIRECTION ( 'NONE',  ( -0.000000000000000000, -0.7071067811865482389, -0.7071067811865467956 ) ) ;
#1992 = PLANE ( 'NONE',  #3471 ) ;
#1993 = DIRECTION ( 'NONE',  ( 1.000000000000000000, 0.000000000000000000, 0.000000000000000000 ) ) ;
#1994 = ORIENTED_EDGE ( 'NONE', *, *, #3095, .T. ) ;
#1995 = DIRECTION ( 'NONE',  ( 0.000000000000000000, 2.548365665731588345E-16, -1.000000000000000000 ) ) ;
#1996 = ORIENTED_EDGE ( 'NONE', *, *, #3328, .T. ) ;
#1997 = ORIENTED_EDGE ( 'NONE', *, *, #695, .F. ) ;
#1998 = ORIENTED_EDGE ( 'NONE', *, *, #2312, .T. ) ;
#1999 = ADVANCED_FACE ( 'NONE', ( #2552 ), #6142, .F. ) ;
#2000 = CARTESIAN_POINT ( 'NONE',  ( -10.15999999999999659, 0.5080000000000002292, -0.7528818102449945648 ) ) ;
#2001 = CARTESIAN_POINT ( 'NONE',  ( 11.04900000000000659, 7.239000000000000767, 0.3809999999999947873 ) ) ;
#2002 = LINE ( 'NONE', #4972, #688 ) ;
#2003 = DIRECTION ( 'NONE',  ( 0.000000000000000000, 2.548365665731588345E-16, -1.000000000000000000 ) ) ;
#2004 = CARTESIAN_POINT ( 'NONE',  ( 3.429000000000005155, 7.239000000000000767, 0.3809999999999947873 ) ) ;
#2005 = VECTOR ( 'NONE', #4789, 1000.000000000000000 ) ;
#2006 = ORIENTED_EDGE ( 'NONE', *, *, #3429, .F. ) ;
#2007 = VECTOR ( 'NONE', #3379, 1000.000000000000000 ) ;
#2008 = ORIENTED_EDGE ( 'NONE', *, *, #7022, .F. ) ;
#2009 = VERTEX_POINT ( 'NONE', #3120 ) ;
#2010 = LINE ( 'NONE', #6126, #6535 ) ;
#2011 = VECTOR ( 'NONE', #5925, 1000.000000000000000 ) ;
#2012 = VECTOR ( 'NONE', #908, 1000.000000000000000 ) ;
#2013 = LINE ( 'NONE', #2419, #6107 ) ;
#2014 = FACE_OUTER_BOUND ( 'NONE', #5880, .T. ) ;
#2015 = VECTOR ( 'NONE', #2938, 1000.000000000000000 ) ;
#2016 = VECTOR ( 'NONE', #3560, 1000.000000000000000 ) ;
#2017 = ORIENTED_EDGE ( 'NONE', *, *, #5537, .F. ) ;
#2018 = DIRECTION ( 'NONE',  ( 0.000000000000000000, 0.000000000000000000, 1.000000000000000000 ) ) ;
#2019 = DIRECTION ( 'NONE',  ( 0.000000000000000000, -5.054934237236841843E-31, -1.000000000000000000 ) ) ;
#2020 = LINE ( 'NONE', #3800, #5672 ) ;
#2021 = CARTESIAN_POINT ( 'NONE',  ( 15.49399999999999977, 2.177422008883992879E-16, -0.8890000000000013447 ) ) ;
#2022 = CARTESIAN_POINT ( 'NONE',  ( 15.24000000000000554, 8.509000000000000341, -1.270000000000001128 ) ) ;
#2023 = ORIENTED_EDGE ( 'NONE', *, *, #2128, .T. ) ;
#2024 = DIRECTION ( 'NONE',  ( 0.000000000000000000, -1.000000000000000000, 0.000000000000000000 ) ) ;
#2025 = DIRECTION ( 'NONE',  ( 0.000000000000000000, -1.000000000000000000, 0.000000000000000000 ) ) ;
#2026 = LINE ( 'NONE', #1956, #1384 ) ;
#2027 = FACE_OUTER_BOUND ( 'NONE', #1028, .T. ) ;
#2028 = DIRECTION ( 'NONE',  ( -0.000000000000000000, 1.000000000000000000, 1.733406087350420004E-16 ) ) ;
#2029 = ADVANCED_FACE ( 'NONE', ( #7417 ), #1992, .F. ) ;
#2030 = EDGE_LOOP ( 'NONE', ( #550, #7103, #7353, #4013 ) ) ;
#2031 = CARTESIAN_POINT ( 'NONE',  ( 15.23999999999999844, -1.925929944387235853E-31, 0.8889999999999991243 ) ) ;
#2032 = ADVANCED_FACE ( 'NONE', ( #4545 ), #6597, .F. ) ;
#2033 = EDGE_LOOP ( 'NONE', ( #6360, #3011, #6032, #6493 ) ) ;
#2034 = EDGE_LOOP ( 'NONE', ( #4490, #6549, #468, #3966, #7246, #589, #3664, #5607 ) ) ;
#2035 = ORIENTED_EDGE ( 'NONE', *, *, #2351, .F. ) ;
#2036 = LINE ( 'NONE', #1285, #328 ) ;
#2037 = CARTESIAN_POINT ( 'NONE',  ( -11.81099999999999461, 8.064499999999998892, 0.3809999999999949538 ) ) ;
#2038 = DIRECTION ( 'NONE',  ( 0.000000000000000000, 0.000000000000000000, 1.000000000000000000 ) ) ;
#2039 = CARTESIAN_POINT ( 'NONE',  ( 2.540000000000002256, 8.509000000000000341, 1.270000000000001128 ) ) ;
#2040 = EDGE_CURVE ( 'NONE', #2520, #7305, #3242, .T. ) ;
#2041 = EDGE_CURVE ( 'NONE', #3001, #1327, #6070, .T. ) ;
#2042 = ORIENTED_EDGE ( 'NONE', *, *, #3789, .F. ) ;
#2043 = ADVANCED_FACE ( 'NONE', ( #6026 ), #370, .F. ) ;
#2044 = EDGE_LOOP ( 'NONE', ( #4749, #6203, #4039, #2200 ) ) ;
#2045 = ORIENTED_EDGE ( 'NONE', *, *, #1898, .F. ) ;
#2046 = DIRECTION ( 'NONE',  ( 0.000000000000000000, 1.000000000000000000, 1.733406087350420004E-16 ) ) ;
#2047 = CARTESIAN_POINT ( 'NONE',  ( 5.080000000000002736, 8.509000000000000341, 1.270000000000001128 ) ) ;
#2048 = LINE ( 'NONE', #2695, #1887 ) ;
#2049 = AXIS2_PLACEMENT_3D ( 'NONE', #2135, #4435, #6752 ) ;
#2050 = VECTOR ( 'NONE', #3080, 1000.000000000000000 ) ;
#2051 = ORIENTED_EDGE ( 'NONE', *, *, #6945, .F. ) ;
#2052 = CARTESIAN_POINT ( 'NONE',  ( -8.064499999999991786, 8.509000000000000341, -1.270000000000001128 ) ) ;
#2053 = SURFACE_STYLE_FILL_AREA ( #359 ) ;
#2054 = CARTESIAN_POINT ( 'NONE',  ( 15.49399999999999977, 2.177422008883992879E-16, -0.8890000000000013447 ) ) ;
#2055 = VECTOR ( 'NONE', #4496, 1000.000000000000000 ) ;
#2056 = VECTOR ( 'NONE', #4324, 1000.000000000000000 ) ;
#2057 = CARTESIAN_POINT ( 'NONE',  ( -8.508999999999995012, 7.239000000000000767, -0.3810000000000040021 ) ) ;
#2058 = FACE_OUTER_BOUND ( 'NONE', #1141, .T. ) ;
#2059 = AXIS2_PLACEMENT_3D ( 'NONE', #5621, #1778, #1627 ) ;
#2060 = VECTOR ( 'NONE', #6069, 1000.000000000000000 ) ;
#2061 = ORIENTED_EDGE ( 'NONE', *, *, #5728, .F. ) ;
#2062 = LINE ( 'NONE', #3238, #4952 ) ;
#2063 = CARTESIAN_POINT ( 'NONE',  ( -15.23999999999999844, 0.000000000000000000, 1.269999999999998908 ) ) ;
#2064 = FACE_OUTER_BOUND ( 'NONE', #6556, .T. ) ;
#2065 = AXIS2_PLACEMENT_3D ( 'NONE', #2089, #7262, #3301 ) ;
#2066 = DIRECTION ( 'NONE',  ( -1.000000000000000000, 0.000000000000000000, 0.000000000000000000 ) ) ;
#2067 = DIRECTION ( 'NONE',  ( 0.000000000000000000, 0.000000000000000000, 1.000000000000000000 ) ) ;
#2068 = ORIENTED_EDGE ( 'NONE', *, *, #3614, .T. ) ;
#2069 = LINE ( 'NONE', #5614, #5326 ) ;
#2070 = EDGE_LOOP ( 'NONE', ( #752, #3219, #2711, #1602 ) ) ;
#2071 = ORIENTED_EDGE ( 'NONE', *, *, #474, .F. ) ;
#2072 = ORIENTED_EDGE ( 'NONE', *, *, #5350, .F. ) ;
#2073 = VECTOR ( 'NONE', #1418, 1000.000000000000000 ) ;
#2074 = EDGE_CURVE ( 'NONE', #6966, #6083, #4334, .T. ) ;
#2075 = CARTESIAN_POINT ( 'NONE',  ( -7.619999999999997442, 0.5080000000000000071, 0.7528818102449925664 ) ) ;
#2076 = ADVANCED_FACE ( 'NONE', ( #1465 ), #899, .F. ) ;
#2077 = LINE ( 'NONE', #1398, #6770 ) ;
#2078 = DIRECTION ( 'NONE',  ( -1.000000000000000000, 0.000000000000000000, 0.000000000000000000 ) ) ;
#2079 = DIRECTION ( 'NONE',  ( 0.000000000000000000, 1.440069553722777130E-16, -1.000000000000000000 ) ) ;
#2080 = LINE ( 'NONE', #4383, #2808 ) ;
#2081 = VECTOR ( 'NONE', #6773, 1000.000000000000000 ) ;
#2082 = VERTEX_POINT ( 'NONE', #5494 ) ;
#2083 = ORIENTED_EDGE ( 'NONE', *, *, #3523, .F. ) ;
#2084 = VERTEX_POINT ( 'NONE', #4914 ) ;
#2085 = ORIENTED_EDGE ( 'NONE', *, *, #2827, .T. ) ;
#2086 = EDGE_CURVE ( 'NONE', #3030, #822, #7238, .T. ) ;
#2087 = VECTOR ( 'NONE', #7324, 1000.000000000000000 ) ;
#2088 = EDGE_CURVE ( 'NONE', #5511, #3087, #937, .T. ) ;
#2089 = CARTESIAN_POINT ( 'NONE',  ( -0.8889999999999956826, 7.239000000000000767, 0.3809999999999947873 ) ) ;
#2090 = EDGE_CURVE ( 'NONE', #5100, #3573, #4616, .T. ) ;
#2091 = CARTESIAN_POINT ( 'NONE',  ( 12.70000000000000462, 8.509000000000000341, 1.270000000000001128 ) ) ;
#2092 = LINE ( 'NONE', #2612, #2609 ) ;
#2093 = VECTOR ( 'NONE', #4661, 1000.000000000000000 ) ;
#2094 = ORIENTED_EDGE ( 'NONE', *, *, #2873, .T. ) ;
#2095 = CARTESIAN_POINT ( 'NONE',  ( 0.3810000000000000053, -2.692399999999995686, 0.000000000000000000 ) ) ;
#2096 = EDGE_CURVE ( 'NONE', #5200, #789, #5716, .T. ) ;
#2097 = EDGE_CURVE ( 'NONE', #419, #3592, #3422, .T. ) ;
#2098 = DIRECTION ( 'NONE',  ( 0.000000000000000000, -1.733406087350420004E-16, 1.000000000000000000 ) ) ;
#2099 = DIRECTION ( 'NONE',  ( 0.000000000000000000, 1.440069553722777130E-16, -1.000000000000000000 ) ) ;
#2100 = DIRECTION ( 'NONE',  ( 0.000000000000000000, -1.440069553722777130E-16, 1.000000000000000000 ) ) ;
#2101 = CARTESIAN_POINT ( 'NONE',  ( -13.14449999999999363, 8.509000000000000341, -0.8255000000000067839 ) ) ;
#2102 = LINE ( 'NONE', #6901, #6885 ) ;
#2103 = ORIENTED_EDGE ( 'NONE', *, *, #2745, .F. ) ;
#2104 = CARTESIAN_POINT ( 'NONE',  ( -10.15999999999999837, 0.000000000000000000, 1.269999999999998908 ) ) ;
#2105 = CARTESIAN_POINT ( 'NONE',  ( 13.58900000000000752, 7.239000000000000767, 0.3809999999999947873 ) ) ;
#2106 = CARTESIAN_POINT ( 'NONE',  ( 1.734723475976807094E-15, 3.110602869834277161E-16, -1.270000000000001128 ) ) ;
#2107 = LINE ( 'NONE', #264, #5064 ) ;
#2108 = EDGE_LOOP ( 'NONE', ( #2470, #5628, #3628, #4726 ) ) ;
#2109 = LINE ( 'NONE', #416, #5576 ) ;
#2110 = ORIENTED_EDGE ( 'NONE', *, *, #2636, .F. ) ;
#2111 = CLOSED_SHELL ( 'NONE', ( #5160, #5584, #7014, #5898, #4149, #2858, #7166, #5075, #2359, #712, #2867, #3563, #3488, #5679, #6758, #3039, #4733, #6330, #1479 ) ) ;
#2112 = EDGE_LOOP ( 'NONE', ( #5564, #3731, #3582, #1139 ) ) ;
#2113 = ORIENTED_EDGE ( 'NONE', *, *, #4609, .T. ) ;
#2114 = CARTESIAN_POINT ( 'NONE',  ( -15.49399999999999977, 8.509000000000000341, 1.270000000000001128 ) ) ;
#2115 = LINE ( 'NONE', #5435, #498 ) ;
#2116 = CARTESIAN_POINT ( 'NONE',  ( 0.3810000000000000053, -3.200400000000000134, 0.2032000000000001583 ) ) ;
#2117 = SURFACE_STYLE_FILL_AREA ( #425 ) ;
#2118 = DIRECTION ( 'NONE',  ( 0.000000000000000000, 0.000000000000000000, 1.000000000000000000 ) ) ;
#2119 = CARTESIAN_POINT ( 'NONE',  ( -10.15999999999999837, 2.177422008883992879E-16, -0.8890000000000013447 ) ) ;
#2120 = VERTEX_POINT ( 'NONE', #3108 ) ;
#2121 = ORIENTED_EDGE ( 'NONE', *, *, #2634, .F. ) ;
#2122 = ORIENTED_EDGE ( 'NONE', *, *, #4574, .F. ) ;
#2123 = ORIENTED_EDGE ( 'NONE', *, *, #5432, .T. ) ;
#2124 = LINE ( 'NONE', #1439, #1950 ) ;
#2125 = DIRECTION ( 'NONE',  ( -0.000000000000000000, 0.000000000000000000, -1.000000000000000000 ) ) ;
#2126 = DIRECTION ( 'NONE',  ( -0.000000000000000000, 0.000000000000000000, 1.000000000000000000 ) ) ;
#2127 = DIRECTION ( 'NONE',  ( 0.000000000000000000, 0.000000000000000000, -1.000000000000000000 ) ) ;
#2128 = EDGE_CURVE ( 'NONE', #1595, #1870, #4830, .T. ) ;
#2129 = EDGE_CURVE ( 'NONE', #6386, #5050, #5325, .T. ) ;
#2130 = VERTEX_POINT ( 'NONE', #3570 ) ;
#2131 = AXIS2_PLACEMENT_3D ( 'NONE', #1040, #6215, #6671 ) ;
#2132 = DIRECTION ( 'NONE',  ( 0.000000000000000000, -0.000000000000000000, 1.000000000000000000 ) ) ;
#2133 = CARTESIAN_POINT ( 'NONE',  ( 15.24000000000000554, 8.509000000000000341, -1.270000000000001128 ) ) ;
#2134 = DIRECTION ( 'NONE',  ( 1.000000000000000000, 0.000000000000000000, 0.000000000000000000 ) ) ;
#2135 = CARTESIAN_POINT ( 'NONE',  ( 3.429000000000005155, 7.239000000000000767, -0.3810000000000040021 ) ) ;
#2136 = AXIS2_PLACEMENT_3D ( 'NONE', #356, #3874, #1444 ) ;
#2137 = VECTOR ( 'NONE', #3291, 1000.000000000000000 ) ;
#2138 = EDGE_CURVE ( 'NONE', #117, #3100, #243, .T. ) ;
#2139 = LINE ( 'NONE', #2661, #69 ) ;
#2140 = EDGE_CURVE ( 'NONE', #4339, #3030, #2535, .T. ) ;
#2141 = ORIENTED_EDGE ( 'NONE', *, *, #3053, .T. ) ;
#2142 = CARTESIAN_POINT ( 'NONE',  ( 10.16000000000000369, 8.509000000000000341, -1.270000000000001128 ) ) ;
#2143 = CARTESIAN_POINT ( 'NONE',  ( -13.58899999999999686, 8.064499999999998892, 0.3809999999999947873 ) ) ;
#2144 = FACE_OUTER_BOUND ( 'NONE', #5285, .T. ) ;
#2145 = PRODUCT ( 'Pin - Gold', 'Pin - Gold', '', ( #6508 ) ) ;
#2146 = CARTESIAN_POINT ( 'NONE',  ( -11.81099999999999461, 7.239000000000000767, 0.3809999999999947873 ) ) ;
#2147 = LINE ( 'NONE', #5038, #5554 ) ;
#2148 = VERTEX_POINT ( 'NONE', #3643 ) ;
#2149 = DIRECTION ( 'NONE',  ( 0.000000000000000000, 2.449293598294710852E-16, -1.000000000000000000 ) ) ;
#2150 = VERTEX_POINT ( 'NONE', #6580 ) ;
#2151 = ADVANCED_FACE ( 'NONE', ( #213 ), #5976, .F. ) ;
#2152 = ORIENTED_EDGE ( 'NONE', *, *, #1256, .T. ) ;
#2153 = ORIENTED_EDGE ( 'NONE', *, *, #5629, .T. ) ;
#2154 = DIRECTION ( 'NONE',  ( -0.000000000000000000, 1.000000000000000000, 1.733406087350420004E-16 ) ) ;
#2155 = DIRECTION ( 'NONE',  ( 0.000000000000000000, -0.9659258262890699775, -0.2588190451025145222 ) ) ;
#2156 = LINE ( 'NONE', #5622, #2081 ) ;
#2157 = CONTEXT_DEPENDENT_SHAPE_REPRESENTATION ( #4438, #1001 ) ;
#2158 = ORIENTED_EDGE ( 'NONE', *, *, #2383, .F. ) ;
#2159 = ORIENTED_EDGE ( 'NONE', *, *, #4627, .T. ) ;
#2160 = EDGE_LOOP ( 'NONE', ( #5394, #1834, #4501, #1044 ) ) ;
#2161 = DIRECTION ( 'NONE',  ( -0.000000000000000000, 0.2588190451025140781, 0.9659258262890700886 ) ) ;
#2162 = LINE ( 'NONE', #2649, #5260 ) ;
#2163 = CARTESIAN_POINT ( 'NONE',  ( -7.619999999999998330, -1.925929944387235853E-31, 0.8889999999999991243 ) ) ;
#2164 = ORIENTED_EDGE ( 'NONE', *, *, #4617, .F. ) ;
#2165 = DIRECTION ( 'NONE',  ( -0.000000000000000000, 1.000000000000000000, 1.733406087350420004E-16 ) ) ;
#2166 = EDGE_CURVE ( 'NONE', #3168, #7323, #693, .T. ) ;
#2167 = DIRECTION ( 'NONE',  ( 0.000000000000000000, -0.9659258262890699775, -0.2588190451025145222 ) ) ;
#2168 = EDGE_CURVE ( 'NONE', #678, #6144, #5438, .T. ) ;
#2169 = DIRECTION ( 'NONE',  ( 0.000000000000000000, 0.000000000000000000, -1.000000000000000000 ) ) ;
#2170 = CARTESIAN_POINT ( 'NONE',  ( 15.23999999999999844, 0.5080000000000002292, -0.7528818102449945648 ) ) ;
#2171 = AXIS2_PLACEMENT_3D ( 'NONE', #5951, #3660, #707 ) ;
#2172 = LINE ( 'NONE', #2022, #3803 ) ;
#2173 = ORIENTED_EDGE ( 'NONE', *, *, #963, .F. ) ;
#2174 = AXIS2_PLACEMENT_3D ( 'NONE', #309, #4268, #424 ) ;
#2175 = VECTOR ( 'NONE', #2465, 1000.000000000000000 ) ;
#2176 = EDGE_CURVE ( 'NONE', #2769, #4423, #2420, .T. ) ;
#2177 = CARTESIAN_POINT ( 'NONE',  ( -5.968999999999996753, 7.239000000000000767, 0.3809999999999947873 ) ) ;
#2178 = LINE ( 'NONE', #3810, #2895 ) ;
#2179 = EDGE_CURVE ( 'NONE', #4636, #1162, #1977, .T. ) ;
#2180 = CARTESIAN_POINT ( 'NONE',  ( -15.49399999999999977, 0.5080000000000000071, 0.7528818102449925664 ) ) ;
#2181 = DIRECTION ( 'NONE',  ( 0.000000000000000000, 0.000000000000000000, -1.000000000000000000 ) ) ;
#2182 = EDGE_CURVE ( 'NONE', #3734, #2935, #4864, .T. ) ;
#2183 = DIRECTION ( 'NONE',  ( 0.000000000000000000, 0.000000000000000000, -1.000000000000000000 ) ) ;
#2184 = ORIENTED_EDGE ( 'NONE', *, *, #7298, .F. ) ;
#2185 = DIRECTION ( 'NONE',  ( -0.3420201433256659929, -0.9396926207859094271, -1.098928681830094149E-16 ) ) ;
#2186 = AXIS2_PLACEMENT_3D ( 'NONE', #3931, #6223, #2183 ) ;
#2187 = AXIS2_PLACEMENT_3D ( 'NONE', #4870, #2098, #4990 ) ;
#2188 = VERTEX_POINT ( 'NONE', #1904 ) ;
#2189 = ORIENTED_EDGE ( 'NONE', *, *, #6011, .F. ) ;
#2190 = ORIENTED_EDGE ( 'NONE', *, *, #2546, .T. ) ;
#2191 = CARTESIAN_POINT ( 'NONE',  ( 12.70000000000000462, 2.177422008883992879E-16, -0.8890000000000013447 ) ) ;
#2192 = VECTOR ( 'NONE', #6342, 1000.000000000000000 ) ;
#2193 = COLOUR_RGB ( '',0.2509803921568627416, 0.2509803921568627416, 0.2509803921568627416 ) ;
#2194 = EDGE_CURVE ( 'NONE', #5525, #3713, #7077, .T. ) ;
#2195 = LINE ( 'NONE', #4495, #1294 ) ;
#2196 = LINE ( 'NONE', #7436, #4350 ) ;
#2197 = LINE ( 'NONE', #5011, #278 ) ;
#2198 = ORIENTED_EDGE ( 'NONE', *, *, #441, .F. ) ;
#2199 = AXIS2_PLACEMENT_3D ( 'NONE', #3809, #484, #7316 ) ;
#2200 = ORIENTED_EDGE ( 'NONE', *, *, #1846, .F. ) ;
#2201 = ORIENTED_EDGE ( 'NONE', *, *, #1156, .T. ) ;
#2202 = ORIENTED_EDGE ( 'NONE', *, *, #617, .T. ) ;
#2203 = CARTESIAN_POINT ( 'NONE',  ( 10.16000000000000369, 8.509000000000000341, 1.270000000000001128 ) ) ;
#2204 = VECTOR ( 'NONE', #6389, 1000.000000000000000 ) ;
#2205 = CARTESIAN_POINT ( 'NONE',  ( 1.651000000000003132, 7.239000000000000767, 0.3809999999999947873 ) ) ;
#2206 = AXIS2_PLACEMENT_3D ( 'NONE', #5199, #6419, #3552 ) ;
#2207 = CARTESIAN_POINT ( 'NONE',  ( 5.969000000000005635, 7.239000000000000767, -0.3810000000000040021 ) ) ;
#2208 = CARTESIAN_POINT ( 'NONE',  ( 0.8890000000000043423, 8.064499999999998892, 0.3809999999999947873 ) ) ;
#2209 = PLANE ( 'NONE',  #94 ) ;
#2210 = CARTESIAN_POINT ( 'NONE',  ( 12.25550000000001027, 8.509000000000000341, -1.270000000000001128 ) ) ;
#2211 = ORIENTED_EDGE ( 'NONE', *, *, #4876, .T. ) ;
#2212 = ADVANCED_FACE ( 'NONE', ( #7042 ), #4128, .F. ) ;
#2213 = ORIENTED_EDGE ( 'NONE', *, *, #827, .F. ) ;
#2214 = FILL_AREA_STYLE ('',( #1611 ) ) ;
#2215 = CARTESIAN_POINT ( 'NONE',  ( 3.429000000000005155, 7.239000000000000767, -0.3810000000000040021 ) ) ;
#2216 = DIRECTION ( 'NONE',  ( 0.000000000000000000, 1.000000000000000000, 0.000000000000000000 ) ) ;
#2217 = DIRECTION ( 'NONE',  ( -1.000000000000000000, -0.000000000000000000, -0.000000000000000000 ) ) ;
#2218 = CARTESIAN_POINT ( 'NONE',  ( -12.69999999999999751, 0.5080000000000000071, 0.7528818102449925664 ) ) ;
#2219 = ORIENTED_EDGE ( 'NONE', *, *, #6190, .T. ) ;
#2220 = FILL_AREA_STYLE ('',( #5081 ) ) ;
#2221 = LINE ( 'NONE', #5140, #4653 ) ;
#2222 = ORIENTED_EDGE ( 'NONE', *, *, #6895, .T. ) ;
#2223 = ADVANCED_FACE ( 'NONE', ( #4162 ), #806, .F. ) ;
#2224 = ORIENTED_EDGE ( 'NONE', *, *, #3419, .F. ) ;
#2225 = EDGE_CURVE ( 'NONE', #1896, #679, #5857, .T. ) ;
#2226 = ORIENTED_EDGE ( 'NONE', *, *, #846, .F. ) ;
#2227 = CARTESIAN_POINT ( 'NONE',  ( -7.619999999999997442, 0.000000000000000000, 0.000000000000000000 ) ) ;
#2228 = DIRECTION ( 'NONE',  ( 0.000000000000000000, -5.054934237236841843E-31, -1.000000000000000000 ) ) ;
#2229 = LINE ( 'NONE', #465, #6036 ) ;
#2230 = FACE_BOUND ( 'NONE', #2236, .T. ) ;
#2231 = VECTOR ( 'NONE', #6179, 1000.000000000000227 ) ;
#2232 = ORIENTED_EDGE ( 'NONE', *, *, #2495, .T. ) ;
#2233 = ORIENTED_EDGE ( 'NONE', *, *, #2086, .F. ) ;
#2234 = EDGE_CURVE ( 'NONE', #3177, #6510, #2460, .T. ) ;
#2235 = VERTEX_POINT ( 'NONE', #3680 ) ;
#2236 = EDGE_LOOP ( 'NONE', ( #4004, #1183, #2963, #5739 ) ) ;
#2237 = LINE ( 'NONE', #6816, #5907 ) ;
#2238 = CARTESIAN_POINT ( 'NONE',  ( -2.539999999999996927, 8.509000000000000341, 1.270000000000001128 ) ) ;
#2239 = DIRECTION ( 'NONE',  ( -0.5773502691896268413, 0.5773502691896246208, -0.5773502691896256200 ) ) ;
#2240 = CARTESIAN_POINT ( 'NONE',  ( -8.508999999999995012, 7.239000000000000767, -0.3810000000000040021 ) ) ;
#2241 = DIRECTION ( 'NONE',  ( 0.000000000000000000, 0.000000000000000000, -1.000000000000000000 ) ) ;
#2242 = CARTESIAN_POINT ( 'NONE',  ( -14.35099999999999554, 8.064499999999998892, 0.3809999999999949538 ) ) ;
#2243 = CARTESIAN_POINT ( 'NONE',  ( 10.16000000000000369, 2.177422008883992879E-16, -0.8890000000000013447 ) ) ;
#2244 = VERTEX_POINT ( 'NONE', #770 ) ;
#2245 = AXIS2_PLACEMENT_3D ( 'NONE', #4197, #5400, #4863 ) ;
#2246 =( LENGTH_UNIT ( ) NAMED_UNIT ( * ) SI_UNIT ( .MILLI., .METRE. ) );
#2247 = CARTESIAN_POINT ( 'NONE',  ( -3.682999999999997165, 7.810499999999999332, -0.1270000000000042206 ) ) ;
#2248 = DIRECTION ( 'NONE',  ( 0.000000000000000000, 0.000000000000000000, -1.000000000000000000 ) ) ;
#2249 = VECTOR ( 'NONE', #2598, 1000.000000000000000 ) ;
#2250 = LINE ( 'NONE', #3392, #2909 ) ;
#2251 = VECTOR ( 'NONE', #4570, 1000.000000000000000 ) ;
#2252 = ORIENTED_EDGE ( 'NONE', *, *, #1567, .F. ) ;
#2253 = DIRECTION ( 'NONE',  ( 0.000000000000000000, 0.9659258262890700886, -0.2588190451025140781 ) ) ;
#2254 = VERTEX_POINT ( 'NONE', #6507 ) ;
#2255 = VERTEX_POINT ( 'NONE', #3068 ) ;
#2256 = VECTOR ( 'NONE', #4105, 1000.000000000000000 ) ;
#2257 = VECTOR ( 'NONE', #4732, 999.9999999999998863 ) ;
#2258 = VERTEX_POINT ( 'NONE', #5362 ) ;
#2259 = LINE ( 'NONE', #673, #1659 ) ;
#2260 = CARTESIAN_POINT ( 'NONE',  ( 5.969000000000005635, 8.064499999999998892, 0.3809999999999949538 ) ) ;
#2261 = EDGE_CURVE ( 'NONE', #117, #5341, #5401, .T. ) ;
#2262 = LINE ( 'NONE', #3972, #6483 ) ;
#2263 = EDGE_CURVE ( 'NONE', #3297, #679, #4392, .T. ) ;
#2264 = PLANE ( 'NONE',  #3506 ) ;
#2265 = CARTESIAN_POINT ( 'NONE',  ( -2.539999999999996927, 2.177422008883992879E-16, -0.8890000000000013447 ) ) ;
#2266 = ORIENTED_EDGE ( 'NONE', *, *, #4395, .T. ) ;
#2267 =( REPRESENTATION_RELATIONSHIP ('NONE','NONE', #3318, #5372 ) REPRESENTATION_RELATIONSHIP_WITH_TRANSFORMATION ( #3334 )SHAPE_REPRESENTATION_RELATIONSHIP( ) );
#2268 = ORIENTED_EDGE ( 'NONE', *, *, #2225, .T. ) ;
#2269 = ORIENTED_EDGE ( 'NONE', *, *, #1402, .F. ) ;
#2270 = ORIENTED_EDGE ( 'NONE', *, *, #7104, .T. ) ;
#2271 = PLANE ( 'NONE',  #3499 ) ;
#2272 = EDGE_CURVE ( 'NONE', #3898, #176, #7338, .T. ) ;
#2273 = CARTESIAN_POINT ( 'NONE',  ( -7.619999999999998330, 8.509000000000000341, -1.270000000000001128 ) ) ;
#2274 = EDGE_CURVE ( 'NONE', #5458, #6076, #319, .T. ) ;
#2275 = DIRECTION ( 'NONE',  ( -1.000000000000000000, -0.000000000000000000, -0.000000000000000000 ) ) ;
#2276 = EDGE_CURVE ( 'NONE', #6882, #2130, #2048, .T. ) ;
#2277 = LINE ( 'NONE', #7412, #1225 ) ;
#2278 = FACE_OUTER_BOUND ( 'NONE', #6393, .T. ) ;
#2279 = DIRECTION ( 'NONE',  ( 1.000000000000000000, -0.000000000000000000, -0.000000000000000000 ) ) ;
#2280 = EDGE_CURVE ( 'NONE', #4423, #2329, #6052, .T. ) ;
#2281 = PLANE ( 'NONE',  #6696 ) ;
#2282 =( LENGTH_UNIT ( ) NAMED_UNIT ( * ) SI_UNIT ( .MILLI., .METRE. ) );
#2283 = VERTEX_POINT ( 'NONE', #2163 ) ;
#2284 = FACE_OUTER_BOUND ( 'NONE', #3616, .T. ) ;
#2285 = CARTESIAN_POINT ( 'NONE',  ( -13.58899999999999686, 7.239000000000000767, 0.3809999999999947873 ) ) ;
#2286 = CARTESIAN_POINT ( 'NONE',  ( -15.49399999999999977, -1.925929944387235853E-31, 0.8889999999999991243 ) ) ;
#2287 = CARTESIAN_POINT ( 'NONE',  ( 15.49399999999999977, 0.000000000000000000, 1.269999999999998908 ) ) ;
#2288 = ORIENTED_EDGE ( 'NONE', *, *, #837, .F. ) ;
#2289 =( GEOMETRIC_REPRESENTATION_CONTEXT ( 3 ) GLOBAL_UNCERTAINTY_ASSIGNED_CONTEXT ( ( #430 ) ) GLOBAL_UNIT_ASSIGNED_CONTEXT ( ( #6935, #5068, #1078 ) ) REPRESENTATION_CONTEXT ( 'NONE', 'WORKASPACE' ) );
#2290 = AXIS2_PLACEMENT_3D ( 'NONE', #1159, #561, #1763 ) ;
#2291 = ORIENTED_EDGE ( 'NONE', *, *, #7157, .T. ) ;
#2292 = CARTESIAN_POINT ( 'NONE',  ( -5.079999999999997407, -1.925929944387235853E-31, 0.8889999999999991243 ) ) ;
#2293 = LINE ( 'NONE', #8, #4685 ) ;
#2294 = CARTESIAN_POINT ( 'NONE',  ( 7.620000000000003659, -1.925929944387235853E-31, 0.8889999999999991243 ) ) ;
#2295 = AXIS2_PLACEMENT_3D ( 'NONE', #7064, #2523, #6387 ) ;
#2296 = AXIS2_PLACEMENT_3D ( 'NONE', #4167, #2426, #7156 ) ;
#2297 = CARTESIAN_POINT ( 'NONE',  ( -5.968999999999996753, 7.239000000000000767, -0.3810000000000040021 ) ) ;
#2298 = DIRECTION ( 'NONE',  ( 0.000000000000000000, 0.000000000000000000, -1.000000000000000000 ) ) ;
#2299 = EDGE_LOOP ( 'NONE', ( #6665, #2008, #5119, #5918 ) ) ;
#2300 = LINE ( 'NONE', #1740, #1843 ) ;
#2301 = ORIENTED_EDGE ( 'NONE', *, *, #4876, .F. ) ;
#2302 = ORIENTED_EDGE ( 'NONE', *, *, #4943, .T. ) ;
#2303 = PRODUCT_RELATED_PRODUCT_CATEGORY ( 'part', '', ( #6737 ) ) ;
#2304 = ORIENTED_EDGE ( 'NONE', *, *, #6209, .T. ) ;
#2305 = VECTOR ( 'NONE', #1689, 1000.000000000000000 ) ;
#2306 = EDGE_CURVE ( 'NONE', #3090, #7445, #4357, .T. ) ;
#2307 = ORIENTED_EDGE ( 'NONE', *, *, #2276, .T. ) ;
#2308 = CARTESIAN_POINT ( 'NONE',  ( 11.81100000000000527, 7.239000000000000767, 0.3809999999999947873 ) ) ;
#2309 = PLANE ( 'NONE',  #2973 ) ;
#2310 = LINE ( 'NONE', #4711, #4837 ) ;
#2311 = AXIS2_PLACEMENT_3D ( 'NONE', #1934, #129, #4236 ) ;
#2312 = EDGE_CURVE ( 'NONE', #5402, #6028, #6087, .T. ) ;
#2313 = ADVANCED_FACE ( 'NONE', ( #3181 ), #6664, .F. ) ;
#2314 = VECTOR ( 'NONE', #1498, 1000.000000000000000 ) ;
#2315 = LINE ( 'NONE', #4054, #1345 ) ;
#2316 = DIRECTION ( 'NONE',  ( 0.000000000000000000, 1.440069553722777130E-16, -1.000000000000000000 ) ) ;
#2317 = CARTESIAN_POINT ( 'NONE',  ( -2.539999999999996927, 3.110602869834277161E-16, -1.270000000000001128 ) ) ;
#2318 = DIRECTION ( 'NONE',  ( 0.000000000000000000, -5.054934237236841843E-31, -1.000000000000000000 ) ) ;
#2319 = DIRECTION ( 'NONE',  ( 1.000000000000000000, 0.000000000000000000, 0.000000000000000000 ) ) ;
#2320 = AXIS2_PLACEMENT_3D ( 'NONE', #1323, #7179, #201 ) ;
#2321 = VERTEX_POINT ( 'NONE', #4428 ) ;
#2322 = EDGE_CURVE ( 'NONE', #3564, #1102, #4319, .T. ) ;
#2323 = EDGE_CURVE ( 'NONE', #3859, #754, #3226, .T. ) ;
#2324 = CARTESIAN_POINT ( 'NONE',  ( 14.35100000000000620, 7.239000000000000767, 0.3809999999999947873 ) ) ;
#2325 = LINE ( 'NONE', #2285, #494 ) ;
#2326 = VECTOR ( 'NONE', #974, 1000.000000000000000 ) ;
#2327 = DIRECTION ( 'NONE',  ( -1.000000000000000000, 0.000000000000000000, 0.000000000000000000 ) ) ;
#2328 = PRODUCT_DEFINITION_SHAPE ( 'NONE', 'NONE',  #6230 ) ;
#2329 = VERTEX_POINT ( 'NONE', #7267 ) ;
#2330 = ORIENTED_EDGE ( 'NONE', *, *, #2040, .F. ) ;
#2331 = DIRECTION ( 'NONE',  ( 0.000000000000000000, 1.440069553722777130E-16, -1.000000000000000000 ) ) ;
#2332 = LINE ( 'NONE', #6343, #6022 ) ;
#2333 = CARTESIAN_POINT ( 'NONE',  ( 4.191000000000003389, 8.064499999999998892, 0.3809999999999949538 ) ) ;
#2334 = PLANE ( 'NONE',  #3880 ) ;
#2335 = ORIENTED_EDGE ( 'NONE', *, *, #963, .T. ) ;
#2336 = PLANE ( 'NONE',  #1123 ) ;
#2337 = ORIENTED_EDGE ( 'NONE', *, *, #1164, .F. ) ;
#2338 = ORIENTED_EDGE ( 'NONE', *, *, #5960, .F. ) ;
#2339 = ORIENTED_EDGE ( 'NONE', *, *, #6292, .T. ) ;
#2340 = CARTESIAN_POINT ( 'NONE',  ( 14.35100000000000620, 7.239000000000000767, 0.3809999999999947873 ) ) ;
#2341 = LINE ( 'NONE', #3412, #5500 ) ;
#2342 = DIRECTION ( 'NONE',  ( -0.000000000000000000, 0.2588190451025140781, 0.9659258262890700886 ) ) ;
#2343 = VECTOR ( 'NONE', #2216, 1000.000000000000000 ) ;
#2344 = ORIENTED_EDGE ( 'NONE', *, *, #2280, .T. ) ;
#2345 = CARTESIAN_POINT ( 'NONE',  ( 3.469446951953614189E-15, 0.000000000000000000, 1.269999999999998908 ) ) ;
#2346 = FACE_BOUND ( 'NONE', #5626, .T. ) ;
#2347 = DIRECTION ( 'NONE',  ( -1.000000000000000000, 0.000000000000000000, 0.000000000000000000 ) ) ;
#2348 = SURFACE_STYLE_FILL_AREA ( #7415 ) ;
#2349 = ADVANCED_FACE ( 'NONE', ( #2014 ), #6620, .F. ) ;
#2350 = DIRECTION ( 'NONE',  ( 0.000000000000000000, 0.000000000000000000, 1.000000000000000000 ) ) ;
#2351 = EDGE_CURVE ( 'NONE', #3819, #6372, #2650, .T. ) ;
#2352 = ORIENTED_EDGE ( 'NONE', *, *, #6046, .T. ) ;
#2353 = DIRECTION ( 'NONE',  ( 0.000000000000000000, -1.440069553722777130E-16, 1.000000000000000000 ) ) ;
#2354 = DIRECTION ( 'NONE',  ( -0.5773502691896268413, 0.5773502691896246208, -0.5773502691896256200 ) ) ;
#2355 = LINE ( 'NONE', #5757, #310 ) ;
#2356 = LINE ( 'NONE', #2933, #3517 ) ;
#2357 = EDGE_CURVE ( 'NONE', #612, #5884, #2092, .T. ) ;
#2358 = LINE ( 'NONE', #1235, #2093 ) ;
#2359 = ADVANCED_FACE ( 'NONE', ( #3261 ), #7186, .T. ) ;
#2360 = ORIENTED_EDGE ( 'NONE', *, *, #2097, .T. ) ;
#2361 = VERTEX_POINT ( 'NONE', #6128 ) ;
#2362 = VECTOR ( 'NONE', #347, 1000.000000000000114 ) ;
#2363 = VECTOR ( 'NONE', #6325, 1000.000000000000000 ) ;
#2364 = FACE_OUTER_BOUND ( 'NONE', #7094, .T. ) ;
#2365 = DIRECTION ( 'NONE',  ( 1.000000000000000000, 0.000000000000000000, -0.000000000000000000 ) ) ;
#2366 = CARTESIAN_POINT ( 'NONE',  ( 1.651000000000003132, 7.239000000000000767, 0.3809999999999947873 ) ) ;
#2367 = DIRECTION ( 'NONE',  ( 0.000000000000000000, 1.000000000000000000, -5.054934237236841843E-31 ) ) ;
#2368 = ORIENTED_EDGE ( 'NONE', *, *, #2961, .T. ) ;
#2369 = LINE ( 'NONE', #51, #761 ) ;
#2370 = EDGE_LOOP ( 'NONE', ( #227, #3288, #4016, #5462 ) ) ;
#2371 = VECTOR ( 'NONE', #3302, 1000.000000000000000 ) ;
#2372 = VERTEX_POINT ( 'NONE', #398 ) ;
#2373 = ORIENTED_EDGE ( 'NONE', *, *, #5343, .T. ) ;
#2374 = CARTESIAN_POINT ( 'NONE',  ( 0.3810000000000000053, 0.5079999999999997851, 0.2032000000000010465 ) ) ;
#2375 = FACE_OUTER_BOUND ( 'NONE', #4015, .T. ) ;
#2376 = PLANE ( 'NONE',  #4250 ) ;
#2377 = VERTEX_POINT ( 'NONE', #4984 ) ;
#2378 = PLANE ( 'NONE',  #5796 ) ;
#2379 = FACE_OUTER_BOUND ( 'NONE', #7268, .T. ) ;
#2380 = CARTESIAN_POINT ( 'NONE',  ( -15.23999999999999844, 2.177422008883992879E-16, -0.8890000000000013447 ) ) ;
#2381 = DIRECTION ( 'NONE',  ( 1.000000000000000000, 0.000000000000000000, 0.000000000000000000 ) ) ;
#2382 = EDGE_LOOP ( 'NONE', ( #6366, #7406, #3336, #2042, #1699, #834, #6734, #3110 ) ) ;
#2383 = EDGE_CURVE ( 'NONE', #5704, #221, #4187, .T. ) ;
#2384 = EDGE_CURVE ( 'NONE', #3788, #7195, #3630, .T. ) ;
#2385 = LINE ( 'NONE', #6827, #4366 ) ;
#2386 = CARTESIAN_POINT ( 'NONE',  ( -15.49399999999999977, 8.509000000000000341, -1.270000000000001128 ) ) ;
#2387 = FACE_OUTER_BOUND ( 'NONE', #4604, .T. ) ;
#2388 = SHAPE_REPRESENTATION_RELATIONSHIP ( 'NONE' , 'NONE' ,  #1527, #1676 ) ;
#2389 = ORIENTED_EDGE ( 'NONE', *, *, #3148, .F. ) ;
#2390 = EDGE_CURVE ( 'NONE', #5273, #4225, #2522, .T. ) ;
#2391 = VERTEX_POINT ( 'NONE', #6035 ) ;
#2392 = EDGE_CURVE ( 'NONE', #14, #7260, #2036, .T. ) ;
#2393 = ADVANCED_FACE ( 'NONE', ( #7174 ), #163, .F. ) ;
#2394 = CARTESIAN_POINT ( 'NONE',  ( 13.14450000000000429, 8.509000000000000341, 0.8254999999999981242 ) ) ;
#2395 = CARTESIAN_POINT ( 'NONE',  ( -0.1961031209927693308, -3.200400000000000134, 0.2032000000000001583 ) ) ;
#2396 = DIRECTION ( 'NONE',  ( 0.000000000000000000, 0.9659258262890700886, -0.2588190451025140781 ) ) ;
#2397 = CARTESIAN_POINT ( 'NONE',  ( -2.539999999999996927, -1.925929944387235853E-31, 0.8889999999999991243 ) ) ;
#2398 = ORIENTED_EDGE ( 'NONE', *, *, #6324, .F. ) ;
#2399 = CARTESIAN_POINT ( 'NONE',  ( 15.23999999999999844, 8.509000000000000341, 1.270000000000001128 ) ) ;
#2400 = AXIS2_PLACEMENT_3D ( 'NONE', #1441, #6168, #2125 ) ;
#2401 = AXIS2_PLACEMENT_3D ( 'NONE', #4071, #5378, #4768 ) ;
#2402 = ORIENTED_EDGE ( 'NONE', *, *, #1308, .F. ) ;
#2403 = EDGE_LOOP ( 'NONE', ( #6623, #2646, #5476, #6703 ) ) ;
#2404 = EDGE_CURVE ( 'NONE', #671, #1750, #7061, .T. ) ;
#2405 = VERTEX_POINT ( 'NONE', #3594 ) ;
#2406 = EDGE_CURVE ( 'NONE', #6766, #824, #3094, .T. ) ;
#2407 = VECTOR ( 'NONE', #1820, 1000.000000000000000 ) ;
#2408 = AXIS2_PLACEMENT_3D ( 'NONE', #4282, #5900, #737 ) ;
#2409 = LINE ( 'NONE', #4709, #1931 ) ;
#2410 = CARTESIAN_POINT ( 'NONE',  ( -7.619999999999997442, 0.5080000000000002292, -0.7528818102449945648 ) ) ;
#2411 = AXIS2_PLACEMENT_3D ( 'NONE', #1562, #440, #1526 ) ;
#2412 = AXIS2_PLACEMENT_3D ( 'NONE', #6980, #1800, #6944 ) ;
#2413 = UNCERTAINTY_MEASURE_WITH_UNIT (LENGTH_MEASURE( 1.000000000000000082E-05 ), #6672, 'distance_accuracy_value', 'NONE');
#2414 = ORIENTED_EDGE ( 'NONE', *, *, #100, .T. ) ;
#2415 = CARTESIAN_POINT ( 'NONE',  ( 1.651000000000003132, 8.064499999999998892, 0.3809999999999949538 ) ) ;
#2416 = DIRECTION ( 'NONE',  ( -1.000000000000000000, 0.000000000000000000, -0.000000000000000000 ) ) ;
#2417 = VECTOR ( 'NONE', #3259, 1000.000000000000000 ) ;
#2418 = PRESENTATION_LAYER_ASSIGNMENT (  '', '', ( #126 ) ) ;
#2419 = CARTESIAN_POINT ( 'NONE',  ( 10.16000000000000369, 8.509000000000000341, -0.8255000000000067839 ) ) ;
#2420 = LINE ( 'NONE', #729, #6583 ) ;
#2421 = FILL_AREA_STYLE_COLOUR ( '', #5826 ) ;
#2422 = ORIENTED_EDGE ( 'NONE', *, *, #2404, .T. ) ;
#2423 = ORIENTED_EDGE ( 'NONE', *, *, #745, .T. ) ;
#2424 = VECTOR ( 'NONE', #2665, 1000.000000000000000 ) ;
#2425 = LINE ( 'NONE', #5404, #1230 ) ;
#2426 = DIRECTION ( 'NONE',  ( -0.7071067811865462405, -0.7071067811865489050, 0.000000000000000000 ) ) ;
#2427 = LINE ( 'NONE', #1415, #4294 ) ;
#2428 = FACE_OUTER_BOUND ( 'NONE', #230, .T. ) ;
#2429 = COLOUR_RGB ( '',0.2509803921568627416, 0.2509803921568627416, 0.2509803921568627416 ) ;
#2430 = EDGE_CURVE ( 'NONE', #3993, #5100, #5885, .T. ) ;
#2431 = VERTEX_POINT ( 'NONE', #308 ) ;
#2432 = ORIENTED_EDGE ( 'NONE', *, *, #4691, .F. ) ;
#2433 = VECTOR ( 'NONE', #1138, 1000.000000000000000 ) ;
#2434 = CARTESIAN_POINT ( 'NONE',  ( -5.079999999999997407, 0.000000000000000000, 1.269999999999998908 ) ) ;
#2435 = LINE ( 'NONE', #3044, #6886 ) ;
#2436 = DIRECTION ( 'NONE',  ( 0.000000000000000000, 0.000000000000000000, -1.000000000000000000 ) ) ;
#2437 = FACE_OUTER_BOUND ( 'NONE', #4764, .T. ) ;
#2438 = EDGE_CURVE ( 'NONE', #2244, #3898, #5464, .T. ) ;
#2439 = ORIENTED_EDGE ( 'NONE', *, *, #2263, .T. ) ;
#2440 = LINE ( 'NONE', #1884, #3300 ) ;
#2441 = ADVANCED_FACE ( 'NONE', ( #7212 ), #791, .F. ) ;
#2442 = EDGE_LOOP ( 'NONE', ( #1190, #3870, #5395, #5681, #195, #825 ) ) ;
#2443 = ORIENTED_EDGE ( 'NONE', *, *, #838, .T. ) ;
#2444 = ORIENTED_EDGE ( 'NONE', *, *, #3763, .F. ) ;
#2445 = AXIS2_PLACEMENT_3D ( 'NONE', #2461, #3606, #3029 ) ;
#2446 = CARTESIAN_POINT ( 'NONE',  ( 8.509000000000005670, 7.239000000000000767, 0.3809999999999947873 ) ) ;
#2447 = UNCERTAINTY_MEASURE_WITH_UNIT (LENGTH_MEASURE( 1.000000000000000082E-05 ), #4091, 'distance_accuracy_value', 'NONE');
#2448 = CARTESIAN_POINT ( 'NONE',  ( 5.080000000000002736, 8.509000000000000341, 1.270000000000001128 ) ) ;
#2449 = DIRECTION ( 'NONE',  ( 0.000000000000000000, -5.054934237236841843E-31, -1.000000000000000000 ) ) ;
#2450 = CARTESIAN_POINT ( 'NONE',  ( 8.509000000000005670, 8.064499999999998892, 0.3809999999999947873 ) ) ;
#2451 = ORIENTED_EDGE ( 'NONE', *, *, #538, .F. ) ;
#2452 = EDGE_CURVE ( 'NONE', #1962, #1171, #4306, .T. ) ;
#2453 = VERTEX_POINT ( 'NONE', #7140 ) ;
#2454 = CLOSED_SHELL ( 'NONE', ( #3709, #346, #2076, #3557, #6385, #6345, #1486, #3985, #6465, #795, #1072, #2787, #1207, #2313, #4573, #4529, #2029, #7254, #2773 ) ) ;
#2455 = CARTESIAN_POINT ( 'NONE',  ( 9.715500000000009351, 8.509000000000000341, -1.270000000000001128 ) ) ;
#2456 = CARTESIAN_POINT ( 'NONE',  ( -15.49399999999999977, 3.110602869834277161E-16, -1.270000000000001128 ) ) ;
#2457 = LINE ( 'NONE', #5974, #1525 ) ;
#2458 = ITEM_DEFINED_TRANSFORMATION ( 'NONE', 'NONE', #5221,  #765 ) ;
#2459 =( LENGTH_UNIT ( ) NAMED_UNIT ( * ) SI_UNIT ( .MILLI., .METRE. ) );
#2460 = LINE ( 'NONE', #4755, #4420 ) ;
#2461 = CARTESIAN_POINT ( 'NONE',  ( 6.350000000000004974, 0.000000000000000000, 0.000000000000000000 ) ) ;
#2462 = VERTEX_POINT ( 'NONE', #6570 ) ;
#2463 = VECTOR ( 'NONE', #3081, 999.9999999999998863 ) ;
#2464 = DIRECTION ( 'NONE',  ( 1.000000000000000000, 0.000000000000000000, -0.000000000000000000 ) ) ;
#2465 = DIRECTION ( 'NONE',  ( 1.000000000000000000, 0.000000000000000000, 0.000000000000000000 ) ) ;
#2466 = LINE ( 'NONE', #6587, #6459 ) ;
#2467 = LINE ( 'NONE', #1379, #4696 ) ;
#2468 = DIRECTION ( 'NONE',  ( -0.000000000000000000, 1.000000000000000000, 2.449293598294710852E-16 ) ) ;
#2469 = ORIENTED_EDGE ( 'NONE', *, *, #1731, .F. ) ;
#2470 = ORIENTED_EDGE ( 'NONE', *, *, #3911, .T. ) ;
#2471 = DIRECTION ( 'NONE',  ( 0.5773502691896267303, -0.5773502691896247319, -0.5773502691896258421 ) ) ;
#2472 = CARTESIAN_POINT ( 'NONE',  ( 11.04900000000000659, 7.239000000000000767, -0.3810000000000040021 ) ) ;
#2473 = DIRECTION ( 'NONE',  ( -0.000000000000000000, 0.000000000000000000, 1.000000000000000000 ) ) ;
#2474 = AXIS2_PLACEMENT_3D ( 'NONE', #3587, #225, #2939 ) ;
#2475 = CARTESIAN_POINT ( 'NONE',  ( 7.620000000000003659, 8.509000000000000341, -1.270000000000001128 ) ) ;
#2476 = PLANE ( 'NONE',  #5189 ) ;
#2477 = ORIENTED_EDGE ( 'NONE', *, *, #619, .T. ) ;
#2478 = DIRECTION ( 'NONE',  ( -0.000000000000000000, 1.000000000000000000, 2.449293598294710852E-16 ) ) ;
#2479 = ORIENTED_EDGE ( 'NONE', *, *, #2881, .T. ) ;
#2480 = ORIENTED_EDGE ( 'NONE', *, *, #3249, .T. ) ;
#2481 = AXIS2_PLACEMENT_3D ( 'NONE', #7047, #7192, #4836 ) ;
#2482 = ORIENTED_EDGE ( 'NONE', *, *, #4890, .T. ) ;
#2483 = EDGE_CURVE ( 'NONE', #609, #2697, #232, .T. ) ;
#2484 = CARTESIAN_POINT ( 'NONE',  ( -12.69999999999999751, 8.509000000000000341, 1.270000000000001128 ) ) ;
#2485 = EDGE_CURVE ( 'NONE', #679, #2258, #6496, .T. ) ;
#2486 = CARTESIAN_POINT ( 'NONE',  ( 14.35100000000000620, 8.064499999999998892, -0.3810000000000038356 ) ) ;
#2487 = DIRECTION ( 'NONE',  ( 0.000000000000000000, 0.000000000000000000, -1.000000000000000000 ) ) ;
#2488 = LINE ( 'NONE', #6428, #497 ) ;
#2489 = CARTESIAN_POINT ( 'NONE',  ( 7.620000000000003659, -1.925929944387235853E-31, 0.8889999999999991243 ) ) ;
#2490 = AXIS2_PLACEMENT_3D ( 'NONE', #655, #1070, #5775 ) ;
#2491 = EDGE_LOOP ( 'NONE', ( #5635, #2803, #5096, #3359 ) ) ;
#2492 = AXIS2_PLACEMENT_3D ( 'NONE', #5835, #3548, #6307 ) ;
#2493 = ORIENTED_EDGE ( 'NONE', *, *, #3383, .T. ) ;
#2494 = VECTOR ( 'NONE', #708, 1000.000000000000000 ) ;
#2495 = EDGE_CURVE ( 'NONE', #3436, #904, #1966, .T. ) ;
#2496 = DIRECTION ( 'NONE',  ( 0.000000000000000000, -1.000000000000000000, -2.548365665731588345E-16 ) ) ;
#2497 = EDGE_CURVE ( 'NONE', #3564, #2983, #4891, .T. ) ;
#2498 = EDGE_CURVE ( 'NONE', #6380, #1896, #6460, .T. ) ;
#2499 = CARTESIAN_POINT ( 'NONE',  ( 7.620000000000003659, 0.5080000000000002292, -0.7528818102449945648 ) ) ;
#2500 = DIRECTION ( 'NONE',  ( 0.000000000000000000, 0.9659258262890700886, -0.2588190451025140781 ) ) ;
#2501 = ITEM_DEFINED_TRANSFORMATION ( 'NONE', 'NONE', #174,  #765 ) ;
#2502 = CARTESIAN_POINT ( 'NONE',  ( 8.509000000000005670, 7.239000000000000767, -0.3810000000000040021 ) ) ;
#2503 =( REPRESENTATION_RELATIONSHIP ('NONE','NONE', #3318, #5372 ) REPRESENTATION_RELATIONSHIP_WITH_TRANSFORMATION ( #3908 )SHAPE_REPRESENTATION_RELATIONSHIP( ) );
#2504 = EDGE_LOOP ( 'NONE', ( #4005, #3571, #3668, #865 ) ) ;
#2505 = EDGE_CURVE ( 'NONE', #5310, #2982, #1362, .T. ) ;
#2506 = PLANE ( 'NONE',  #6912 ) ;
#2507 = LINE ( 'NONE', #1983, #5419 ) ;
#2508 = PLANE ( 'NONE',  #2481 ) ;
#2509 = CARTESIAN_POINT ( 'NONE',  ( 15.49399999999999977, 0.5080000000000000071, 0.7528818102449925664 ) ) ;
#2510 = ORIENTED_EDGE ( 'NONE', *, *, #4436, .T. ) ;
#2511 = EDGE_LOOP ( 'NONE', ( #1690, #1469, #5510, #2876, #3758, #6240, #4049, #4194 ) ) ;
#2512 = DIRECTION ( 'NONE',  ( 0.000000000000000000, 0.000000000000000000, 1.000000000000000000 ) ) ;
#2513 = DIRECTION ( 'NONE',  ( 0.000000000000000000, -0.000000000000000000, -1.000000000000000000 ) ) ;
#2514 = LINE ( 'NONE', #3661, #3446 ) ;
#2515 = DIRECTION ( 'NONE',  ( 1.000000000000000000, 0.000000000000000000, 0.000000000000000000 ) ) ;
#2516 = PLANE ( 'NONE',  #254 ) ;
#2517 = EDGE_LOOP ( 'NONE', ( #6879, #4735, #378, #4765 ) ) ;
#2518 = LINE ( 'NONE', #4262, #3536 ) ;
#2519 = ORIENTED_EDGE ( 'NONE', *, *, #6841, .F. ) ;
#2520 = VERTEX_POINT ( 'NONE', #1890 ) ;
#2521 = EDGE_LOOP ( 'NONE', ( #2068, #2198, #4875, #2338 ) ) ;
#2522 = LINE ( 'NONE', #828, #2011 ) ;
#2523 = DIRECTION ( 'NONE',  ( 0.000000000000000000, -1.000000000000000000, 0.000000000000000000 ) ) ;
#2524 = CARTESIAN_POINT ( 'NONE',  ( -8.508999999999995012, 8.064499999999998892, 0.3809999999999947873 ) ) ;
#2525 =( LENGTH_UNIT ( ) NAMED_UNIT ( * ) SI_UNIT ( .MILLI., .METRE. ) );
#2526 = ORIENTED_EDGE ( 'NONE', *, *, #4122, .F. ) ;
#2527 = ADVANCED_FACE ( 'NONE', ( #5347 ), #1925, .F. ) ;
#2528 = VECTOR ( 'NONE', #5813, 1000.000000000000114 ) ;
#2529 = VECTOR ( 'NONE', #1276, 1000.000000000000000 ) ;
#2530 = EDGE_LOOP ( 'NONE', ( #458, #1375, #6409, #5235 ) ) ;
#2531 = LINE ( 'NONE', #1974, #990 ) ;
#2532 = CARTESIAN_POINT ( 'NONE',  ( -12.69999999999999751, -1.925929944387235853E-31, 0.8889999999999991243 ) ) ;
#2533 = DIRECTION ( 'NONE',  ( 0.000000000000000000, 0.000000000000000000, -1.000000000000000000 ) ) ;
#2534 = AXIS2_PLACEMENT_3D ( 'NONE', #1002, #6624, #886 ) ;
#2535 = LINE ( 'NONE', #1868, #5006 ) ;
#2536 = VECTOR ( 'NONE', #6286, 1000.000000000000000 ) ;
#2537 = EDGE_CURVE ( 'NONE', #2258, #4961, #1586, .T. ) ;
#2538 = ADVANCED_FACE ( 'NONE', ( #4454 ), #7360, .F. ) ;
#2539 = ORIENTED_EDGE ( 'NONE', *, *, #4539, .F. ) ;
#2540 = VECTOR ( 'NONE', #513, 1000.000000000000000 ) ;
#2541 = FACE_OUTER_BOUND ( 'NONE', #2944, .T. ) ;
#2542 = DIRECTION ( 'NONE',  ( -0.000000000000000000, -0.000000000000000000, 1.000000000000000000 ) ) ;
#2543 = DIRECTION ( 'NONE',  ( 0.000000000000000000, 0.000000000000000000, 1.000000000000000000 ) ) ;
#2544 = AXIS2_PLACEMENT_3D ( 'NONE', #698, #847, #3152 ) ;
#2545 = EDGE_LOOP ( 'NONE', ( #1581, #2072, #2432, #2035, #2164, #3871, #5615, #340 ) ) ;
#2546 = EDGE_CURVE ( 'NONE', #3255, #456, #6647, .T. ) ;
#2547 = ORIENTED_EDGE ( 'NONE', *, *, #2306, .F. ) ;
#2548 = DIRECTION ( 'NONE',  ( -1.000000000000000000, -0.000000000000000000, -0.000000000000000000 ) ) ;
#2549 = PLANE ( 'NONE',  #2171 ) ;
#2550 = VECTOR ( 'NONE', #6358, 1000.000000000000000 ) ;
#2551 = PLANE ( 'NONE',  #3682 ) ;
#2552 = FACE_OUTER_BOUND ( 'NONE', #306, .T. ) ;
#2553 = PLANE ( 'NONE',  #4940 ) ;
#2554 = VERTEX_POINT ( 'NONE', #3784 ) ;
#2555 = CARTESIAN_POINT ( 'NONE',  ( 4.635500000000007503, 8.509000000000000341, -0.8255000000000067839 ) ) ;
#2556 = VERTEX_POINT ( 'NONE', #944 ) ;
#2557 = VECTOR ( 'NONE', #5815, 1000.000000000000000 ) ;
#2558 = ORIENTED_EDGE ( 'NONE', *, *, #1672, .F. ) ;
#2559 = VERTEX_POINT ( 'NONE', #3250 ) ;
#2560 = DIRECTION ( 'NONE',  ( 0.000000000000000000, 1.440069553722777130E-16, -1.000000000000000000 ) ) ;
#2561 = DIRECTION ( 'NONE',  ( 0.000000000000000000, 1.440069553722777130E-16, -1.000000000000000000 ) ) ;
#2562 = VECTOR ( 'NONE', #1851, 1000.000000000000000 ) ;
#2563 = CARTESIAN_POINT ( 'NONE',  ( 3.469446951953614189E-15, -1.925929944387235853E-31, 0.8889999999999991243 ) ) ;
#2564 = DIRECTION ( 'NONE',  ( -1.000000000000000000, -0.000000000000000000, -0.000000000000000000 ) ) ;
#2565 = ORIENTED_EDGE ( 'NONE', *, *, #652, .T. ) ;
#2566 = VERTEX_POINT ( 'NONE', #3210 ) ;
#2567 = EDGE_LOOP ( 'NONE', ( #5703, #4038, #4626, #3600 ) ) ;
#2568 = DIRECTION ( 'NONE',  ( 0.000000000000000000, 1.000000000000000000, 2.449293598294710852E-16 ) ) ;
#2569 = LINE ( 'NONE', #4862, #3144 ) ;
#2570 = CARTESIAN_POINT ( 'NONE',  ( 4.191000000000003389, 8.064499999999998892, 0.3809999999999947873 ) ) ;
#2571 = AXIS2_PLACEMENT_3D ( 'NONE', #6328, #1154, #2381 ) ;
#2572 = DIRECTION ( 'NONE',  ( -1.000000000000000000, -0.000000000000000000, -0.000000000000000000 ) ) ;
#2573 = SHAPE_DEFINITION_REPRESENTATION ( #3415, #5372 ) ;
#2574 = ORIENTED_EDGE ( 'NONE', *, *, #3658, .F. ) ;
#2575 = CARTESIAN_POINT ( 'NONE',  ( 3.469446951953614189E-15, 8.509000000000000341, 0.8254999999999981242 ) ) ;
#2576 = ADVANCED_FACE ( 'NONE', ( #3902 ), #3862, .F. ) ;
#2577 = CARTESIAN_POINT ( 'NONE',  ( -2.539999999999996927, 3.110602869834277161E-16, -1.270000000000001128 ) ) ;
#2578 = EDGE_CURVE ( 'NONE', #1055, #1784, #5087, .T. ) ;
#2579 = CARTESIAN_POINT ( 'NONE',  ( 14.79550000000000942, 8.509000000000000341, -1.270000000000001128 ) ) ;
#2580 = CARTESIAN_POINT ( 'NONE',  ( 7.620000000000003659, 3.110602869834277161E-16, -1.270000000000001128 ) ) ;
#2581 = CARTESIAN_POINT ( 'NONE',  ( 2.540000000000002256, 8.509000000000000341, 1.270000000000001128 ) ) ;
#2582 = VECTOR ( 'NONE', #5148, 1000.000000000000114 ) ;
#2583 = ORIENTED_EDGE ( 'NONE', *, *, #21, .F. ) ;
#2584 = CARTESIAN_POINT ( 'NONE',  ( -15.49399999999999977, 0.5080000000000000071, 0.7528818102449925664 ) ) ;
#2585 = PLANE ( 'NONE',  #4579 ) ;
#2586 = EDGE_CURVE ( 'NONE', #5805, #5771, #2714, .T. ) ;
#2587 = ADVANCED_FACE ( 'NONE', ( #6195 ), #4923, .F. ) ;
#2588 = PLANE ( 'NONE',  #6940 ) ;
#2589 = EDGE_CURVE ( 'NONE', #3599, #6522, #2638, .T. ) ;
#2590 = CARTESIAN_POINT ( 'NONE',  ( 5.969000000000005635, 8.064499999999998892, -0.3810000000000038356 ) ) ;
#2591 = CARTESIAN_POINT ( 'NONE',  ( 5.080000000000000071, 7.239000000000000767, -2.201425730935033664E-16 ) ) ;
#2592 = ORIENTED_EDGE ( 'NONE', *, *, #2815, .F. ) ;
#2593 = DIRECTION ( 'NONE',  ( -1.000000000000000000, -0.000000000000000000, -0.000000000000000000 ) ) ;
#2594 = VECTOR ( 'NONE', #76, 1000.000000000000114 ) ;
#2595 = ORIENTED_EDGE ( 'NONE', *, *, #1430, .T. ) ;
#2596 = ORIENTED_EDGE ( 'NONE', *, *, #2998, .T. ) ;
#2597 = ORIENTED_EDGE ( 'NONE', *, *, #5811, .T. ) ;
#2598 = DIRECTION ( 'NONE',  ( 0.000000000000000000, -1.000000000000000000, -2.548365665731588345E-16 ) ) ;
#2599 = EDGE_CURVE ( 'NONE', #2084, #3126, #5618, .T. ) ;
#2600 = DIRECTION ( 'NONE',  ( -1.000000000000000000, -0.000000000000000000, -0.000000000000000000 ) ) ;
#2601 = FILL_AREA_STYLE_COLOUR ( '', #7194 ) ;
#2602 = CARTESIAN_POINT ( 'NONE',  ( 10.16000000000000369, 0.5080000000000000071, 0.7528818102449925664 ) ) ;
#2603 = CARTESIAN_POINT ( 'NONE',  ( 5.080000000000002736, 0.000000000000000000, 1.269999999999998908 ) ) ;
#2604 = ORIENTED_EDGE ( 'NONE', *, *, #1864, .T. ) ;
#2605 = VECTOR ( 'NONE', #6900, 1000.000000000000000 ) ;
#2606 = ORIENTED_EDGE ( 'NONE', *, *, #3519, .F. ) ;
#2607 = VERTEX_POINT ( 'NONE', #6806 ) ;
#2608 = CARTESIAN_POINT ( 'NONE',  ( 12.70000000000000462, -1.925929944387235853E-31, 0.8889999999999991243 ) ) ;
#2609 = VECTOR ( 'NONE', #5021, 999.9999999999998863 ) ;
#2610 = VECTOR ( 'NONE', #1483, 1000.000000000000000 ) ;
#2611 = LINE ( 'NONE', #5056, #927 ) ;
#2612 = CARTESIAN_POINT ( 'NONE',  ( 0.8890000000000043423, 8.064499999999998892, 0.3809999999999947873 ) ) ;
#2613 = AXIS2_PLACEMENT_3D ( 'NONE', #2863, #4558, #2898 ) ;
#2614 = AXIS2_PLACEMENT_3D ( 'NONE', #3508, #2759, #7364 ) ;
#2615 = ORIENTED_EDGE ( 'NONE', *, *, #6790, .F. ) ;
#2616 = DIRECTION ( 'NONE',  ( 0.000000000000000000, 2.548365665731588345E-16, -1.000000000000000000 ) ) ;
#2617 = LINE ( 'NONE', #6213, #1000 ) ;
#2618 = DIRECTION ( 'NONE',  ( 0.000000000000000000, 5.054934237236841843E-31, 1.000000000000000000 ) ) ;
#2619 = DIRECTION ( 'NONE',  ( -1.000000000000000000, -0.000000000000000000, -0.000000000000000000 ) ) ;
#2620 =( NAMED_UNIT ( * ) PLANE_ANGLE_UNIT ( ) SI_UNIT ( $, .RADIAN. ) );
#2621 = LINE ( 'NONE', #7313, #3313 ) ;
#2622 = ADVANCED_FACE ( 'NONE', ( #6152 ), #5539, .F. ) ;
#2623 = ADVANCED_FACE ( 'NONE', ( #2679 ), #5657, .F. ) ;
#2624 = ORIENTED_EDGE ( 'NONE', *, *, #1256, .F. ) ;
#2625 = CARTESIAN_POINT ( 'NONE',  ( -5.079999999999997407, 0.000000000000000000, 0.000000000000000000 ) ) ;
#2626 = CARTESIAN_POINT ( 'NONE',  ( -5.968999999999996753, 8.064499999999998892, 0.3809999999999949538 ) ) ;
#2627 = CARTESIAN_POINT ( 'NONE',  ( -12.69999999999999751, 2.177422008883992879E-16, -0.8890000000000013447 ) ) ;
#2628 = PLANE ( 'NONE',  #6037 ) ;
#2629 = DIRECTION ( 'NONE',  ( 0.7071067811865462405, -0.7071067811865489050, 0.000000000000000000 ) ) ;
#2630 = LINE ( 'NONE', #3163, #4002 ) ;
#2631 = ORIENTED_EDGE ( 'NONE', *, *, #6341, .T. ) ;
#2632 = FACE_OUTER_BOUND ( 'NONE', #3636, .T. ) ;
#2633 = VERTEX_POINT ( 'NONE', #7329 ) ;
#2634 = EDGE_CURVE ( 'NONE', #5955, #5017, #2757, .T. ) ;
#2635 = ORIENTED_EDGE ( 'NONE', *, *, #146, .T. ) ;
#2636 = EDGE_CURVE ( 'NONE', #7204, #4636, #1058, .T. ) ;
#2637 = ORIENTED_EDGE ( 'NONE', *, *, #1723, .F. ) ;
#2638 = LINE ( 'NONE', #1019, #6851 ) ;
#2639 = FACE_OUTER_BOUND ( 'NONE', #4047, .T. ) ;
#2640 = PLANE ( 'NONE',  #4689 ) ;
#2641 = PLANE ( 'NONE',  #2685 ) ;
#2642 = VERTEX_POINT ( 'NONE', #6731 ) ;
#2643 = ADVANCED_FACE ( 'NONE', ( #1550 ), #6232, .F. ) ;
#2644 = ORIENTED_EDGE ( 'NONE', *, *, #3752, .T. ) ;
#2645 = EDGE_CURVE ( 'NONE', #3090, #3352, #4342, .T. ) ;
#2646 = ORIENTED_EDGE ( 'NONE', *, *, #60, .F. ) ;
#2647 = PLANE ( 'NONE',  #510 ) ;
#2648 = PLANE ( 'NONE',  #2400 ) ;
#2649 = CARTESIAN_POINT ( 'NONE',  ( 15.23999999999999844, 8.509000000000000341, 1.270000000000001128 ) ) ;
#2650 = LINE ( 'NONE', #5475, #453 ) ;
#2651 = COLOUR_RGB ( '',0.2509803921568627416, 0.2509803921568627416, 0.2509803921568627416 ) ;
#2652 = VECTOR ( 'NONE', #7235, 1000.000000000000000 ) ;
#2653 = ORIENTED_EDGE ( 'NONE', *, *, #7060, .F. ) ;
#2654 = CARTESIAN_POINT ( 'NONE',  ( 3.469446951953614189E-15, 8.509000000000000341, 1.270000000000001128 ) ) ;
#2655 = LINE ( 'NONE', #5520, #5085 ) ;
#2656 = CARTESIAN_POINT ( 'NONE',  ( -5.079999999999997407, -1.925929944387235853E-31, 0.8889999999999991243 ) ) ;
#2657 = VECTOR ( 'NONE', #2118, 1000.000000000000000 ) ;
#2658 = AXIS2_PLACEMENT_3D ( 'NONE', #6094, #6132, #2618 ) ;
#2659 = DIRECTION ( 'NONE',  ( -0.000000000000000000, 1.000000000000000000, 1.733406087350420004E-16 ) ) ;
#2660 = LINE ( 'NONE', #2170, #6513 ) ;
#2661 = CARTESIAN_POINT ( 'NONE',  ( 12.70000000000000462, 2.177422008883992879E-16, -0.8890000000000013447 ) ) ;
#2662 = VECTOR ( 'NONE', #116, 1000.000000000000000 ) ;
#2663 = MECHANICAL_DESIGN_GEOMETRIC_PRESENTATION_REPRESENTATION (  '', ( #5190 ), #5065 ) ;
#2664 = ORIENTED_EDGE ( 'NONE', *, *, #3282, .F. ) ;
#2665 = DIRECTION ( 'NONE',  ( -1.000000000000000000, -0.000000000000000000, -0.000000000000000000 ) ) ;
#2666 = PLANE ( 'NONE',  #1326 ) ;
#2667 = CARTESIAN_POINT ( 'NONE',  ( -7.619999999999997442, -1.925929944387235853E-31, 0.8889999999999991243 ) ) ;
#2668 = LINE ( 'NONE', #454, #1588 ) ;
#2669 = AXIS2_PLACEMENT_3D ( 'NONE', #591, #5174, #27 ) ;
#2670 = AXIS2_PLACEMENT_3D ( 'NONE', #1223, #3530, #4507 ) ;
#2671 = CARTESIAN_POINT ( 'NONE',  ( 8.509000000000005670, 7.239000000000000767, 0.3809999999999947873 ) ) ;
#2672 = CARTESIAN_POINT ( 'NONE',  ( -10.60449999999999271, 8.509000000000000341, -1.270000000000001128 ) ) ;
#2673 = ORIENTED_EDGE ( 'NONE', *, *, #6569, .F. ) ;
#2674 = DIRECTION ( 'NONE',  ( 0.7071067811865462405, -0.7071067811865489050, 0.000000000000000000 ) ) ;
#2675 = ORIENTED_EDGE ( 'NONE', *, *, #7306, .T. ) ;
#2676 = ORIENTED_EDGE ( 'NONE', *, *, #2322, .F. ) ;
#2677 = VERTEX_POINT ( 'NONE', #6265 ) ;
#2678 = VECTOR ( 'NONE', #2929, 1000.000000000000000 ) ;
#2679 = FACE_OUTER_BOUND ( 'NONE', #5082, .T. ) ;
#2680 = EDGE_CURVE ( 'NONE', #6294, #1899, #4665, .T. ) ;
#2681 = CARTESIAN_POINT ( 'NONE',  ( 14.35100000000000620, 7.239000000000000767, 0.3809999999999947873 ) ) ;
#2682 = EDGE_CURVE ( 'NONE', #697, #3206, #1807, .T. ) ;
#2683 = DIRECTION ( 'NONE',  ( -1.000000000000000000, -0.000000000000000000, -0.000000000000000000 ) ) ;
#2684 = DIRECTION ( 'NONE',  ( 0.000000000000000000, 2.449293598294710852E-16, -1.000000000000000000 ) ) ;
#2685 = AXIS2_PLACEMENT_3D ( 'NONE', #7366, #5507, #3333 ) ;
#2686 = ORIENTED_EDGE ( 'NONE', *, *, #6100, .T. ) ;
#2687 = ORIENTED_EDGE ( 'NONE', *, *, #7175, .T. ) ;
#2688 = ORIENTED_EDGE ( 'NONE', *, *, #5637, .F. ) ;
#2689 = AXIS2_PLACEMENT_3D ( 'NONE', #2798, #4528, #6845 ) ;
#2690 = LINE ( 'NONE', #4424, #143 ) ;
#2691 = EDGE_CURVE ( 'NONE', #3513, #623, #6839, .T. ) ;
#2692 = ADVANCED_FACE ( 'NONE', ( #2829 ), #5231, .T. ) ;
#2693 = DIRECTION ( 'NONE',  ( 0.5773502691896267303, -0.5773502691896247319, -0.5773502691896258421 ) ) ;
#2694 = ADVANCED_FACE ( 'NONE', ( #83 ), #4006, .F. ) ;
#2695 = CARTESIAN_POINT ( 'NONE',  ( -10.15999999999999837, 2.177422008883992879E-16, -0.8890000000000013447 ) ) ;
#2696 = VECTOR ( 'NONE', #566, 1000.000000000000000 ) ;
#2697 = VERTEX_POINT ( 'NONE', #3503 ) ;
#2698 = CARTESIAN_POINT ( 'NONE',  ( -11.04899999999999594, 8.064499999999998892, 0.3809999999999949538 ) ) ;
#2699 = CARTESIAN_POINT ( 'NONE',  ( -15.23999999999999844, 3.110602869834277161E-16, -1.270000000000001128 ) ) ;
#2700 = LINE ( 'NONE', #6176, #3881 ) ;
#2701 = DIRECTION ( 'NONE',  ( 0.000000000000000000, 0.000000000000000000, -1.000000000000000000 ) ) ;
#2702 = EDGE_CURVE ( 'NONE', #3460, #5663, #2259, .T. ) ;
#2703 = CARTESIAN_POINT ( 'NONE',  ( 10.16000000000000369, 0.5080000000000002292, -0.7528818102449945648 ) ) ;
#2704 = EDGE_LOOP ( 'NONE', ( #4564, #2596, #4212, #4297 ) ) ;
#2705 = FACE_OUTER_BOUND ( 'NONE', #4113, .T. ) ;
#2706 = DIRECTION ( 'NONE',  ( 0.000000000000000000, 0.000000000000000000, -1.000000000000000000 ) ) ;
#2707 = CARTESIAN_POINT ( 'NONE',  ( 4.191000000000003389, 8.064499999999998892, 0.3809999999999947873 ) ) ;
#2708 = FACE_BOUND ( 'NONE', #3825, .T. ) ;
#2709 = VERTEX_POINT ( 'NONE', #6873 ) ;
#2710 = DIRECTION ( 'NONE',  ( 0.000000000000000000, 0.000000000000000000, 1.000000000000000000 ) ) ;
#2711 = ORIENTED_EDGE ( 'NONE', *, *, #6293, .F. ) ;
#2712 = ORIENTED_EDGE ( 'NONE', *, *, #2922, .T. ) ;
#2713 = VERTEX_POINT ( 'NONE', #1133 ) ;
#2714 = LINE ( 'NONE', #3821, #2362 ) ;
#2715 = DIRECTION ( 'NONE',  ( -0.5773502691896267303, -0.5773502691896246208, -0.5773502691896259531 ) ) ;
#2716 = FACE_OUTER_BOUND ( 'NONE', #2108, .T. ) ;
#2717 = CARTESIAN_POINT ( 'NONE',  ( 2.540000000000002256, 3.110602869834277161E-16, -1.270000000000001128 ) ) ;
#2718 = CARTESIAN_POINT ( 'NONE',  ( -9.270999999999993690, 7.239000000000000767, 0.3809999999999947873 ) ) ;
#2719 = CONTEXT_DEPENDENT_SHAPE_REPRESENTATION ( #5201, #1667 ) ;
#2720 = ORIENTED_EDGE ( 'NONE', *, *, #3763, .T. ) ;
#2721 = EDGE_LOOP ( 'NONE', ( #788, #2301, #2986, #2686 ) ) ;
#2722 = ADVANCED_FACE ( 'NONE', ( #5801 ), #2975, .F. ) ;
#2723 = ADVANCED_FACE ( 'NONE', ( #539 ), #3438, .F. ) ;
#2724 = ORIENTED_EDGE ( 'NONE', *, *, #3346, .F. ) ;
#2725 = DIRECTION ( 'NONE',  ( -0.000000000000000000, -2.667820306312751888E-16, 1.000000000000000000 ) ) ;
#2726 =( NAMED_UNIT ( * ) SI_UNIT ( $, .STERADIAN. ) SOLID_ANGLE_UNIT ( ) );
#2727 = DIRECTION ( 'NONE',  ( -1.000000000000000000, -0.000000000000000000, -0.000000000000000000 ) ) ;
#2728 = VECTOR ( 'NONE', #6973, 1000.000000000000000 ) ;
#2729 = CARTESIAN_POINT ( 'NONE',  ( -6.730999999999995431, 7.239000000000000767, -0.3810000000000040021 ) ) ;
#2730 = EDGE_CURVE ( 'NONE', #5773, #5043, #1094, .T. ) ;
#2731 = ORIENTED_EDGE ( 'NONE', *, *, #5449, .F. ) ;
#2732 = EDGE_CURVE ( 'NONE', #2763, #1852, #5194, .T. ) ;
#2733 = EDGE_CURVE ( 'NONE', #4799, #6264, #2293, .T. ) ;
#2734 = AXIS2_PLACEMENT_3D ( 'NONE', #6767, #1510, #7248 ) ;
#2735 = ADVANCED_FACE ( 'NONE', ( #4592 ), #1200, .T. ) ;
#2736 = VECTOR ( 'NONE', #4828, 1000.000000000000000 ) ;
#2737 = LINE ( 'NONE', #4397, #4356 ) ;
#2738 =( LENGTH_UNIT ( ) NAMED_UNIT ( * ) SI_UNIT ( .MILLI., .METRE. ) );
#2739 = FACE_BOUND ( 'NONE', #244, .T. ) ;
#2740 = CARTESIAN_POINT ( 'NONE',  ( -7.619999999999998330, 0.000000000000000000, 0.000000000000000000 ) ) ;
#2741 =( LENGTH_UNIT ( ) NAMED_UNIT ( * ) SI_UNIT ( .MILLI., .METRE. ) );
#2742 = FACE_OUTER_BOUND ( 'NONE', #2721, .T. ) ;
#2743 = VECTOR ( 'NONE', #2693, 999.9999999999998863 ) ;
#2744 = ORIENTED_EDGE ( 'NONE', *, *, #4919, .F. ) ;
#2745 = EDGE_CURVE ( 'NONE', #12, #1784, #6918, .T. ) ;
#2746 = ORIENTED_EDGE ( 'NONE', *, *, #1216, .T. ) ;
#2747 = CARTESIAN_POINT ( 'NONE',  ( -10.15999999999999659, 0.000000000000000000, 1.269999999999998908 ) ) ;
#2748 = PLANE ( 'NONE',  #4925 ) ;
#2749 = LINE ( 'NONE', #2180, #5840 ) ;
#2750 = CARTESIAN_POINT ( 'NONE',  ( -10.15999999999999837, 0.5080000000000000071, 0.7528818102449925664 ) ) ;
#2751 = CARTESIAN_POINT ( 'NONE',  ( -15.49399999999999977, 2.177422008883992879E-16, -0.8890000000000013447 ) ) ;
#2752 = ORIENTED_EDGE ( 'NONE', *, *, #4109, .T. ) ;
#2753 = CARTESIAN_POINT ( 'NONE',  ( -15.49399999999999977, 3.110602869834277161E-16, -1.270000000000001128 ) ) ;
#2754 = EDGE_LOOP ( 'NONE', ( #1007, #3398, #4410, #6864 ) ) ;
#2755 = VERTEX_POINT ( 'NONE', #6377 ) ;
#2756 = ORIENTED_EDGE ( 'NONE', *, *, #5219, .T. ) ;
#2757 = LINE ( 'NONE', #496, #5987 ) ;
#2758 = DIRECTION ( 'NONE',  ( 0.000000000000000000, -0.9659258262890700886, 0.2588190451025140781 ) ) ;
#2759 = DIRECTION ( 'NONE',  ( 0.000000000000000000, 0.000000000000000000, 1.000000000000000000 ) ) ;
#2760 = CARTESIAN_POINT ( 'NONE',  ( 5.080000000000002736, -1.925929944387235853E-31, 0.8889999999999991243 ) ) ;
#2761 = CARTESIAN_POINT ( 'NONE',  ( 5.080000000000002736, 2.177422008883992879E-16, -0.8890000000000013447 ) ) ;
#2762 = CONTEXT_DEPENDENT_SHAPE_REPRESENTATION ( #2267, #1125 ) ;
#2763 = VERTEX_POINT ( 'NONE', #4041 ) ;
#2764 = ORIENTED_EDGE ( 'NONE', *, *, #6557, .T. ) ;
#2765 = ORIENTED_EDGE ( 'NONE', *, *, #5061, .T. ) ;
#2766 = LINE ( 'NONE', #22, #2794 ) ;
#2767 = CARTESIAN_POINT ( 'NONE',  ( -2.539999999999996927, 0.5080000000000000071, 0.7528818102449925664 ) ) ;
#2768 = EDGE_CURVE ( 'NONE', #2804, #3177, #2332, .T. ) ;
#2769 = VERTEX_POINT ( 'NONE', #4631 ) ;
#2770 = DIRECTION ( 'NONE',  ( 0.000000000000000000, 0.000000000000000000, -1.000000000000000000 ) ) ;
#2771 = CARTESIAN_POINT ( 'NONE',  ( 1.734723475976807094E-15, 0.5080000000000002292, -0.7528818102449945648 ) ) ;
#2772 = LINE ( 'NONE', #7273, #3703 ) ;
#2773 = ADVANCED_FACE ( 'NONE', ( #6951 ), #1774, .F. ) ;
#2774 = VECTOR ( 'NONE', #968, 1000.000000000000000 ) ;
#2775 = EDGE_CURVE ( 'NONE', #4192, #316, #4730, .T. ) ;
#2776 = ORIENTED_EDGE ( 'NONE', *, *, #6509, .T. ) ;
#2777 = ORIENTED_EDGE ( 'NONE', *, *, #4929, .F. ) ;
#2778 = VECTOR ( 'NONE', #4854, 1000.000000000000000 ) ;
#2779 = VECTOR ( 'NONE', #6364, 1000.000000000000000 ) ;
#2780 = DIRECTION ( 'NONE',  ( 0.000000000000000000, -1.733406087350420004E-16, 1.000000000000000000 ) ) ;
#2781 = CARTESIAN_POINT ( 'NONE',  ( -5.079999999999997407, 0.5080000000000002292, -0.7528818102449945648 ) ) ;
#2782 = CARTESIAN_POINT ( 'NONE',  ( -5.079999999999997407, 8.509000000000000341, 1.270000000000001128 ) ) ;
#2783 = CARTESIAN_POINT ( 'NONE',  ( 15.49399999999999977, 0.5080000000000002292, -0.7528818102449945648 ) ) ;
#2784 = DIRECTION ( 'NONE',  ( 1.000000000000000000, 0.000000000000000000, 0.000000000000000000 ) ) ;
#2785 = ORIENTED_EDGE ( 'NONE', *, *, #6011, .T. ) ;
#2786 = DIRECTION ( 'NONE',  ( 0.000000000000000000, 0.000000000000000000, 1.000000000000000000 ) ) ;
#2787 = ADVANCED_FACE ( 'NONE', ( #4255 ), #7128, .F. ) ;
#2788 = AXIS2_PLACEMENT_3D ( 'NONE', #1809, #189, #1355 ) ;
#2789 = ORIENTED_EDGE ( 'NONE', *, *, #3470, .T. ) ;
#2790 = EDGE_LOOP ( 'NONE', ( #3218, #2451, #128, #5702 ) ) ;
#2791 = ORIENTED_EDGE ( 'NONE', *, *, #5827, .F. ) ;
#2792 = DIRECTION ( 'NONE',  ( 1.000000000000000000, 0.000000000000000000, 0.000000000000000000 ) ) ;
#2793 = AXIS2_PLACEMENT_3D ( 'NONE', #2809, #5138, #5781 ) ;
#2794 = VECTOR ( 'NONE', #6355, 1000.000000000000000 ) ;
#2795 = LINE ( 'NONE', #1625, #3136 ) ;
#2796 = DIRECTION ( 'NONE',  ( 1.000000000000000000, -0.000000000000000000, -0.000000000000000000 ) ) ;
#2797 = LINE ( 'NONE', #11, #6280 ) ;
#2798 = CARTESIAN_POINT ( 'NONE',  ( 3.469446951953614189E-15, 8.509000000000000341, -1.270000000000001128 ) ) ;
#2799 = VERTEX_POINT ( 'NONE', #223 ) ;
#2800 =( REPRESENTATION_RELATIONSHIP ('NONE','NONE', #3318, #5372 ) REPRESENTATION_RELATIONSHIP_WITH_TRANSFORMATION ( #3109 )SHAPE_REPRESENTATION_RELATIONSHIP( ) );
#2801 = AXIS2_PLACEMENT_3D ( 'NONE', #6298, #1158, #6367 ) ;
#2802 = ORIENTED_EDGE ( 'NONE', *, *, #979, .F. ) ;
#2803 = ORIENTED_EDGE ( 'NONE', *, *, #1073, .F. ) ;
#2804 = VERTEX_POINT ( 'NONE', #818 ) ;
#2805 = DIRECTION ( 'NONE',  ( 1.000000000000000000, 0.000000000000000000, 0.000000000000000000 ) ) ;
#2806 = VECTOR ( 'NONE', #5209, 1000.000000000000000 ) ;
#2807 = DIRECTION ( 'NONE',  ( -1.000000000000000000, -0.000000000000000000, -0.000000000000000000 ) ) ;
#2808 = VECTOR ( 'NONE', #6810, 1000.000000000000000 ) ;
#2809 = CARTESIAN_POINT ( 'NONE',  ( -10.15999999999999659, 8.509000000000000341, 1.270000000000001128 ) ) ;
#2810 = FACE_OUTER_BOUND ( 'NONE', #5741, .T. ) ;
#2811 = LINE ( 'NONE', #4614, #2605 ) ;
#2812 = CARTESIAN_POINT ( 'NONE',  ( 11.81100000000000527, 7.239000000000000767, 0.3809999999999947873 ) ) ;
#2813 = DIRECTION ( 'NONE',  ( -0.000000000000000000, -0.7071067811865482389, -0.7071067811865467956 ) ) ;
#2814 = ORIENTED_EDGE ( 'NONE', *, *, #5086, .T. ) ;
#2815 = EDGE_CURVE ( 'NONE', #5240, #911, #3586, .T. ) ;
#2816 = EDGE_CURVE ( 'NONE', #2755, #2566, #1311, .T. ) ;
#2817 = PLANE ( 'NONE',  #4243 ) ;
#2818 = FACE_OUTER_BOUND ( 'NONE', #3778, .T. ) ;
#2819 = PLANE ( 'NONE',  #192 ) ;
#2820 = DIRECTION ( 'NONE',  ( 0.000000000000000000, 0.000000000000000000, 1.000000000000000000 ) ) ;
#2821 = LINE ( 'NONE', #3432, #2305 ) ;
#2822 = ORIENTED_EDGE ( 'NONE', *, *, #1620, .T. ) ;
#2823 = CARTESIAN_POINT ( 'NONE',  ( 12.70000000000000462, 0.5080000000000000071, 0.7528818102449925664 ) ) ;
#2824 = ORIENTED_EDGE ( 'NONE', *, *, #1250, .T. ) ;
#2825 = ORIENTED_EDGE ( 'NONE', *, *, #7070, .F. ) ;
#2826 = VERTEX_POINT ( 'NONE', #4140 ) ;
#2827 = EDGE_CURVE ( 'NONE', #1282, #5200, #7018, .T. ) ;
#2828 = ADVANCED_FACE ( 'NONE', ( #1387 ), #2549, .F. ) ;
#2829 = FACE_OUTER_BOUND ( 'NONE', #633, .T. ) ;
#2830 = PLANE ( 'NONE',  #25 ) ;
#2831 = CARTESIAN_POINT ( 'NONE',  ( -0.1961031209927691366, -3.200400000000000134, -0.2032000000000001583 ) ) ;
#2832 = DIRECTION ( 'NONE',  ( 0.000000000000000000, 1.000000000000000000, 0.000000000000000000 ) ) ;
#2833 = DIRECTION ( 'NONE',  ( -1.000000000000000000, -0.000000000000000000, -0.000000000000000000 ) ) ;
#2834 = ORIENTED_EDGE ( 'NONE', *, *, #2998, .F. ) ;
#2835 = ORIENTED_EDGE ( 'NONE', *, *, #2096, .T. ) ;
#2836 = ORIENTED_EDGE ( 'NONE', *, *, #514, .T. ) ;
#2837 = EDGE_LOOP ( 'NONE', ( #2720, #3829, #7206, #5051 ) ) ;
#2838 = ADVANCED_FACE ( 'NONE', ( #113 ), #4694, .F. ) ;
#2839 = VECTOR ( 'NONE', #5991, 1000.000000000000000 ) ;
#2840 = DIRECTION ( 'NONE',  ( 0.000000000000000000, 5.054934237236841843E-31, 1.000000000000000000 ) ) ;
#2841 = CARTESIAN_POINT ( 'NONE',  ( 1.734723475976807094E-15, 0.000000000000000000, 0.000000000000000000 ) ) ;
#2842 = ORIENTED_EDGE ( 'NONE', *, *, #3607, .F. ) ;
#2843 = CARTESIAN_POINT ( 'NONE',  ( 6.731000000000004313, 8.064499999999998892, 0.3809999999999947873 ) ) ;
#2844 = VECTOR ( 'NONE', #2515, 1000.000000000000000 ) ;
#2845 = CARTESIAN_POINT ( 'NONE',  ( 15.24000000000000554, 0.5080000000000000071, 0.7528818102449925664 ) ) ;
#2846 = CARTESIAN_POINT ( 'NONE',  ( -2.539999999999996927, 0.000000000000000000, 1.269999999999998908 ) ) ;
#2847 = DIRECTION ( 'NONE',  ( 0.5773502691896267303, -0.5773502691896247319, -0.5773502691896258421 ) ) ;
#2848 = FACE_OUTER_BOUND ( 'NONE', #6173, .T. ) ;
#2849 = DIRECTION ( 'NONE',  ( 0.000000000000000000, 0.000000000000000000, 1.000000000000000000 ) ) ;
#2850 = ORIENTED_EDGE ( 'NONE', *, *, #1033, .F. ) ;
#2851 = VECTOR ( 'NONE', #3642, 1000.000000000000000 ) ;
#2852 = CARTESIAN_POINT ( 'NONE',  ( 5.080000000000002736, -1.925929944387235853E-31, 0.8889999999999991243 ) ) ;
#2853 = CARTESIAN_POINT ( 'NONE',  ( 2.540000000000002256, 2.177422008883992879E-16, -0.8890000000000013447 ) ) ;
#2854 = LINE ( 'NONE', #2286, #6953 ) ;
#2855 = VECTOR ( 'NONE', #997, 1000.000000000000000 ) ;
#2856 = CARTESIAN_POINT ( 'NONE',  ( 8.509000000000005670, 7.239000000000000767, -0.3810000000000040021 ) ) ;
#2857 = DIRECTION ( 'NONE',  ( 0.000000000000000000, 0.000000000000000000, 1.000000000000000000 ) ) ;
#2858 = ADVANCED_FACE ( 'NONE', ( #5412 ), #4176, .F. ) ;
#2859 = ORIENTED_EDGE ( 'NONE', *, *, #6233, .F. ) ;
#2860 = VECTOR ( 'NONE', #2796, 1000.000000000000000 ) ;
#2861 = ORIENTED_EDGE ( 'NONE', *, *, #3751, .T. ) ;
#2862 = DIRECTION ( 'NONE',  ( 0.000000000000000000, -0.9659258262890700886, 0.2588190451025140781 ) ) ;
#2863 = CARTESIAN_POINT ( 'NONE',  ( 2.540000000000002256, 0.000000000000000000, 1.269999999999998908 ) ) ;
#2864 = CARTESIAN_POINT ( 'NONE',  ( 0.3810000000000000053, 0.5079999999999998961, -0.2031999999999997419 ) ) ;
#2865 = FACE_OUTER_BOUND ( 'NONE', #4422, .T. ) ;
#2866 = DIRECTION ( 'NONE',  ( -0.000000000000000000, -0.000000000000000000, 1.000000000000000000 ) ) ;
#2867 = ADVANCED_FACE ( 'NONE', ( #150 ), #3692, .F. ) ;
#2868 = ORIENTED_EDGE ( 'NONE', *, *, #2768, .F. ) ;
#2869 = FACE_OUTER_BOUND ( 'NONE', #1066, .T. ) ;
#2870 = ADVANCED_FACE ( 'NONE', ( #1916, #6449 ), #7052, .F. ) ;
#2871 = PRODUCT_DEFINITION_SHAPE ( 'NONE', 'NONE',  #7461 ) ;
#2872 = ORIENTED_EDGE ( 'NONE', *, *, #4654, .F. ) ;
#2873 = EDGE_CURVE ( 'NONE', #1883, #438, #5990, .T. ) ;
#2874 = ORIENTED_EDGE ( 'NONE', *, *, #3711, .T. ) ;
#2875 = ORIENTED_EDGE ( 'NONE', *, *, #2733, .T. ) ;
#2876 = ORIENTED_EDGE ( 'NONE', *, *, #6113, .T. ) ;
#2877 = CARTESIAN_POINT ( 'NONE',  ( -5.079999999999997407, 3.110602869834277161E-16, -1.270000000000001128 ) ) ;
#2878 = LINE ( 'NONE', #618, #2251 ) ;
#2879 = DIRECTION ( 'NONE',  ( 0.000000000000000000, 2.548365665731588345E-16, -1.000000000000000000 ) ) ;
#2880 = EDGE_CURVE ( 'NONE', #3116, #6065, #2435, .T. ) ;
#2881 = EDGE_CURVE ( 'NONE', #1327, #4132, #5335, .T. ) ;
#2882 = ORIENTED_EDGE ( 'NONE', *, *, #2971, .F. ) ;
#2883 = CARTESIAN_POINT ( 'NONE',  ( 5.969000000000005635, 8.064499999999998892, -0.3810000000000038356 ) ) ;
#2884 = DIRECTION ( 'NONE',  ( 0.000000000000000000, -5.054934237236841843E-31, -1.000000000000000000 ) ) ;
#2885 = CARTESIAN_POINT ( 'NONE',  ( 14.35100000000000620, 8.064499999999998892, 0.3809999999999949538 ) ) ;
#2886 = FILL_AREA_STYLE ('',( #1151 ) ) ;
#2887 = DIRECTION ( 'NONE',  ( 1.000000000000000000, 0.000000000000000000, 0.000000000000000000 ) ) ;
#2888 = ORIENTED_EDGE ( 'NONE', *, *, #2090, .T. ) ;
#2889 = DIRECTION ( 'NONE',  ( 0.000000000000000000, 0.9659258262890700886, -0.2588190451025140781 ) ) ;
#2890 = DIRECTION ( 'NONE',  ( 1.000000000000000000, 0.000000000000000000, -0.000000000000000000 ) ) ;
#2891 = CARTESIAN_POINT ( 'NONE',  ( 25.40000000000000213, 7.239000000000000767, -2.201425730935033664E-16 ) ) ;
#2892 = PLANE ( 'NONE',  #3273 ) ;
#2893 = ORIENTED_EDGE ( 'NONE', *, *, #2406, .T. ) ;
#2894 = VECTOR ( 'NONE', #1891, 1000.000000000000000 ) ;
#2895 = VECTOR ( 'NONE', #1573, 1000.000000000000000 ) ;
#2896 = ORIENTED_EDGE ( 'NONE', *, *, #7251, .T. ) ;
#2897 = CARTESIAN_POINT ( 'NONE',  ( -7.619999999999997442, 0.000000000000000000, 1.269999999999998908 ) ) ;
#2898 = DIRECTION ( 'NONE',  ( 0.000000000000000000, 5.054934237236841843E-31, 1.000000000000000000 ) ) ;
#2899 = VECTOR ( 'NONE', #6844, 1000.000000000000227 ) ;
#2900 = AXIS2_PLACEMENT_3D ( 'NONE', #2133, #4433, #6749 ) ;
#2901 = CARTESIAN_POINT ( 'NONE',  ( 2.984500000000001041, 8.509000000000000341, -0.8255000000000067839 ) ) ;
#2902 = DIRECTION ( 'NONE',  ( -0.5773502691896268413, 0.5773502691896246208, -0.5773502691896256200 ) ) ;
#2903 = VERTEX_POINT ( 'NONE', #4843 ) ;
#2904 = DIRECTION ( 'NONE',  ( 0.000000000000000000, 1.000000000000000000, -5.054934237236841843E-31 ) ) ;
#2905 = ORIENTED_EDGE ( 'NONE', *, *, #5729, .T. ) ;
#2906 = ORIENTED_EDGE ( 'NONE', *, *, #4559, .F. ) ;
#2907 = ORIENTED_EDGE ( 'NONE', *, *, #4479, .T. ) ;
#2908 = AXIS2_PLACEMENT_3D ( 'NONE', #4960, #4915, #6598 ) ;
#2909 = VECTOR ( 'NONE', #6911, 1000.000000000000000 ) ;
#2910 = EDGE_CURVE ( 'NONE', #547, #3115, #7163, .T. ) ;
#2911 = ADVANCED_FACE ( 'NONE', ( #6595 ), #857, .F. ) ;
#2912 = DIRECTION ( 'NONE',  ( 0.000000000000000000, 1.000000000000000000, -5.054934237236841843E-31 ) ) ;
#2913 = CARTESIAN_POINT ( 'NONE',  ( 5.969000000000005635, 8.064499999999998892, 0.3809999999999949538 ) ) ;
#2914 = CARTESIAN_POINT ( 'NONE',  ( -12.69999999999999751, 3.110602869834277161E-16, -1.270000000000001128 ) ) ;
#2915 = AXIS2_PLACEMENT_3D ( 'NONE', #6917, #4630, #6986 ) ;
#2916 = ORIENTED_EDGE ( 'NONE', *, *, #4666, .T. ) ;
#2917 = ORIENTED_EDGE ( 'NONE', *, *, #3954, .F. ) ;
#2918 = ADVANCED_FACE ( 'NONE', ( #5454 ), #2585, .F. ) ;
#2919 = VECTOR ( 'NONE', #2965, 1000.000000000000000 ) ;
#2920 = EDGE_CURVE ( 'NONE', #2935, #6053, #2178, .T. ) ;
#2921 = DIRECTION ( 'NONE',  ( 0.000000000000000000, -0.000000000000000000, 1.000000000000000000 ) ) ;
#2922 = EDGE_CURVE ( 'NONE', #4180, #3001, #3889, .T. ) ;
#2923 = CARTESIAN_POINT ( 'NONE',  ( 12.70000000000000462, 0.5080000000000000071, 0.7528818102449925664 ) ) ;
#2924 = CARTESIAN_POINT ( 'NONE',  ( -8.064499999999991786, 8.509000000000000341, 0.8254999999999981242 ) ) ;
#2925 =( NAMED_UNIT ( * ) SI_UNIT ( $, .STERADIAN. ) SOLID_ANGLE_UNIT ( ) );
#2926 =( NAMED_UNIT ( * ) PLANE_ANGLE_UNIT ( ) SI_UNIT ( $, .RADIAN. ) );
#2927 = MECHANICAL_DESIGN_GEOMETRIC_PRESENTATION_REPRESENTATION (  '', ( #44 ), #5567 ) ;
#2928 = ORIENTED_EDGE ( 'NONE', *, *, #188, .F. ) ;
#2929 = DIRECTION ( 'NONE',  ( 0.000000000000000000, -0.000000000000000000, 1.000000000000000000 ) ) ;
#2930 = LINE ( 'NONE', #75, #3992 ) ;
#2931 = AXIS2_PLACEMENT_3D ( 'NONE', #6073, #3933, #7354 ) ;
#2932 = CARTESIAN_POINT ( 'NONE',  ( -5.079999999999997407, 8.509000000000000341, 0.8254999999999981242 ) ) ;
#2933 = CARTESIAN_POINT ( 'NONE',  ( 5.080000000000002736, 8.509000000000000341, -1.270000000000001128 ) ) ;
#2934 = DIRECTION ( 'NONE',  ( 0.000000000000000000, 1.440069553722777130E-16, -1.000000000000000000 ) ) ;
#2935 = VERTEX_POINT ( 'NONE', #2626 ) ;
#2936 = ORIENTED_EDGE ( 'NONE', *, *, #4969, .F. ) ;
#2937 = DIRECTION ( 'NONE',  ( 0.000000000000000000, 0.000000000000000000, -1.000000000000000000 ) ) ;
#2938 = DIRECTION ( 'NONE',  ( -1.000000000000000000, -0.000000000000000000, -0.000000000000000000 ) ) ;
#2939 = DIRECTION ( 'NONE',  ( 0.000000000000000000, 0.000000000000000000, -1.000000000000000000 ) ) ;
#2940 = CARTESIAN_POINT ( 'NONE',  ( -11.81099999999999461, 7.239000000000000767, -0.3810000000000040021 ) ) ;
#2941 = ORIENTED_EDGE ( 'NONE', *, *, #2194, .F. ) ;
#2942 = CARTESIAN_POINT ( 'NONE',  ( -10.15999999999999659, 0.000000000000000000, 1.269999999999998908 ) ) ;
#2943 = ORIENTED_EDGE ( 'NONE', *, *, #2088, .F. ) ;
#2944 = EDGE_LOOP ( 'NONE', ( #2822, #581, #5244, #2153, #4100, #5762, #4859, #3925 ) ) ;
#2945 = ORIENTED_EDGE ( 'NONE', *, *, #7112, .T. ) ;
#2946 = FACE_OUTER_BOUND ( 'NONE', #2033, .T. ) ;
#2947 = CARTESIAN_POINT ( 'NONE',  ( 2.540000000000002256, -1.925929944387235853E-31, 0.8889999999999991243 ) ) ;
#2948 = AXIS2_PLACEMENT_3D ( 'NONE', #4367, #6020, #4474 ) ;
#2949 = CARTESIAN_POINT ( 'NONE',  ( 5.080000000000002736, 8.509000000000000341, -1.270000000000001128 ) ) ;
#2950 = EDGE_CURVE ( 'NONE', #438, #2769, #451, .T. ) ;
#2951 = ADVANCED_FACE ( 'NONE', ( #6182 ), #2666, .F. ) ;
#2952 = VECTOR ( 'NONE', #3045, 1000.000000000000000 ) ;
#2953 = ORIENTED_EDGE ( 'NONE', *, *, #3942, .T. ) ;
#2954 = ORIENTED_EDGE ( 'NONE', *, *, #3189, .T. ) ;
#2955 = DIRECTION ( 'NONE',  ( 0.000000000000000000, -0.000000000000000000, -1.000000000000000000 ) ) ;
#2956 = DIRECTION ( 'NONE',  ( 0.000000000000000000, -1.440069553722777377E-16, 1.000000000000000000 ) ) ;
#2957 = CARTESIAN_POINT ( 'NONE',  ( -15.23999999999999844, 0.5080000000000002292, -0.7528818102449945648 ) ) ;
#2958 = CARTESIAN_POINT ( 'NONE',  ( -15.49399999999999977, 0.000000000000000000, 1.269999999999998908 ) ) ;
#2959 = SURFACE_STYLE_FILL_AREA ( #1228 ) ;
#2960 = EDGE_CURVE ( 'NONE', #6380, #3297, #6756, .T. ) ;
#2961 = EDGE_CURVE ( 'NONE', #7323, #2607, #4956, .T. ) ;
#2962 = EDGE_CURVE ( 'NONE', #7182, #5709, #3239, .T. ) ;
#2963 = ORIENTED_EDGE ( 'NONE', *, *, #4744, .T. ) ;
#2964 = EDGE_CURVE ( 'NONE', #6740, #363, #7279, .T. ) ;
#2965 = DIRECTION ( 'NONE',  ( -1.000000000000000000, -0.000000000000000000, -0.000000000000000000 ) ) ;
#2966 = LINE ( 'NONE', #774, #4465 ) ;
#2967 = CARTESIAN_POINT ( 'NONE',  ( -5.079999999999997407, 0.5080000000000002292, -0.7528818102449945648 ) ) ;
#2968 = FACE_OUTER_BOUND ( 'NONE', #4590, .T. ) ;
#2969 = VECTOR ( 'NONE', #4680, 1000.000000000000000 ) ;
#2970 = ORIENTED_EDGE ( 'NONE', *, *, #1663, .F. ) ;
#2971 = EDGE_CURVE ( 'NONE', #1327, #5577, #335, .T. ) ;
#2972 = EDGE_LOOP ( 'NONE', ( #1369, #1886, #6694, #6340 ) ) ;
#2973 = AXIS2_PLACEMENT_3D ( 'NONE', #5170, #1640, #5337 ) ;
#2974 = DIRECTION ( 'NONE',  ( 0.000000000000000000, 1.440069553722777130E-16, -1.000000000000000000 ) ) ;
#2975 = PLANE ( 'NONE',  #2613 ) ;
#2976 = LINE ( 'NONE', #4697, #565 ) ;
#2977 = LINE ( 'NONE', #3006, #2662 ) ;
#2978 = VERTEX_POINT ( 'NONE', #2063 ) ;
#2979 = LINE ( 'NONE', #118, #1968 ) ;
#2980 = AXIS2_PLACEMENT_3D ( 'NONE', #643, #2365, #46 ) ;
#2981 = ORIENTED_EDGE ( 'NONE', *, *, #3655, .F. ) ;
#2982 = VERTEX_POINT ( 'NONE', #6635 ) ;
#2983 = VERTEX_POINT ( 'NONE', #3315 ) ;
#2984 = DIRECTION ( 'NONE',  ( -1.000000000000000000, -0.000000000000000000, -0.000000000000000000 ) ) ;
#2985 = LINE ( 'NONE', #1287, #214 ) ;
#2986 = ORIENTED_EDGE ( 'NONE', *, *, #2586, .F. ) ;
#2987 = CARTESIAN_POINT ( 'NONE',  ( 3.469446951953614189E-15, 8.509000000000000341, 1.270000000000001128 ) ) ;
#2988 = CARTESIAN_POINT ( 'NONE',  ( -1.650999999999994472, 8.064499999999998892, 0.3809999999999947873 ) ) ;
#2989 = ADVANCED_FACE ( 'NONE', ( #5609, #6677 ), #2748, .F. ) ;
#2990 = PLANE ( 'NONE',  #5988 ) ;
#2991 = DIRECTION ( 'NONE',  ( 0.000000000000000000, 0.2588190451025140781, 0.9659258262890700886 ) ) ;
#2992 = DIRECTION ( 'NONE',  ( 1.000000000000000000, 0.000000000000000000, 0.000000000000000000 ) ) ;
#2993 = ORIENTED_EDGE ( 'NONE', *, *, #1597, .T. ) ;
#2994 = ORIENTED_EDGE ( 'NONE', *, *, #7164, .F. ) ;
#2995 = EDGE_CURVE ( 'NONE', #6563, #1656, #6104, .T. ) ;
#2996 = CARTESIAN_POINT ( 'NONE',  ( 15.49399999999999977, 0.000000000000000000, 0.000000000000000000 ) ) ;
#2997 = DIRECTION ( 'NONE',  ( -1.000000000000000000, -0.000000000000000000, -0.000000000000000000 ) ) ;
#2998 = EDGE_CURVE ( 'NONE', #4413, #6522, #7349, .T. ) ;
#2999 = DIRECTION ( 'NONE',  ( 0.000000000000000000, 2.449293598294710852E-16, -1.000000000000000000 ) ) ;
#3000 = ORIENTED_EDGE ( 'NONE', *, *, #1848, .F. ) ;
#3001 = VERTEX_POINT ( 'NONE', #3849 ) ;
#3002 = CARTESIAN_POINT ( 'NONE',  ( -15.23999999999999844, 0.000000000000000000, 1.269999999999998908 ) ) ;
#3003 = DIRECTION ( 'NONE',  ( 0.000000000000000000, -1.000000000000000000, 0.000000000000000000 ) ) ;
#3004 = EDGE_CURVE ( 'NONE', #824, #4225, #931, .T. ) ;
#3005 = CARTESIAN_POINT ( 'NONE',  ( 11.04900000000000659, 8.064499999999998892, 0.3809999999999947873 ) ) ;
#3006 = CARTESIAN_POINT ( 'NONE',  ( 15.49399999999999977, 2.177422008883992879E-16, -0.8890000000000013447 ) ) ;
#3007 = EDGE_LOOP ( 'NONE', ( #1971, #1025, #1427, #3146 ) ) ;
#3008 = DIRECTION ( 'NONE',  ( 0.000000000000000000, 1.000000000000000000, 2.548365665731588345E-16 ) ) ;
#3009 = VECTOR ( 'NONE', #5515, 1000.000000000000000 ) ;
#3010 = AXIS2_PLACEMENT_3D ( 'NONE', #4549, #6866, #1686 ) ;
#3011 = ORIENTED_EDGE ( 'NONE', *, *, #6149, .F. ) ;
#3012 = EDGE_LOOP ( 'NONE', ( #2051, #948, #6123, #3537 ) ) ;
#3013 = ORIENTED_EDGE ( 'NONE', *, *, #1440, .F. ) ;
#3014 = DIRECTION ( 'NONE',  ( -1.000000000000000000, -0.000000000000000000, -0.000000000000000000 ) ) ;
#3015 = VECTOR ( 'NONE', #2298, 1000.000000000000000 ) ;
#3016 = VECTOR ( 'NONE', #5399, 1000.000000000000000 ) ;
#3017 = CARTESIAN_POINT ( 'NONE',  ( 7.175500000000008427, 8.509000000000000341, 0.8254999999999981242 ) ) ;
#3018 = DIRECTION ( 'NONE',  ( -1.000000000000000000, 0.000000000000000000, 0.000000000000000000 ) ) ;
#3019 = VERTEX_POINT ( 'NONE', #6140 ) ;
#3020 = VECTOR ( 'NONE', #3393, 1000.000000000000000 ) ;
#3021 = AXIS2_PLACEMENT_3D ( 'NONE', #5733, #7281, #935 ) ;
#3022 = VERTEX_POINT ( 'NONE', #3928 ) ;
#3023 = CARTESIAN_POINT ( 'NONE',  ( -7.619999999999998330, 8.509000000000000341, -1.270000000000001128 ) ) ;
#3024 = DIRECTION ( 'NONE',  ( 0.000000000000000000, -2.449293598294710852E-16, 1.000000000000000000 ) ) ;
#3025 = VECTOR ( 'NONE', #602, 1000.000000000000000 ) ;
#3026 = VECTOR ( 'NONE', #518, 1000.000000000000000 ) ;
#3027 = PLANE ( 'NONE',  #3092 ) ;
#3028 = CARTESIAN_POINT ( 'NONE',  ( -12.69999999999999751, 8.509000000000000341, -1.270000000000001128 ) ) ;
#3029 = DIRECTION ( 'NONE',  ( 1.000000000000000000, 0.000000000000000000, 0.000000000000000000 ) ) ;
#3030 = VERTEX_POINT ( 'NONE', #411 ) ;
#3031 = AXIS2_PLACEMENT_3D ( 'NONE', #6755, #6139, #7348 ) ;
#3032 = CARTESIAN_POINT ( 'NONE',  ( 1.651000000000003132, 7.239000000000000767, 0.3809999999999947873 ) ) ;
#3033 = DIRECTION ( 'NONE',  ( 0.000000000000000000, 2.548365665731588345E-16, -1.000000000000000000 ) ) ;
#3034 = LINE ( 'NONE', #3154, #3217 ) ;
#3035 = SURFACE_STYLE_USAGE ( .BOTH. , #5982 ) ;
#3036 = VECTOR ( 'NONE', #4468, 1000.000000000000000 ) ;
#3037 = FACE_OUTER_BOUND ( 'NONE', #1324, .T. ) ;
#3038 = ORIENTED_EDGE ( 'NONE', *, *, #1867, .F. ) ;
#3039 = ADVANCED_FACE ( 'NONE', ( #6220 ), #298, .F. ) ;
#3040 = EDGE_CURVE ( 'NONE', #521, #3599, #2325, .T. ) ;
#3041 = ORIENTED_EDGE ( 'NONE', *, *, #568, .T. ) ;
#3042 = VECTOR ( 'NONE', #2185, 1000.000000000000114 ) ;
#3043 = DIRECTION ( 'NONE',  ( -1.000000000000000000, -0.000000000000000000, -0.000000000000000000 ) ) ;
#3044 = CARTESIAN_POINT ( 'NONE',  ( -11.81099999999999461, 8.064499999999998892, 0.3809999999999947873 ) ) ;
#3045 = DIRECTION ( 'NONE',  ( 0.000000000000000000, 0.000000000000000000, -1.000000000000000000 ) ) ;
#3046 = PLANE ( 'NONE',  #4415 ) ;
#3047 = CARTESIAN_POINT ( 'NONE',  ( -12.69999999999999751, 0.5080000000000002292, -0.7528818102449945648 ) ) ;
#3048 = ORIENTED_EDGE ( 'NONE', *, *, #1571, .T. ) ;
#3049 = CARTESIAN_POINT ( 'NONE',  ( -2.984499999999992159, 8.509000000000000341, 0.8254999999999981242 ) ) ;
#3050 = ORIENTED_EDGE ( 'NONE', *, *, #784, .T. ) ;
#3051 = ADVANCED_FACE ( 'NONE', ( #2818 ), #3998, .F. ) ;
#3052 = ORIENTED_EDGE ( 'NONE', *, *, #1723, .T. ) ;
#3053 = EDGE_CURVE ( 'NONE', #4903, #613, #1651, .T. ) ;
#3054 = ADVANCED_FACE ( 'NONE', ( #7389 ), #3963, .F. ) ;
#3055 = ORIENTED_EDGE ( 'NONE', *, *, #5171, .T. ) ;
#3056 = CARTESIAN_POINT ( 'NONE',  ( -3.428999999999996273, 7.239000000000000767, 0.3809999999999947873 ) ) ;
#3057 = UNCERTAINTY_MEASURE_WITH_UNIT (LENGTH_MEASURE( 1.000000000000000082E-05 ), #6661, 'distance_accuracy_value', 'NONE');
#3058 = LINE ( 'NONE', #3096, #4227 ) ;
#3059 = CARTESIAN_POINT ( 'NONE',  ( 12.25550000000001027, 8.509000000000000341, 0.8254999999999981242 ) ) ;
#3060 = FACE_OUTER_BOUND ( 'NONE', #7288, .T. ) ;
#3061 = ORIENTED_EDGE ( 'NONE', *, *, #5927, .F. ) ;
#3062 = PRODUCT_DEFINITION_FORMATION_WITH_SPECIFIED_SOURCE ( 'ANY', '', #6737, .NOT_KNOWN. ) ;
#3063 = EDGE_CURVE ( 'NONE', #1103, #6966, #1122, .T. ) ;
#3064 = EDGE_LOOP ( 'NONE', ( #1714, #1555, #5471, #4337 ) ) ;
#3065 = DIRECTION ( 'NONE',  ( 0.000000000000000000, 0.000000000000000000, 1.000000000000000000 ) ) ;
#3066 = LINE ( 'NONE', #3567, #376 ) ;
#3067 = CARTESIAN_POINT ( 'NONE',  ( -3.428999999999996273, 7.239000000000000767, -0.3810000000000040021 ) ) ;
#3068 = CARTESIAN_POINT ( 'NONE',  ( 12.25550000000001027, 8.509000000000000341, -0.8255000000000067839 ) ) ;
#3069 = SHAPE_DEFINITION_REPRESENTATION ( #2328, #1527 ) ;
#3070 = VECTOR ( 'NONE', #4439, 1000.000000000000000 ) ;
#3071 = ORIENTED_EDGE ( 'NONE', *, *, #3851, .F. ) ;
#3072 = LINE ( 'NONE', #4683, #6413 ) ;
#3073 = LINE ( 'NONE', #4723, #1570 ) ;
#3074 = DIRECTION ( 'NONE',  ( 0.000000000000000000, 1.733406087350420004E-16, -1.000000000000000000 ) ) ;
#3075 = PRESENTATION_STYLE_ASSIGNMENT (( #3035 ) ) ;
#3076 = ORIENTED_EDGE ( 'NONE', *, *, #6995, .T. ) ;
#3077 = VECTOR ( 'NONE', #3430, 1000.000000000000000 ) ;
#3078 = VERTEX_POINT ( 'NONE', #1083 ) ;
#3079 = FACE_OUTER_BOUND ( 'NONE', #5754, .T. ) ;
#3080 = DIRECTION ( 'NONE',  ( 0.000000000000000000, -1.000000000000000000, -2.338910953479677683E-16 ) ) ;
#3081 = DIRECTION ( 'NONE',  ( 0.5773502691896267303, -0.5773502691896247319, -0.5773502691896258421 ) ) ;
#3082 = AXIS2_PLACEMENT_3D ( 'NONE', #5953, #5268, #152 ) ;
#3083 = EDGE_CURVE ( 'NONE', #4349, #7407, #5684, .T. ) ;
#3084 = CARTESIAN_POINT ( 'NONE',  ( 7.620000000000003659, 8.509000000000000341, 1.270000000000001128 ) ) ;
#3085 = ADVANCED_FACE ( 'NONE', ( #4585 ), #524, .F. ) ;
#3086 = PLANE ( 'NONE',  #2788 ) ;
#3087 = VERTEX_POINT ( 'NONE', #596 ) ;
#3088 = DIRECTION ( 'NONE',  ( 0.000000000000000000, 2.449293598294710852E-16, -1.000000000000000000 ) ) ;
#3089 = ORIENTED_EDGE ( 'NONE', *, *, #7437, .T. ) ;
#3090 = VERTEX_POINT ( 'NONE', #4623 ) ;
#3091 = VECTOR ( 'NONE', #6108, 1000.000000000000000 ) ;
#3092 = AXIS2_PLACEMENT_3D ( 'NONE', #840, #3679, #3106 ) ;
#3093 = ORIENTED_EDGE ( 'NONE', *, *, #945, .T. ) ;
#3094 = LINE ( 'NONE', #5962, #5136 ) ;
#3095 = EDGE_CURVE ( 'NONE', #6401, #4183, #3427, .T. ) ;
#3096 = CARTESIAN_POINT ( 'NONE',  ( -5.079999999999997407, 8.509000000000000341, -1.270000000000001128 ) ) ;
#3097 = DIRECTION ( 'NONE',  ( -0.000000000000000000, 1.000000000000000000, 2.449293598294710852E-16 ) ) ;
#3098 = ADVANCED_FACE ( 'NONE', ( #4063 ), #3496, .F. ) ;
#3099 = DIRECTION ( 'NONE',  ( -0.000000000000000000, 0.000000000000000000, 1.000000000000000000 ) ) ;
#3100 = VERTEX_POINT ( 'NONE', #1726 ) ;
#3101 = VECTOR ( 'NONE', #421, 1000.000000000000000 ) ;
#3102 = ORIENTED_EDGE ( 'NONE', *, *, #1826, .T. ) ;
#3103 = LINE ( 'NONE', #4678, #7013 ) ;
#3104 = EDGE_CURVE ( 'NONE', #6563, #1396, #5721, .T. ) ;
#3105 = LINE ( 'NONE', #2456, #5550 ) ;
#3106 = DIRECTION ( 'NONE',  ( 0.000000000000000000, 5.054934237236841843E-31, 1.000000000000000000 ) ) ;
#3107 = EDGE_CURVE ( 'NONE', #5275, #7144, #635, .T. ) ;
#3108 = CARTESIAN_POINT ( 'NONE',  ( -0.8889999999999956826, 7.239000000000000767, 0.3809999999999947873 ) ) ;
#3109 = ITEM_DEFINED_TRANSFORMATION ( 'NONE', 'NONE', #5460,  #765 ) ;
#3110 = ORIENTED_EDGE ( 'NONE', *, *, #6138, .F. ) ;
#3111 = CARTESIAN_POINT ( 'NONE',  ( -12.69999999999999751, 0.000000000000000000, 0.000000000000000000 ) ) ;
#3112 = CARTESIAN_POINT ( 'NONE',  ( 3.429000000000005155, 7.239000000000000767, 0.3809999999999947873 ) ) ;
#3113 = CARTESIAN_POINT ( 'NONE',  ( 10.16000000000000369, 2.177422008883992879E-16, -0.8890000000000013447 ) ) ;
#3114 = SURFACE_STYLE_USAGE ( .BOTH. , #5945 ) ;
#3115 = VERTEX_POINT ( 'NONE', #6909 ) ;
#3116 = VERTEX_POINT ( 'NONE', #4032 ) ;
#3117 = CARTESIAN_POINT ( 'NONE',  ( 2.540000000000002256, 8.509000000000000341, -1.270000000000001128 ) ) ;
#3118 = DIRECTION ( 'NONE',  ( 0.000000000000000000, -1.733406087350420004E-16, 1.000000000000000000 ) ) ;
#3119 = FACE_OUTER_BOUND ( 'NONE', #584, .T. ) ;
#3120 = CARTESIAN_POINT ( 'NONE',  ( -12.69999999999999751, 0.000000000000000000, 1.269999999999998908 ) ) ;
#3121 = LINE ( 'NONE', #414, #5303 ) ;
#3122 = ORIENTED_EDGE ( 'NONE', *, *, #282, .F. ) ;
#3123 = CARTESIAN_POINT ( 'NONE',  ( 3.469446951953614189E-15, 0.5080000000000002292, -0.7528818102449945648 ) ) ;
#3124 = ORIENTED_EDGE ( 'NONE', *, *, #5352, .T. ) ;
#3125 = ORIENTED_EDGE ( 'NONE', *, *, #6374, .F. ) ;
#3126 = VERTEX_POINT ( 'NONE', #3463 ) ;
#3127 = CARTESIAN_POINT ( 'NONE',  ( 12.70000000000000462, 3.110602869834277161E-16, -1.270000000000001128 ) ) ;
#3128 = LINE ( 'NONE', #3251, #6520 ) ;
#3129 = AXIS2_PLACEMENT_3D ( 'NONE', #2386, #4135, #6512 ) ;
#3130 = PLANE ( 'NONE',  #3584 ) ;
#3131 = DIRECTION ( 'NONE',  ( 0.000000000000000000, -5.054934237236841843E-31, -1.000000000000000000 ) ) ;
#3132 = ORIENTED_EDGE ( 'NONE', *, *, #4201, .F. ) ;
#3133 = ORIENTED_EDGE ( 'NONE', *, *, #1177, .T. ) ;
#3134 = EDGE_CURVE ( 'NONE', #3544, #2713, #5756, .T. ) ;
#3135 = VECTOR ( 'NONE', #616, 1000.000000000000000 ) ;
#3136 = VECTOR ( 'NONE', #984, 1000.000000000000000 ) ;
#3137 = EDGE_CURVE ( 'NONE', #2697, #503, #2930, .T. ) ;
#3138 = ORIENTED_EDGE ( 'NONE', *, *, #3083, .T. ) ;
#3139 = DIRECTION ( 'NONE',  ( -0.000000000000000000, 1.000000000000000000, 1.733406087350420004E-16 ) ) ;
#3140 = CARTESIAN_POINT ( 'NONE',  ( -5.079999999999997407, 8.509000000000000341, -1.270000000000001128 ) ) ;
#3141 = DIRECTION ( 'NONE',  ( 1.000000000000000000, 0.000000000000000000, -0.000000000000000000 ) ) ;
#3142 = VECTOR ( 'NONE', #564, 1000.000000000000000 ) ;
#3143 = CARTESIAN_POINT ( 'NONE',  ( -15.49399999999999977, 0.5080000000000002292, -0.7528818102449945648 ) ) ;
#3144 = VECTOR ( 'NONE', #4276, 1000.000000000000227 ) ;
#3145 = APPLICATION_PROTOCOL_DEFINITION ( 'draft international standard', 'automotive_design', 1998, #7289 ) ;
#3146 = ORIENTED_EDGE ( 'NONE', *, *, #1204, .T. ) ;
#3147 = EDGE_CURVE ( 'NONE', #5534, #4114, #5074, .T. ) ;
#3148 = EDGE_CURVE ( 'NONE', #409, #904, #1798, .T. ) ;
#3149 = VECTOR ( 'NONE', #1773, 1000.000000000000000 ) ;
#3150 = LINE ( 'NONE', #3761, #7258 ) ;
#3151 = STYLED_ITEM ( 'NONE', ( #5029 ), #4154 ) ;
#3152 = DIRECTION ( 'NONE',  ( 0.000000000000000000, -1.440069553722777130E-16, 1.000000000000000000 ) ) ;
#3153 = CARTESIAN_POINT ( 'NONE',  ( 7.620000000000003659, 0.000000000000000000, 1.269999999999998908 ) ) ;
#3154 = CARTESIAN_POINT ( 'NONE',  ( 10.16000000000000369, 3.110602869834277161E-16, -1.270000000000001128 ) ) ;
#3155 = AXIS2_PLACEMENT_3D ( 'NONE', #4330, #4213, #1348 ) ;
#3156 = LINE ( 'NONE', #3883, #5472 ) ;
#3157 = ORIENTED_EDGE ( 'NONE', *, *, #3759, .T. ) ;
#3158 = FACE_OUTER_BOUND ( 'NONE', #4340, .T. ) ;
#3159 = CARTESIAN_POINT ( 'NONE',  ( 0.000000000000000000, 7.239000000000000767, -2.201425730935033664E-16 ) ) ;
#3160 =( GEOMETRIC_REPRESENTATION_CONTEXT ( 3 ) GLOBAL_UNCERTAINTY_ASSIGNED_CONTEXT ( ( #197 ) ) GLOBAL_UNIT_ASSIGNED_CONTEXT ( ( #2738, #403, #443 ) ) REPRESENTATION_CONTEXT ( 'NONE', 'WORKASPACE' ) );
#3161 = DIRECTION ( 'NONE',  ( -0.000000000000000000, 1.000000000000000000, 1.733406087350420004E-16 ) ) ;
#3162 = DIRECTION ( 'NONE',  ( 0.000000000000000000, 0.000000000000000000, -1.000000000000000000 ) ) ;
#3163 = CARTESIAN_POINT ( 'NONE',  ( -3.428999999999996273, 7.239000000000000767, -0.3810000000000040021 ) ) ;
#3164 = VERTEX_POINT ( 'NONE', #485 ) ;
#3165 = DIRECTION ( 'NONE',  ( -1.000000000000000000, 0.000000000000000000, 0.000000000000000000 ) ) ;
#3166 = ORIENTED_EDGE ( 'NONE', *, *, #256, .T. ) ;
#3167 = VECTOR ( 'NONE', #1280, 1000.000000000000000 ) ;
#3168 = VERTEX_POINT ( 'NONE', #2781 ) ;
#3169 = ORIENTED_EDGE ( 'NONE', *, *, #6432, .T. ) ;
#3170 = DIRECTION ( 'NONE',  ( -1.000000000000000000, 0.000000000000000000, -0.000000000000000000 ) ) ;
#3171 = DIRECTION ( 'NONE',  ( 0.000000000000000000, -5.054934237236841843E-31, -1.000000000000000000 ) ) ;
#3172 = DIRECTION ( 'NONE',  ( 0.000000000000000000, -0.000000000000000000, -1.000000000000000000 ) ) ;
#3173 = FILL_AREA_STYLE ('',( #235 ) ) ;
#3174 = ORIENTED_EDGE ( 'NONE', *, *, #237, .T. ) ;
#3175 = ORIENTED_EDGE ( 'NONE', *, *, #2261, .F. ) ;
#3176 = PRESENTATION_LAYER_ASSIGNMENT (  '', '', ( #7286 ) ) ;
#3177 = VERTEX_POINT ( 'NONE', #4514 ) ;
#3178 = CARTESIAN_POINT ( 'NONE',  ( -9.270999999999993690, 7.239000000000000767, -0.3810000000000040021 ) ) ;
#3179 = DIRECTION ( 'NONE',  ( 0.000000000000000000, 2.449293598294710852E-16, -1.000000000000000000 ) ) ;
#3180 = ADVANCED_FACE ( 'NONE', ( #1377 ), #5257, .F. ) ;
#3181 = FACE_OUTER_BOUND ( 'NONE', #863, .T. ) ;
#3182 = EDGE_CURVE ( 'NONE', #4703, #3206, #699, .T. ) ;
#3183 = ORIENTED_EDGE ( 'NONE', *, *, #540, .T. ) ;
#3184 = LINE ( 'NONE', #3798, #1464 ) ;
#3185 = PRESENTATION_STYLE_ASSIGNMENT (( #887 ) ) ;
#3186 = LINE ( 'NONE', #3765, #7125 ) ;
#3187 = CARTESIAN_POINT ( 'NONE',  ( -12.69999999999999751, 0.5080000000000002292, -0.7528818102449945648 ) ) ;
#3188 = PLANE ( 'NONE',  #4234 ) ;
#3189 = EDGE_CURVE ( 'NONE', #5534, #2799, #7046, .T. ) ;
#3190 = EDGE_CURVE ( 'NONE', #5043, #3945, #3073, .T. ) ;
#3191 = CARTESIAN_POINT ( 'NONE',  ( -2.539999999999996927, 2.177422008883992879E-16, -0.8890000000000013447 ) ) ;
#3192 = VECTOR ( 'NONE', #2999, 1000.000000000000000 ) ;
#3193 = ORIENTED_EDGE ( 'NONE', *, *, #6883, .T. ) ;
#3194 = CARTESIAN_POINT ( 'NONE',  ( 6.477000000000003865, 7.810499999999999332, -0.1270000000000042206 ) ) ;
#3195 = DIRECTION ( 'NONE',  ( 0.000000000000000000, 0.000000000000000000, 1.000000000000000000 ) ) ;
#3196 = LINE ( 'NONE', #5489, #6089 ) ;
#3197 = DIRECTION ( 'NONE',  ( -0.000000000000000000, 1.000000000000000000, 1.733406087350420004E-16 ) ) ;
#3198 = EDGE_CURVE ( 'NONE', #4512, #5311, #5829, .T. ) ;
#3199 = DIRECTION ( 'NONE',  ( 0.000000000000000000, 5.054934237236841843E-31, 1.000000000000000000 ) ) ;
#3200 = PLANE ( 'NONE',  #382 ) ;
#3201 = ADVANCED_FACE ( 'NONE', ( #1872 ), #1837, .F. ) ;
#3202 = VERTEX_POINT ( 'NONE', #4684 ) ;
#3203 = CARTESIAN_POINT ( 'NONE',  ( -15.23999999999999844, 8.509000000000000341, 1.270000000000001128 ) ) ;
#3204 = ADVANCED_FACE ( 'NONE', ( #668 ), #1909, .F. ) ;
#3205 = AXIS2_PLACEMENT_3D ( 'NONE', #3187, #7083, #1305 ) ;
#3206 = VERTEX_POINT ( 'NONE', #5980 ) ;
#3207 = ORIENTED_EDGE ( 'NONE', *, *, #4858, .T. ) ;
#3208 = ORIENTED_EDGE ( 'NONE', *, *, #5481, .F. ) ;
#3209 = MECHANICAL_DESIGN_GEOMETRIC_PRESENTATION_REPRESENTATION (  '', ( #4888 ), #6122 ) ;
#3210 = CARTESIAN_POINT ( 'NONE',  ( -0.3810000000000000053, -2.692399999999995686, 0.2032000000000002693 ) ) ;
#3211 = PLANE ( 'NONE',  #2174 ) ;
#3212 = SURFACE_SIDE_STYLE ('',( #2117 ) ) ;
#3213 = LINE ( 'NONE', #5506, #2657 ) ;
#3214 = CARTESIAN_POINT ( 'NONE',  ( 10.16000000000000369, -1.925929944387235853E-31, 0.8889999999999991243 ) ) ;
#3215 = AXIS2_PLACEMENT_3D ( 'NONE', #1333, #6546, #6475 ) ;
#3216 = ORIENTED_EDGE ( 'NONE', *, *, #735, .F. ) ;
#3217 = VECTOR ( 'NONE', #6061, 1000.000000000000000 ) ;
#3218 = ORIENTED_EDGE ( 'NONE', *, *, #3789, .T. ) ;
#3219 = ORIENTED_EDGE ( 'NONE', *, *, #1128, .T. ) ;
#3220 = ORIENTED_EDGE ( 'NONE', *, *, #6425, .T. ) ;
#3221 = DIRECTION ( 'NONE',  ( -1.000000000000000000, -0.000000000000000000, -0.000000000000000000 ) ) ;
#3222 = VECTOR ( 'NONE', #6001, 1000.000000000000000 ) ;
#3223 = VECTOR ( 'NONE', #6051, 1000.000000000000000 ) ;
#3224 = LINE ( 'NONE', #6618, #3009 ) ;
#3225 = DIRECTION ( 'NONE',  ( -1.000000000000000000, 0.000000000000000000, 0.000000000000000000 ) ) ;
#3226 = LINE ( 'NONE', #6700, #4887 ) ;
#3227 = AXIS2_PLACEMENT_3D ( 'NONE', #4845, #1502, #338 ) ;
#3228 = ORIENTED_EDGE ( 'NONE', *, *, #3107, .F. ) ;
#3229 = CARTESIAN_POINT ( 'NONE',  ( 15.24000000000000554, 0.5080000000000002292, -0.7528818102449945648 ) ) ;
#3230 = EDGE_CURVE ( 'NONE', #7057, #697, #6442, .T. ) ;
#3231 = PRESENTATION_STYLE_ASSIGNMENT (( #922 ) ) ;
#3232 = DIRECTION ( 'NONE',  ( 0.000000000000000000, 0.9659258262890699775, 0.2588190451025145222 ) ) ;
#3233 = FACE_OUTER_BOUND ( 'NONE', #5906, .T. ) ;
#3234 = DIRECTION ( 'NONE',  ( -0.000000000000000000, 1.000000000000000000, 1.733406087350420004E-16 ) ) ;
#3235 = EDGE_CURVE ( 'NONE', #6693, #2826, #2966, .T. ) ;
#3236 = ORIENTED_EDGE ( 'NONE', *, *, #3419, .T. ) ;
#3237 = EDGE_CURVE ( 'NONE', #3202, #4703, #106, .T. ) ;
#3238 = CARTESIAN_POINT ( 'NONE',  ( -7.619999999999997442, 8.509000000000000341, 0.8254999999999981242 ) ) ;
#3239 = LINE ( 'NONE', #4911, #7000 ) ;
#3240 = PLANE ( 'NONE',  #5355 ) ;
#3241 = FACE_OUTER_BOUND ( 'NONE', #2530, .T. ) ;
#3242 = LINE ( 'NONE', #820, #4430 ) ;
#3243 = DIRECTION ( 'NONE',  ( 0.000000000000000000, -0.000000000000000000, -1.000000000000000000 ) ) ;
#3244 = EDGE_LOOP ( 'NONE', ( #2874, #5093, #2335, #6082 ) ) ;
#3245 = DIRECTION ( 'NONE',  ( 0.000000000000000000, 1.440069553722777130E-16, -1.000000000000000000 ) ) ;
#3246 = ORIENTED_EDGE ( 'NONE', *, *, #3482, .F. ) ;
#3247 = EDGE_LOOP ( 'NONE', ( #6834, #4502, #7136, #4671 ) ) ;
#3248 = ORIENTED_EDGE ( 'NONE', *, *, #703, .F. ) ;
#3249 = EDGE_CURVE ( 'NONE', #5525, #6882, #2507, .T. ) ;
#3250 = CARTESIAN_POINT ( 'NONE',  ( -2.539999999999996927, 3.110602869834277161E-16, -1.270000000000001128 ) ) ;
#3251 = CARTESIAN_POINT ( 'NONE',  ( 3.469446951953614189E-15, 8.509000000000000341, 1.270000000000001128 ) ) ;
#3252 = CARTESIAN_POINT ( 'NONE',  ( -0.3810000000000000053, 0.5079999999999998961, -0.2031999999999997419 ) ) ;
#3253 = LINE ( 'NONE', #466, #5211 ) ;
#3254 = ORIENTED_EDGE ( 'NONE', *, *, #6113, .F. ) ;
#3255 = VERTEX_POINT ( 'NONE', #1946 ) ;
#3256 = ORIENTED_EDGE ( 'NONE', *, *, #1020, .F. ) ;
#3257 = ORIENTED_EDGE ( 'NONE', *, *, #6243, .T. ) ;
#3258 = EDGE_CURVE ( 'NONE', #6028, #4393, #4796, .T. ) ;
#3259 = DIRECTION ( 'NONE',  ( 0.000000000000000000, -1.000000000000000000, -2.548365665731588345E-16 ) ) ;
#3260 = FACE_OUTER_BOUND ( 'NONE', #4922, .T. ) ;
#3261 = FACE_OUTER_BOUND ( 'NONE', #4289, .T. ) ;
#3262 = VECTOR ( 'NONE', #3804, 1000.000000000000000 ) ;
#3263 = VECTOR ( 'NONE', #6255, 1000.000000000000000 ) ;
#3264 = ORIENTED_EDGE ( 'NONE', *, *, #6390, .F. ) ;
#3265 = DIRECTION ( 'NONE',  ( -1.000000000000000000, 0.000000000000000000, 0.000000000000000000 ) ) ;
#3266 = CARTESIAN_POINT ( 'NONE',  ( -5.079999999999997407, 3.110602869834277161E-16, -1.270000000000001128 ) ) ;
#3267 = PLANE ( 'NONE',  #2658 ) ;
#3268 = VECTOR ( 'NONE', #3171, 1000.000000000000000 ) ;
#3269 = VECTOR ( 'NONE', #515, 1000.000000000000000 ) ;
#3270 = CARTESIAN_POINT ( 'NONE',  ( -10.15999999999999837, 8.509000000000000341, 1.270000000000001128 ) ) ;
#3271 = PLANE ( 'NONE',  #6331 ) ;
#3272 = VECTOR ( 'NONE', #4867, 1000.000000000000000 ) ;
#3273 = AXIS2_PLACEMENT_3D ( 'NONE', #5758, #530, #109 ) ;
#3274 = ORIENTED_EDGE ( 'NONE', *, *, #7307, .F. ) ;
#3275 = DIRECTION ( 'NONE',  ( -0.000000000000000000, 0.000000000000000000, -1.000000000000000000 ) ) ;
#3276 = DIRECTION ( 'NONE',  ( 0.000000000000000000, 0.000000000000000000, -1.000000000000000000 ) ) ;
#3277 = CARTESIAN_POINT ( 'NONE',  ( -10.60449999999999271, 8.509000000000000341, -0.8255000000000067839 ) ) ;
#3278 = CARTESIAN_POINT ( 'NONE',  ( -10.15999999999999837, 0.000000000000000000, 1.269999999999998908 ) ) ;
#3279 = VECTOR ( 'NONE', #3957, 1000.000000000000000 ) ;
#3280 = PLANE ( 'NONE',  #7448 ) ;
#3281 = PLANE ( 'NONE',  #3755 ) ;
#3282 = EDGE_CURVE ( 'NONE', #15, #1623, #3576, .T. ) ;
#3283 = VERTEX_POINT ( 'NONE', #3685 ) ;
#3284 = CARTESIAN_POINT ( 'NONE',  ( -14.79549999999999876, 8.509000000000000341, 0.8254999999999981242 ) ) ;
#3285 = ADVANCED_FACE ( 'NONE', ( #248 ), #4760, .F. ) ;
#3286 = ORIENTED_EDGE ( 'NONE', *, *, #5818, .T. ) ;
#3287 = VERTEX_POINT ( 'NONE', #6480 ) ;
#3288 = ORIENTED_EDGE ( 'NONE', *, *, #4744, .F. ) ;
#3289 = CARTESIAN_POINT ( 'NONE',  ( -4.190999999999995396, 8.064499999999998892, 0.3809999999999949538 ) ) ;
#3290 = DIRECTION ( 'NONE',  ( -0.000000000000000000, -0.7071067811865482389, -0.7071067811865467956 ) ) ;
#3291 = DIRECTION ( 'NONE',  ( 0.000000000000000000, 0.000000000000000000, 1.000000000000000000 ) ) ;
#3292 = LINE ( 'NONE', #2039, #614 ) ;
#3293 = CARTESIAN_POINT ( 'NONE',  ( 5.969000000000005635, 7.239000000000000767, 0.3809999999999947873 ) ) ;
#3294 =( GEOMETRIC_REPRESENTATION_CONTEXT ( 3 ) GLOBAL_UNCERTAINTY_ASSIGNED_CONTEXT ( ( #4778 ) ) GLOBAL_UNIT_ASSIGNED_CONTEXT ( ( #6748, #6131, #6705 ) ) REPRESENTATION_CONTEXT ( 'NONE', 'WORKASPACE' ) );
#3295 = CONTEXT_DEPENDENT_SHAPE_REPRESENTATION ( #2800, #5509 ) ;
#3296 = ADVANCED_FACE ( 'NONE', ( #1304 ), #3610, .F. ) ;
#3297 = VERTEX_POINT ( 'NONE', #1231 ) ;
#3298 = ORIENTED_EDGE ( 'NONE', *, *, #2775, .T. ) ;
#3299 = VERTEX_POINT ( 'NONE', #178 ) ;
#3300 = VECTOR ( 'NONE', #3165, 1000.000000000000000 ) ;
#3301 = DIRECTION ( 'NONE',  ( 0.000000000000000000, 0.000000000000000000, -1.000000000000000000 ) ) ;
#3302 = DIRECTION ( 'NONE',  ( -1.000000000000000000, 0.000000000000000000, 0.000000000000000000 ) ) ;
#3303 = CARTESIAN_POINT ( 'NONE',  ( 2.540000000000002256, 3.110602869834277161E-16, -1.270000000000001128 ) ) ;
#3304 = ADVANCED_FACE ( 'NONE', ( #3539 ), #3649, .F. ) ;
#3305 = VERTEX_POINT ( 'NONE', #6670 ) ;
#3306 = LINE ( 'NONE', #4322, #7249 ) ;
#3307 = DIRECTION ( 'NONE',  ( 0.000000000000000000, 0.000000000000000000, 1.000000000000000000 ) ) ;
#3308 =( GEOMETRIC_REPRESENTATION_CONTEXT ( 3 ) GLOBAL_UNCERTAINTY_ASSIGNED_CONTEXT ( ( #1320 ) ) GLOBAL_UNIT_ASSIGNED_CONTEXT ( ( #6547, #1335, #1905 ) ) REPRESENTATION_CONTEXT ( 'NONE', 'WORKASPACE' ) );
#3309 = DIRECTION ( 'NONE',  ( -0.000000000000000000, -0.7071067811865482389, -0.7071067811865467956 ) ) ;
#3310 = SURFACE_SIDE_STYLE ('',( #6062 ) ) ;
#3311 = CARTESIAN_POINT ( 'NONE',  ( 1.651000000000003132, 7.239000000000000767, -0.3810000000000040021 ) ) ;
#3312 = ORIENTED_EDGE ( 'NONE', *, *, #1308, .T. ) ;
#3313 = VECTOR ( 'NONE', #1455, 1000.000000000000000 ) ;
#3314 = SURFACE_STYLE_USAGE ( .BOTH. , #1572 ) ;
#3315 = CARTESIAN_POINT ( 'NONE',  ( -3.428999999999996273, 8.064499999999998892, 0.3809999999999949538 ) ) ;
#3316 = DIRECTION ( 'NONE',  ( 0.000000000000000000, 1.000000000000000000, 2.548365665731588345E-16 ) ) ;
#3317 = DIRECTION ( 'NONE',  ( 0.000000000000000000, -0.9659258262890699775, -0.2588190451025145222 ) ) ;
#3318 = SHAPE_REPRESENTATION ( 'NPPC121LFBN-RC', ( #1855, #417, #2571, #5099, #5460, #6204, #4727, #6436, #1618, #7402, #2445, #174, #4621, #5221 ), #3308 ) ;
#3319 = LINE ( 'NONE', #4446, #7370 ) ;
#3320 = VERTEX_POINT ( 'NONE', #923 ) ;
#3321 = DIRECTION ( 'NONE',  ( 0.000000000000000000, 0.000000000000000000, -1.000000000000000000 ) ) ;
#3322 = ORIENTED_EDGE ( 'NONE', *, *, #6612, .T. ) ;
#3323 = AXIS2_PLACEMENT_3D ( 'NONE', #6717, #1540, #6184 ) ;
#3324 = VERTEX_POINT ( 'NONE', #4949 ) ;
#3325 = ORIENTED_EDGE ( 'NONE', *, *, #5478, .T. ) ;
#3326 = PRODUCT_RELATED_PRODUCT_CATEGORY ( 'part', '', ( #7270 ) ) ;
#3327 = DIRECTION ( 'NONE',  ( 0.000000000000000000, 0.2588190451025145222, -0.9659258262890699775 ) ) ;
#3328 = EDGE_CURVE ( 'NONE', #363, #5004, #3186, .T. ) ;
#3329 = LINE ( 'NONE', #463, #730 ) ;
#3330 = PLANE ( 'NONE',  #1520 ) ;
#3331 = CARTESIAN_POINT ( 'NONE',  ( -12.69999999999999751, -1.925929944387235853E-31, 0.8889999999999991243 ) ) ;
#3332 = EDGE_LOOP ( 'NONE', ( #1813, #5959, #3553, #2624 ) ) ;
#3333 = DIRECTION ( 'NONE',  ( 0.000000000000000000, 0.000000000000000000, -1.000000000000000000 ) ) ;
#3334 = ITEM_DEFINED_TRANSFORMATION ( 'NONE', 'NONE', #1618,  #765 ) ;
#3335 = ORIENTED_EDGE ( 'NONE', *, *, #388, .F. ) ;
#3336 = ORIENTED_EDGE ( 'NONE', *, *, #5352, .F. ) ;
#3337 = EDGE_LOOP ( 'NONE', ( #1197, #5624, #1783, #6075 ) ) ;
#3338 = ORIENTED_EDGE ( 'NONE', *, *, #3700, .F. ) ;
#3339 = EDGE_CURVE ( 'NONE', #1862, #3352, #7310, .T. ) ;
#3340 = ADVANCED_FACE ( 'NONE', ( #1449 ), #444, .F. ) ;
#3341 = PLANE ( 'NONE',  #7243 ) ;
#3342 = CARTESIAN_POINT ( 'NONE',  ( 15.24000000000000554, 0.000000000000000000, 1.269999999999998908 ) ) ;
#3343 = ORIENTED_EDGE ( 'NONE', *, *, #4691, .T. ) ;
#3344 = VECTOR ( 'NONE', #7041, 1000.000000000000000 ) ;
#3345 = CARTESIAN_POINT ( 'NONE',  ( -15.23999999999999844, 3.110602869834277161E-16, -1.270000000000001128 ) ) ;
#3346 = EDGE_CURVE ( 'NONE', #1102, #5458, #7272, .T. ) ;
#3347 = CARTESIAN_POINT ( 'NONE',  ( -15.23999999999999844, 0.5080000000000000071, 0.7528818102449925664 ) ) ;
#3348 = FACE_OUTER_BOUND ( 'NONE', #6410, .T. ) ;
#3349 = CARTESIAN_POINT ( 'NONE',  ( -15.49399999999999977, 2.177422008883992879E-16, -0.8890000000000013447 ) ) ;
#3350 = AXIS2_PLACEMENT_3D ( 'NONE', #906, #3327, #462 ) ;
#3351 = VECTOR ( 'NONE', #355, 1000.000000000000000 ) ;
#3352 = VERTEX_POINT ( 'NONE', #3153 ) ;
#3353 = VERTEX_POINT ( 'NONE', #2577 ) ;
#3354 = CARTESIAN_POINT ( 'NONE',  ( 12.70000000000000462, 3.110602869834277161E-16, -1.270000000000001128 ) ) ;
#3355 = CARTESIAN_POINT ( 'NONE',  ( -7.619999999999998330, 8.509000000000000341, 1.270000000000001128 ) ) ;
#3356 = DIRECTION ( 'NONE',  ( -0.5773502691896267303, -0.5773502691896246208, -0.5773502691896259531 ) ) ;
#3357 = CARTESIAN_POINT ( 'NONE',  ( 12.70000000000000462, 0.5080000000000000071, 0.7528818102449925664 ) ) ;
#3358 = DIRECTION ( 'NONE',  ( -0.000000000000000000, 1.000000000000000000, 1.733406087350420004E-16 ) ) ;
#3359 = ORIENTED_EDGE ( 'NONE', *, *, #2088, .T. ) ;
#3360 = CARTESIAN_POINT ( 'NONE',  ( 3.429000000000005155, 8.064499999999998892, 0.3809999999999949538 ) ) ;
#3361 = ORIENTED_EDGE ( 'NONE', *, *, #4849, .F. ) ;
#3362 = ORIENTED_EDGE ( 'NONE', *, *, #3505, .T. ) ;
#3363 = ORIENTED_EDGE ( 'NONE', *, *, #2995, .F. ) ;
#3364 = DIRECTION ( 'NONE',  ( -0.000000000000000000, -0.7071067811865482389, -0.7071067811865467956 ) ) ;
#3365 = PLANE ( 'NONE',  #1938 ) ;
#3366 = CARTESIAN_POINT ( 'NONE',  ( -7.619999999999997442, 0.5080000000000002292, -0.7528818102449945648 ) ) ;
#3367 = DIRECTION ( 'NONE',  ( 0.000000000000000000, -1.000000000000000000, -1.733406087350420004E-16 ) ) ;
#3368 = CARTESIAN_POINT ( 'NONE',  ( 15.24000000000000554, 2.177422008883992879E-16, -0.8890000000000013447 ) ) ;
#3369 = ORIENTED_EDGE ( 'NONE', *, *, #3614, .F. ) ;
#3370 = ORIENTED_EDGE ( 'NONE', *, *, #4313, .F. ) ;
#3371 = ORIENTED_EDGE ( 'NONE', *, *, #7197, .T. ) ;
#3372 = VERTEX_POINT ( 'NONE', #2656 ) ;
#3373 = DIRECTION ( 'NONE',  ( -0.5773502691896267303, -0.5773502691896246208, -0.5773502691896259531 ) ) ;
#3374 = DIRECTION ( 'NONE',  ( 1.000000000000000000, 0.000000000000000000, -0.000000000000000000 ) ) ;
#3375 = EDGE_CURVE ( 'NONE', #3399, #7204, #5480, .T. ) ;
#3376 = ADVANCED_FACE ( 'NONE', ( #2739, #1414 ), #5445, .F. ) ;
#3377 = LINE ( 'NONE', #2207, #5557 ) ;
#3378 = CARTESIAN_POINT ( 'NONE',  ( -10.15999999999999659, 8.509000000000000341, 0.8254999999999981242 ) ) ;
#3379 = DIRECTION ( 'NONE',  ( 0.000000000000000000, -1.000000000000000000, -2.548365665731588345E-16 ) ) ;
#3380 = LINE ( 'NONE', #4649, #1711 ) ;
#3381 = AXIS2_PLACEMENT_3D ( 'NONE', #1143, #2805, #551 ) ;
#3382 = AXIS2_PLACEMENT_3D ( 'NONE', #5302, #3118, #6524 ) ;
#3383 = EDGE_CURVE ( 'NONE', #1733, #5430, #7342, .T. ) ;
#3384 = EDGE_CURVE ( 'NONE', #2405, #5705, #3879, .T. ) ;
#3385 = ORIENTED_EDGE ( 'NONE', *, *, #2645, .T. ) ;
#3386 = EDGE_CURVE ( 'NONE', #5768, #111, #7191, .T. ) ;
#3387 = VECTOR ( 'NONE', #608, 1000.000000000000114 ) ;
#3388 = AXIS2_PLACEMENT_3D ( 'NONE', #6544, #2416, #1260 ) ;
#3389 = PLANE ( 'NONE',  #2801 ) ;
#3390 = DIRECTION ( 'NONE',  ( 0.000000000000000000, 0.000000000000000000, 1.000000000000000000 ) ) ;
#3391 = LINE ( 'NONE', #2106, #2343 ) ;
#3392 = CARTESIAN_POINT ( 'NONE',  ( -12.69999999999999751, 0.000000000000000000, 1.269999999999998908 ) ) ;
#3393 = DIRECTION ( 'NONE',  ( 0.000000000000000000, 0.9659258262890699775, 0.2588190451025145222 ) ) ;
#3394 = EDGE_LOOP ( 'NONE', ( #2360, #1356, #6114, #5578 ) ) ;
#3395 = CARTESIAN_POINT ( 'NONE',  ( 13.58900000000000752, 8.064499999999998892, 0.3809999999999947873 ) ) ;
#3396 = VECTOR ( 'NONE', #6417, 1000.000000000000000 ) ;
#3397 = AXIS2_PLACEMENT_3D ( 'NONE', #2509, #4762, #1306 ) ;
#3398 = ORIENTED_EDGE ( 'NONE', *, *, #2920, .T. ) ;
#3399 = VERTEX_POINT ( 'NONE', #289 ) ;
#3400 = ORIENTED_EDGE ( 'NONE', *, *, #2182, .T. ) ;
#3401 = DIRECTION ( 'NONE',  ( 0.000000000000000000, -0.9659258262890699775, -0.2588190451025145222 ) ) ;
#3402 = VECTOR ( 'NONE', #6741, 1000.000000000000000 ) ;
#3403 = LINE ( 'NONE', #4009, #5740 ) ;
#3404 = FACE_OUTER_BOUND ( 'NONE', #2704, .T. ) ;
#3405 = DIRECTION ( 'NONE',  ( -0.5773502691896267303, -0.5773502691896246208, -0.5773502691896259531 ) ) ;
#3406 = ORIENTED_EDGE ( 'NONE', *, *, #3107, .T. ) ;
#3407 = VECTOR ( 'NONE', #5683, 1000.000000000000000 ) ;
#3408 = ORIENTED_EDGE ( 'NONE', *, *, #5072, .T. ) ;
#3409 = ORIENTED_EDGE ( 'NONE', *, *, #6458, .T. ) ;
#3410 = ORIENTED_EDGE ( 'NONE', *, *, #282, .T. ) ;
#3411 = PLANE ( 'NONE',  #6044 ) ;
#3412 = CARTESIAN_POINT ( 'NONE',  ( 15.24000000000000554, 0.5080000000000000071, 0.7528818102449925664 ) ) ;
#3413 = ORIENTED_EDGE ( 'NONE', *, *, #7217, .F. ) ;
#3414 = VECTOR ( 'NONE', #3088, 1000.000000000000000 ) ;
#3415 = PRODUCT_DEFINITION_SHAPE ( 'NONE', 'NONE',  #186 ) ;
#3416 = DIRECTION ( 'NONE',  ( -0.000000000000000000, 1.000000000000000000, 1.440069553722777130E-16 ) ) ;
#3417 = PLANE ( 'NONE',  #1090 ) ;
#3418 = LINE ( 'NONE', #1646, #1334 ) ;
#3419 = EDGE_CURVE ( 'NONE', #612, #7305, #2700, .T. ) ;
#3420 = DIRECTION ( 'NONE',  ( 0.000000000000000000, 2.449293598294710852E-16, -1.000000000000000000 ) ) ;
#3421 = FACE_OUTER_BOUND ( 'NONE', #1029, .T. ) ;
#3422 = LINE ( 'NONE', #1018, #4644 ) ;
#3423 = DIRECTION ( 'NONE',  ( 1.000000000000000000, 0.000000000000000000, 0.000000000000000000 ) ) ;
#3424 = ORIENTED_EDGE ( 'NONE', *, *, #5536, .F. ) ;
#3425 = ADVANCED_FACE ( 'NONE', ( #326 ), #3267, .F. ) ;
#3426 = DIRECTION ( 'NONE',  ( -1.000000000000000000, -0.000000000000000000, -0.000000000000000000 ) ) ;
#3427 = LINE ( 'NONE', #2247, #5291 ) ;
#3428 = ADVANCED_FACE ( 'NONE', ( #5560 ), #6586, .F. ) ;
#3429 = EDGE_CURVE ( 'NONE', #789, #3967, #2020, .T. ) ;
#3430 = DIRECTION ( 'NONE',  ( 0.000000000000000000, 2.449293598294710852E-16, -1.000000000000000000 ) ) ;
#3431 = CARTESIAN_POINT ( 'NONE',  ( -15.49399999999999977, 8.509000000000000341, 1.270000000000001128 ) ) ;
#3432 = CARTESIAN_POINT ( 'NONE',  ( 11.04900000000000659, 8.064499999999998892, 0.3809999999999947873 ) ) ;
#3433 =( LENGTH_UNIT ( ) NAMED_UNIT ( * ) SI_UNIT ( .MILLI., .METRE. ) );
#3434 = ORIENTED_EDGE ( 'NONE', *, *, #992, .T. ) ;
#3435 = CLOSED_SHELL ( 'NONE', ( #7440, #2576, #1035, #3995, #6555, #7207, #6249, #3738, #6200, #2349, #4401, #2918, #4702, #3296, #481, #1157, #2643, #6279, #1907 ) ) ;
#3436 = VERTEX_POINT ( 'NONE', #6626 ) ;
#3437 = LINE ( 'NONE', #6411, #5429 ) ;
#3438 = PLANE ( 'NONE',  #4182 ) ;
#3439 = ADVANCED_FACE ( 'NONE', ( #7227 ), #5521, .F. ) ;
#3440 = DIRECTION ( 'NONE',  ( 0.000000000000000000, 0.9659258262890700886, -0.2588190451025140781 ) ) ;
#3441 = EDGE_CURVE ( 'NONE', #2520, #5884, #5176, .T. ) ;
#3442 = CARTESIAN_POINT ( 'NONE',  ( 2.540000000000002256, 8.509000000000000341, 1.270000000000001128 ) ) ;
#3443 = DIRECTION ( 'NONE',  ( 0.000000000000000000, -1.733406087350420004E-16, 1.000000000000000000 ) ) ;
#3444 = ORIENTED_EDGE ( 'NONE', *, *, #6757, .F. ) ;
#3445 = DIRECTION ( 'NONE',  ( 0.000000000000000000, 1.000000000000000000, 2.548365665731588345E-16 ) ) ;
#3446 = VECTOR ( 'NONE', #336, 1000.000000000000000 ) ;
#3447 = VERTEX_POINT ( 'NONE', #3347 ) ;
#3448 = VERTEX_POINT ( 'NONE', #4025 ) ;
#3449 = ORIENTED_EDGE ( 'NONE', *, *, #4568, .T. ) ;
#3450 = EDGE_LOOP ( 'NONE', ( #3791, #5970, #1817, #5842 ) ) ;
#3451 = DIRECTION ( 'NONE',  ( 0.000000000000000000, -2.449293598294710852E-16, 1.000000000000000000 ) ) ;
#3452 = CARTESIAN_POINT ( 'NONE',  ( -7.619999999999998330, 0.000000000000000000, 1.269999999999998908 ) ) ;
#3453 = DIRECTION ( 'NONE',  ( -1.000000000000000000, 0.000000000000000000, -0.000000000000000000 ) ) ;
#3454 = ORIENTED_EDGE ( 'NONE', *, *, #3749, .T. ) ;
#3455 = DIRECTION ( 'NONE',  ( -0.000000000000000000, 1.000000000000000000, 1.733406087350420004E-16 ) ) ;
#3456 = PRESENTATION_LAYER_ASSIGNMENT (  '', '', ( #4888 ) ) ;
#3457 = DIRECTION ( 'NONE',  ( 0.000000000000000000, -0.7071067811865483499, 0.7071067811865466846 ) ) ;
#3458 = DIRECTION ( 'NONE',  ( -1.000000000000000000, -0.000000000000000000, -0.000000000000000000 ) ) ;
#3459 = CARTESIAN_POINT ( 'NONE',  ( -8.889999999999995239, 0.000000000000000000, 0.000000000000000000 ) ) ;
#3460 = VERTEX_POINT ( 'NONE', #1114 ) ;
#3461 = VECTOR ( 'NONE', #7228, 1000.000000000000000 ) ;
#3462 = CARTESIAN_POINT ( 'NONE',  ( -15.49399999999999977, -1.925929944387235853E-31, 0.8889999999999991243 ) ) ;
#3463 = CARTESIAN_POINT ( 'NONE',  ( -10.15999999999999837, 0.5080000000000000071, 0.7528818102449925664 ) ) ;
#3464 = CARTESIAN_POINT ( 'NONE',  ( 2.540000000000002256, 2.177422008883992879E-16, -0.8890000000000013447 ) ) ;
#3465 = VECTOR ( 'NONE', #2560, 1000.000000000000000 ) ;
#3466 = VECTOR ( 'NONE', #4780, 1000.000000000000227 ) ;
#3467 = DIRECTION ( 'NONE',  ( 1.000000000000000000, 0.000000000000000000, 0.000000000000000000 ) ) ;
#3468 = VERTEX_POINT ( 'NONE', #29 ) ;
#3469 = EDGE_CURVE ( 'NONE', #824, #3734, #4542, .T. ) ;
#3470 = EDGE_CURVE ( 'NONE', #4532, #1396, #6860, .T. ) ;
#3471 = AXIS2_PLACEMENT_3D ( 'NONE', #519, #2813, #3729 ) ;
#3472 = ORIENTED_EDGE ( 'NONE', *, *, #114, .T. ) ;
#3473 = DIRECTION ( 'NONE',  ( 1.000000000000000000, 0.000000000000000000, -0.000000000000000000 ) ) ;
#3474 = DIRECTION ( 'NONE',  ( 0.000000000000000000, 1.000000000000000000, 0.000000000000000000 ) ) ;
#3475 = DIRECTION ( 'NONE',  ( 0.000000000000000000, 0.000000000000000000, -1.000000000000000000 ) ) ;
#3476 = CARTESIAN_POINT ( 'NONE',  ( 0.8890000000000043423, 8.064499999999998892, 0.3809999999999947873 ) ) ;
#3477 = ORIENTED_EDGE ( 'NONE', *, *, #7210, .F. ) ;
#3478 = LINE ( 'NONE', #6312, #4720 ) ;
#3479 = VERTEX_POINT ( 'NONE', #5749 ) ;
#3480 = EDGE_CURVE ( 'NONE', #3498, #2763, #5711, .T. ) ;
#3481 = VERTEX_POINT ( 'NONE', #6214 ) ;
#3482 = EDGE_CURVE ( 'NONE', #3353, #419, #4055, .T. ) ;
#3483 = ADVANCED_FACE ( 'NONE', ( #592 ), #478, .F. ) ;
#3484 = ORIENTED_EDGE ( 'NONE', *, *, #72, .F. ) ;
#3485 = DIRECTION ( 'NONE',  ( -0.000000000000000000, -0.000000000000000000, 1.000000000000000000 ) ) ;
#3486 = LINE ( 'NONE', #1180, #3708 ) ;
#3487 = LINE ( 'NONE', #2914, #873 ) ;
#3488 = ADVANCED_FACE ( 'NONE', ( #2810 ), #5640, .F. ) ;
#3489 = ORIENTED_EDGE ( 'NONE', *, *, #1250, .F. ) ;
#3490 = EDGE_LOOP ( 'NONE', ( #276, #2121, #5538, #2606 ) ) ;
#3491 = FACE_OUTER_BOUND ( 'NONE', #4368, .T. ) ;
#3492 = DIRECTION ( 'NONE',  ( 0.000000000000000000, 0.000000000000000000, 1.000000000000000000 ) ) ;
#3493 = LINE ( 'NONE', #6861, #208 ) ;
#3494 = ORIENTED_EDGE ( 'NONE', *, *, #2384, .F. ) ;
#3495 = CARTESIAN_POINT ( 'NONE',  ( 8.064500000000002444, 8.509000000000000341, -0.8255000000000067839 ) ) ;
#3496 = PLANE ( 'NONE',  #3010 ) ;
#3497 = PLANE ( 'NONE',  #7416 ) ;
#3498 = VERTEX_POINT ( 'NONE', #3958 ) ;
#3499 = AXIS2_PLACEMENT_3D ( 'NONE', #4569, #6887, #3451 ) ;
#3500 = VECTOR ( 'NONE', #5405, 1000.000000000000000 ) ;
#3501 = ORIENTED_EDGE ( 'NONE', *, *, #7025, .T. ) ;
#3502 = FACE_OUTER_BOUND ( 'NONE', #7068, .T. ) ;
#3503 = CARTESIAN_POINT ( 'NONE',  ( -9.270999999999993690, 8.064499999999998892, -0.3810000000000038356 ) ) ;
#3504 = DIRECTION ( 'NONE',  ( 1.000000000000000000, 0.000000000000000000, 0.000000000000000000 ) ) ;
#3505 = EDGE_CURVE ( 'NONE', #7261, #3116, #6323, .T. ) ;
#3506 = AXIS2_PLACEMENT_3D ( 'NONE', #3973, #4561, #49 ) ;
#3507 = VECTOR ( 'NONE', #130, 1000.000000000000000 ) ;
#3508 = CARTESIAN_POINT ( 'NONE',  ( 5.080000000000002736, 3.110602869834277161E-16, -1.270000000000001128 ) ) ;
#3509 = ADVANCED_FACE ( 'NONE', ( #2278 ), #5103, .F. ) ;
#3510 = CARTESIAN_POINT ( 'NONE',  ( 15.24000000000000554, 8.509000000000000341, -1.270000000000001128 ) ) ;
#3511 = ORIENTED_EDGE ( 'NONE', *, *, #212, .T. ) ;
#3512 = FACE_OUTER_BOUND ( 'NONE', #4819, .T. ) ;
#3513 = VERTEX_POINT ( 'NONE', #7380 ) ;
#3514 = VERTEX_POINT ( 'NONE', #5783 ) ;
#3515 = ORIENTED_EDGE ( 'NONE', *, *, #4156, .F. ) ;
#3516 = AXIS2_PLACEMENT_3D ( 'NONE', #5397, #171, #4750 ) ;
#3517 = VECTOR ( 'NONE', #2820, 1000.000000000000000 ) ;
#3518 = PRODUCT_DEFINITION_CONTEXT ( 'detailed design', #3818, 'design' ) ;
#3519 = EDGE_CURVE ( 'NONE', #5311, #4053, #1718, .T. ) ;
#3520 = CARTESIAN_POINT ( 'NONE',  ( -10.15999999999999837, 0.5080000000000002292, -0.7528818102449945648 ) ) ;
#3521 = CARTESIAN_POINT ( 'NONE',  ( -15.23999999999999844, 2.177422008883992879E-16, -0.8890000000000013447 ) ) ;
#3522 = PLANE ( 'NONE',  #1056 ) ;
#3523 = EDGE_CURVE ( 'NONE', #221, #4314, #3418, .T. ) ;
#3524 = DIRECTION ( 'NONE',  ( 1.000000000000000000, 0.000000000000000000, 0.000000000000000000 ) ) ;
#3525 = EDGE_CURVE ( 'NONE', #844, #3468, #6250, .T. ) ;
#3526 = VECTOR ( 'NONE', #5453, 999.9999999999998863 ) ;
#3527 = VERTEX_POINT ( 'NONE', #3987 ) ;
#3528 = APPLICATION_CONTEXT ( 'automotive_design' ) ;
#3529 = FACE_OUTER_BOUND ( 'NONE', #2504, .T. ) ;
#3530 = DIRECTION ( 'NONE',  ( 0.000000000000000000, 1.000000000000000000, -5.054934237236841843E-31 ) ) ;
#3531 = CARTESIAN_POINT ( 'NONE',  ( -2.539999999999996927, 8.509000000000000341, 1.270000000000001128 ) ) ;
#3532 = LINE ( 'NONE', #5249, #5135 ) ;
#3533 = CONTEXT_DEPENDENT_SHAPE_REPRESENTATION ( #6271, #2871 ) ;
#3534 = EDGE_CURVE ( 'NONE', #5229, #7260, #626, .T. ) ;
#3535 = SURFACE_STYLE_USAGE ( .BOTH. , #5143 ) ;
#3536 = VECTOR ( 'NONE', #1505, 1000.000000000000000 ) ;
#3537 = ORIENTED_EDGE ( 'NONE', *, *, #6713, .F. ) ;
#3538 = CARTESIAN_POINT ( 'NONE',  ( 7.620000000000003659, 8.509000000000000341, 1.270000000000001128 ) ) ;
#3539 = FACE_OUTER_BOUND ( 'NONE', #1284, .T. ) ;
#3540 = VECTOR ( 'NONE', #6080, 1000.000000000000114 ) ;
#3541 = CARTESIAN_POINT ( 'NONE',  ( 1.734723475976807094E-15, 8.509000000000000341, -1.270000000000001128 ) ) ;
#3542 = DIRECTION ( 'NONE',  ( -0.000000000000000000, 0.2588190451025140781, 0.9659258262890700886 ) ) ;
#3543 = CARTESIAN_POINT ( 'NONE',  ( 10.16000000000000369, -1.925929944387235853E-31, 0.8889999999999991243 ) ) ;
#3544 = VERTEX_POINT ( 'NONE', #2846 ) ;
#3545 =( GEOMETRIC_REPRESENTATION_CONTEXT ( 3 ) GLOBAL_UNCERTAINTY_ASSIGNED_CONTEXT ( ( #5315 ) ) GLOBAL_UNIT_ASSIGNED_CONTEXT ( ( #3433, #6913, #599 ) ) REPRESENTATION_CONTEXT ( 'NONE', 'WORKASPACE' ) );
#3546 = ORIENTED_EDGE ( 'NONE', *, *, #5947, .T. ) ;
#3547 = FACE_OUTER_BOUND ( 'NONE', #4421, .T. ) ;
#3548 = DIRECTION ( 'NONE',  ( 0.000000000000000000, -1.169455476739838842E-16, 1.000000000000000000 ) ) ;
#3549 = DIRECTION ( 'NONE',  ( 0.000000000000000000, 0.9659258262890700886, -0.2588190451025140781 ) ) ;
#3550 = LINE ( 'NONE', #2940, #1704 ) ;
#3551 = ORIENTED_EDGE ( 'NONE', *, *, #1116, .F. ) ;
#3552 = DIRECTION ( 'NONE',  ( 0.000000000000000000, 0.000000000000000000, 1.000000000000000000 ) ) ;
#3553 = ORIENTED_EDGE ( 'NONE', *, *, #6136, .F. ) ;
#3554 = ORIENTED_EDGE ( 'NONE', *, *, #2322, .T. ) ;
#3555 = VERTEX_POINT ( 'NONE', #2923 ) ;
#3556 = DIRECTION ( 'NONE',  ( -0.7071067811865462405, -0.7071067811865489050, 0.000000000000000000 ) ) ;
#3557 = ADVANCED_FACE ( 'NONE', ( #2946 ), #5216, .F. ) ;
#3558 = DIRECTION ( 'NONE',  ( 0.000000000000000000, 0.000000000000000000, -1.000000000000000000 ) ) ;
#3559 = VECTOR ( 'NONE', #7276, 1000.000000000000000 ) ;
#3560 = DIRECTION ( 'NONE',  ( -0.5773502691896267303, -0.5773502691896246208, -0.5773502691896259531 ) ) ;
#3561 = CARTESIAN_POINT ( 'NONE',  ( 7.620000000000003659, 8.509000000000000341, -1.270000000000001128 ) ) ;
#3562 = ADVANCED_FACE ( 'NONE', ( #4469 ), #6897, .T. ) ;
#3563 = ADVANCED_FACE ( 'NONE', ( #5281 ), #4160, .F. ) ;
#3564 = VERTEX_POINT ( 'NONE', #6433 ) ;
#3565 = CARTESIAN_POINT ( 'NONE',  ( -1.650999999999994472, 8.064499999999998892, 0.3809999999999949538 ) ) ;
#3566 = FILL_AREA_STYLE ('',( #209 ) ) ;
#3567 = CARTESIAN_POINT ( 'NONE',  ( -13.14449999999999363, 8.509000000000000341, -1.270000000000001128 ) ) ;
#3568 = LINE ( 'NONE', #1372, #4763 ) ;
#3569 = AXIS2_PLACEMENT_3D ( 'NONE', #3766, #7118, #4325 ) ;
#3570 = CARTESIAN_POINT ( 'NONE',  ( -10.15999999999999837, 3.110602869834277161E-16, -1.270000000000001128 ) ) ;
#3571 = ORIENTED_EDGE ( 'NONE', *, *, #542, .F. ) ;
#3572 = EDGE_CURVE ( 'NONE', #3967, #3283, #3602, .T. ) ;
#3573 = VERTEX_POINT ( 'NONE', #2957 ) ;
#3574 = EDGE_CURVE ( 'NONE', #5182, #14, #6472, .T. ) ;
#3575 = CARTESIAN_POINT ( 'NONE',  ( 15.49399999999999977, 0.000000000000000000, 1.269999999999998908 ) ) ;
#3576 = LINE ( 'NONE', #4205, #5410 ) ;
#3577 = CARTESIAN_POINT ( 'NONE',  ( 2.540000000000002256, 0.000000000000000000, 0.000000000000000000 ) ) ;
#3578 = FILL_AREA_STYLE ('',( #3651 ) ) ;
#3579 = VECTOR ( 'NONE', #7151, 1000.000000000000000 ) ;
#3580 = VECTOR ( 'NONE', #2847, 999.9999999999998863 ) ;
#3581 = ORIENTED_EDGE ( 'NONE', *, *, #4654, .T. ) ;
#3582 = ORIENTED_EDGE ( 'NONE', *, *, #1679, .F. ) ;
#3583 = VECTOR ( 'NONE', #1429, 1000.000000000000000 ) ;
#3584 = AXIS2_PLACEMENT_3D ( 'NONE', #6426, #273, #4675 ) ;
#3585 = LINE ( 'NONE', #4842, #2073 ) ;
#3586 = LINE ( 'NONE', #1845, #966 ) ;
#3587 = CARTESIAN_POINT ( 'NONE',  ( -3.428999999999996273, 8.064499999999998892, 0.3809999999999947873 ) ) ;
#3588 = PLANE ( 'NONE',  #6898 ) ;
#3589 = ORIENTED_EDGE ( 'NONE', *, *, #7251, .F. ) ;
#3590 = PLANE ( 'NONE',  #879 ) ;
#3591 = VERTEX_POINT ( 'NONE', #5973 ) ;
#3592 = VERTEX_POINT ( 'NONE', #3531 ) ;
#3593 = ORIENTED_EDGE ( 'NONE', *, *, #1067, .T. ) ;
#3594 = CARTESIAN_POINT ( 'NONE',  ( 3.469446951953614189E-15, 8.509000000000000341, -1.270000000000001128 ) ) ;
#3595 = UNCERTAINTY_MEASURE_WITH_UNIT (LENGTH_MEASURE( 1.000000000000000082E-05 ), #2282, 'distance_accuracy_value', 'NONE');
#3596 = DIRECTION ( 'NONE',  ( 1.000000000000000000, 0.000000000000000000, -0.000000000000000000 ) ) ;
#3597 = LINE ( 'NONE', #2410, #5137 ) ;
#3598 = LINE ( 'NONE', #447, #2557 ) ;
#3599 = VERTEX_POINT ( 'NONE', #1224 ) ;
#3600 = ORIENTED_EDGE ( 'NONE', *, *, #3282, .T. ) ;
#3601 = DIRECTION ( 'NONE',  ( 1.000000000000000000, 0.000000000000000000, 0.000000000000000000 ) ) ;
#3602 = LINE ( 'NONE', #1902, #6031 ) ;
#3603 = DIRECTION ( 'NONE',  ( 0.7071067811865462405, -0.7071067811865489050, 0.000000000000000000 ) ) ;
#3604 = EDGE_CURVE ( 'NONE', #2372, #1768, #6970, .T. ) ;
#3605 = DIRECTION ( 'NONE',  ( 0.000000000000000000, -1.440069553722777130E-16, 1.000000000000000000 ) ) ;
#3606 = DIRECTION ( 'NONE',  ( 0.000000000000000000, 0.000000000000000000, 1.000000000000000000 ) ) ;
#3607 = EDGE_CURVE ( 'NONE', #2633, #4389, #4679, .T. ) ;
#3608 = ORIENTED_EDGE ( 'NONE', *, *, #2961, .F. ) ;
#3609 = DIRECTION ( 'NONE',  ( 1.000000000000000000, 0.000000000000000000, -0.000000000000000000 ) ) ;
#3610 = PLANE ( 'NONE',  #2408 ) ;
#3611 = CARTESIAN_POINT ( 'NONE',  ( -1.650999999999994472, 8.064499999999998892, -0.3810000000000038356 ) ) ;
#3612 = SURFACE_STYLE_FILL_AREA ( #3687 ) ;
#3613 = EDGE_CURVE ( 'NONE', #86, #16, #3066, .T. ) ;
#3614 = EDGE_CURVE ( 'NONE', #5004, #2255, #1329, .T. ) ;
#3615 = ADVANCED_FACE ( 'NONE', ( #1792 ), #4089, .F. ) ;
#3616 = EDGE_LOOP ( 'NONE', ( #5772, #3608, #5807, #1632 ) ) ;
#3617 = EDGE_LOOP ( 'NONE', ( #7409, #2122, #4341, #3622 ) ) ;
#3618 = CARTESIAN_POINT ( 'NONE',  ( 3.469446951953614189E-15, -1.925929944387235853E-31, 0.8889999999999991243 ) ) ;
#3619 = DIRECTION ( 'NONE',  ( 0.000000000000000000, 0.9659258262890699775, 0.2588190451025145222 ) ) ;
#3620 = FACE_OUTER_BOUND ( 'NONE', #6872, .T. ) ;
#3621 = DIRECTION ( 'NONE',  ( -0.5773502691896268413, 0.5773502691896246208, -0.5773502691896256200 ) ) ;
#3622 = ORIENTED_EDGE ( 'NONE', *, *, #657, .T. ) ;
#3623 = FACE_OUTER_BOUND ( 'NONE', #601, .T. ) ;
#3624 = EDGE_CURVE ( 'NONE', #1055, #3788, #5248, .T. ) ;
#3625 = PRESENTATION_LAYER_ASSIGNMENT (  '', '', ( #3762 ) ) ;
#3626 = AXIS2_PLACEMENT_3D ( 'NONE', #3159, #3003, #184 ) ;
#3627 = EDGE_LOOP ( 'NONE', ( #6774, #4186, #1739, #390 ) ) ;
#3628 = ORIENTED_EDGE ( 'NONE', *, *, #6005, .F. ) ;
#3629 = EDGE_LOOP ( 'NONE', ( #941, #7224, #2110, #6315 ) ) ;
#3630 = LINE ( 'NONE', #3127, #6728 ) ;
#3631 = VECTOR ( 'NONE', #3485, 1000.000000000000000 ) ;
#3632 = VECTOR ( 'NONE', #5855, 1000.000000000000227 ) ;
#3633 = DIRECTION ( 'NONE',  ( 0.000000000000000000, 0.9659258262890700886, -0.2588190451025140781 ) ) ;
#3634 = DIRECTION ( 'NONE',  ( -0.7071067811865462405, -0.7071067811865489050, 0.000000000000000000 ) ) ;
#3635 = CARTESIAN_POINT ( 'NONE',  ( 10.60450000000000337, 8.509000000000000341, -0.8255000000000067839 ) ) ;
#3636 = EDGE_LOOP ( 'NONE', ( #6592, #6129, #4651, #3977 ) ) ;
#3637 = VECTOR ( 'NONE', #5306, 1000.000000000000000 ) ;
#3638 = AXIS2_PLACEMENT_3D ( 'NONE', #1501, #5529, #1049 ) ;
#3639 = ORIENTED_EDGE ( 'NONE', *, *, #7033, .F. ) ;
#3640 = LINE ( 'NONE', #5936, #3016 ) ;
#3641 = AXIS2_PLACEMENT_3D ( 'NONE', #4087, #659, #2955 ) ;
#3642 = DIRECTION ( 'NONE',  ( 0.000000000000000000, -1.000000000000000000, -2.548365665731588345E-16 ) ) ;
#3643 = CARTESIAN_POINT ( 'NONE',  ( 10.16000000000000369, 8.509000000000000341, 1.270000000000001128 ) ) ;
#3644 = DIRECTION ( 'NONE',  ( 0.000000000000000000, 0.000000000000000000, 1.000000000000000000 ) ) ;
#3645 = ORIENTED_EDGE ( 'NONE', *, *, #4028, .T. ) ;
#3646 = VECTOR ( 'NONE', #5979, 1000.000000000000000 ) ;
#3647 = ADVANCED_FACE ( 'NONE', ( #2379 ), #4126, .F. ) ;
#3648 = CARTESIAN_POINT ( 'NONE',  ( 2.540000000000002256, 2.177422008883992879E-16, -0.8890000000000013447 ) ) ;
#3649 = PLANE ( 'NONE',  #2187 ) ;
#3650 = FACE_OUTER_BOUND ( 'NONE', #4603, .T. ) ;
#3651 = FILL_AREA_STYLE_COLOUR ( '', #3885 ) ;
#3652 = MECHANICAL_DESIGN_GEOMETRIC_PRESENTATION_REPRESENTATION (  '', ( #6916 ), #3294 ) ;
#3653 = LINE ( 'NONE', #3688, #7232 ) ;
#3654 = ORIENTED_EDGE ( 'NONE', *, *, #3670, .T. ) ;
#3655 = EDGE_CURVE ( 'NONE', #6224, #5498, #1371, .T. ) ;
#3656 = EDGE_LOOP ( 'NONE', ( #3138, #1476, #2083, #6338 ) ) ;
#3657 = AXIS2_PLACEMENT_3D ( 'NONE', #1315, #2478, #5919 ) ;
#3658 = EDGE_CURVE ( 'NONE', #3945, #1282, #803, .T. ) ;
#3659 = CARTESIAN_POINT ( 'NONE',  ( 13.58900000000000752, 8.064499999999998892, 0.3809999999999947873 ) ) ;
#3660 = DIRECTION ( 'NONE',  ( 1.000000000000000000, 0.000000000000000000, 0.000000000000000000 ) ) ;
#3661 = CARTESIAN_POINT ( 'NONE',  ( 6.731000000000004313, 7.239000000000000767, 0.3809999999999947873 ) ) ;
#3662 = CARTESIAN_POINT ( 'NONE',  ( -9.270999999999993690, 7.239000000000000767, 0.3809999999999947873 ) ) ;
#3663 = DIRECTION ( 'NONE',  ( 1.000000000000000000, 0.000000000000000000, -0.000000000000000000 ) ) ;
#3664 = ORIENTED_EDGE ( 'NONE', *, *, #70, .F. ) ;
#3665 = FACE_OUTER_BOUND ( 'NONE', #5353, .T. ) ;
#3666 = ORIENTED_EDGE ( 'NONE', *, *, #2483, .F. ) ;
#3667 = ORIENTED_EDGE ( 'NONE', *, *, #5354, .F. ) ;
#3668 = ORIENTED_EDGE ( 'NONE', *, *, #568, .F. ) ;
#3669 = EDGE_CURVE ( 'NONE', #2559, #704, #1865, .T. ) ;
#3670 = EDGE_CURVE ( 'NONE', #7290, #6956, #3105, .T. ) ;
#3671 = DIRECTION ( 'NONE',  ( 0.000000000000000000, 0.9659258262890699775, 0.2588190451025145222 ) ) ;
#3672 = CARTESIAN_POINT ( 'NONE',  ( 15.24000000000000554, 0.000000000000000000, 0.000000000000000000 ) ) ;
#3673 = DIRECTION ( 'NONE',  ( -0.000000000000000000, -0.7071067811865482389, -0.7071067811865467956 ) ) ;
#3674 = PRESENTATION_STYLE_ASSIGNMENT (( #5467 ) ) ;
#3675 = EDGE_LOOP ( 'NONE', ( #991, #5000, #2352, #7334 ) ) ;
#3676 = VERTEX_POINT ( 'NONE', #5323 ) ;
#3677 = CARTESIAN_POINT ( 'NONE',  ( -15.23999999999999844, 0.5080000000000000071, 0.7528818102449925664 ) ) ;
#3678 = DIRECTION ( 'NONE',  ( 0.000000000000000000, -1.733406087350420004E-16, 1.000000000000000000 ) ) ;
#3679 = DIRECTION ( 'NONE',  ( 0.000000000000000000, 1.000000000000000000, -5.054934237236841843E-31 ) ) ;
#3680 = CARTESIAN_POINT ( 'NONE',  ( -11.04899999999999594, 7.239000000000000767, -0.3810000000000040021 ) ) ;
#3681 = CONTEXT_DEPENDENT_SHAPE_REPRESENTATION ( #5977, #5213 ) ;
#3682 = AXIS2_PLACEMENT_3D ( 'NONE', #6525, #5379, #2473 ) ;
#3683 = ORIENTED_EDGE ( 'NONE', *, *, #5636, .T. ) ;
#3684 = DIRECTION ( 'NONE',  ( -0.000000000000000000, 1.000000000000000000, 1.733406087350420004E-16 ) ) ;
#3685 = CARTESIAN_POINT ( 'NONE',  ( 12.70000000000000462, 0.5080000000000002292, -0.7528818102449945648 ) ) ;
#3686 = CARTESIAN_POINT ( 'NONE',  ( -12.69999999999999751, 8.509000000000000341, 1.270000000000001128 ) ) ;
#3687 = FILL_AREA_STYLE ('',( #1948 ) ) ;
#3688 = CARTESIAN_POINT ( 'NONE',  ( 15.23999999999999844, 0.000000000000000000, 1.269999999999998908 ) ) ;
#3689 = EDGE_LOOP ( 'NONE', ( #502, #7198, #3780, #7211 ) ) ;
#3690 = EDGE_LOOP ( 'NONE', ( #6576, #832, #7356, #1174 ) ) ;
#3691 = CARTESIAN_POINT ( 'NONE',  ( -7.619999999999997442, -1.925929944387235853E-31, 0.8889999999999991243 ) ) ;
#3692 = PLANE ( 'NONE',  #1812 ) ;
#3693 = CARTESIAN_POINT ( 'NONE',  ( -12.69999999999999751, 2.177422008883992879E-16, -0.8890000000000013447 ) ) ;
#3694 = VECTOR ( 'NONE', #5283, 1000.000000000000000 ) ;
#3695 = DIRECTION ( 'NONE',  ( 0.000000000000000000, -2.449293598294710852E-16, 1.000000000000000000 ) ) ;
#3696 = CARTESIAN_POINT ( 'NONE',  ( 5.524500000000001521, 8.509000000000000341, 0.8254999999999981242 ) ) ;
#3697 = EDGE_CURVE ( 'NONE', #5117, #1411, #4751, .T. ) ;
#3698 = ORIENTED_EDGE ( 'NONE', *, *, #798, .T. ) ;
#3699 = LINE ( 'NONE', #1921, #5092 ) ;
#3700 = EDGE_CURVE ( 'NONE', #3436, #3372, #3640, .T. ) ;
#3701 = ORIENTED_EDGE ( 'NONE', *, *, #4436, .F. ) ;
#3702 = ORIENTED_EDGE ( 'NONE', *, *, #1080, .F. ) ;
#3703 = VECTOR ( 'NONE', #4906, 999.9999999999998863 ) ;
#3704 = ORIENTED_EDGE ( 'NONE', *, *, #5487, .F. ) ;
#3705 = CARTESIAN_POINT ( 'NONE',  ( 0.8890000000000043423, 7.239000000000000767, -0.3810000000000040021 ) ) ;
#3706 = LINE ( 'NONE', #830, #728 ) ;
#3707 = DIRECTION ( 'NONE',  ( 0.000000000000000000, 0.000000000000000000, 1.000000000000000000 ) ) ;
#3708 = VECTOR ( 'NONE', #6963, 1000.000000000000227 ) ;
#3709 = ADVANCED_FACE ( 'NONE', ( #2346, #839 ), #5658, .F. ) ;
#3710 = ORIENTED_EDGE ( 'NONE', *, *, #2276, .F. ) ;
#3711 = EDGE_CURVE ( 'NONE', #4132, #6764, #2115, .T. ) ;
#3712 = ORIENTED_EDGE ( 'NONE', *, *, #6233, .T. ) ;
#3713 = VERTEX_POINT ( 'NONE', #280 ) ;
#3714 = DIRECTION ( 'NONE',  ( -1.000000000000000000, -0.000000000000000000, -0.000000000000000000 ) ) ;
#3715 = CARTESIAN_POINT ( 'NONE',  ( 2.984500000000001041, 8.509000000000000341, -1.270000000000001128 ) ) ;
#3716 = CARTESIAN_POINT ( 'NONE',  ( 15.49399999999999977, 0.5080000000000000071, 0.7528818102449925664 ) ) ;
#3717 = ORIENTED_EDGE ( 'NONE', *, *, #1986, .F. ) ;
#3718 = PLANE ( 'NONE',  #4233 ) ;
#3719 = CARTESIAN_POINT ( 'NONE',  ( 2.540000000000002256, 8.509000000000000341, 1.270000000000001128 ) ) ;
#3720 = CARTESIAN_POINT ( 'NONE',  ( -15.49399999999999977, 0.000000000000000000, 1.269999999999998908 ) ) ;
#3721 = CARTESIAN_POINT ( 'NONE',  ( 0.4445000000000004503, 8.509000000000000341, 0.8254999999999981242 ) ) ;
#3722 = CARTESIAN_POINT ( 'NONE',  ( 15.23999999999999844, 0.000000000000000000, 1.269999999999998908 ) ) ;
#3723 = DIRECTION ( 'NONE',  ( 0.000000000000000000, 1.440069553722777130E-16, -1.000000000000000000 ) ) ;
#3724 = UNCERTAINTY_MEASURE_WITH_UNIT (LENGTH_MEASURE( 1.000000000000000082E-05 ), #4926, 'distance_accuracy_value', 'NONE');
#3725 = VERTEX_POINT ( 'NONE', #2532 ) ;
#3726 = CARTESIAN_POINT ( 'NONE',  ( 12.70000000000000462, 0.5080000000000002292, -0.7528818102449945648 ) ) ;
#3727 = CARTESIAN_POINT ( 'NONE',  ( -10.15999999999999659, 0.5080000000000002292, -0.7528818102449945648 ) ) ;
#3728 = LINE ( 'NONE', #1388, #2839 ) ;
#3729 = DIRECTION ( 'NONE',  ( -1.000000000000000000, 0.000000000000000000, 0.000000000000000000 ) ) ;
#3730 = CARTESIAN_POINT ( 'NONE',  ( -12.69999999999999751, 8.509000000000000341, 1.270000000000001128 ) ) ;
#3731 = ORIENTED_EDGE ( 'NONE', *, *, #3519, .T. ) ;
#3732 = PLANE ( 'NONE',  #3657 ) ;
#3733 = ORIENTED_EDGE ( 'NONE', *, *, #3339, .T. ) ;
#3734 = VERTEX_POINT ( 'NONE', #3863 ) ;
#3735 = ORIENTED_EDGE ( 'NONE', *, *, #656, .F. ) ;
#3736 = EDGE_CURVE ( 'NONE', #1266, #342, #2569, .T. ) ;
#3737 = DIRECTION ( 'NONE',  ( 0.000000000000000000, 1.000000000000000000, 0.000000000000000000 ) ) ;
#3738 = ADVANCED_FACE ( 'NONE', ( #7184 ), #6153, .F. ) ;
#3739 = CARTESIAN_POINT ( 'NONE',  ( 8.509000000000005670, 8.064499999999998892, 0.3809999999999949538 ) ) ;
#3740 = PRESENTATION_LAYER_ASSIGNMENT (  '', '', ( #5180 ) ) ;
#3741 = VECTOR ( 'NONE', #3390, 1000.000000000000000 ) ;
#3742 = DIRECTION ( 'NONE',  ( -1.000000000000000000, 0.000000000000000000, 0.000000000000000000 ) ) ;
#3743 = PLANE ( 'NONE',  #6542 ) ;
#3744 = ORIENTED_EDGE ( 'NONE', *, *, #3040, .T. ) ;
#3745 = ORIENTED_EDGE ( 'NONE', *, *, #2090, .F. ) ;
#3746 = AXIS2_PLACEMENT_3D ( 'NONE', #1589, #3903, #543 ) ;
#3747 = VECTOR ( 'NONE', #6821, 1000.000000000000000 ) ;
#3748 = ORIENTED_EDGE ( 'NONE', *, *, #36, .T. ) ;
#3749 = EDGE_CURVE ( 'NONE', #16, #7257, #2795, .T. ) ;
#3750 = CARTESIAN_POINT ( 'NONE',  ( 7.620000000000003659, -1.925929944387235853E-31, 0.8889999999999991243 ) ) ;
#3751 = EDGE_CURVE ( 'NONE', #5884, #5663, #3971, .T. ) ;
#3752 = EDGE_CURVE ( 'NONE', #4580, #482, #6266, .T. ) ;
#3753 = LINE ( 'NONE', #6049, #6632 ) ;
#3754 = CARTESIAN_POINT ( 'NONE',  ( -9.270999999999993690, 7.239000000000000767, 0.3809999999999947873 ) ) ;
#3755 = AXIS2_PLACEMENT_3D ( 'NONE', #6722, #5415, #5994 ) ;
#3756 = CARTESIAN_POINT ( 'NONE',  ( -12.69999999999999751, 0.5080000000000002292, -0.7528818102449945648 ) ) ;
#3757 = VECTOR ( 'NONE', #3197, 1000.000000000000000 ) ;
#3758 = ORIENTED_EDGE ( 'NONE', *, *, #6005, .T. ) ;
#3759 = EDGE_CURVE ( 'NONE', #2188, #4349, #1095, .T. ) ;
#3760 = AXIS2_PLACEMENT_3D ( 'NONE', #880, #2568, #913 ) ;
#3761 = CARTESIAN_POINT ( 'NONE',  ( -15.49399999999999977, 0.5080000000000000071, 0.7528818102449925664 ) ) ;
#3762 = STYLED_ITEM ( 'NONE', ( #1227 ), #4216 ) ;
#3763 = EDGE_CURVE ( 'NONE', #3324, #5655, #241, .T. ) ;
#3764 = SURFACE_SIDE_STYLE ('',( #1448 ) ) ;
#3765 = CARTESIAN_POINT ( 'NONE',  ( 11.81100000000000527, 8.064499999999998892, 0.3809999999999947873 ) ) ;
#3766 = CARTESIAN_POINT ( 'NONE',  ( 10.16000000000000369, 0.000000000000000000, 1.269999999999998908 ) ) ;
#3767 = FILL_AREA_STYLE_COLOUR ( '', #4358 ) ;
#3768 = AXIS2_PLACEMENT_3D ( 'NONE', #7421, #4031, #2353 ) ;
#3769 = CARTESIAN_POINT ( 'NONE',  ( 5.969000000000005635, 8.064499999999998892, 0.3809999999999949538 ) ) ;
#3770 = EDGE_LOOP ( 'NONE', ( #2202, #3948, #89, #507 ) ) ;
#3771 = LINE ( 'NONE', #366, #2424 ) ;
#3772 = DIRECTION ( 'NONE',  ( 0.000000000000000000, -1.733406087350420004E-16, 1.000000000000000000 ) ) ;
#3773 = AXIS2_PLACEMENT_3D ( 'NONE', #2004, #4270, #3099 ) ;
#3774 = CARTESIAN_POINT ( 'NONE',  ( -13.84299999999999820, 7.810499999999998444, 0.1269999999999948948 ) ) ;
#3775 = CARTESIAN_POINT ( 'NONE',  ( 15.49399999999999977, 8.509000000000000341, -1.270000000000001128 ) ) ;
#3776 = CARTESIAN_POINT ( 'NONE',  ( 1.651000000000003132, 8.064499999999998892, 0.3809999999999947873 ) ) ;
#3777 = FACE_OUTER_BOUND ( 'NONE', #3617, .T. ) ;
#3778 = EDGE_LOOP ( 'NONE', ( #1346, #5841, #536, #2339 ) ) ;
#3779 = DIRECTION ( 'NONE',  ( 0.000000000000000000, 1.440069553722777130E-16, -1.000000000000000000 ) ) ;
#3780 = ORIENTED_EDGE ( 'NONE', *, *, #5968, .F. ) ;
#3781 = VECTOR ( 'NONE', #947, 1000.000000000000000 ) ;
#3782 = ORIENTED_EDGE ( 'NONE', *, *, #6612, .F. ) ;
#3783 = ORIENTED_EDGE ( 'NONE', *, *, #7266, .T. ) ;
#3784 = CARTESIAN_POINT ( 'NONE',  ( 3.469446951953614189E-15, 3.110602869834277161E-16, -1.270000000000001128 ) ) ;
#3785 = DIRECTION ( 'NONE',  ( 1.000000000000000000, 0.000000000000000000, 0.000000000000000000 ) ) ;
#3786 = CARTESIAN_POINT ( 'NONE',  ( -2.539999999999996927, 0.000000000000000000, 1.269999999999998908 ) ) ;
#3787 = VERTEX_POINT ( 'NONE', #7149 ) ;
#3788 = VERTEX_POINT ( 'NONE', #6768 ) ;
#3789 = EDGE_CURVE ( 'NONE', #3447, #6725, #3329, .T. ) ;
#3790 = MECHANICAL_DESIGN_GEOMETRIC_PRESENTATION_REPRESENTATION (  '', ( #7286 ), #4509 ) ;
#3791 = ORIENTED_EDGE ( 'NONE', *, *, #884, .T. ) ;
#3792 = LINE ( 'NONE', #995, #4239 ) ;
#3793 = CARTESIAN_POINT ( 'NONE',  ( -0.8889999999999956826, 8.064499999999998892, -0.3810000000000038356 ) ) ;
#3794 = DIRECTION ( 'NONE',  ( 0.000000000000000000, -5.054934237236841843E-31, -1.000000000000000000 ) ) ;
#3795 = EDGE_CURVE ( 'NONE', #2978, #1702, #1975, .T. ) ;
#3796 = EDGE_CURVE ( 'NONE', #431, #1175, #4494, .T. ) ;
#3797 = ORIENTED_EDGE ( 'NONE', *, *, #256, .F. ) ;
#3798 = CARTESIAN_POINT ( 'NONE',  ( 4.635500000000007503, 8.509000000000000341, -1.270000000000001128 ) ) ;
#3799 = CARTESIAN_POINT ( 'NONE',  ( 7.620000000000003659, 8.509000000000000341, -0.8255000000000067839 ) ) ;
#3800 = CARTESIAN_POINT ( 'NONE',  ( 12.70000000000000462, -1.925929944387235853E-31, 0.8889999999999991243 ) ) ;
#3801 = CARTESIAN_POINT ( 'NONE',  ( 1.651000000000003132, 8.064499999999998892, 0.3809999999999947873 ) ) ;
#3802 =( NAMED_UNIT ( * ) SI_UNIT ( $, .STERADIAN. ) SOLID_ANGLE_UNIT ( ) );
#3803 = VECTOR ( 'NONE', #4327, 1000.000000000000000 ) ;
#3804 = DIRECTION ( 'NONE',  ( 0.000000000000000000, 0.000000000000000000, 1.000000000000000000 ) ) ;
#3805 = PLANE ( 'NONE',  #1507 ) ;
#3806 = ADVANCED_FACE ( 'NONE', ( #541 ), #2830, .F. ) ;
#3807 = VECTOR ( 'NONE', #528, 1000.000000000000000 ) ;
#3808 = ORIENTED_EDGE ( 'NONE', *, *, #4518, .F. ) ;
#3809 = CARTESIAN_POINT ( 'NONE',  ( -12.69999999999999751, 0.5080000000000000071, 0.7528818102449925664 ) ) ;
#3810 = CARTESIAN_POINT ( 'NONE',  ( -5.968999999999996753, 8.064499999999998892, 0.3809999999999947873 ) ) ;
#3811 = DIRECTION ( 'NONE',  ( 0.7071067811865462405, -0.7071067811865489050, 0.000000000000000000 ) ) ;
#3812 = DIRECTION ( 'NONE',  ( 0.000000000000000000, 1.000000000000000000, -5.054934237236841843E-31 ) ) ;
#3813 = LINE ( 'NONE', #5531, #6287 ) ;
#3814 = ORIENTED_EDGE ( 'NONE', *, *, #3523, .T. ) ;
#3815 = CARTESIAN_POINT ( 'NONE',  ( -1.650999999999994472, 8.064499999999998892, 0.3809999999999947873 ) ) ;
#3816 = EDGE_LOOP ( 'NONE', ( #2373, #7080, #5851, #6034 ) ) ;
#3817 = ORIENTED_EDGE ( 'NONE', *, *, #5811, .F. ) ;
#3818 = APPLICATION_CONTEXT ( 'automotive_design' ) ;
#3819 = VERTEX_POINT ( 'NONE', #6344 ) ;
#3820 = VECTOR ( 'NONE', #1664, 1000.000000000000000 ) ;
#3821 = CARTESIAN_POINT ( 'NONE',  ( 7.620000000000003659, -1.925929944387235853E-31, 0.8889999999999991243 ) ) ;
#3822 = DIRECTION ( 'NONE',  ( -1.000000000000000000, -0.000000000000000000, -0.000000000000000000 ) ) ;
#3823 =( NAMED_UNIT ( * ) SI_UNIT ( $, .STERADIAN. ) SOLID_ANGLE_UNIT ( ) );
#3824 = CARTESIAN_POINT ( 'NONE',  ( 12.70000000000000462, 0.5080000000000002292, -0.7528818102449945648 ) ) ;
#3825 = EDGE_LOOP ( 'NONE', ( #4048, #7037, #5, #5279 ) ) ;
#3826 = DIRECTION ( 'NONE',  ( 0.000000000000000000, -1.733406087350420004E-16, 1.000000000000000000 ) ) ;
#3827 = EDGE_LOOP ( 'NONE', ( #4086, #4251, #55, #5127 ) ) ;
#3828 = VECTOR ( 'NONE', #960, 1000.000000000000000 ) ;
#3829 = ORIENTED_EDGE ( 'NONE', *, *, #4288, .F. ) ;
#3830 = ORIENTED_EDGE ( 'NONE', *, *, #4742, .T. ) ;
#3831 = LINE ( 'NONE', #4981, #391 ) ;
#3832 = VECTOR ( 'NONE', #2127, 1000.000000000000000 ) ;
#3833 = VECTOR ( 'NONE', #4190, 1000.000000000000000 ) ;
#3834 = CARTESIAN_POINT ( 'NONE',  ( 10.16000000000000369, 0.000000000000000000, 1.269999999999998908 ) ) ;
#3835 = DIRECTION ( 'NONE',  ( -1.000000000000000000, -0.000000000000000000, -0.000000000000000000 ) ) ;
#3836 = DIRECTION ( 'NONE',  ( -0.000000000000000000, 0.000000000000000000, -1.000000000000000000 ) ) ;
#3837 = VECTOR ( 'NONE', #4178, 1000.000000000000000 ) ;
#3838 = ORIENTED_EDGE ( 'NONE', *, *, #6710, .T. ) ;
#3839 = LINE ( 'NONE', #2052, #5675 ) ;
#3840 = ADVANCED_FACE ( 'NONE', ( #4072 ), #604, .F. ) ;
#3841 = CARTESIAN_POINT ( 'NONE',  ( 7.620000000000003659, 0.000000000000000000, 0.000000000000000000 ) ) ;
#3842 = EDGE_CURVE ( 'NONE', #2283, #1437, #6952, .T. ) ;
#3843 = CARTESIAN_POINT ( 'NONE',  ( 15.23999999999999844, -1.925929944387235853E-31, 0.8889999999999991243 ) ) ;
#3844 = DIRECTION ( 'NONE',  ( -0.000000000000000000, 1.000000000000000000, 1.440069553722777130E-16 ) ) ;
#3845 = DIRECTION ( 'NONE',  ( 0.000000000000000000, 2.449293598294710852E-16, -1.000000000000000000 ) ) ;
#3846 = ORIENTED_EDGE ( 'NONE', *, *, #2140, .F. ) ;
#3847 = EDGE_CURVE ( 'NONE', #1411, #482, #4594, .T. ) ;
#3848 = CARTESIAN_POINT ( 'NONE',  ( 12.70000000000000462, 0.000000000000000000, 0.000000000000000000 ) ) ;
#3849 = CARTESIAN_POINT ( 'NONE',  ( 11.81100000000000527, 7.239000000000000767, -0.3810000000000040021 ) ) ;
#3850 = ADVANCED_FACE ( 'NONE', ( #6874 ), #1694, .T. ) ;
#3851 = EDGE_CURVE ( 'NONE', #6510, #5663, #4913, .T. ) ;
#3852 = DIRECTION ( 'NONE',  ( 1.000000000000000000, -0.000000000000000000, -0.000000000000000000 ) ) ;
#3853 = PLANE ( 'NONE',  #3638 ) ;
#3854 = EDGE_CURVE ( 'NONE', #1870, #6764, #6719, .T. ) ;
#3855 = CARTESIAN_POINT ( 'NONE',  ( -5.079999999999997407, 0.5080000000000002292, -0.7528818102449945648 ) ) ;
#3856 = FACE_OUTER_BOUND ( 'NONE', #1616, .T. ) ;
#3857 = ORIENTED_EDGE ( 'NONE', *, *, #4313, .T. ) ;
#3858 = LINE ( 'NONE', #6145, #2326 ) ;
#3859 = VERTEX_POINT ( 'NONE', #2783 ) ;
#3860 = ORIENTED_EDGE ( 'NONE', *, *, #4346, .T. ) ;
#3861 = ORIENTED_EDGE ( 'NONE', *, *, #5088, .T. ) ;
#3862 = PLANE ( 'NONE',  #2734 ) ;
#3863 = CARTESIAN_POINT ( 'NONE',  ( -6.730999999999995431, 8.064499999999998892, 0.3809999999999949538 ) ) ;
#3864 = ADVANCED_FACE ( 'NONE', ( #3241 ), #4372, .F. ) ;
#3865 = DIRECTION ( 'NONE',  ( 0.000000000000000000, 2.449293598294710852E-16, -1.000000000000000000 ) ) ;
#3866 = CARTESIAN_POINT ( 'NONE',  ( 13.58900000000000752, 7.239000000000000767, -0.3810000000000040021 ) ) ;
#3867 = DIRECTION ( 'NONE',  ( 0.000000000000000000, -1.000000000000000000, -1.733406087350420004E-16 ) ) ;
#3868 = PRODUCT_CONTEXT ( 'NONE', #7289, 'mechanical' ) ;
#3869 = ORIENTED_EDGE ( 'NONE', *, *, #4450, .T. ) ;
#3870 = ORIENTED_EDGE ( 'NONE', *, *, #5022, .T. ) ;
#3871 = ORIENTED_EDGE ( 'NONE', *, *, #4746, .F. ) ;
#3872 = CARTESIAN_POINT ( 'NONE',  ( -2.539999999999996927, 0.000000000000000000, 1.269999999999998908 ) ) ;
#3873 = CARTESIAN_POINT ( 'NONE',  ( -6.730999999999995431, 8.064499999999998892, -0.3810000000000038356 ) ) ;
#3874 = DIRECTION ( 'NONE',  ( 1.000000000000000000, 0.000000000000000000, -0.000000000000000000 ) ) ;
#3875 = AXIS2_PLACEMENT_3D ( 'NONE', #6497, #6997, #1286 ) ;
#3876 = VECTOR ( 'NONE', #5289, 1000.000000000000000 ) ;
#3877 = ORIENTED_EDGE ( 'NONE', *, *, #7355, .F. ) ;
#3878 = LINE ( 'NONE', #6175, #1943 ) ;
#3879 = LINE ( 'NONE', #5600, #5790 ) ;
#3880 = AXIS2_PLACEMENT_3D ( 'NONE', #545, #5735, #6955 ) ;
#3881 = VECTOR ( 'NONE', #360, 1000.000000000000000 ) ;
#3882 = PLANE ( 'NONE',  #2131 ) ;
#3883 = CARTESIAN_POINT ( 'NONE',  ( -5.079999999999997407, 2.177422008883992879E-16, -0.8890000000000013447 ) ) ;
#3884 = AXIS2_PLACEMENT_3D ( 'NONE', #6206, #3473, #5193 ) ;
#3885 = COLOUR_RGB ( '',0.2509803921568627416, 0.2509803921568627416, 0.2509803921568627416 ) ;
#3886 = EDGE_CURVE ( 'NONE', #5069, #789, #2668, .T. ) ;
#3887 = VERTEX_POINT ( 'NONE', #3278 ) ;
#3888 = LINE ( 'NONE', #2104, #4121 ) ;
#3889 = LINE ( 'NONE', #367, #7358 ) ;
#3890 = DIRECTION ( 'NONE',  ( 0.000000000000000000, -0.9659258262890700886, 0.2588190451025140781 ) ) ;
#3891 = LINE ( 'NONE', #7351, #4942 ) ;
#3892 = AXIS2_PLACEMENT_3D ( 'NONE', #2897, #1598, #5155 ) ;
#3893 = FACE_OUTER_BOUND ( 'NONE', #4451, .T. ) ;
#3894 = ORIENTED_EDGE ( 'NONE', *, *, #5086, .F. ) ;
#3895 = DIRECTION ( 'NONE',  ( 1.000000000000000000, 0.000000000000000000, 0.000000000000000000 ) ) ;
#3896 = EDGE_LOOP ( 'NONE', ( #2824, #2592, #4932, #3207 ) ) ;
#3897 = EDGE_CURVE ( 'NONE', #221, #4349, #5491, .T. ) ;
#3898 = VERTEX_POINT ( 'NONE', #7320 ) ;
#3899 = ADVANCED_FACE ( 'NONE', ( #1541 ), #3853, .F. ) ;
#3900 = EDGE_LOOP ( 'NONE', ( #3102, #4600, #7023, #4523 ) ) ;
#3901 = AXIS2_PLACEMENT_3D ( 'NONE', #4722, #5942, #1836 ) ;
#3902 = FACE_OUTER_BOUND ( 'NONE', #504, .T. ) ;
#3903 = DIRECTION ( 'NONE',  ( -0.000000000000000000, 1.000000000000000000, 1.440069553722777130E-16 ) ) ;
#3904 = SURFACE_STYLE_FILL_AREA ( #1928 ) ;
#3905 = EDGE_LOOP ( 'NONE', ( #6352, #4155, #4030, #2402 ) ) ;
#3906 = DIRECTION ( 'NONE',  ( 0.000000000000000000, -2.449293598294710852E-16, 1.000000000000000000 ) ) ;
#3907 = PRESENTATION_LAYER_ASSIGNMENT (  '', '', ( #7027 ) ) ;
#3908 = ITEM_DEFINED_TRANSFORMATION ( 'NONE', 'NONE', #6436,  #765 ) ;
#3909 = VERTEX_POINT ( 'NONE', #1011 ) ;
#3910 = VERTEX_POINT ( 'NONE', #970 ) ;
#3911 = EDGE_CURVE ( 'NONE', #3126, #253, #6796, .T. ) ;
#3912 = ORIENTED_EDGE ( 'NONE', *, *, #293, .F. ) ;
#3913 = VECTOR ( 'NONE', #5497, 1000.000000000000000 ) ;
#3914 = LINE ( 'NONE', #1844, #6408 ) ;
#3915 = CARTESIAN_POINT ( 'NONE',  ( 5.969000000000005635, 7.239000000000000767, 0.3809999999999947873 ) ) ;
#3916 = LINE ( 'NONE', #6127, #7079 ) ;
#3917 = ORIENTED_EDGE ( 'NONE', *, *, #285, .T. ) ;
#3918 = PLANE ( 'NONE',  #6042 ) ;
#3919 = LINE ( 'NONE', #4869, #7383 ) ;
#3920 = DIRECTION ( 'NONE',  ( 0.000000000000000000, -0.9659258262890699775, -0.2588190451025145222 ) ) ;
#3921 = CARTESIAN_POINT ( 'NONE',  ( -4.190999999999995396, 7.239000000000000767, 0.3809999999999947873 ) ) ;
#3922 = CARTESIAN_POINT ( 'NONE',  ( 11.04900000000000659, 8.064499999999998892, -0.3810000000000038356 ) ) ;
#3923 = EDGE_LOOP ( 'NONE', ( #2307, #4524, #2941, #2480 ) ) ;
#3924 = DIRECTION ( 'NONE',  ( 0.000000000000000000, 0.9659258262890700886, -0.2588190451025140781 ) ) ;
#3925 = ORIENTED_EDGE ( 'NONE', *, *, #6427, .T. ) ;
#3926 = VECTOR ( 'NONE', #5450, 1000.000000000000000 ) ;
#3927 = LINE ( 'NONE', #450, #1350 ) ;
#3928 = CARTESIAN_POINT ( 'NONE',  ( 2.540000000000002256, 0.5080000000000000071, 0.7528818102449925664 ) ) ;
#3929 = CARTESIAN_POINT ( 'NONE',  ( 5.080000000000002736, 2.177422008883992879E-16, -0.8890000000000013447 ) ) ;
#3930 = DIRECTION ( 'NONE',  ( -1.000000000000000000, -0.000000000000000000, -0.000000000000000000 ) ) ;
#3931 = CARTESIAN_POINT ( 'NONE',  ( 9.271000000000004349, 8.064499999999998892, 0.3809999999999947873 ) ) ;
#3932 = EDGE_LOOP ( 'NONE', ( #79, #2917, #5556, #4701 ) ) ;
#3933 = DIRECTION ( 'NONE',  ( 0.000000000000000000, -0.7071067811865483499, 0.7071067811865466846 ) ) ;
#3934 = ORIENTED_EDGE ( 'NONE', *, *, #7197, .F. ) ;
#3935 = ORIENTED_EDGE ( 'NONE', *, *, #6190, .F. ) ;
#3936 = ORIENTED_EDGE ( 'NONE', *, *, #538, .T. ) ;
#3937 = DIRECTION ( 'NONE',  ( 0.000000000000000000, 0.000000000000000000, -1.000000000000000000 ) ) ;
#3938 = DIRECTION ( 'NONE',  ( 0.000000000000000000, -1.000000000000000000, -2.548365665731588345E-16 ) ) ;
#3939 = EDGE_CURVE ( 'NONE', #5121, #495, #5037, .T. ) ;
#3940 = VECTOR ( 'NONE', #1765, 1000.000000000000000 ) ;
#3941 = CARTESIAN_POINT ( 'NONE',  ( -5.079999999999997407, 8.509000000000000341, -0.8255000000000067839 ) ) ;
#3942 = EDGE_CURVE ( 'NONE', #1643, #6065, #413, .T. ) ;
#3943 = DIRECTION ( 'NONE',  ( -1.000000000000000000, -0.000000000000000000, -0.000000000000000000 ) ) ;
#3944 = FACE_OUTER_BOUND ( 'NONE', #6253, .T. ) ;
#3945 = VERTEX_POINT ( 'NONE', #487 ) ;
#3946 = ORIENTED_EDGE ( 'NONE', *, *, #1631, .F. ) ;
#3947 = ORIENTED_EDGE ( 'NONE', *, *, #1383, .T. ) ;
#3948 = ORIENTED_EDGE ( 'NONE', *, *, #7307, .T. ) ;
#3949 = CARTESIAN_POINT ( 'NONE',  ( -12.69999999999999751, 0.000000000000000000, 1.269999999999998908 ) ) ;
#3950 = EDGE_CURVE ( 'NONE', #2677, #4976, #4516, .T. ) ;
#3951 = CARTESIAN_POINT ( 'NONE',  ( -15.23999999999999844, 8.509000000000000341, -1.270000000000001128 ) ) ;
#3952 = EDGE_CURVE ( 'NONE', #2983, #6401, #3891, .T. ) ;
#3953 = VECTOR ( 'NONE', #6012, 1000.000000000000114 ) ;
#3954 = EDGE_CURVE ( 'NONE', #2453, #5616, #4483, .T. ) ;
#3955 = VECTOR ( 'NONE', #517, 1000.000000000000000 ) ;
#3956 = ORIENTED_EDGE ( 'NONE', *, *, #3572, .T. ) ;
#3957 = DIRECTION ( 'NONE',  ( 0.000000000000000000, 0.000000000000000000, -1.000000000000000000 ) ) ;
#3958 = CARTESIAN_POINT ( 'NONE',  ( 2.540000000000002256, 0.000000000000000000, 1.269999999999998908 ) ) ;
#3959 = LINE ( 'NONE', #361, #1050 ) ;
#3960 = FILL_AREA_STYLE ('',( #6823 ) ) ;
#3961 = ORIENTED_EDGE ( 'NONE', *, *, #3697, .T. ) ;
#3962 = LINE ( 'NONE', #523, #5436 ) ;
#3963 = PLANE ( 'NONE',  #2290 ) ;
#3964 = FACE_OUTER_BOUND ( 'NONE', #1671, .T. ) ;
#3965 = DIRECTION ( 'NONE',  ( 0.000000000000000000, 1.440069553722777130E-16, -1.000000000000000000 ) ) ;
#3966 = ORIENTED_EDGE ( 'NONE', *, *, #522, .F. ) ;
#3967 = VERTEX_POINT ( 'NONE', #3357 ) ;
#3968 = ORIENTED_EDGE ( 'NONE', *, *, #6938, .T. ) ;
#3969 = ORIENTED_EDGE ( 'NONE', *, *, #3230, .T. ) ;
#3970 = DIRECTION ( 'NONE',  ( 1.000000000000000000, 0.000000000000000000, -0.000000000000000000 ) ) ;
#3971 = LINE ( 'NONE', #5580, #5058 ) ;
#3972 = CARTESIAN_POINT ( 'NONE',  ( 13.84300000000000885, 7.810499999999999332, -0.1270000000000042206 ) ) ;
#3973 = CARTESIAN_POINT ( 'NONE',  ( -13.58899999999999686, 7.239000000000000767, 0.3809999999999947873 ) ) ;
#3974 = LINE ( 'NONE', #1100, #1608 ) ;
#3975 = ORIENTED_EDGE ( 'NONE', *, *, #1546, .T. ) ;
#3976 = EDGE_LOOP ( 'NONE', ( #1994, #640, #5662, #5809 ) ) ;
#3977 = ORIENTED_EDGE ( 'NONE', *, *, #540, .F. ) ;
#3978 = ADVANCED_FACE ( 'NONE', ( #337 ), #5650, .F. ) ;
#3979 = EDGE_LOOP ( 'NONE', ( #790, #3236, #5932, #4059 ) ) ;
#3980 = CARTESIAN_POINT ( 'NONE',  ( 3.429000000000005155, 8.064499999999998892, 0.3809999999999947873 ) ) ;
#3981 = FACE_OUTER_BOUND ( 'NONE', #5164, .T. ) ;
#3982 = ADVANCED_FACE ( 'NONE', ( #898 ), #2628, .F. ) ;
#3983 = EDGE_CURVE ( 'NONE', #7261, #5373, #5794, .T. ) ;
#3984 = EDGE_CURVE ( 'NONE', #3305, #1291, #2356, .T. ) ;
#3985 = ADVANCED_FACE ( 'NONE', ( #7425 ), #4659, .F. ) ;
#3986 = LINE ( 'NONE', #6784, #4707 ) ;
#3987 = CARTESIAN_POINT ( 'NONE',  ( -15.23999999999999844, -1.925929944387235853E-31, 0.8889999999999991243 ) ) ;
#3988 = CARTESIAN_POINT ( 'NONE',  ( -15.23999999999999844, 8.509000000000000341, 1.270000000000001128 ) ) ;
#3989 = CARTESIAN_POINT ( 'NONE',  ( 5.080000000000002736, 8.509000000000000341, -1.270000000000001128 ) ) ;
#3990 = AXIS2_PLACEMENT_3D ( 'NONE', #953, #395, #6742 ) ;
#3991 = CARTESIAN_POINT ( 'NONE',  ( -5.079999999999997407, 3.110602869834277161E-16, -1.270000000000001128 ) ) ;
#3992 = VECTOR ( 'NONE', #2354, 1000.000000000000227 ) ;
#3993 = VERTEX_POINT ( 'NONE', #5150 ) ;
#3994 = EDGE_CURVE ( 'NONE', #182, #409, #4000, .T. ) ;
#3995 = ADVANCED_FACE ( 'NONE', ( #4587 ), #6407, .F. ) ;
#3996 = VECTOR ( 'NONE', #2600, 1000.000000000000000 ) ;
#3997 = VECTOR ( 'NONE', #2155, 1000.000000000000000 ) ;
#3998 = PLANE ( 'NONE',  #843 ) ;
#3999 = LINE ( 'NONE', #5722, #3077 ) ;
#4000 = LINE ( 'NONE', #4097, #6288 ) ;
#4001 = FACE_OUTER_BOUND ( 'NONE', #2030, .T. ) ;
#4002 = VECTOR ( 'NONE', #2028, 1000.000000000000000 ) ;
#4003 = PRESENTATION_LAYER_ASSIGNMENT (  '', '', ( #1944 ) ) ;
#4004 = ORIENTED_EDGE ( 'NONE', *, *, #5388, .T. ) ;
#4005 = ORIENTED_EDGE ( 'NONE', *, *, #4521, .T. ) ;
#4006 = PLANE ( 'NONE',  #2492 ) ;
#4007 = VECTOR ( 'NONE', #2937, 1000.000000000000000 ) ;
#4008 =( GEOMETRIC_REPRESENTATION_CONTEXT ( 3 ) GLOBAL_UNCERTAINTY_ASSIGNED_CONTEXT ( ( #4188 ) ) GLOBAL_UNIT_ASSIGNED_CONTEXT ( ( #2459, #1331, #4798 ) ) REPRESENTATION_CONTEXT ( 'NONE', 'WORKASPACE' ) );
#4009 = CARTESIAN_POINT ( 'NONE',  ( 12.70000000000000462, 8.509000000000000341, -1.270000000000001128 ) ) ;
#4010 = LINE ( 'NONE', #6809, #3015 ) ;
#4011 = ORIENTED_EDGE ( 'NONE', *, *, #4568, .F. ) ;
#4012 = CARTESIAN_POINT ( 'NONE',  ( -10.15999999999999659, 2.177422008883992879E-16, -0.8890000000000013447 ) ) ;
#4013 = ORIENTED_EDGE ( 'NONE', *, *, #5948, .F. ) ;
#4014 = AXIS2_PLACEMENT_3D ( 'NONE', #1008, #6715, #6103 ) ;
#4015 = EDGE_LOOP ( 'NONE', ( #7059, #6456, #4706, #4899 ) ) ;
#4016 = ORIENTED_EDGE ( 'NONE', *, *, #2775, .F. ) ;
#4017 = VERTEX_POINT ( 'NONE', #2287 ) ;
#4018 = DIRECTION ( 'NONE',  ( 0.000000000000000000, 5.054934237236841843E-31, 1.000000000000000000 ) ) ;
#4019 = VECTOR ( 'NONE', #5930, 1000.000000000000000 ) ;
#4020 = CARTESIAN_POINT ( 'NONE',  ( 9.271000000000004349, 7.239000000000000767, 0.3809999999999947873 ) ) ;
#4021 = CARTESIAN_POINT ( 'NONE',  ( -7.619999999999997442, 8.509000000000000341, 1.270000000000001128 ) ) ;
#4022 = VECTOR ( 'NONE', #1206, 1000.000000000000000 ) ;
#4023 = PRODUCT_DEFINITION_SHAPE ( 'NONE', 'NONE',  #7460 ) ;
#4024 = DIRECTION ( 'NONE',  ( -1.000000000000000000, -0.000000000000000000, -0.000000000000000000 ) ) ;
#4025 = CARTESIAN_POINT ( 'NONE',  ( -11.81099999999999461, 8.064499999999998892, -0.3810000000000038356 ) ) ;
#4026 = LINE ( 'NONE', #663, #681 ) ;
#4027 = DIRECTION ( 'NONE',  ( 0.000000000000000000, -0.9659258262890699775, -0.2588190451025145222 ) ) ;
#4028 = EDGE_CURVE ( 'NONE', #2009, #4669, #2250, .T. ) ;
#4029 = EDGE_CURVE ( 'NONE', #7204, #1702, #1729, .T. ) ;
#4030 = ORIENTED_EDGE ( 'NONE', *, *, #28, .F. ) ;
#4031 = DIRECTION ( 'NONE',  ( -0.000000000000000000, 1.000000000000000000, 1.440069553722777130E-16 ) ) ;
#4032 = CARTESIAN_POINT ( 'NONE',  ( -12.25549999999999962, 8.509000000000000341, 0.8254999999999981242 ) ) ;
#4033 = DIRECTION ( 'NONE',  ( 1.000000000000000000, 0.000000000000000000, -0.000000000000000000 ) ) ;
#4034 = LINE ( 'NONE', #6336, #6649 ) ;
#4035 = EDGE_CURVE ( 'NONE', #495, #4423, #4034, .T. ) ;
#4036 = PLANE ( 'NONE',  #56 ) ;
#4037 = ADVANCED_FACE ( 'NONE', ( #2968 ), #2892, .F. ) ;
#4038 = ORIENTED_EDGE ( 'NONE', *, *, #784, .F. ) ;
#4039 = ORIENTED_EDGE ( 'NONE', *, *, #1615, .F. ) ;
#4040 = LINE ( 'NONE', #7017, #634 ) ;
#4041 = CARTESIAN_POINT ( 'NONE',  ( 1.734723475976807094E-15, 0.000000000000000000, 1.269999999999998908 ) ) ;
#4042 = DIRECTION ( 'NONE',  ( 0.000000000000000000, 0.000000000000000000, 1.000000000000000000 ) ) ;
#4043 = CARTESIAN_POINT ( 'NONE',  ( 5.080000000000002736, 3.110602869834277161E-16, -1.270000000000001128 ) ) ;
#4044 = ORIENTED_EDGE ( 'NONE', *, *, #7060, .T. ) ;
#4045 = DIRECTION ( 'NONE',  ( 0.000000000000000000, 0.000000000000000000, 1.000000000000000000 ) ) ;
#4046 = EDGE_CURVE ( 'NONE', #3078, #392, #1688, .T. ) ;
#4047 = EDGE_LOOP ( 'NONE', ( #1692, #6947, #3424, #4721 ) ) ;
#4048 = ORIENTED_EDGE ( 'NONE', *, *, #4559, .T. ) ;
#4049 = ORIENTED_EDGE ( 'NONE', *, *, #2194, .T. ) ;
#4050 = CARTESIAN_POINT ( 'NONE',  ( 5.080000000000002736, 0.000000000000000000, 1.269999999999998908 ) ) ;
#4051 = LINE ( 'NONE', #5669, #6847 ) ;
#4052 = CARTESIAN_POINT ( 'NONE',  ( 7.620000000000003659, 3.110602869834277161E-16, -1.270000000000001128 ) ) ;
#4053 = VERTEX_POINT ( 'NONE', #1653 ) ;
#4054 = CARTESIAN_POINT ( 'NONE',  ( 15.24000000000000554, 2.177422008883992879E-16, -0.8890000000000013447 ) ) ;
#4055 = LINE ( 'NONE', #2317, #2779 ) ;
#4056 = FACE_OUTER_BOUND ( 'NONE', #81, .T. ) ;
#4057 = PRESENTATION_STYLE_ASSIGNMENT (( #4544 ) ) ;
#4058 =( NAMED_UNIT ( * ) PLANE_ANGLE_UNIT ( ) SI_UNIT ( $, .RADIAN. ) );
#4059 = ORIENTED_EDGE ( 'NONE', *, *, #1628, .T. ) ;
#4060 = VECTOR ( 'NONE', #4950, 1000.000000000000000 ) ;
#4061 = EDGE_CURVE ( 'NONE', #4053, #989, #598, .T. ) ;
#4062 = EDGE_CURVE ( 'NONE', #1131, #6447, #1126, .T. ) ;
#4063 = FACE_OUTER_BOUND ( 'NONE', #2567, .T. ) ;
#4064 = CARTESIAN_POINT ( 'NONE',  ( -4.635499999999998622, 8.509000000000000341, 0.8254999999999981242 ) ) ;
#4065 = VECTOR ( 'NONE', #5620, 1000.000000000000000 ) ;
#4066 = ORIENTED_EDGE ( 'NONE', *, *, #6057, .F. ) ;
#4067 = EDGE_CURVE ( 'NONE', #6522, #5229, #4207, .T. ) ;
#4068 = ORIENTED_EDGE ( 'NONE', *, *, #6478, .F. ) ;
#4069 = ADVANCED_FACE ( 'NONE', ( #2428 ), #814, .F. ) ;
#4070 = LINE ( 'NONE', #1167, #5312 ) ;
#4071 = CARTESIAN_POINT ( 'NONE',  ( -6.730999999999995431, 8.064499999999998892, 0.3809999999999947873 ) ) ;
#4072 = FACE_OUTER_BOUND ( 'NONE', #7029, .T. ) ;
#4073 = MANIFOLD_SOLID_BREP ( 'Mirror1', #5964 ) ;
#4074 = DIRECTION ( 'NONE',  ( 0.000000000000000000, 0.000000000000000000, -1.000000000000000000 ) ) ;
#4075 = FACE_OUTER_BOUND ( 'NONE', #3816, .T. ) ;
#4076 = ORIENTED_EDGE ( 'NONE', *, *, #6747, .T. ) ;
#4077 = DIRECTION ( 'NONE',  ( -0.000000000000000000, 1.000000000000000000, 2.449293598294710852E-16 ) ) ;
#4078 = EDGE_LOOP ( 'NONE', ( #6782, #2337, #2398, #1885 ) ) ;
#4079 = EDGE_LOOP ( 'NONE', ( #145, #6165, #6043, #5003 ) ) ;
#4080 = ORIENTED_EDGE ( 'NONE', *, *, #6098, .T. ) ;
#4081 = ADVANCED_FACE ( 'NONE', ( #7048 ), #1839, .F. ) ;
#4082 = CARTESIAN_POINT ( 'NONE',  ( 10.16000000000000369, 8.509000000000000341, 1.270000000000001128 ) ) ;
#4083 = DIRECTION ( 'NONE',  ( 1.000000000000000000, 0.000000000000000000, 0.000000000000000000 ) ) ;
#4084 = LINE ( 'NONE', #7034, #2806 ) ;
#4085 = ORIENTED_EDGE ( 'NONE', *, *, #5492, .T. ) ;
#4086 = ORIENTED_EDGE ( 'NONE', *, *, #1020, .T. ) ;
#4087 = CARTESIAN_POINT ( 'NONE',  ( 15.24000000000000021, 7.239000000000000767, -2.201425730935033664E-16 ) ) ;
#4088 = FACE_OUTER_BOUND ( 'NONE', #4885, .T. ) ;
#4089 = PLANE ( 'NONE',  #4471 ) ;
#4090 = LINE ( 'NONE', #7003, #802 ) ;
#4091 =( LENGTH_UNIT ( ) NAMED_UNIT ( * ) SI_UNIT ( .MILLI., .METRE. ) );
#4092 = CARTESIAN_POINT ( 'NONE',  ( -11.42999999999999616, 0.000000000000000000, 0.000000000000000000 ) ) ;
#4093 = ORIENTED_EDGE ( 'NONE', *, *, #3134, .T. ) ;
#4094 = DIRECTION ( 'NONE',  ( -0.000000000000000000, 1.000000000000000000, 2.449293598294710852E-16 ) ) ;
#4095 = VECTOR ( 'NONE', #6793, 1000.000000000000000 ) ;
#4096 = DIRECTION ( 'NONE',  ( 0.000000000000000000, 1.440069553722777130E-16, -1.000000000000000000 ) ) ;
#4097 = CARTESIAN_POINT ( 'NONE',  ( -5.079999999999997407, 8.509000000000000341, 1.270000000000001128 ) ) ;
#4098 = DIRECTION ( 'NONE',  ( -1.000000000000000000, -0.000000000000000000, -0.000000000000000000 ) ) ;
#4099 = ADVANCED_FACE ( 'NONE', ( #1271 ), #6516, .F. ) ;
#4100 = ORIENTED_EDGE ( 'NONE', *, *, #2430, .T. ) ;
#4101 = VECTOR ( 'NONE', #2561, 1000.000000000000000 ) ;
#4102 = AXIS2_PLACEMENT_3D ( 'NONE', #4905, #404, #6017 ) ;
#4103 = ORIENTED_EDGE ( 'NONE', *, *, #1496, .F. ) ;
#4104 = CARTESIAN_POINT ( 'NONE',  ( 6.731000000000004313, 8.064499999999998892, 0.3809999999999947873 ) ) ;
#4105 = DIRECTION ( 'NONE',  ( -1.000000000000000000, -0.000000000000000000, -0.000000000000000000 ) ) ;
#4106 = VECTOR ( 'NONE', #3358, 1000.000000000000000 ) ;
#4107 = LINE ( 'NONE', #1847, #6736 ) ;
#4108 = PLANE ( 'NONE',  #621 ) ;
#4109 = EDGE_CURVE ( 'NONE', #351, #4512, #2467, .T. ) ;
#4110 = ORIENTED_EDGE ( 'NONE', *, *, #3796, .F. ) ;
#4111 = PLANE ( 'NONE',  #6794 ) ;
#4112 = EDGE_CURVE ( 'NONE', #5498, #6422, #252, .T. ) ;
#4113 = EDGE_LOOP ( 'NONE', ( #7357, #3745, #1802, #4379 ) ) ;
#4114 = VERTEX_POINT ( 'NONE', #6588 ) ;
#4115 = ORIENTED_EDGE ( 'NONE', *, *, #439, .T. ) ;
#4116 = VECTOR ( 'NONE', #2471, 999.9999999999998863 ) ;
#4117 = MECHANICAL_DESIGN_GEOMETRIC_PRESENTATION_REPRESENTATION (  '', ( #3151 ), #4362 ) ;
#4118 = PLANE ( 'NONE',  #2295 ) ;
#4119 = CARTESIAN_POINT ( 'NONE',  ( -9.270999999999993690, 8.064499999999998892, -0.3810000000000038356 ) ) ;
#4120 =( NAMED_UNIT ( * ) PLANE_ANGLE_UNIT ( ) SI_UNIT ( $, .RADIAN. ) );
#4121 = VECTOR ( 'NONE', #1460, 1000.000000000000000 ) ;
#4122 = EDGE_CURVE ( 'NONE', #4017, #3787, #7085, .T. ) ;
#4123 = MANIFOLD_SOLID_BREP ( 'Boss-Extrude2', #1749 ) ;
#4124 = VERTEX_POINT ( 'NONE', #1530 ) ;
#4125 = CARTESIAN_POINT ( 'NONE',  ( 3.469446951953614189E-15, 0.5080000000000000071, 0.7528818102449925664 ) ) ;
#4126 = PLANE ( 'NONE',  #3388 ) ;
#4127 = LINE ( 'NONE', #1115, #5371 ) ;
#4128 = PLANE ( 'NONE',  #6469 ) ;
#4129 = DIRECTION ( 'NONE',  ( 0.000000000000000000, 0.000000000000000000, 1.000000000000000000 ) ) ;
#4130 = VECTOR ( 'NONE', #4928, 1000.000000000000000 ) ;
#4131 = ORIENTED_EDGE ( 'NONE', *, *, #1712, .T. ) ;
#4132 = VERTEX_POINT ( 'NONE', #3922 ) ;
#4133 = MANIFOLD_SOLID_BREP ( 'Chamfer1', #4625 ) ;
#4134 = CARTESIAN_POINT ( 'NONE',  ( 3.429000000000005155, 8.064499999999998892, 0.3809999999999949538 ) ) ;
#4135 = DIRECTION ( 'NONE',  ( 0.000000000000000000, 0.000000000000000000, 1.000000000000000000 ) ) ;
#4136 = LINE ( 'NONE', #6979, #73 ) ;
#4137 = ORIENTED_EDGE ( 'NONE', *, *, #2306, .T. ) ;
#4138 = VERTEX_POINT ( 'NONE', #3722 ) ;
#4139 = DIRECTION ( 'NONE',  ( 1.000000000000000000, 0.000000000000000000, 0.000000000000000000 ) ) ;
#4140 = CARTESIAN_POINT ( 'NONE',  ( -5.524499999999992639, 8.509000000000000341, 0.8254999999999981242 ) ) ;
#4141 = LINE ( 'NONE', #3662, #2844 ) ;
#4142 = DIRECTION ( 'NONE',  ( 1.000000000000000000, 0.000000000000000000, 0.000000000000000000 ) ) ;
#4143 = ORIENTED_EDGE ( 'NONE', *, *, #2495, .F. ) ;
#4144 = CARTESIAN_POINT ( 'NONE',  ( 5.080000000000002736, 3.110602869834277161E-16, -1.270000000000001128 ) ) ;
#4145 = ORIENTED_EDGE ( 'NONE', *, *, #2682, .F. ) ;
#4146 = ORIENTED_EDGE ( 'NONE', *, *, #7306, .F. ) ;
#4147 = ORIENTED_EDGE ( 'NONE', *, *, #5261, .F. ) ;
#4148 = EDGE_CURVE ( 'NONE', #5117, #5333, #1453, .T. ) ;
#4149 = ADVANCED_FACE ( 'NONE', ( #4951 ), #3188, .F. ) ;
#4150 = LINE ( 'NONE', #164, #2894 ) ;
#4151 = VECTOR ( 'NONE', #4953, 1000.000000000000000 ) ;
#4152 = CARTESIAN_POINT ( 'NONE',  ( -12.69999999999999751, 0.000000000000000000, 1.269999999999998908 ) ) ;
#4153 = LINE ( 'NONE', #1217, #400 ) ;
#4154 = MANIFOLD_SOLID_BREP ( 'LPattern1[11]', #7300 ) ;
#4155 = ORIENTED_EDGE ( 'NONE', *, *, #846, .T. ) ;
#4156 = EDGE_CURVE ( 'NONE', #754, #1471, #2660, .T. ) ;
#4157 = PLANE ( 'NONE',  #2311 ) ;
#4158 = ADVANCED_FACE ( 'NONE', ( #961 ), #7312, .F. ) ;
#4159 = ADVANCED_FACE ( 'NONE', ( #4473 ), #6788, .F. ) ;
#4160 = PLANE ( 'NONE',  #1097 ) ;
#4161 = DIRECTION ( 'NONE',  ( 0.000000000000000000, -0.9659258262890699775, -0.2588190451025145222 ) ) ;
#4162 = FACE_OUTER_BOUND ( 'NONE', #1394, .T. ) ;
#4163 = DIRECTION ( 'NONE',  ( 0.000000000000000000, 0.000000000000000000, 1.000000000000000000 ) ) ;
#4164 = VERTEX_POINT ( 'NONE', #1041 ) ;
#4165 = EDGE_CURVE ( 'NONE', #3479, #7173, #5642, .T. ) ;
#4166 = LINE ( 'NONE', #1303, #637 ) ;
#4167 = CARTESIAN_POINT ( 'NONE',  ( 3.429000000000005155, 8.064499999999998892, 0.3809999999999947873 ) ) ;
#4168 = CARTESIAN_POINT ( 'NONE',  ( -15.49399999999999977, 0.5080000000000002292, -0.7528818102449945648 ) ) ;
#4169 = DIRECTION ( 'NONE',  ( 0.000000000000000000, 0.000000000000000000, 1.000000000000000000 ) ) ;
#4170 = VECTOR ( 'NONE', #175, 1000.000000000000000 ) ;
#4171 = VECTOR ( 'NONE', #804, 1000.000000000000000 ) ;
#4172 = EDGE_LOOP ( 'NONE', ( #3124, #1670, #1087, #3936 ) ) ;
#4173 = ORIENTED_EDGE ( 'NONE', *, *, #1249, .F. ) ;
#4174 = AXIS2_PLACEMENT_3D ( 'NONE', #719, #3634, #4743 ) ;
#4175 = CARTESIAN_POINT ( 'NONE',  ( -4.190999999999995396, 7.239000000000000767, 0.3809999999999947873 ) ) ;
#4176 = PLANE ( 'NONE',  #1932 ) ;
#4177 = MANIFOLD_SOLID_BREP ( 'Chamfer1', #1264 ) ;
#4178 = DIRECTION ( 'NONE',  ( 1.000000000000000000, 0.000000000000000000, 0.000000000000000000 ) ) ;
#4179 = DIRECTION ( 'NONE',  ( 0.000000000000000000, 5.054934237236841843E-31, 1.000000000000000000 ) ) ;
#4180 = VERTEX_POINT ( 'NONE', #2812 ) ;
#4181 = FACE_OUTER_BOUND ( 'NONE', #6274, .T. ) ;
#4182 = AXIS2_PLACEMENT_3D ( 'NONE', #5732, #5267, #603 ) ;
#4183 = VERTEX_POINT ( 'NONE', #1794 ) ;
#4184 = AXIS2_PLACEMENT_3D ( 'NONE', #971, #7167, #7202 ) ;
#4185 = ORIENTED_EDGE ( 'NONE', *, *, #70, .T. ) ;
#4186 = ORIENTED_EDGE ( 'NONE', *, *, #2964, .T. ) ;
#4187 = LINE ( 'NONE', #196, #3583 ) ;
#4188 = UNCERTAINTY_MEASURE_WITH_UNIT (LENGTH_MEASURE( 1.000000000000000082E-05 ), #2459, 'distance_accuracy_value', 'NONE');
#4189 = DIRECTION ( 'NONE',  ( 0.000000000000000000, 1.000000000000000000, 2.548365665731588345E-16 ) ) ;
#4190 = DIRECTION ( 'NONE',  ( -1.000000000000000000, -0.000000000000000000, -0.000000000000000000 ) ) ;
#4191 = PLANE ( 'NONE',  #6666 ) ;
#4192 = VERTEX_POINT ( 'NONE', #5751 ) ;
#4193 = EDGE_CURVE ( 'NONE', #7260, #4413, #5678, .T. ) ;
#4194 = ORIENTED_EDGE ( 'NONE', *, *, #4302, .T. ) ;
#4195 = DIRECTION ( 'NONE',  ( -0.000000000000000000, 0.2588190451025140781, 0.9659258262890700886 ) ) ;
#4196 = CARTESIAN_POINT ( 'NONE',  ( 15.24000000000000554, 8.509000000000000341, 1.270000000000001128 ) ) ;
#4197 = CARTESIAN_POINT ( 'NONE',  ( -5.968999999999996753, 7.239000000000000767, 0.3809999999999947873 ) ) ;
#4198 = DIRECTION ( 'NONE',  ( 1.000000000000000000, 0.000000000000000000, 0.000000000000000000 ) ) ;
#4199 = CARTESIAN_POINT ( 'NONE',  ( 13.97000000000000597, 0.000000000000000000, 0.000000000000000000 ) ) ;
#4200 = EDGE_CURVE ( 'NONE', #6391, #3399, #3380, .T. ) ;
#4201 = EDGE_CURVE ( 'NONE', #253, #6882, #594, .T. ) ;
#4202 = ORIENTED_EDGE ( 'NONE', *, *, #2129, .T. ) ;
#4203 = MANIFOLD_SOLID_BREP ( 'LPattern1[5]', #1746 ) ;
#4204 = CARTESIAN_POINT ( 'NONE',  ( 15.49399999999999977, 3.110602869834277161E-16, -1.270000000000001128 ) ) ;
#4205 = CARTESIAN_POINT ( 'NONE',  ( 2.540000000000002256, 0.5080000000000000071, 0.7528818102449925664 ) ) ;
#4206 = FACE_OUTER_BOUND ( 'NONE', #7169, .T. ) ;
#4207 = LINE ( 'NONE', #5407, #734 ) ;
#4208 = LINE ( 'NONE', #2210, #3262 ) ;
#4209 = EDGE_CURVE ( 'NONE', #3591, #2903, #630, .T. ) ;
#4210 = EDGE_LOOP ( 'NONE', ( #6194, #4329, #7126, #277 ) ) ;
#4211 = EDGE_CURVE ( 'NONE', #5100, #6591, #2102, .T. ) ;
#4212 = ORIENTED_EDGE ( 'NONE', *, *, #2589, .F. ) ;
#4213 = DIRECTION ( 'NONE',  ( 0.000000000000000000, 0.2588190451025145222, -0.9659258262890699775 ) ) ;
#4214 = DIRECTION ( 'NONE',  ( -0.000000000000000000, 1.000000000000000000, 1.733406087350420004E-16 ) ) ;
#4215 = LINE ( 'NONE', #3693, #4992 ) ;
#4216 = MANIFOLD_SOLID_BREP ( 'LPattern1[7]', #6084 ) ;
#4217 = FACE_OUTER_BOUND ( 'NONE', #6958, .T. ) ;
#4218 = PLANE ( 'NONE',  #1104 ) ;
#4219 = VERTEX_POINT ( 'NONE', #292 ) ;
#4220 = LINE ( 'NONE', #6531, #7031 ) ;
#4221 = VECTOR ( 'NONE', #1791, 1000.000000000000000 ) ;
#4222 = VECTOR ( 'NONE', #5648, 1000.000000000000000 ) ;
#4223 = ORIENTED_EDGE ( 'NONE', *, *, #2816, .F. ) ;
#4224 = ORIENTED_EDGE ( 'NONE', *, *, #3469, .F. ) ;
#4225 = VERTEX_POINT ( 'NONE', #1380 ) ;
#4226 = DIRECTION ( 'NONE',  ( -0.000000000000000000, 1.000000000000000000, 1.733406087350420004E-16 ) ) ;
#4227 = VECTOR ( 'NONE', #1785, 1000.000000000000000 ) ;
#4228 = VECTOR ( 'NONE', #6504, 1000.000000000000000 ) ;
#4229 = CARTESIAN_POINT ( 'NONE',  ( -1.650999999999994472, 8.064499999999998892, 0.3809999999999949538 ) ) ;
#4230 = LINE ( 'NONE', #1969, #4660 ) ;
#4231 = CARTESIAN_POINT ( 'NONE',  ( -6.730999999999995431, 7.239000000000000767, -0.3810000000000040021 ) ) ;
#4232 = ORIENTED_EDGE ( 'NONE', *, *, #4201, .T. ) ;
#4233 = AXIS2_PLACEMENT_3D ( 'NONE', #2095, #4986, #2132 ) ;
#4234 = AXIS2_PLACEMENT_3D ( 'NONE', #6708, #3844, #4907 ) ;
#4235 = ORIENTED_EDGE ( 'NONE', *, *, #1433, .T. ) ;
#4236 = DIRECTION ( 'NONE',  ( 0.000000000000000000, -0.000000000000000000, -1.000000000000000000 ) ) ;
#4237 = CARTESIAN_POINT ( 'NONE',  ( -15.49399999999999977, 0.5080000000000002292, -0.7528818102449945648 ) ) ;
#4238 = DIRECTION ( 'NONE',  ( -0.7071067811865462405, -0.7071067811865489050, 0.000000000000000000 ) ) ;
#4239 = VECTOR ( 'NONE', #6085, 1000.000000000000000 ) ;
#4240 = LINE ( 'NONE', #4277, #572 ) ;
#4241 = DIRECTION ( 'NONE',  ( -0.000000000000000000, 1.000000000000000000, 2.449293598294710852E-16 ) ) ;
#4242 = VERTEX_POINT ( 'NONE', #7382 ) ;
#4243 = AXIS2_PLACEMENT_3D ( 'NONE', #5828, #1797, #5110 ) ;
#4244 = EDGE_CURVE ( 'NONE', #4138, #7001, #3653, .T. ) ;
#4245 = CARTESIAN_POINT ( 'NONE',  ( -11.81099999999999461, 8.064499999999998892, 0.3809999999999947873 ) ) ;
#4246 = CARTESIAN_POINT ( 'NONE',  ( 13.58900000000000752, 7.239000000000000767, 0.3809999999999947873 ) ) ;
#4247 = ADVANCED_FACE ( 'NONE', ( #4285 ), #6484, .F. ) ;
#4248 = DIRECTION ( 'NONE',  ( 0.000000000000000000, -1.440069553722777130E-16, 1.000000000000000000 ) ) ;
#4249 = DIRECTION ( 'NONE',  ( -0.000000000000000000, 1.000000000000000000, 1.440069553722777130E-16 ) ) ;
#4250 = AXIS2_PLACEMENT_3D ( 'NONE', #5746, #2342, #5278 ) ;
#4251 = ORIENTED_EDGE ( 'NONE', *, *, #4567, .T. ) ;
#4252 = ORIENTED_EDGE ( 'NONE', *, *, #1196, .T. ) ;
#4253 = VECTOR ( 'NONE', #5661, 1000.000000000000114 ) ;
#4254 = CARTESIAN_POINT ( 'NONE',  ( -11.81099999999999461, 8.064499999999998892, 0.3809999999999949538 ) ) ;
#4255 = FACE_OUTER_BOUND ( 'NONE', #6798, .T. ) ;
#4256 = ADVANCED_FACE ( 'NONE', ( #3037 ), #180, .F. ) ;
#4257 = LINE ( 'NONE', #4844, #5228 ) ;
#4258 = EDGE_CURVE ( 'NONE', #2255, #1595, #4208, .T. ) ;
#4259 = CARTESIAN_POINT ( 'NONE',  ( -5.968999999999996753, 7.239000000000000767, -0.3810000000000040021 ) ) ;
#4260 = CARTESIAN_POINT ( 'NONE',  ( -4.190999999999995396, 7.239000000000000767, 0.3809999999999947873 ) ) ;
#4261 = ORIENTED_EDGE ( 'NONE', *, *, #7123, .F. ) ;
#4262 = CARTESIAN_POINT ( 'NONE',  ( 5.969000000000005635, 7.239000000000000767, 0.3809999999999947873 ) ) ;
#4263 = ORIENTED_EDGE ( 'NONE', *, *, #1204, .F. ) ;
#4264 = ORIENTED_EDGE ( 'NONE', *, *, #4620, .T. ) ;
#4265 = ORIENTED_EDGE ( 'NONE', *, *, #6843, .T. ) ;
#4266 = DIRECTION ( 'NONE',  ( 0.000000000000000000, 0.2588190451025145222, -0.9659258262890699775 ) ) ;
#4267 = EDGE_CURVE ( 'NONE', #1291, #1744, #6099, .T. ) ;
#4268 = DIRECTION ( 'NONE',  ( 0.000000000000000000, 1.733406087350420004E-16, -1.000000000000000000 ) ) ;
#4269 = PLANE ( 'NONE',  #809 ) ;
#4270 = DIRECTION ( 'NONE',  ( -1.000000000000000000, 0.000000000000000000, -0.000000000000000000 ) ) ;
#4271 = ORIENTED_EDGE ( 'NONE', *, *, #7070, .T. ) ;
#4272 = ORIENTED_EDGE ( 'NONE', *, *, #4479, .F. ) ;
#4273 = ORIENTED_EDGE ( 'NONE', *, *, #1630, .F. ) ;
#4274 = CLOSED_SHELL ( 'NONE', ( #5252, #4538, #569, #6660, #3806, #1395, #1988, #5220, #2692, #3340, #1422, #6055, #6056, #582, #377, #5313, #743, #1814, #4987 ) ) ;
#4275 = LINE ( 'NONE', #6617, #2417 ) ;
#4276 = DIRECTION ( 'NONE',  ( 0.5773502691896268413, 0.5773502691896246208, -0.5773502691896256200 ) ) ;
#4277 = CARTESIAN_POINT ( 'NONE',  ( 2.540000000000002256, 3.110602869834277161E-16, -1.270000000000001128 ) ) ;
#4278 = DIRECTION ( 'NONE',  ( -0.000000000000000000, 1.000000000000000000, 1.733406087350420004E-16 ) ) ;
#4279 = DIRECTION ( 'NONE',  ( 1.000000000000000000, 0.000000000000000000, 0.000000000000000000 ) ) ;
#4280 = ORIENTED_EDGE ( 'NONE', *, *, #5210, .T. ) ;
#4281 = FACE_OUTER_BOUND ( 'NONE', #1658, .T. ) ;
#4282 = CARTESIAN_POINT ( 'NONE',  ( 11.04900000000000659, 7.239000000000000767, -0.3810000000000040021 ) ) ;
#4283 = DIRECTION ( 'NONE',  ( 0.000000000000000000, 1.000000000000000000, 0.000000000000000000 ) ) ;
#4284 = DIRECTION ( 'NONE',  ( 0.000000000000000000, 1.000000000000000000, 2.548365665731588345E-16 ) ) ;
#4285 = FACE_OUTER_BOUND ( 'NONE', #2442, .T. ) ;
#4286 = ORIENTED_EDGE ( 'NONE', *, *, #2505, .T. ) ;
#4287 = EDGE_CURVE ( 'NONE', #6565, #5384, #5175, .T. ) ;
#4288 = EDGE_CURVE ( 'NONE', #1768, #5655, #6285, .T. ) ;
#4289 = EDGE_LOOP ( 'NONE', ( #4931, #5203, #459, #3089, #1965, #1568, #570, #833 ) ) ;
#4290 = CARTESIAN_POINT ( 'NONE',  ( 8.509000000000005670, 7.239000000000000767, 0.3809999999999947873 ) ) ;
#4291 = DIRECTION ( 'NONE',  ( 0.000000000000000000, 0.000000000000000000, -1.000000000000000000 ) ) ;
#4292 = CARTESIAN_POINT ( 'NONE',  ( -0.3810000000000000053, 0.5079999999999997851, 0.2032000000000010465 ) ) ;
#4293 = VECTOR ( 'NONE', #5596, 1000.000000000000000 ) ;
#4294 = VECTOR ( 'NONE', #218, 1000.000000000000000 ) ;
#4295 = LINE ( 'NONE', #3855, #1537 ) ;
#4296 = PLANE ( 'NONE',  #2908 ) ;
#4297 = ORIENTED_EDGE ( 'NONE', *, *, #3040, .F. ) ;
#4298 = DIRECTION ( 'NONE',  ( 0.000000000000000000, -0.9659258262890699775, -0.2588190451025145222 ) ) ;
#4299 = ORIENTED_EDGE ( 'NONE', *, *, #4874, .T. ) ;
#4300 = ADVANCED_FACE ( 'NONE', ( #5782 ), #3417, .F. ) ;
#4301 = EDGE_LOOP ( 'NONE', ( #4500, #2861, #3071, #4857 ) ) ;
#4302 = EDGE_CURVE ( 'NONE', #3713, #4339, #1717, .T. ) ;
#4303 = AXIS2_PLACEMENT_3D ( 'NONE', #1521, #4902, #3836 ) ;
#4304 = ADVANCED_FACE ( 'NONE', ( #4088 ), #6395, .F. ) ;
#4305 = EDGE_LOOP ( 'NONE', ( #3857, #2664, #3551, #2814 ) ) ;
#4306 = LINE ( 'NONE', #2446, #1173 ) ;
#4307 = LINE ( 'NONE', #2116, #3996 ) ;
#4308 = DIRECTION ( 'NONE',  ( -0.000000000000000000, 0.2588190451025140781, 0.9659258262890700886 ) ) ;
#4309 = AXIS2_PLACEMENT_3D ( 'NONE', #981, #3364, #7401 ) ;
#4310 = SURFACE_STYLE_FILL_AREA ( #3173 ) ;
#4311 = MECHANICAL_DESIGN_GEOMETRIC_PRESENTATION_REPRESENTATION (  '', ( #5631 ), #686 ) ;
#4312 = ORIENTED_EDGE ( 'NONE', *, *, #6046, .F. ) ;
#4313 = EDGE_CURVE ( 'NONE', #1852, #1623, #5062, .T. ) ;
#4314 = VERTEX_POINT ( 'NONE', #6503 ) ;
#4315 = ADVANCED_FACE ( 'NONE', ( #5972 ), #660, .F. ) ;
#4316 = ORIENTED_EDGE ( 'NONE', *, *, #1130, .T. ) ;
#4317 = DIRECTION ( 'NONE',  ( -1.000000000000000000, 0.000000000000000000, 0.000000000000000000 ) ) ;
#4318 = CARTESIAN_POINT ( 'NONE',  ( 2.540000000000002256, -1.925929944387235853E-31, 0.8889999999999991243 ) ) ;
#4319 = LINE ( 'NONE', #916, #3832 ) ;
#4320 = APPLICATION_PROTOCOL_DEFINITION ( 'draft international standard', 'automotive_design', 1998, #3528 ) ;
#4321 = EDGE_LOOP ( 'NONE', ( #4920, #2905, #7218, #2477 ) ) ;
#4322 = CARTESIAN_POINT ( 'NONE',  ( 10.16000000000000369, 2.177422008883992879E-16, -0.8890000000000013447 ) ) ;
#4323 = FILL_AREA_STYLE_COLOUR ( '', #5696 ) ;
#4324 = DIRECTION ( 'NONE',  ( 0.000000000000000000, 1.000000000000000000, 2.548365665731588345E-16 ) ) ;
#4325 = DIRECTION ( 'NONE',  ( 0.000000000000000000, 5.054934237236841843E-31, 1.000000000000000000 ) ) ;
#4326 = DIRECTION ( 'NONE',  ( 0.000000000000000000, 2.338910953479677683E-16, -1.000000000000000000 ) ) ;
#4327 = DIRECTION ( 'NONE',  ( -1.000000000000000000, -0.000000000000000000, -0.000000000000000000 ) ) ;
#4328 = UNCERTAINTY_MEASURE_WITH_UNIT (LENGTH_MEASURE( 1.000000000000000082E-05 ), #5331, 'distance_accuracy_value', 'NONE');
#4329 = ORIENTED_EDGE ( 'NONE', *, *, #3847, .T. ) ;
#4330 = CARTESIAN_POINT ( 'NONE',  ( -7.619999999999997442, 0.5080000000000002292, -0.7528818102449945648 ) ) ;
#4331 = CARTESIAN_POINT ( 'NONE',  ( -5.079999999999997407, 2.177422008883992879E-16, -0.8890000000000013447 ) ) ;
#4332 = CARTESIAN_POINT ( 'NONE',  ( 11.04900000000000659, 7.239000000000000767, 0.3809999999999947873 ) ) ;
#4333 = MANIFOLD_SOLID_BREP ( 'LPattern1[1]', #2111 ) ;
#4334 = LINE ( 'NONE', #5456, #796 ) ;
#4335 = EDGE_CURVE ( 'NONE', #4847, #12, #3224, .T. ) ;
#4336 = FACE_OUTER_BOUND ( 'NONE', #3332, .T. ) ;
#4337 = ORIENTED_EDGE ( 'NONE', *, *, #4794, .T. ) ;
#4338 = CARTESIAN_POINT ( 'NONE',  ( 1.734723475976807094E-15, 0.5080000000000000071, 0.7528818102449925664 ) ) ;
#4339 = VERTEX_POINT ( 'NONE', #5358 ) ;
#4340 = EDGE_LOOP ( 'NONE', ( #5265, #3581, #6992, #136 ) ) ;
#4341 = ORIENTED_EDGE ( 'NONE', *, *, #631, .F. ) ;
#4342 = LINE ( 'NONE', #6987, #7084 ) ;
#4343 = ADVANCED_FACE ( 'NONE', ( #354 ), #2648, .F. ) ;
#4344 = DIRECTION ( 'NONE',  ( 0.000000000000000000, 0.000000000000000000, -1.000000000000000000 ) ) ;
#4345 = AXIS2_PLACEMENT_3D ( 'NONE', #2395, #1461, #2706 ) ;
#4346 = EDGE_CURVE ( 'NONE', #3527, #5695, #3753, .T. ) ;
#4347 = DIRECTION ( 'NONE',  ( 0.000000000000000000, 1.000000000000000000, 1.733406087350420004E-16 ) ) ;
#4348 = VERTEX_POINT ( 'NONE', #4938 ) ;
#4349 = VERTEX_POINT ( 'NONE', #3834 ) ;
#4350 = VECTOR ( 'NONE', #2866, 1000.000000000000000 ) ;
#4351 = VECTOR ( 'NONE', #7040, 1000.000000000000000 ) ;
#4352 = ORIENTED_EDGE ( 'NONE', *, *, #6813, .T. ) ;
#4353 = LINE ( 'NONE', #6659, #4360 ) ;
#4354 = DIRECTION ( 'NONE',  ( -0.000000000000000000, 0.000000000000000000, -1.000000000000000000 ) ) ;
#4355 = ADVANCED_FACE ( 'NONE', ( #4426 ), #7263, .F. ) ;
#4356 = VECTOR ( 'NONE', #6704, 1000.000000000000000 ) ;
#4357 = LINE ( 'NONE', #882, #6106 ) ;
#4358 = COLOUR_RGB ( '',1.000000000000000000, 0.8117647058823529438, 0.5019607843137254832 ) ;
#4359 = VERTEX_POINT ( 'NONE', #5632 ) ;
#4360 = VECTOR ( 'NONE', #394, 1000.000000000000000 ) ;
#4361 = DIRECTION ( 'NONE',  ( -1.000000000000000000, 0.000000000000000000, 0.000000000000000000 ) ) ;
#4362 =( GEOMETRIC_REPRESENTATION_CONTEXT ( 3 ) GLOBAL_UNCERTAINTY_ASSIGNED_CONTEXT ( ( #6337 ) ) GLOBAL_UNIT_ASSIGNED_CONTEXT ( ( #2741, #2620, #7229 ) ) REPRESENTATION_CONTEXT ( 'NONE', 'WORKASPACE' ) );
#4363 = DIRECTION ( 'NONE',  ( 0.000000000000000000, 0.2588190451025145222, -0.9659258262890699775 ) ) ;
#4364 = CARTESIAN_POINT ( 'NONE',  ( -2.539999999999996927, 8.509000000000000341, -1.270000000000001128 ) ) ;
#4365 = FILL_AREA_STYLE ('',( #3767 ) ) ;
#4366 = VECTOR ( 'NONE', #1650, 1000.000000000000000 ) ;
#4367 = CARTESIAN_POINT ( 'NONE',  ( 5.969000000000005635, 8.064499999999998892, 0.3809999999999947873 ) ) ;
#4368 = EDGE_LOOP ( 'NONE', ( #799, #6914, #3363, #1052 ) ) ;
#4369 = DIRECTION ( 'NONE',  ( -1.000000000000000000, 0.000000000000000000, 0.000000000000000000 ) ) ;
#4370 = DIRECTION ( 'NONE',  ( 0.000000000000000000, -0.000000000000000000, -1.000000000000000000 ) ) ;
#4371 = DIRECTION ( 'NONE',  ( -1.000000000000000000, 0.000000000000000000, 0.000000000000000000 ) ) ;
#4372 = PLANE ( 'NONE',  #1825 ) ;
#4373 = CARTESIAN_POINT ( 'NONE',  ( -5.079999999999997407, 0.000000000000000000, 1.269999999999998908 ) ) ;
#4374 = CARTESIAN_POINT ( 'NONE',  ( -14.35099999999999554, 8.064499999999998892, -0.3810000000000038356 ) ) ;
#4375 = ORIENTED_EDGE ( 'NONE', *, *, #4539, .T. ) ;
#4376 = DIRECTION ( 'NONE',  ( 0.000000000000000000, 0.000000000000000000, 1.000000000000000000 ) ) ;
#4377 = EDGE_LOOP ( 'NONE', ( #6819, #3052, #2936, #2970 ) ) ;
#4378 = VECTOR ( 'NONE', #3321, 1000.000000000000000 ) ;
#4379 = ORIENTED_EDGE ( 'NONE', *, *, #1496, .T. ) ;
#4380 = ORIENTED_EDGE ( 'NONE', *, *, #3574, .F. ) ;
#4381 = DIRECTION ( 'NONE',  ( 0.000000000000000000, -0.7071067811865483499, 0.7071067811865466846 ) ) ;
#4382 = LINE ( 'NONE', #5540, #849 ) ;
#4383 = CARTESIAN_POINT ( 'NONE',  ( -14.35099999999999554, 7.239000000000000767, -0.3810000000000040021 ) ) ;
#4384 = ORIENTED_EDGE ( 'NONE', *, *, #4838, .F. ) ;
#4385 = ORIENTED_EDGE ( 'NONE', *, *, #1532, .F. ) ;
#4386 = ADVANCED_FACE ( 'NONE', ( #5744 ), #1707, .F. ) ;
#4387 = ORIENTED_EDGE ( 'NONE', *, *, #6813, .F. ) ;
#4388 = ADVANCED_FACE ( 'NONE', ( #57 ), #3411, .F. ) ;
#4389 = VERTEX_POINT ( 'NONE', #5668 ) ;
#4390 = CARTESIAN_POINT ( 'NONE',  ( 15.24000000000000554, 3.110602869834277161E-16, -1.270000000000001128 ) ) ;
#4391 = CARTESIAN_POINT ( 'NONE',  ( 8.509000000000005670, 8.064499999999998892, 0.3809999999999949538 ) ) ;
#4392 = LINE ( 'NONE', #437, #6357 ) ;
#4393 = VERTEX_POINT ( 'NONE', #2340 ) ;
#4394 = EDGE_CURVE ( 'NONE', #4636, #7290, #2766, .T. ) ;
#4395 = EDGE_CURVE ( 'NONE', #6824, #1643, #1179, .T. ) ;
#4396 = EDGE_CURVE ( 'NONE', #5577, #4180, #508, .T. ) ;
#4397 = CARTESIAN_POINT ( 'NONE',  ( -1.650999999999994472, 7.239000000000000767, 0.3809999999999947873 ) ) ;
#4398 = CARTESIAN_POINT ( 'NONE',  ( 7.620000000000003659, 8.509000000000000341, 1.270000000000001128 ) ) ;
#4399 = DIRECTION ( 'NONE',  ( -0.000000000000000000, 0.000000000000000000, -1.000000000000000000 ) ) ;
#4400 = LINE ( 'NONE', #852, #4628 ) ;
#4401 = ADVANCED_FACE ( 'NONE', ( #586 ), #3341, .F. ) ;
#4402 = AXIS2_PLACEMENT_3D ( 'NONE', #2707, #3811, #2248 ) ;
#4403 = VERTEX_POINT ( 'NONE', #2877 ) ;
#4404 = PLANE ( 'NONE',  #6302 ) ;
#4405 = DIRECTION ( 'NONE',  ( 0.000000000000000000, -1.000000000000000000, -1.733406087350420004E-16 ) ) ;
#4406 = DIRECTION ( 'NONE',  ( 0.000000000000000000, 1.000000000000000000, 0.000000000000000000 ) ) ;
#4407 = DIRECTION ( 'NONE',  ( 0.000000000000000000, -0.9659258262890700886, 0.2588190451025140781 ) ) ;
#4408 = DIRECTION ( 'NONE',  ( 0.000000000000000000, 0.000000000000000000, -1.000000000000000000 ) ) ;
#4409 = FACE_OUTER_BOUND ( 'NONE', #4589, .T. ) ;
#4410 = ORIENTED_EDGE ( 'NONE', *, *, #1776, .F. ) ;
#4411 = DIRECTION ( 'NONE',  ( 0.000000000000000000, -1.000000000000000000, -2.548365665731588345E-16 ) ) ;
#4412 = ORIENTED_EDGE ( 'NONE', *, *, #757, .T. ) ;
#4413 = VERTEX_POINT ( 'NONE', #4639 ) ;
#4414 = ORIENTED_EDGE ( 'NONE', *, *, #5603, .T. ) ;
#4415 = AXIS2_PLACEMENT_3D ( 'NONE', #187, #6721, #4408 ) ;
#4416 = CARTESIAN_POINT ( 'NONE',  ( -12.69999999999999751, 0.000000000000000000, 1.269999999999998908 ) ) ;
#4417 = DIRECTION ( 'NONE',  ( -0.5773502691896268413, 0.5773502691896246208, -0.5773502691896256200 ) ) ;
#4418 = CARTESIAN_POINT ( 'NONE',  ( -11.81099999999999461, 8.064499999999998892, -0.3810000000000038356 ) ) ;
#4419 = CARTESIAN_POINT ( 'NONE',  ( 15.49399999999999977, 0.000000000000000000, 1.269999999999998908 ) ) ;
#4420 = VECTOR ( 'NONE', #4198, 1000.000000000000000 ) ;
#4421 = EDGE_LOOP ( 'NONE', ( #3515, #537, #5664, #4554 ) ) ;
#4422 = EDGE_LOOP ( 'NONE', ( #5590, #6375, #4921, #350 ) ) ;
#4423 = VERTEX_POINT ( 'NONE', #5055 ) ;
#4424 = CARTESIAN_POINT ( 'NONE',  ( -2.984499999999992159, 8.509000000000000341, -1.270000000000001128 ) ) ;
#4425 = VECTOR ( 'NONE', #793, 1000.000000000000000 ) ;
#4426 = FACE_OUTER_BOUND ( 'NONE', #5630, .T. ) ;
#4427 = DIRECTION ( 'NONE',  ( 0.000000000000000000, -1.000000000000000000, 0.000000000000000000 ) ) ;
#4428 = CARTESIAN_POINT ( 'NONE',  ( 5.080000000000002736, -1.925929944387235853E-31, 0.8889999999999991243 ) ) ;
#4429 = EDGE_CURVE ( 'NONE', #5275, #4114, #7373, .T. ) ;
#4430 = VECTOR ( 'NONE', #5414, 1000.000000000000227 ) ;
#4431 = ORIENTED_EDGE ( 'NONE', *, *, #2910, .T. ) ;
#4432 = FACE_OUTER_BOUND ( 'NONE', #3976, .T. ) ;
#4433 = DIRECTION ( 'NONE',  ( 0.000000000000000000, -1.000000000000000000, 0.000000000000000000 ) ) ;
#4434 = DIRECTION ( 'NONE',  ( 1.000000000000000000, 0.000000000000000000, -0.000000000000000000 ) ) ;
#4435 = DIRECTION ( 'NONE',  ( 0.000000000000000000, 1.733406087350420004E-16, -1.000000000000000000 ) ) ;
#4436 = EDGE_CURVE ( 'NONE', #2769, #3305, #2237, .T. ) ;
#4437 = EDGE_CURVE ( 'NONE', #2148, #3090, #6277, .T. ) ;
#4438 =( REPRESENTATION_RELATIONSHIP ('NONE','NONE', #3318, #5372 ) REPRESENTATION_RELATIONSHIP_WITH_TRANSFORMATION ( #7110 )SHAPE_REPRESENTATION_RELATIONSHIP( ) );
#4439 = DIRECTION ( 'NONE',  ( -1.000000000000000000, -0.000000000000000000, -0.000000000000000000 ) ) ;
#4440 = ORIENTED_EDGE ( 'NONE', *, *, #2880, .T. ) ;
#4441 = CARTESIAN_POINT ( 'NONE',  ( 0.1961031209927693864, -3.200400000000000134, 0.2032000000000001583 ) ) ;
#4442 = DIRECTION ( 'NONE',  ( -0.5773502691896268413, 0.5773502691896246208, -0.5773502691896256200 ) ) ;
#4443 = CARTESIAN_POINT ( 'NONE',  ( -14.35099999999999554, 7.239000000000000767, -0.3810000000000040021 ) ) ;
#4444 = CARTESIAN_POINT ( 'NONE',  ( 2.540000000000002256, 0.5080000000000002292, -0.7528818102449945648 ) ) ;
#4445 = EDGE_CURVE ( 'NONE', #269, #6877, #1639, .T. ) ;
#4446 = CARTESIAN_POINT ( 'NONE',  ( 2.540000000000002256, 0.5080000000000000071, 0.7528818102449925664 ) ) ;
#4447 = ADVANCED_FACE ( 'NONE', ( #4605 ), #1674, .F. ) ;
#4448 = ORIENTED_EDGE ( 'NONE', *, *, #6373, .T. ) ;
#4449 = CARTESIAN_POINT ( 'NONE',  ( 1.734723475976807094E-15, 8.509000000000000341, -1.270000000000001128 ) ) ;
#4450 = EDGE_CURVE ( 'NONE', #7181, #2983, #1069, .T. ) ;
#4451 = EDGE_LOOP ( 'NONE', ( #3472, #2045, #4146, #2916 ) ) ;
#4452 = EDGE_LOOP ( 'NONE', ( #4978, #1438, #964, #2945 ) ) ;
#4453 = ORIENTED_EDGE ( 'NONE', *, *, #1393, .T. ) ;
#4454 = FACE_OUTER_BOUND ( 'NONE', #5463, .T. ) ;
#4455 = DIRECTION ( 'NONE',  ( 0.000000000000000000, 0.000000000000000000, 1.000000000000000000 ) ) ;
#4456 = PLANE ( 'NONE',  #3746 ) ;
#4457 = SURFACE_STYLE_USAGE ( .BOTH. , #3212 ) ;
#4458 = DIRECTION ( 'NONE',  ( 0.000000000000000000, -0.7071067811865483499, 0.7071067811865466846 ) ) ;
#4459 = ORIENTED_EDGE ( 'NONE', *, *, #6602, .T. ) ;
#4460 = ORIENTED_EDGE ( 'NONE', *, *, #304, .T. ) ;
#4461 = ORIENTED_EDGE ( 'NONE', *, *, #1641, .T. ) ;
#4462 = CARTESIAN_POINT ( 'NONE',  ( -4.190999999999995396, 7.239000000000000767, -0.3810000000000040021 ) ) ;
#4463 = LINE ( 'NONE', #6208, #2743 ) ;
#4464 = AXIS2_PLACEMENT_3D ( 'NONE', #4082, #760, #4189 ) ;
#4465 = VECTOR ( 'NONE', #217, 1000.000000000000000 ) ;
#4466 = EDGE_LOOP ( 'NONE', ( #307, #5874, #5882, #6227 ) ) ;
#4467 = DIRECTION ( 'NONE',  ( 0.000000000000000000, -1.440069553722777130E-16, 1.000000000000000000 ) ) ;
#4468 = DIRECTION ( 'NONE',  ( 1.000000000000000000, 0.000000000000000000, 0.000000000000000000 ) ) ;
#4469 = FACE_OUTER_BOUND ( 'NONE', #6226, .T. ) ;
#4470 = VECTOR ( 'NONE', #339, 1000.000000000000000 ) ;
#4471 = AXIS2_PLACEMENT_3D ( 'NONE', #2988, #4238, #6396 ) ;
#4472 = LINE ( 'NONE', #6751, #1888 ) ;
#4473 = FACE_OUTER_BOUND ( 'NONE', #4079, .T. ) ;
#4474 = DIRECTION ( 'NONE',  ( 0.000000000000000000, 0.000000000000000000, 1.000000000000000000 ) ) ;
#4475 = AXIS2_PLACEMENT_3D ( 'NONE', #2843, #5101, #2770 ) ;
#4476 = PRESENTATION_LAYER_ASSIGNMENT (  '', '', ( #5190 ) ) ;
#4477 = ADVANCED_FACE ( 'NONE', ( #1599 ), #6853, .F. ) ;
#4478 = VERTEX_POINT ( 'NONE', #6207 ) ;
#4479 = EDGE_CURVE ( 'NONE', #4114, #6447, #1032, .T. ) ;
#4480 = LINE ( 'NONE', #2747, #2314 ) ;
#4481 = CARTESIAN_POINT ( 'NONE',  ( 5.080000000000002736, 2.177422008883992879E-16, -0.8890000000000013447 ) ) ;
#4482 = DIRECTION ( 'NONE',  ( -0.000000000000000000, -0.7071067811865482389, -0.7071067811865467956 ) ) ;
#4483 = LINE ( 'NONE', #1613, #1105 ) ;
#4484 = STYLED_ITEM ( 'NONE', ( #5608 ), #6319 ) ;
#4485 = CARTESIAN_POINT ( 'NONE',  ( 5.524500000000001521, 8.509000000000000341, -0.8255000000000067839 ) ) ;
#4486 = ORIENTED_EDGE ( 'NONE', *, *, #2483, .T. ) ;
#4487 = CARTESIAN_POINT ( 'NONE',  ( 14.35100000000000620, 8.064499999999998892, 0.3809999999999947873 ) ) ;
#4488 = ORIENTED_EDGE ( 'NONE', *, *, #6862, .T. ) ;
#4489 = ORIENTED_EDGE ( 'NONE', *, *, #4829, .F. ) ;
#4490 = ORIENTED_EDGE ( 'NONE', *, *, #4503, .F. ) ;
#4491 = ADVANCED_FACE ( 'NONE', ( #5712 ), #2271, .F. ) ;
#4492 = EDGE_CURVE ( 'NONE', #3372, #6990, #4674, .T. ) ;
#4493 = DIRECTION ( 'NONE',  ( -0.000000000000000000, 0.2588190451025140781, 0.9659258262890700886 ) ) ;
#4494 = LINE ( 'NONE', #2864, #1696 ) ;
#4495 = CARTESIAN_POINT ( 'NONE',  ( 10.16000000000000369, 0.5080000000000002292, -0.7528818102449945648 ) ) ;
#4496 = DIRECTION ( 'NONE',  ( -1.000000000000000000, -0.000000000000000000, -0.000000000000000000 ) ) ;
#4497 = CARTESIAN_POINT ( 'NONE',  ( -5.079999999999997407, 2.177422008883992879E-16, -0.8890000000000013447 ) ) ;
#4498 = VECTOR ( 'NONE', #1244, 1000.000000000000000 ) ;
#4499 = EDGE_LOOP ( 'NONE', ( #6903, #1318, #4412, #7044 ) ) ;
#4500 = ORIENTED_EDGE ( 'NONE', *, *, #5481, .T. ) ;
#4501 = ORIENTED_EDGE ( 'NONE', *, *, #2168, .F. ) ;
#4502 = ORIENTED_EDGE ( 'NONE', *, *, #5072, .F. ) ;
#4503 = EDGE_CURVE ( 'NONE', #3299, #3019, #3058, .T. ) ;
#4504 = CARTESIAN_POINT ( 'NONE',  ( 11.04900000000000659, 7.239000000000000767, 0.3809999999999947873 ) ) ;
#4505 = DIRECTION ( 'NONE',  ( 0.000000000000000000, 0.000000000000000000, -1.000000000000000000 ) ) ;
#4506 = DIRECTION ( 'NONE',  ( -1.000000000000000000, -0.000000000000000000, -0.000000000000000000 ) ) ;
#4507 = DIRECTION ( 'NONE',  ( 0.000000000000000000, 5.054934237236841843E-31, 1.000000000000000000 ) ) ;
#4508 = CARTESIAN_POINT ( 'NONE',  ( 13.58900000000000752, 8.064499999999998892, 0.3809999999999947873 ) ) ;
#4509 =( GEOMETRIC_REPRESENTATION_CONTEXT ( 3 ) GLOBAL_UNCERTAINTY_ASSIGNED_CONTEXT ( ( #717 ) ) GLOBAL_UNIT_ASSIGNED_CONTEXT ( ( #7043, #2926, #102 ) ) REPRESENTATION_CONTEXT ( 'NONE', 'WORKASPACE' ) );
#4510 = LINE ( 'NONE', #5561, #5625 ) ;
#4511 = VERTEX_POINT ( 'NONE', #654 ) ;
#4512 = VERTEX_POINT ( 'NONE', #2486 ) ;
#4513 = SURFACE_STYLE_FILL_AREA ( #2214 ) ;
#4514 = CARTESIAN_POINT ( 'NONE',  ( 0.8890000000000043423, 7.239000000000000767, 0.3809999999999947873 ) ) ;
#4515 = CARTESIAN_POINT ( 'NONE',  ( -1.650999999999994472, 7.239000000000000767, 0.3809999999999947873 ) ) ;
#4516 = LINE ( 'NONE', #3775, #7250 ) ;
#4517 = DIRECTION ( 'NONE',  ( -1.000000000000000000, -0.000000000000000000, -0.000000000000000000 ) ) ;
#4518 = EDGE_CURVE ( 'NONE', #1175, #4812, #718, .T. ) ;
#4519 = ORIENTED_EDGE ( 'NONE', *, *, #1867, .T. ) ;
#4520 = LINE ( 'NONE', #1801, #2696 ) ;
#4521 = EDGE_CURVE ( 'NONE', #461, #3022, #4741, .T. ) ;
#4522 = ORIENTED_EDGE ( 'NONE', *, *, #5536, .T. ) ;
#4523 = ORIENTED_EDGE ( 'NONE', *, *, #4574, .T. ) ;
#4524 = ORIENTED_EDGE ( 'NONE', *, *, #6416, .F. ) ;
#4525 = DIRECTION ( 'NONE',  ( 0.000000000000000000, 0.000000000000000000, -1.000000000000000000 ) ) ;
#4526 = LINE ( 'NONE', #3941, #4896 ) ;
#4527 = CARTESIAN_POINT ( 'NONE',  ( -4.190999999999995396, 8.064499999999998892, -0.3810000000000038356 ) ) ;
#4528 = DIRECTION ( 'NONE',  ( 0.000000000000000000, -1.000000000000000000, 0.000000000000000000 ) ) ;
#4529 = ADVANCED_FACE ( 'NONE', ( #4779 ), #1214, .F. ) ;
#4530 = ORIENTED_EDGE ( 'NONE', *, *, #1761, .F. ) ;
#4531 = ADVANCED_FACE ( 'NONE', ( #5928 ), #5276, .T. ) ;
#4532 = VERTEX_POINT ( 'NONE', #7030 ) ;
#4533 = ORIENTED_EDGE ( 'NONE', *, *, #7196, .T. ) ;
#4534 = ORIENTED_EDGE ( 'NONE', *, *, #1402, .T. ) ;
#4535 = CARTESIAN_POINT ( 'NONE',  ( -2.539999999999996927, 2.177422008883992879E-16, -0.8890000000000013447 ) ) ;
#4536 = CARTESIAN_POINT ( 'NONE',  ( -12.69999999999999751, 2.177422008883992879E-16, -0.8890000000000013447 ) ) ;
#4537 = VECTOR ( 'NONE', #2169, 1000.000000000000000 ) ;
#4538 = ADVANCED_FACE ( 'NONE', ( #5316 ), #233, .F. ) ;
#4539 = EDGE_CURVE ( 'NONE', #2804, #2520, #5241, .T. ) ;
#4540 = COLOUR_RGB ( '',0.2509803921568627416, 0.2509803921568627416, 0.2509803921568627416 ) ;
#4541 = CARTESIAN_POINT ( 'NONE',  ( -2.539999999999996927, 0.5080000000000000071, 0.7528818102449925664 ) ) ;
#4542 = LINE ( 'NONE', #5063, #850 ) ;
#4543 = CARTESIAN_POINT ( 'NONE',  ( -7.619999999999998330, 0.000000000000000000, 1.269999999999998908 ) ) ;
#4544 = SURFACE_STYLE_USAGE ( .BOTH. , #6398 ) ;
#4545 = FACE_OUTER_BOUND ( 'NONE', #6567, .T. ) ;
#4546 = VECTOR ( 'NONE', #3475, 1000.000000000000000 ) ;
#4547 = ORIENTED_EDGE ( 'NONE', *, *, #3759, .F. ) ;
#4548 = LINE ( 'NONE', #6332, #1715 ) ;
#4549 = CARTESIAN_POINT ( 'NONE',  ( 2.540000000000002256, 0.5080000000000000071, 0.7528818102449925664 ) ) ;
#4550 = LINE ( 'NONE', #2967, #5361 ) ;
#4551 = LINE ( 'NONE', #6259, #138 ) ;
#4552 = ORIENTED_EDGE ( 'NONE', *, *, #80, .T. ) ;
#4553 = LINE ( 'NONE', #6371, #653 ) ;
#4554 = ORIENTED_EDGE ( 'NONE', *, *, #933, .T. ) ;
#4555 = ORIENTED_EDGE ( 'NONE', *, *, #932, .T. ) ;
#4556 = ORIENTED_EDGE ( 'NONE', *, *, #146, .F. ) ;
#4557 = ADVANCED_FACE ( 'NONE', ( #7100 ), #1927, .F. ) ;
#4558 = DIRECTION ( 'NONE',  ( 0.000000000000000000, 1.000000000000000000, -5.054934237236841843E-31 ) ) ;
#4559 = EDGE_CURVE ( 'NONE', #1701, #905, #1364, .T. ) ;
#4560 = LINE ( 'NONE', #7435, #915 ) ;
#4561 = DIRECTION ( 'NONE',  ( 1.000000000000000000, 0.000000000000000000, 0.000000000000000000 ) ) ;
#4562 = CARTESIAN_POINT ( 'NONE',  ( -5.079999999999997407, 0.5080000000000000071, 0.7528818102449925664 ) ) ;
#4563 = VERTEX_POINT ( 'NONE', #123 ) ;
#4564 = ORIENTED_EDGE ( 'NONE', *, *, #6435, .T. ) ;
#4565 = VERTEX_POINT ( 'NONE', #3521 ) ;
#4566 = VERTEX_POINT ( 'NONE', #2374 ) ;
#4567 = EDGE_CURVE ( 'NONE', #989, #4512, #2409, .T. ) ;
#4568 = EDGE_CURVE ( 'NONE', #2556, #3324, #792, .T. ) ;
#4569 = CARTESIAN_POINT ( 'NONE',  ( 15.49399999999999977, 3.110602869834277161E-16, -1.270000000000001128 ) ) ;
#4570 = DIRECTION ( 'NONE',  ( 0.000000000000000000, -2.449293598294710852E-16, 1.000000000000000000 ) ) ;
#4571 = CARTESIAN_POINT ( 'NONE',  ( -4.190999999999995396, 7.239000000000000767, 0.3809999999999947873 ) ) ;
#4572 = CARTESIAN_POINT ( 'NONE',  ( 11.04900000000000659, 7.239000000000000767, 0.3809999999999947873 ) ) ;
#4573 = ADVANCED_FACE ( 'NONE', ( #1857 ), #4118, .F. ) ;
#4574 = EDGE_CURVE ( 'NONE', #6329, #6714, #6423, .T. ) ;
#4575 = DIRECTION ( 'NONE',  ( 0.000000000000000000, -0.9659258262890700886, 0.2588190451025140781 ) ) ;
#4576 = CARTESIAN_POINT ( 'NONE',  ( -12.69999999999999751, 3.110602869834277161E-16, -1.270000000000001128 ) ) ;
#4577 = STYLED_ITEM ( 'NONE', ( #33 ), #4177 ) ;
#4578 = CARTESIAN_POINT ( 'NONE',  ( 0.8890000000000043423, 7.239000000000000767, 0.3809999999999947873 ) ) ;
#4579 = AXIS2_PLACEMENT_3D ( 'NONE', #1046, #3772, #5527 ) ;
#4580 = VERTEX_POINT ( 'NONE', #3017 ) ;
#4581 = AXIS2_PLACEMENT_3D ( 'NONE', #2001, #907, #6572 ) ;
#4582 = VECTOR ( 'NONE', #888, 1000.000000000000114 ) ;
#4583 = EDGE_CURVE ( 'NONE', #609, #1237, #4150, .T. ) ;
#4584 = LINE ( 'NONE', #667, #2919 ) ;
#4585 = FACE_OUTER_BOUND ( 'NONE', #4994, .T. ) ;
#4586 = LINE ( 'NONE', #6943, #4748 ) ;
#4587 = FACE_OUTER_BOUND ( 'NONE', #137, .T. ) ;
#4588 = AXIS2_PLACEMENT_3D ( 'NONE', #2591, #6562, #900 ) ;
#4589 = EDGE_LOOP ( 'NONE', ( #2268, #5153, #4728, #1684 ) ) ;
#4590 = EDGE_LOOP ( 'NONE', ( #2835, #1265, #3782, #2085 ) ) ;
#4591 = DIRECTION ( 'NONE',  ( 0.000000000000000000, 0.000000000000000000, 1.000000000000000000 ) ) ;
#4592 = FACE_OUTER_BOUND ( 'NONE', #2511, .T. ) ;
#4593 = VECTOR ( 'NONE', #3601, 1000.000000000000000 ) ;
#4594 = LINE ( 'NONE', #2260, #6164 ) ;
#4595 = DIRECTION ( 'NONE',  ( 0.000000000000000000, 0.9659258262890700886, -0.2588190451025140781 ) ) ;
#4596 = DIRECTION ( 'NONE',  ( 0.000000000000000000, 0.000000000000000000, 1.000000000000000000 ) ) ;
#4597 = CARTESIAN_POINT ( 'NONE',  ( 0.3810000000000000053, 0.5079999999999997851, 0.2032000000000010465 ) ) ;
#4598 = ORIENTED_EDGE ( 'NONE', *, *, #5728, .T. ) ;
#4599 = DIRECTION ( 'NONE',  ( 1.000000000000000000, 0.000000000000000000, 0.000000000000000000 ) ) ;
#4600 = ORIENTED_EDGE ( 'NONE', *, *, #4627, .F. ) ;
#4601 = VECTOR ( 'NONE', #1953, 1000.000000000000000 ) ;
#4602 = ORIENTED_EDGE ( 'NONE', *, *, #4156, .T. ) ;
#4603 = EDGE_LOOP ( 'NONE', ( #5319, #6317, #305, #3175 ) ) ;
#4604 = EDGE_LOOP ( 'NONE', ( #6739, #1210, #2994, #5957 ) ) ;
#4605 = FACE_OUTER_BOUND ( 'NONE', #7247, .T. ) ;
#4606 = COLOUR_RGB ( '',0.2509803921568627416, 0.2509803921568627416, 0.2509803921568627416 ) ;
#4607 = LINE ( 'NONE', #4536, #1534 ) ;
#4608 = DIRECTION ( 'NONE',  ( 0.000000000000000000, -1.000000000000000000, -2.548365665731588345E-16 ) ) ;
#4609 = EDGE_CURVE ( 'NONE', #1291, #2453, #6462, .T. ) ;
#4610 = EDGE_CURVE ( 'NONE', #1577, #12, #1511, .T. ) ;
#4611 = VECTOR ( 'NONE', #2684, 1000.000000000000000 ) ;
#4612 = CARTESIAN_POINT ( 'NONE',  ( 7.620000000000003659, 8.509000000000000341, 1.270000000000001128 ) ) ;
#4613 = CARTESIAN_POINT ( 'NONE',  ( 2.540000000000002256, 0.000000000000000000, 1.269999999999998908 ) ) ;
#4614 = CARTESIAN_POINT ( 'NONE',  ( -1.650999999999994472, 7.239000000000000767, -0.3810000000000040021 ) ) ;
#4615 = SURFACE_SIDE_STYLE ('',( #5105 ) ) ;
#4616 = LINE ( 'NONE', #6327, #6837 ) ;
#4617 = EDGE_CURVE ( 'NONE', #6264, #3819, #4382, .T. ) ;
#4618 = EDGE_CURVE ( 'NONE', #5616, #461, #3706, .T. ) ;
#4619 = ORIENTED_EDGE ( 'NONE', *, *, #2406, .F. ) ;
#4620 = EDGE_CURVE ( 'NONE', #7445, #4799, #2077, .T. ) ;
#4621 = AXIS2_PLACEMENT_3D ( 'NONE', #4756, #3644, #6013 ) ;
#4622 = DIRECTION ( 'NONE',  ( 0.5773502691896268413, 0.5773502691896246208, -0.5773502691896256200 ) ) ;
#4623 = CARTESIAN_POINT ( 'NONE',  ( 10.16000000000000369, 0.000000000000000000, 1.269999999999998908 ) ) ;
#4624 = LINE ( 'NONE', #5224, #3940 ) ;
#4625 = CLOSED_SHELL ( 'NONE', ( #4247, #5592, #2694, #4930, #169, #6429, #2911, #5440 ) ) ;
#4626 = ORIENTED_EDGE ( 'NONE', *, *, #5297, .F. ) ;
#4627 = EDGE_CURVE ( 'NONE', #2148, #1862, #6038, .T. ) ;
#4628 = VECTOR ( 'NONE', #3723, 1000.000000000000000 ) ;
#4629 = ORIENTED_EDGE ( 'NONE', *, *, #4062, .F. ) ;
#4630 = DIRECTION ( 'NONE',  ( 0.000000000000000000, 1.000000000000000000, 1.440069553722777377E-16 ) ) ;
#4631 = CARTESIAN_POINT ( 'NONE',  ( 5.080000000000002736, 3.110602869834277161E-16, -1.270000000000001128 ) ) ;
#4632 = LINE ( 'NONE', #6235, #6712 ) ;
#4633 = LINE ( 'NONE', #6920, #2899 ) ;
#4634 = ORIENTED_EDGE ( 'NONE', *, *, #3984, .F. ) ;
#4635 = DIRECTION ( 'NONE',  ( 0.000000000000000000, -1.000000000000000000, -2.338910953479677683E-16 ) ) ;
#4636 = VERTEX_POINT ( 'NONE', #6688 ) ;
#4637 = ORIENTED_EDGE ( 'NONE', *, *, #4492, .T. ) ;
#4638 = EDGE_LOOP ( 'NONE', ( #567, #4448, #6836, #5095, #3783, #5933, #1508, #4977 ) ) ;
#4639 = CARTESIAN_POINT ( 'NONE',  ( -13.58899999999999686, 8.064499999999998892, 0.3809999999999949538 ) ) ;
#4640 = FACE_OUTER_BOUND ( 'NONE', #6961, .T. ) ;
#4641 = CARTESIAN_POINT ( 'NONE',  ( -15.23999999999999844, -1.925929944387235853E-31, 0.8889999999999991243 ) ) ;
#4642 = ORIENTED_EDGE ( 'NONE', *, *, #5849, .T. ) ;
#4643 = DIRECTION ( 'NONE',  ( 0.000000000000000000, -0.9659258262890700886, 0.2588190451025140781 ) ) ;
#4644 = VECTOR ( 'NONE', #1153, 1000.000000000000000 ) ;
#4645 = CARTESIAN_POINT ( 'NONE',  ( -7.619999999999997442, 3.110602869834277161E-16, -1.270000000000001128 ) ) ;
#4646 = DIRECTION ( 'NONE',  ( 0.000000000000000000, -1.000000000000000000, -1.733406087350420004E-16 ) ) ;
#4647 = EDGE_CURVE ( 'NONE', #503, #1089, #7292, .T. ) ;
#4648 = CARTESIAN_POINT ( 'NONE',  ( 10.16000000000000369, 3.110602869834277161E-16, -1.270000000000001128 ) ) ;
#4649 = CARTESIAN_POINT ( 'NONE',  ( -15.49399999999999977, -1.925929944387235853E-31, 0.8889999999999991243 ) ) ;
#4650 = CARTESIAN_POINT ( 'NONE',  ( -1.269999999999995133, 0.000000000000000000, 0.000000000000000000 ) ) ;
#4651 = ORIENTED_EDGE ( 'NONE', *, *, #6088, .F. ) ;
#4652 = AXIS2_PLACEMENT_3D ( 'NONE', #4853, #3170, #271 ) ;
#4653 = VECTOR ( 'NONE', #3458, 1000.000000000000000 ) ;
#4654 = EDGE_CURVE ( 'NONE', #1171, #6500, #6003, .T. ) ;
#4655 = CARTESIAN_POINT ( 'NONE',  ( -7.619999999999997442, 3.110602869834277161E-16, -1.270000000000001128 ) ) ;
#4656 = CARTESIAN_POINT ( 'NONE',  ( 3.937000000000002942, 7.810499999999999332, -0.1270000000000042206 ) ) ;
#4657 = EDGE_CURVE ( 'NONE', #5128, #5805, #6732, .T. ) ;
#4658 = DIRECTION ( 'NONE',  ( 0.000000000000000000, 0.9659258262890700886, -0.2588190451025140781 ) ) ;
#4659 = PLANE ( 'NONE',  #2412 ) ;
#4660 = VECTOR ( 'NONE', #3707, 1000.000000000000000 ) ;
#4661 = DIRECTION ( 'NONE',  ( 0.000000000000000000, -1.000000000000000000, -2.548365665731588345E-16 ) ) ;
#4662 = ORIENTED_EDGE ( 'NONE', *, *, #5729, .F. ) ;
#4663 = ORIENTED_EDGE ( 'NONE', *, *, #7025, .F. ) ;
#4664 = DIRECTION ( 'NONE',  ( 0.000000000000000000, 1.733406087350420004E-16, -1.000000000000000000 ) ) ;
#4665 = LINE ( 'NONE', #1693, #5259 ) ;
#4666 = EDGE_CURVE ( 'NONE', #5705, #3592, #3128, .T. ) ;
#4667 = DIRECTION ( 'NONE',  ( 1.000000000000000000, 0.000000000000000000, 0.000000000000000000 ) ) ;
#4668 = DIRECTION ( 'NONE',  ( -0.000000000000000000, 1.000000000000000000, 2.449293598294710852E-16 ) ) ;
#4669 = VERTEX_POINT ( 'NONE', #6607 ) ;
#4670 = LINE ( 'NONE', #4700, #7390 ) ;
#4671 = ORIENTED_EDGE ( 'NONE', *, *, #2323, .T. ) ;
#4672 = ORIENTED_EDGE ( 'NONE', *, *, #5548, .T. ) ;
#4673 = ORIENTED_EDGE ( 'NONE', *, *, #3897, .F. ) ;
#4674 = LINE ( 'NONE', #1251, #2528 ) ;
#4675 = DIRECTION ( 'NONE',  ( 1.000000000000000000, 0.000000000000000000, -0.000000000000000000 ) ) ;
#4676 = LINE ( 'NONE', #6929, #2204 ) ;
#4677 = ORIENTED_EDGE ( 'NONE', *, *, #1722, .F. ) ;
#4678 = CARTESIAN_POINT ( 'NONE',  ( -2.539999999999996927, 8.509000000000000341, 0.8254999999999981242 ) ) ;
#4679 = LINE ( 'NONE', #7002, #3632 ) ;
#4680 = DIRECTION ( 'NONE',  ( 0.000000000000000000, 0.9659258262890699775, 0.2588190451025145222 ) ) ;
#4681 = PRESENTATION_STYLE_ASSIGNMENT (( #3535 ) ) ;
#4682 = VERTEX_POINT ( 'NONE', #7176 ) ;
#4683 = CARTESIAN_POINT ( 'NONE',  ( -10.15999999999999837, 3.110602869834277161E-16, -1.270000000000001128 ) ) ;
#4684 = CARTESIAN_POINT ( 'NONE',  ( -5.079999999999997407, -1.925929944387235853E-31, 0.8889999999999991243 ) ) ;
#4685 = VECTOR ( 'NONE', #574, 1000.000000000000000 ) ;
#4686 = CARTESIAN_POINT ( 'NONE',  ( -2.539999999999996927, 0.5080000000000002292, -0.7528818102449945648 ) ) ;
#4687 = ORIENTED_EDGE ( 'NONE', *, *, #3670, .F. ) ;
#4688 = ADVANCED_FACE ( 'NONE', ( #2639 ), #3211, .F. ) ;
#4689 = AXIS2_PLACEMENT_3D ( 'NONE', #5544, #871, #3172 ) ;
#4690 = VECTOR ( 'NONE', #2715, 1000.000000000000000 ) ;
#4691 = EDGE_CURVE ( 'NONE', #6372, #5420, #5426, .T. ) ;
#4692 = ORIENTED_EDGE ( 'NONE', *, *, #1177, .F. ) ;
#4693 = PLANE ( 'NONE',  #3892 ) ;
#4694 = PLANE ( 'NONE',  #3626 ) ;
#4695 = VECTOR ( 'NONE', #488, 1000.000000000000000 ) ;
#4696 = VECTOR ( 'NONE', #5293, 1000.000000000000000 ) ;
#4697 = CARTESIAN_POINT ( 'NONE',  ( -2.539999999999996927, -1.925929944387235853E-31, 0.8889999999999991243 ) ) ;
#4698 = FACE_OUTER_BOUND ( 'NONE', #4499, .T. ) ;
#4699 = ORIENTED_EDGE ( 'NONE', *, *, #835, .F. ) ;
#4700 = CARTESIAN_POINT ( 'NONE',  ( -7.619999999999997442, 0.000000000000000000, 1.269999999999998908 ) ) ;
#4701 = ORIENTED_EDGE ( 'NONE', *, *, #4267, .T. ) ;
#4702 = ADVANCED_FACE ( 'NONE', ( #1431 ), #946, .F. ) ;
#4703 = VERTEX_POINT ( 'NONE', #4924 ) ;
#4704 = ADVANCED_FACE ( 'NONE', ( #6154 ), #6119, .F. ) ;
#4705 = EDGE_CURVE ( 'NONE', #6304, #5428, #4307, .T. ) ;
#4706 = ORIENTED_EDGE ( 'NONE', *, *, #6427, .F. ) ;
#4707 = VECTOR ( 'NONE', #3924, 1000.000000000000114 ) ;
#4708 = VECTOR ( 'NONE', #6252, 1000.000000000000000 ) ;
#4709 = CARTESIAN_POINT ( 'NONE',  ( 14.35100000000000620, 8.064499999999998892, 0.3809999999999947873 ) ) ;
#4710 = CARTESIAN_POINT ( 'NONE',  ( -12.69999999999999751, 0.5080000000000000071, 0.7528818102449925664 ) ) ;
#4711 = CARTESIAN_POINT ( 'NONE',  ( 2.540000000000002256, 8.509000000000000341, 1.270000000000001128 ) ) ;
#4712 = VECTOR ( 'NONE', #5950, 1000.000000000000000 ) ;
#4713 = ORIENTED_EDGE ( 'NONE', *, *, #5263, .T. ) ;
#4714 = AXIS2_PLACEMENT_3D ( 'NONE', #2489, #6574, #6040 ) ;
#4715 = CARTESIAN_POINT ( 'NONE',  ( 5.524500000000001521, 8.509000000000000341, -1.270000000000001128 ) ) ;
#4716 = CARTESIAN_POINT ( 'NONE',  ( 12.70000000000000462, 3.110602869834277161E-16, -1.270000000000001128 ) ) ;
#4717 = DIRECTION ( 'NONE',  ( 0.000000000000000000, 0.000000000000000000, 1.000000000000000000 ) ) ;
#4718 = ITEM_DEFINED_TRANSFORMATION ( 'NONE', 'NONE', #2445,  #765 ) ;
#4719 = CARTESIAN_POINT ( 'NONE',  ( -7.619999999999997442, 2.177422008883992879E-16, -0.8890000000000013447 ) ) ;
#4720 = VECTOR ( 'NONE', #5769, 1000.000000000000000 ) ;
#4721 = ORIENTED_EDGE ( 'NONE', *, *, #921, .F. ) ;
#4722 = CARTESIAN_POINT ( 'NONE',  ( -0.3810000000000000053, 0.000000000000000000, 0.000000000000000000 ) ) ;
#4723 = CARTESIAN_POINT ( 'NONE',  ( 15.24000000000000554, 8.509000000000000341, -1.270000000000001128 ) ) ;
#4724 = LINE ( 'NONE', #2579, #919 ) ;
#4725 = DIRECTION ( 'NONE',  ( 0.000000000000000000, -1.440069553722777130E-16, 1.000000000000000000 ) ) ;
#4726 = ORIENTED_EDGE ( 'NONE', *, *, #2599, .T. ) ;
#4727 = AXIS2_PLACEMENT_3D ( 'NONE', #6937, #4129, #5858 ) ;
#4728 = ORIENTED_EDGE ( 'NONE', *, *, #2960, .F. ) ;
#4729 = DIRECTION ( 'NONE',  ( -1.000000000000000000, 0.000000000000000000, 0.000000000000000000 ) ) ;
#4730 = LINE ( 'NONE', #7090, #4809 ) ;
#4731 = ADVANCED_FACE ( 'NONE', ( #534 ), #5831, .F. ) ;
#4732 = DIRECTION ( 'NONE',  ( 0.5773502691896267303, -0.5773502691896247319, -0.5773502691896258421 ) ) ;
#4733 = ADVANCED_FACE ( 'NONE', ( #272 ), #4892, .F. ) ;
#4734 = DIRECTION ( 'NONE',  ( -0.000000000000000000, -0.7071067811865482389, -0.7071067811865467956 ) ) ;
#4735 = ORIENTED_EDGE ( 'NONE', *, *, #5692, .F. ) ;
#4736 = DIRECTION ( 'NONE',  ( 0.000000000000000000, 1.000000000000000000, 1.733406087350420004E-16 ) ) ;
#4737 = EDGE_LOOP ( 'NONE', ( #4530, #357, #4387, #483 ) ) ;
#4738 = ORIENTED_EDGE ( 'NONE', *, *, #876, .T. ) ;
#4739 = ORIENTED_EDGE ( 'NONE', *, *, #5777, .F. ) ;
#4740 = CARTESIAN_POINT ( 'NONE',  ( 7.620000000000003659, 0.5080000000000002292, -0.7528818102449945648 ) ) ;
#4741 = LINE ( 'NONE', #2947, #5295 ) ;
#4742 = EDGE_CURVE ( 'NONE', #6065, #5373, #985, .T. ) ;
#4743 = DIRECTION ( 'NONE',  ( 0.000000000000000000, 0.000000000000000000, 1.000000000000000000 ) ) ;
#4744 = EDGE_CURVE ( 'NONE', #316, #342, #1474, .T. ) ;
#4745 = DIRECTION ( 'NONE',  ( 0.000000000000000000, 0.000000000000000000, 1.000000000000000000 ) ) ;
#4746 = EDGE_CURVE ( 'NONE', #4164, #6264, #5158, .T. ) ;
#4747 = EDGE_LOOP ( 'NONE', ( #5738, #2907, #6041, #160 ) ) ;
#4748 = VECTOR ( 'NONE', #4658, 1000.000000000000114 ) ;
#4749 = ORIENTED_EDGE ( 'NONE', *, *, #5343, .F. ) ;
#4750 = DIRECTION ( 'NONE',  ( 0.000000000000000000, -2.449293598294710852E-16, 1.000000000000000000 ) ) ;
#4751 = LINE ( 'NONE', #7075, #4228 ) ;
#4752 = LINE ( 'NONE', #5360, #5493 ) ;
#4753 = ADVANCED_FACE ( 'NONE', ( #2716 ), #4456, .F. ) ;
#4754 = ADVANCED_FACE ( 'NONE', ( #6234, #1021 ), #3365, .F. ) ;
#4755 = CARTESIAN_POINT ( 'NONE',  ( 0.8890000000000043423, 7.239000000000000767, 0.3809999999999947873 ) ) ;
#4756 = CARTESIAN_POINT ( 'NONE',  ( 11.43000000000000682, 0.000000000000000000, 0.000000000000000000 ) ) ;
#4757 = ORIENTED_EDGE ( 'NONE', *, *, #1440, .T. ) ;
#4758 = VECTOR ( 'NONE', #7092, 1000.000000000000000 ) ;
#4759 = LINE ( 'NONE', #177, #512 ) ;
#4760 = PLANE ( 'NONE',  #2296 ) ;
#4761 = FACE_OUTER_BOUND ( 'NONE', #1980, .T. ) ;
#4762 = DIRECTION ( 'NONE',  ( 0.000000000000000000, 0.2588190451025140781, 0.9659258262890700886 ) ) ;
#4763 = VECTOR ( 'NONE', #5856, 1000.000000000000000 ) ;
#4764 = EDGE_LOOP ( 'NONE', ( #6554, #1987, #6351, #2687 ) ) ;
#4765 = ORIENTED_EDGE ( 'NONE', *, *, #4067, .F. ) ;
#4766 = AXIS2_PLACEMENT_3D ( 'NONE', #2841, #3374, #7411 ) ;
#4767 = DIRECTION ( 'NONE',  ( -1.000000000000000000, 0.000000000000000000, -0.000000000000000000 ) ) ;
#4768 = DIRECTION ( 'NONE',  ( 0.000000000000000000, 0.000000000000000000, 1.000000000000000000 ) ) ;
#4769 = PLANE ( 'NONE',  #5237 ) ;
#4770 = LINE ( 'NONE', #1312, #7067 ) ;
#4771 = LINE ( 'NONE', #1919, #3637 ) ;
#4772 = EDGE_LOOP ( 'NONE', ( #3362, #3166, #4044, #1850 ) ) ;
#4773 = CARTESIAN_POINT ( 'NONE',  ( -5.079999999999997407, 8.509000000000000341, -1.270000000000001128 ) ) ;
#4774 = ORIENTED_EDGE ( 'NONE', *, *, #735, .T. ) ;
#4775 = ORIENTED_EDGE ( 'NONE', *, *, #1130, .F. ) ;
#4776 = ORIENTED_EDGE ( 'NONE', *, *, #4287, .F. ) ;
#4777 = CARTESIAN_POINT ( 'NONE',  ( -12.69999999999999751, 0.5080000000000000071, 0.7528818102449925664 ) ) ;
#4778 = UNCERTAINTY_MEASURE_WITH_UNIT (LENGTH_MEASURE( 1.000000000000000082E-05 ), #6748, 'distance_accuracy_value', 'NONE');
#4779 = FACE_OUTER_BOUND ( 'NONE', #4737, .T. ) ;
#4780 = DIRECTION ( 'NONE',  ( -0.5773502691896268413, 0.5773502691896246208, -0.5773502691896256200 ) ) ;
#4781 = LINE ( 'NONE', #1435, #4019 ) ;
#4782 = ORIENTED_EDGE ( 'NONE', *, *, #5913, .T. ) ;
#4783 = EDGE_CURVE ( 'NONE', #342, #267, #2488, .T. ) ;
#4784 = ADVANCED_FACE ( 'NONE', ( #5846 ), #1860, .F. ) ;
#4785 = EDGE_LOOP ( 'NONE', ( #4642, #2141, #1854, #5294 ) ) ;
#4786 = CARTESIAN_POINT ( 'NONE',  ( -14.35099999999999554, 7.239000000000000767, 0.3809999999999947873 ) ) ;
#4787 = CARTESIAN_POINT ( 'NONE',  ( -11.81099999999999461, 7.239000000000000767, 0.3809999999999947873 ) ) ;
#4788 = LINE ( 'NONE', #3715, #7321 ) ;
#4789 = DIRECTION ( 'NONE',  ( -1.000000000000000000, -0.000000000000000000, -0.000000000000000000 ) ) ;
#4790 = DIRECTION ( 'NONE',  ( 0.000000000000000000, 0.000000000000000000, 1.000000000000000000 ) ) ;
#4791 = ORIENTED_EDGE ( 'NONE', *, *, #2815, .T. ) ;
#4792 = EDGE_CURVE ( 'NONE', #4339, #6684, #3213, .T. ) ;
#4793 = ADVANCED_FACE ( 'NONE', ( #6039, #4927 ), #2640, .F. ) ;
#4794 = EDGE_CURVE ( 'NONE', #438, #495, #4894, .T. ) ;
#4795 = CARTESIAN_POINT ( 'NONE',  ( -5.079999999999997407, 0.000000000000000000, 0.000000000000000000 ) ) ;
#4796 = LINE ( 'NONE', #4246, #2175 ) ;
#4797 = LINE ( 'NONE', #1947, #1649 ) ;
#4798 =( NAMED_UNIT ( * ) SI_UNIT ( $, .STERADIAN. ) SOLID_ANGLE_UNIT ( ) );
#4799 = VERTEX_POINT ( 'NONE', #2602 ) ;
#4800 = ORIENTED_EDGE ( 'NONE', *, *, #1116, .T. ) ;
#4801 = FACE_OUTER_BOUND ( 'NONE', #4210, .T. ) ;
#4802 = CARTESIAN_POINT ( 'NONE',  ( 7.620000000000003659, 8.509000000000000341, -1.270000000000001128 ) ) ;
#4803 = LINE ( 'NONE', #3774, #5606 ) ;
#4804 = CARTESIAN_POINT ( 'NONE',  ( -12.69999999999999751, 8.509000000000000341, -1.270000000000001128 ) ) ;
#4805 = CARTESIAN_POINT ( 'NONE',  ( 5.080000000000002736, 8.509000000000000341, 1.270000000000001128 ) ) ;
#4806 = EDGE_LOOP ( 'NONE', ( #1255, #6603, #5145, #2219 ) ) ;
#4807 = CARTESIAN_POINT ( 'NONE',  ( -2.539999999999996927, 3.110602869834277161E-16, -1.270000000000001128 ) ) ;
#4808 = VECTOR ( 'NONE', #2832, 1000.000000000000000 ) ;
#4809 = VECTOR ( 'NONE', #5877, 1000.000000000000227 ) ;
#4810 = VERTEX_POINT ( 'NONE', #5010 ) ;
#4811 = ORIENTED_EDGE ( 'NONE', *, *, #2097, .F. ) ;
#4812 = VERTEX_POINT ( 'NONE', #3252 ) ;
#4813 = DIRECTION ( 'NONE',  ( -1.000000000000000000, -0.000000000000000000, -0.000000000000000000 ) ) ;
#4814 = VECTOR ( 'NONE', #3965, 1000.000000000000000 ) ;
#4815 = VECTOR ( 'NONE', #6706, 1000.000000000000000 ) ;
#4816 = DIRECTION ( 'NONE',  ( -1.000000000000000000, -0.000000000000000000, -0.000000000000000000 ) ) ;
#4817 = DIRECTION ( 'NONE',  ( 0.000000000000000000, -2.449293598294710852E-16, 1.000000000000000000 ) ) ;
#4818 = CARTESIAN_POINT ( 'NONE',  ( 13.58900000000000752, 7.239000000000000767, -0.3810000000000040021 ) ) ;
#4819 = EDGE_LOOP ( 'NONE', ( #2302, #154, #5309, #6263 ) ) ;
#4820 = AXIS2_PLACEMENT_3D ( 'NONE', #5473, #317, #7148 ) ;
#4821 = EDGE_LOOP ( 'NONE', ( #646, #910, #4533, #4800, #687, #2201, #1137, #3325 ) ) ;
#4822 = VECTOR ( 'NONE', #3317, 1000.000000000000000 ) ;
#4823 = ORIENTED_EDGE ( 'NONE', *, *, #7121, .F. ) ;
#4824 = FACE_OUTER_BOUND ( 'NONE', #4966, .T. ) ;
#4825 = DIRECTION ( 'NONE',  ( 0.000000000000000000, 1.000000000000000000, 1.440069553722777377E-16 ) ) ;
#4826 = DIRECTION ( 'NONE',  ( 1.000000000000000000, 0.000000000000000000, 0.000000000000000000 ) ) ;
#4827 = AXIS2_PLACEMENT_3D ( 'NONE', #2996, #6551, #1376 ) ;
#4828 = DIRECTION ( 'NONE',  ( -1.000000000000000000, -0.000000000000000000, -0.000000000000000000 ) ) ;
#4829 = EDGE_CURVE ( 'NONE', #1101, #1176, #3292, .T. ) ;
#4830 = LINE ( 'NONE', #5895, #90 ) ;
#4831 = EDGE_CURVE ( 'NONE', #4799, #5518, #5585, .T. ) ;
#4832 = ORIENTED_EDGE ( 'NONE', *, *, #2485, .F. ) ;
#4833 = VECTOR ( 'NONE', #288, 1000.000000000000000 ) ;
#4834 = LINE ( 'NONE', #3719, #1594 ) ;
#4835 = CARTESIAN_POINT ( 'NONE',  ( -5.079999999999997407, -1.925929944387235853E-31, 0.8889999999999991243 ) ) ;
#4836 = DIRECTION ( 'NONE',  ( 0.000000000000000000, 1.000000000000000000, 2.548365665731588345E-16 ) ) ;
#4837 = VECTOR ( 'NONE', #4608, 1000.000000000000000 ) ;
#4838 = EDGE_CURVE ( 'NONE', #2677, #162, #6690, .T. ) ;
#4839 = ORIENTED_EDGE ( 'NONE', *, *, #4193, .T. ) ;
#4840 = ORIENTED_EDGE ( 'NONE', *, *, #2438, .T. ) ;
#4841 = VECTOR ( 'NONE', #940, 1000.000000000000000 ) ;
#4842 = CARTESIAN_POINT ( 'NONE',  ( -1.142999999999996463, 7.810499999999998444, 0.1269999999999948948 ) ) ;
#4843 = CARTESIAN_POINT ( 'NONE',  ( 6.731000000000004313, 7.239000000000000767, -0.3810000000000040021 ) ) ;
#4844 = CARTESIAN_POINT ( 'NONE',  ( 15.23999999999999844, 0.5080000000000000071, 0.7528818102449925664 ) ) ;
#4845 = CARTESIAN_POINT ( 'NONE',  ( -4.190999999999995396, 7.239000000000000767, 0.3809999999999947873 ) ) ;
#4846 = CARTESIAN_POINT ( 'NONE',  ( 10.16000000000000369, 8.509000000000000341, -1.270000000000001128 ) ) ;
#4847 = VERTEX_POINT ( 'NONE', #3824 ) ;
#4848 = LINE ( 'NONE', #5308, #6424 ) ;
#4849 = EDGE_CURVE ( 'NONE', #1964, #316, #4973, .T. ) ;
#4850 = ORIENTED_EDGE ( 'NONE', *, *, #2272, .F. ) ;
#4851 = ORIENTED_EDGE ( 'NONE', *, *, #5023, .F. ) ;
#4852 = ORIENTED_EDGE ( 'NONE', *, *, #6906, .T. ) ;
#4853 = CARTESIAN_POINT ( 'NONE',  ( 13.58900000000000752, 7.239000000000000767, 0.3809999999999947873 ) ) ;
#4854 = DIRECTION ( 'NONE',  ( 1.000000000000000000, 0.000000000000000000, 0.000000000000000000 ) ) ;
#4855 = CARTESIAN_POINT ( 'NONE',  ( 0.8890000000000043423, 8.064499999999998892, -0.3810000000000038356 ) ) ;
#4856 = PLANE ( 'NONE',  #3773 ) ;
#4857 = ORIENTED_EDGE ( 'NONE', *, *, #2234, .F. ) ;
#4858 = EDGE_CURVE ( 'NONE', #5298, #1317, #4553, .T. ) ;
#4859 = ORIENTED_EDGE ( 'NONE', *, *, #161, .T. ) ;
#4860 = ORIENTED_EDGE ( 'NONE', *, *, #2922, .F. ) ;
#4861 = CARTESIAN_POINT ( 'NONE',  ( 10.16000000000000369, 2.177422008883992879E-16, -0.8890000000000013447 ) ) ;
#4862 = CARTESIAN_POINT ( 'NONE',  ( -1.142999999999996463, 7.810499999999999332, -0.1270000000000042206 ) ) ;
#4863 = DIRECTION ( 'NONE',  ( 0.000000000000000000, 0.000000000000000000, -1.000000000000000000 ) ) ;
#4864 = LINE ( 'NONE', #1832, #3694 ) ;
#4865 = CARTESIAN_POINT ( 'NONE',  ( 8.890000000000005898, 0.000000000000000000, 0.000000000000000000 ) ) ;
#4866 = VERTEX_POINT ( 'NONE', #2760 ) ;
#4867 = DIRECTION ( 'NONE',  ( 0.000000000000000000, 0.9659258262890699775, 0.2588190451025145222 ) ) ;
#4868 = EDGE_CURVE ( 'NONE', #7173, #1385, #7365, .T. ) ;
#4869 = CARTESIAN_POINT ( 'NONE',  ( 8.509000000000005670, 8.064499999999998892, -0.3810000000000038356 ) ) ;
#4870 = CARTESIAN_POINT ( 'NONE',  ( -14.35099999999999554, 7.239000000000000767, 0.3809999999999947873 ) ) ;
#4871 = CARTESIAN_POINT ( 'NONE',  ( 8.509000000000005670, 7.239000000000000767, -0.3810000000000040021 ) ) ;
#4872 = DIRECTION ( 'NONE',  ( -1.000000000000000000, -0.000000000000000000, -0.000000000000000000 ) ) ;
#4873 = LINE ( 'NONE', #3311, #6566 ) ;
#4874 = EDGE_CURVE ( 'NONE', #4314, #3555, #5161, .T. ) ;
#4875 = ORIENTED_EDGE ( 'NONE', *, *, #3711, .F. ) ;
#4876 = EDGE_CURVE ( 'NONE', #5771, #2556, #1170, .T. ) ;
#4877 = CARTESIAN_POINT ( 'NONE',  ( -5.079999999999997407, 0.5080000000000000071, 0.7528818102449925664 ) ) ;
#4878 = CARTESIAN_POINT ( 'NONE',  ( -11.04899999999999594, 8.064499999999998892, 0.3809999999999947873 ) ) ;
#4879 = CARTESIAN_POINT ( 'NONE',  ( 6.731000000000004313, 7.239000000000000767, -0.3810000000000040021 ) ) ;
#4880 = VECTOR ( 'NONE', #2099, 1000.000000000000000 ) ;
#4881 = CARTESIAN_POINT ( 'NONE',  ( -2.095499999999998586, 8.509000000000000341, 0.8254999999999981242 ) ) ;
#4882 = CARTESIAN_POINT ( 'NONE',  ( 7.620000000000003659, 0.000000000000000000, 1.269999999999998908 ) ) ;
#4883 = ORIENTED_EDGE ( 'NONE', *, *, #3441, .F. ) ;
#4884 = CARTESIAN_POINT ( 'NONE',  ( -9.270999999999993690, 8.064499999999998892, 0.3809999999999949538 ) ) ;
#4885 = EDGE_LOOP ( 'NONE', ( #91, #6452, #429, #973 ) ) ;
#4886 = EDGE_LOOP ( 'NONE', ( #6754, #4662, #103, #1549 ) ) ;
#4887 = VECTOR ( 'NONE', #5517, 1000.000000000000000 ) ;
#4888 = STYLED_ITEM ( 'NONE', ( #7178 ), #1636 ) ;
#4889 = ORIENTED_EDGE ( 'NONE', *, *, #4838, .T. ) ;
#4890 = EDGE_CURVE ( 'NONE', #3514, #6982, #2196, .T. ) ;
#4891 = LINE ( 'NONE', #3056, #7441 ) ;
#4892 = PLANE ( 'NONE',  #5183 ) ;
#4893 =( NAMED_UNIT ( * ) SI_UNIT ( $, .STERADIAN. ) SOLID_ANGLE_UNIT ( ) );
#4894 = LINE ( 'NONE', #312, #1450 ) ;
#4895 = DIRECTION ( 'NONE',  ( 0.000000000000000000, -0.000000000000000000, -1.000000000000000000 ) ) ;
#4896 = VECTOR ( 'NONE', #606, 1000.000000000000000 ) ;
#4897 = ORIENTED_EDGE ( 'NONE', *, *, #3669, .T. ) ;
#4898 = ORIENTED_EDGE ( 'NONE', *, *, #3954, .T. ) ;
#4899 = ORIENTED_EDGE ( 'NONE', *, *, #6669, .T. ) ;
#4900 = LINE ( 'NONE', #4861, #3402 ) ;
#4901 = CARTESIAN_POINT ( 'NONE',  ( 15.49399999999999977, 8.509000000000000341, 1.270000000000001128 ) ) ;
#4902 = DIRECTION ( 'NONE',  ( 1.000000000000000000, 0.000000000000000000, -0.000000000000000000 ) ) ;
#4903 = VERTEX_POINT ( 'NONE', #4527 ) ;
#4904 = LINE ( 'NONE', #402, #3272 ) ;
#4905 = CARTESIAN_POINT ( 'NONE',  ( -8.508999999999995012, 7.239000000000000767, 0.3809999999999947873 ) ) ;
#4906 = DIRECTION ( 'NONE',  ( 0.5773502691896267303, -0.5773502691896247319, -0.5773502691896258421 ) ) ;
#4907 = DIRECTION ( 'NONE',  ( 0.000000000000000000, -1.440069553722777130E-16, 1.000000000000000000 ) ) ;
#4908 = CARTESIAN_POINT ( 'NONE',  ( 14.09700000000000486, 7.810499999999999332, -0.1270000000000042206 ) ) ;
#4909 = ORIENTED_EDGE ( 'NONE', *, *, #6557, .F. ) ;
#4910 = FACE_OUTER_BOUND ( 'NONE', #5999, .T. ) ;
#4911 = CARTESIAN_POINT ( 'NONE',  ( -5.079999999999997407, 8.509000000000000341, -1.270000000000001128 ) ) ;
#4912 = DIRECTION ( 'NONE',  ( -0.000000000000000000, 1.000000000000000000, 1.733406087350420004E-16 ) ) ;
#4913 = LINE ( 'NONE', #5570, #5304 ) ;
#4914 = CARTESIAN_POINT ( 'NONE',  ( -7.619999999999997442, 0.5080000000000000071, 0.7528818102449925664 ) ) ;
#4915 = DIRECTION ( 'NONE',  ( 0.000000000000000000, -0.7071067811865483499, 0.7071067811865466846 ) ) ;
#4916 = EDGE_CURVE ( 'NONE', #4566, #2755, #1024, .T. ) ;
#4917 = ORIENTED_EDGE ( 'NONE', *, *, #6383, .F. ) ;
#4918 = CARTESIAN_POINT ( 'NONE',  ( -14.35099999999999554, 8.064499999999998892, 0.3809999999999949538 ) ) ;
#4919 = EDGE_CURVE ( 'NONE', #4114, #1796, #2797, .T. ) ;
#4920 = ORIENTED_EDGE ( 'NONE', *, *, #1292, .T. ) ;
#4921 = ORIENTED_EDGE ( 'NONE', *, *, #475, .F. ) ;
#4922 = EDGE_LOOP ( 'NONE', ( #5115, #2113, #7328, #3041, #5832, #2094, #194, #2510 ) ) ;
#4923 = PLANE ( 'NONE',  #6589 ) ;
#4924 = CARTESIAN_POINT ( 'NONE',  ( -5.079999999999997407, 0.5080000000000000071, 0.7528818102449925664 ) ) ;
#4925 = AXIS2_PLACEMENT_3D ( 'NONE', #1499, #2025, #4370 ) ;
#4926 =( LENGTH_UNIT ( ) NAMED_UNIT ( * ) SI_UNIT ( .MILLI., .METRE. ) );
#4927 = FACE_OUTER_BOUND ( 'NONE', #6604, .T. ) ;
#4928 = DIRECTION ( 'NONE',  ( -1.000000000000000000, -0.000000000000000000, -0.000000000000000000 ) ) ;
#4929 = EDGE_CURVE ( 'NONE', #2642, #117, #4010, .T. ) ;
#4930 = ADVANCED_FACE ( 'NONE', ( #7404 ), #5197, .F. ) ;
#4931 = ORIENTED_EDGE ( 'NONE', *, *, #2960, .T. ) ;
#4932 = ORIENTED_EDGE ( 'NONE', *, *, #1620, .F. ) ;
#4933 = ORIENTED_EDGE ( 'NONE', *, *, #4969, .T. ) ;
#4934 = VECTOR ( 'NONE', #5774, 1000.000000000000000 ) ;
#4935 = VECTOR ( 'NONE', #7361, 1000.000000000000000 ) ;
#4936 = VERTEX_POINT ( 'NONE', #5090 ) ;
#4937 = PLANE ( 'NONE',  #2065 ) ;
#4938 = CARTESIAN_POINT ( 'NONE',  ( -2.539999999999996927, -1.925929944387235853E-31, 0.8889999999999991243 ) ) ;
#4939 = CARTESIAN_POINT ( 'NONE',  ( 10.16000000000000014, 7.239000000000000767, -2.201425730935033664E-16 ) ) ;
#4940 = AXIS2_PLACEMENT_3D ( 'NONE', #7240, #2067, #7283 ) ;
#4941 = DIRECTION ( 'NONE',  ( 0.000000000000000000, -0.9659258262890699775, -0.2588190451025145222 ) ) ;
#4942 = VECTOR ( 'NONE', #2181, 1000.000000000000000 ) ;
#4943 = EDGE_CURVE ( 'NONE', #4903, #3115, #4633, .T. ) ;
#4944 = ORIENTED_EDGE ( 'NONE', *, *, #5061, .F. ) ;
#4945 = VECTOR ( 'NONE', #4024, 1000.000000000000000 ) ;
#4946 = FACE_OUTER_BOUND ( 'NONE', #3012, .T. ) ;
#4947 = AXIS2_PLACEMENT_3D ( 'NONE', #1454, #2468, #1912 ) ;
#4948 = LINE ( 'NONE', #3266, #1234 ) ;
#4949 = CARTESIAN_POINT ( 'NONE',  ( 5.080000000000002736, 0.5080000000000002292, -0.7528818102449945648 ) ) ;
#4950 = DIRECTION ( 'NONE',  ( 0.000000000000000000, 1.000000000000000000, 0.000000000000000000 ) ) ;
#4951 = FACE_OUTER_BOUND ( 'NONE', #980, .T. ) ;
#4952 = VECTOR ( 'NONE', #4369, 1000.000000000000000 ) ;
#4953 = DIRECTION ( 'NONE',  ( -1.000000000000000000, -0.000000000000000000, -0.000000000000000000 ) ) ;
#4954 = EDGE_LOOP ( 'NONE', ( #4461, #3593, #449, #4085 ) ) ;
#4955 = LINE ( 'NONE', #895, #5562 ) ;
#4956 = LINE ( 'NONE', #4331, #2774 ) ;
#4957 = VECTOR ( 'NONE', #3131, 1000.000000000000000 ) ;
#4958 = CARTESIAN_POINT ( 'NONE',  ( 0.3810000000000000053, -2.692399999999995686, -0.2032000000000001028 ) ) ;
#4959 = LINE ( 'NONE', #2590, #5753 ) ;
#4960 = CARTESIAN_POINT ( 'NONE',  ( 13.58900000000000752, 8.064499999999998892, 0.3809999999999949538 ) ) ;
#4961 = VERTEX_POINT ( 'NONE', #3331 ) ;
#4962 = CARTESIAN_POINT ( 'NONE',  ( -4.190999999999995396, 8.064499999999998892, -0.3810000000000038356 ) ) ;
#4963 = ORIENTED_EDGE ( 'NONE', *, *, #304, .F. ) ;
#4964 = VECTOR ( 'NONE', #786, 1000.000000000000000 ) ;
#4965 = ORIENTED_EDGE ( 'NONE', *, *, #5022, .F. ) ;
#4966 = EDGE_LOOP ( 'NONE', ( #1279, #3975, #3666, #7449 ) ) ;
#4967 = ADVANCED_FACE ( 'NONE', ( #6268 ), #1665, .F. ) ;
#4968 = DIRECTION ( 'NONE',  ( 0.000000000000000000, 0.000000000000000000, -1.000000000000000000 ) ) ;
#4969 = EDGE_CURVE ( 'NONE', #2235, #3676, #2229, .T. ) ;
#4970 = DIRECTION ( 'NONE',  ( 1.000000000000000000, 0.000000000000000000, 0.000000000000000000 ) ) ;
#4971 = VECTOR ( 'NONE', #2934, 1000.000000000000000 ) ;
#4972 = CARTESIAN_POINT ( 'NONE',  ( 5.080000000000002736, 8.509000000000000341, 0.8254999999999981242 ) ) ;
#4973 = LINE ( 'NONE', #6158, #6641 ) ;
#4974 = ORIENTED_EDGE ( 'NONE', *, *, #4583, .T. ) ;
#4975 = LINE ( 'NONE', #427, #3781 ) ;
#4976 = VERTEX_POINT ( 'NONE', #1061 ) ;
#4977 = ORIENTED_EDGE ( 'NONE', *, *, #6709, .T. ) ;
#4978 = ORIENTED_EDGE ( 'NONE', *, *, #6976, .T. ) ;
#4979 = ORIENTED_EDGE ( 'NONE', *, *, #6478, .T. ) ;
#4980 = ADVANCED_FACE ( 'NONE', ( #3404 ), #2264, .F. ) ;
#4981 = CARTESIAN_POINT ( 'NONE',  ( 8.509000000000005670, 7.239000000000000767, -0.3810000000000040021 ) ) ;
#4982 = ADVANCED_FACE ( 'NONE', ( #1099 ), #1738, .F. ) ;
#4983 = CARTESIAN_POINT ( 'NONE',  ( 7.620000000000003659, 8.509000000000000341, 0.8254999999999981242 ) ) ;
#4984 = CARTESIAN_POINT ( 'NONE',  ( 10.16000000000000369, 3.110602869834277161E-16, -1.270000000000001128 ) ) ;
#4985 = EDGE_LOOP ( 'NONE', ( #6871, #1426, #2482, #4280 ) ) ;
#4986 = DIRECTION ( 'NONE',  ( 0.9396926207859094271, -0.3420201433256660484, -0.000000000000000000 ) ) ;
#4987 = ADVANCED_FACE ( 'NONE', ( #6876 ), #2334, .F. ) ;
#4988 = ADVANCED_FACE ( 'NONE', ( #1698 ), #6197, .F. ) ;
#4989 = CARTESIAN_POINT ( 'NONE',  ( 5.080000000000002736, -1.925929944387235853E-31, 0.8889999999999991243 ) ) ;
#4990 = DIRECTION ( 'NONE',  ( 0.000000000000000000, -1.000000000000000000, -1.733406087350420004E-16 ) ) ;
#4991 = LINE ( 'NONE', #1492, #5853 ) ;
#4992 = VECTOR ( 'NONE', #299, 1000.000000000000000 ) ;
#4993 = DIRECTION ( 'NONE',  ( -1.000000000000000000, -0.000000000000000000, -0.000000000000000000 ) ) ;
#4994 = EDGE_LOOP ( 'NONE', ( #917, #1504, #3704, #2291 ) ) ;
#4995 = ORIENTED_EDGE ( 'NONE', *, *, #4618, .T. ) ;
#4996 = DIRECTION ( 'NONE',  ( -0.000000000000000000, 0.000000000000000000, -1.000000000000000000 ) ) ;
#4997 = DIRECTION ( 'NONE',  ( 0.000000000000000000, 0.000000000000000000, -1.000000000000000000 ) ) ;
#4998 = CARTESIAN_POINT ( 'NONE',  ( -10.15999999999999659, -1.925929944387235853E-31, 0.8889999999999991243 ) ) ;
#4999 = FACE_OUTER_BOUND ( 'NONE', #3900, .T. ) ;
#5000 = ORIENTED_EDGE ( 'NONE', *, *, #7297, .F. ) ;
#5001 = CARTESIAN_POINT ( 'NONE',  ( 3.469446951953614189E-15, 8.509000000000000341, 1.270000000000001128 ) ) ;
#5002 = VECTOR ( 'NONE', #5187, 1000.000000000000114 ) ;
#5003 = ORIENTED_EDGE ( 'NONE', *, *, #5862, .T. ) ;
#5004 = VERTEX_POINT ( 'NONE', #6348 ) ;
#5005 = ORIENTED_EDGE ( 'NONE', *, *, #6892, .T. ) ;
#5006 = VECTOR ( 'NONE', #134, 1000.000000000000000 ) ;
#5007 = DIRECTION ( 'NONE',  ( 1.000000000000000000, 0.000000000000000000, -0.000000000000000000 ) ) ;
#5008 = CARTESIAN_POINT ( 'NONE',  ( 10.16000000000000369, 8.509000000000000341, 1.270000000000001128 ) ) ;
#5009 =( NAMED_UNIT ( * ) PLANE_ANGLE_UNIT ( ) SI_UNIT ( $, .RADIAN. ) );
#5010 = CARTESIAN_POINT ( 'NONE',  ( -15.23999999999999844, 0.5080000000000002292, -0.7528818102449945648 ) ) ;
#5011 = CARTESIAN_POINT ( 'NONE',  ( 15.49399999999999977, 3.110602869834277161E-16, -1.270000000000001128 ) ) ;
#5012 = CARTESIAN_POINT ( 'NONE',  ( 0.000000000000000000, 0.000000000000000000, 0.000000000000000000 ) ) ;
#5013 = AXIS2_PLACEMENT_3D ( 'NONE', #3289, #4381, #2792 ) ;
#5014 = ORIENTED_EDGE ( 'NONE', *, *, #18, .F. ) ;
#5015 = VECTOR ( 'NONE', #1564, 1000.000000000000000 ) ;
#5016 = ORIENTED_EDGE ( 'NONE', *, *, #3083, .F. ) ;
#5017 = VERTEX_POINT ( 'NONE', #5766 ) ;
#5018 = LINE ( 'NONE', #7336, #3149 ) ;
#5019 = AXIS2_PLACEMENT_3D ( 'NONE', #2524, #5349, #2487 ) ;
#5020 = CARTESIAN_POINT ( 'NONE',  ( 15.24000000000000554, 8.509000000000000341, 0.8254999999999981242 ) ) ;
#5021 = DIRECTION ( 'NONE',  ( 0.5773502691896267303, -0.5773502691896247319, -0.5773502691896258421 ) ) ;
#5022 = EDGE_CURVE ( 'NONE', #2566, #5428, #6989, .T. ) ;
#5023 = EDGE_CURVE ( 'NONE', #1057, #6420, #5954, .T. ) ;
#5024 = ORIENTED_EDGE ( 'NONE', *, *, #5670, .T. ) ;
#5025 = FACE_OUTER_BOUND ( 'NONE', #3896, .T. ) ;
#5026 = FILL_AREA_STYLE ('',( #325 ) ) ;
#5027 = DIRECTION ( 'NONE',  ( 0.000000000000000000, 0.000000000000000000, -1.000000000000000000 ) ) ;
#5028 = DIRECTION ( 'NONE',  ( 1.000000000000000000, 0.000000000000000000, 0.000000000000000000 ) ) ;
#5029 = PRESENTATION_STYLE_ASSIGNMENT (( #1565 ) ) ;
#5030 = ADVANCED_FACE ( 'NONE', ( #5879 ), #2476, .F. ) ;
#5031 = DIRECTION ( 'NONE',  ( 0.000000000000000000, -1.000000000000000000, -2.548365665731588345E-16 ) ) ;
#5032 = ADVANCED_FACE ( 'NONE', ( #2437 ), #3086, .F. ) ;
#5033 = ORIENTED_EDGE ( 'NONE', *, *, #1897, .F. ) ;
#5034 = FACE_OUTER_BOUND ( 'NONE', #1544, .T. ) ;
#5035 = DIRECTION ( 'NONE',  ( 0.000000000000000000, 2.449293598294710852E-16, -1.000000000000000000 ) ) ;
#5036 = CARTESIAN_POINT ( 'NONE',  ( 14.35100000000000620, 7.239000000000000767, -0.3810000000000040021 ) ) ;
#5037 = LINE ( 'NONE', #4444, #4822 ) ;
#5038 = CARTESIAN_POINT ( 'NONE',  ( -9.715499999999998693, 8.509000000000000341, -1.270000000000001128 ) ) ;
#5039 = ORIENTED_EDGE ( 'NONE', *, *, #933, .F. ) ;
#5040 = CARTESIAN_POINT ( 'NONE',  ( 0.3810000000000000053, -2.692399999999995686, -0.2032000000000001305 ) ) ;
#5041 = ORIENTED_EDGE ( 'NONE', *, *, #924, .T. ) ;
#5042 = ORIENTED_EDGE ( 'NONE', *, *, #4829, .T. ) ;
#5043 = VERTEX_POINT ( 'NONE', #3510 ) ;
#5044 = DIRECTION ( 'NONE',  ( -1.000000000000000000, -0.000000000000000000, -0.000000000000000000 ) ) ;
#5045 = CARTESIAN_POINT ( 'NONE',  ( -15.23999999999999844, 0.000000000000000000, 1.269999999999998908 ) ) ;
#5046 = CARTESIAN_POINT ( 'NONE',  ( 7.620000000000003659, 0.000000000000000000, 1.269999999999998908 ) ) ;
#5047 = DIRECTION ( 'NONE',  ( 0.000000000000000000, 2.667820306312752381E-16, -1.000000000000000000 ) ) ;
#5048 = DIRECTION ( 'NONE',  ( -0.000000000000000000, 1.000000000000000000, 1.733406087350420004E-16 ) ) ;
#5049 = CONTEXT_DEPENDENT_SHAPE_REPRESENTATION ( #6370, #6858 ) ;
#5050 = VERTEX_POINT ( 'NONE', #1882 ) ;
#5051 = ORIENTED_EDGE ( 'NONE', *, *, #5205, .T. ) ;
#5052 = ORIENTED_EDGE ( 'NONE', *, *, #1804, .T. ) ;
#5053 = ORIENTED_EDGE ( 'NONE', *, *, #2702, .T. ) ;
#5054 = VECTOR ( 'NONE', #5792, 1000.000000000000000 ) ;
#5055 = CARTESIAN_POINT ( 'NONE',  ( 2.540000000000002256, 3.110602869834277161E-16, -1.270000000000001128 ) ) ;
#5056 = CARTESIAN_POINT ( 'NONE',  ( -0.8889999999999956826, 7.239000000000000767, -0.3810000000000040021 ) ) ;
#5057 = VECTOR ( 'NONE', #384, 1000.000000000000000 ) ;
#5058 = VECTOR ( 'NONE', #4826, 1000.000000000000000 ) ;
#5059 = ORIENTED_EDGE ( 'NONE', *, *, #3384, .T. ) ;
#5060 = CARTESIAN_POINT ( 'NONE',  ( 2.540000000000002256, 0.000000000000000000, 1.269999999999998908 ) ) ;
#5061 = EDGE_CURVE ( 'NONE', #5017, #3910, #4771, .T. ) ;
#5062 = LINE ( 'NONE', #7379, #6905 ) ;
#5063 = CARTESIAN_POINT ( 'NONE',  ( -6.730999999999995431, 8.064499999999998892, 0.3809999999999947873 ) ) ;
#5064 = VECTOR ( 'NONE', #6071, 1000.000000000000000 ) ;
#5065 =( GEOMETRIC_REPRESENTATION_CONTEXT ( 3 ) GLOBAL_UNCERTAINTY_ASSIGNED_CONTEXT ( ( #1458 ) ) GLOBAL_UNIT_ASSIGNED_CONTEXT ( ( #7119, #6019, #5447 ) ) REPRESENTATION_CONTEXT ( 'NONE', 'WORKASPACE' ) );
#5066 = ADVANCED_FACE ( 'NONE', ( #675 ), #2516, .F. ) ;
#5067 = LINE ( 'NONE', #7381, #5015 ) ;
#5068 =( NAMED_UNIT ( * ) PLANE_ANGLE_UNIT ( ) SI_UNIT ( $, .RADIAN. ) );
#5069 = VERTEX_POINT ( 'NONE', #5804 ) ;
#5070 = VECTOR ( 'NONE', #5819, 1000.000000000000000 ) ;
#5071 = VERTEX_POINT ( 'NONE', #5269 ) ;
#5072 = EDGE_CURVE ( 'NONE', #676, #3320, #2977, .T. ) ;
#5073 = PLANE ( 'NONE',  #996 ) ;
#5074 = LINE ( 'NONE', #2215, #7117 ) ;
#5075 = ADVANCED_FACE ( 'NONE', ( #5381 ), #4218, .F. ) ;
#5076 = ADVANCED_FACE ( 'NONE', ( #4698 ), #4108, .F. ) ;
#5077 = DIRECTION ( 'NONE',  ( 0.000000000000000000, -1.733406087350420004E-16, 1.000000000000000000 ) ) ;
#5078 = CARTESIAN_POINT ( 'NONE',  ( 17.78000000000000114, 7.239000000000000767, -2.201425730935033664E-16 ) ) ;
#5079 = LINE ( 'NONE', #6797, #3142 ) ;
#5080 = EDGE_LOOP ( 'NONE', ( #6205, #6582, #6021, #5083 ) ) ;
#5081 = FILL_AREA_STYLE_COLOUR ( '', #5824 ) ;
#5082 = EDGE_LOOP ( 'NONE', ( #4453, #6655, #6738, #61 ) ) ;
#5083 = ORIENTED_EDGE ( 'NONE', *, *, #1111, .T. ) ;
#5084 = ORIENTED_EDGE ( 'NONE', *, *, #2485, .T. ) ;
#5085 = VECTOR ( 'NONE', #7226, 1000.000000000000000 ) ;
#5086 = EDGE_CURVE ( 'NONE', #2150, #1852, #645, .T. ) ;
#5087 = LINE ( 'NONE', #2191, #5623 ) ;
#5088 = EDGE_CURVE ( 'NONE', #6824, #3448, #3550, .T. ) ;
#5089 = CARTESIAN_POINT ( 'NONE',  ( -11.04899999999999594, 7.239000000000000767, 0.3809999999999947873 ) ) ;
#5090 = CARTESIAN_POINT ( 'NONE',  ( 6.731000000000004313, 8.064499999999998892, -0.3810000000000038356 ) ) ;
#5091 = LINE ( 'NONE', #3214, #4130 ) ;
#5092 = VECTOR ( 'NONE', #5383, 1000.000000000000000 ) ;
#5093 = ORIENTED_EDGE ( 'NONE', *, *, #3854, .F. ) ;
#5094 = ORIENTED_EDGE ( 'NONE', *, *, #7399, .F. ) ;
#5095 = ORIENTED_EDGE ( 'NONE', *, *, #2586, .T. ) ;
#5096 = ORIENTED_EDGE ( 'NONE', *, *, #6373, .F. ) ;
#5097 = DIRECTION ( 'NONE',  ( 1.000000000000000000, 0.000000000000000000, 0.000000000000000000 ) ) ;
#5098 = CARTESIAN_POINT ( 'NONE',  ( 10.16000000000000369, 0.5080000000000002292, -0.7528818102449945648 ) ) ;
#5099 = AXIS2_PLACEMENT_3D ( 'NONE', #4092, #632, #5717 ) ;
#5100 = VERTEX_POINT ( 'NONE', #3047 ) ;
#5101 = DIRECTION ( 'NONE',  ( 0.7071067811865462405, -0.7071067811865489050, 0.000000000000000000 ) ) ;
#5102 = DIRECTION ( 'NONE',  ( 0.000000000000000000, 0.000000000000000000, 1.000000000000000000 ) ) ;
#5103 = PLANE ( 'NONE',  #1940 ) ;
#5104 = CARTESIAN_POINT ( 'NONE',  ( 15.49399999999999977, 0.5080000000000000071, 0.7528818102449925664 ) ) ;
#5105 = SURFACE_STYLE_FILL_AREA ( #3960 ) ;
#5106 = FACE_OUTER_BOUND ( 'NONE', #1015, .T. ) ;
#5107 = CLOSED_SHELL ( 'NONE', ( #2989, #7072, #5958, #422, #4753, #6151, #5066, #6110, #2735, #2622, #3428, #6975, #200, #5770, #5169, #1487, #5120, #5118, #4300 ) ) ;
#5108 = ORIENTED_EDGE ( 'NONE', *, *, #702, .T. ) ;
#5109 = ADVANCED_FACE ( 'NONE', ( #6529 ), #226, .F. ) ;
#5110 = DIRECTION ( 'NONE',  ( 0.000000000000000000, 0.9659258262890699775, 0.2588190451025145222 ) ) ;
#5111 = DIRECTION ( 'NONE',  ( 0.000000000000000000, -2.449293598294710852E-16, 1.000000000000000000 ) ) ;
#5112 = CARTESIAN_POINT ( 'NONE',  ( -15.23999999999999844, 3.110602869834277161E-16, -1.270000000000001128 ) ) ;
#5113 = DIRECTION ( 'NONE',  ( 0.000000000000000000, -0.9659258262890700886, 0.2588190451025140781 ) ) ;
#5114 = CARTESIAN_POINT ( 'NONE',  ( 13.58900000000000752, 8.064499999999998892, -0.3810000000000038356 ) ) ;
#5115 = ORIENTED_EDGE ( 'NONE', *, *, #3984, .T. ) ;
#5116 = CARTESIAN_POINT ( 'NONE',  ( 0.000000000000000000, 0.000000000000000000, 0.000000000000000000 ) ) ;
#5117 = VERTEX_POINT ( 'NONE', #1313 ) ;
#5118 = ADVANCED_FACE ( 'NONE', ( #4075 ), #6379, .F. ) ;
#5119 = ORIENTED_EDGE ( 'NONE', *, *, #7385, .F. ) ;
#5120 = ADVANCED_FACE ( 'NONE', ( #1278 ), #3588, .F. ) ;
#5121 = VERTEX_POINT ( 'NONE', #862 ) ;
#5122 = DIRECTION ( 'NONE',  ( 0.000000000000000000, -5.054934237236841843E-31, -1.000000000000000000 ) ) ;
#5123 = DIRECTION ( 'NONE',  ( 0.000000000000000000, -1.440069553722777130E-16, 1.000000000000000000 ) ) ;
#5124 = DIRECTION ( 'NONE',  ( 0.000000000000000000, -1.440069553722777130E-16, 1.000000000000000000 ) ) ;
#5125 = CARTESIAN_POINT ( 'NONE',  ( 12.70000000000000462, -1.925929944387235853E-31, 0.8889999999999991243 ) ) ;
#5126 = DIRECTION ( 'NONE',  ( 0.7071067811865462405, -0.7071067811865489050, 0.000000000000000000 ) ) ;
#5127 = ORIENTED_EDGE ( 'NONE', *, *, #6414, .F. ) ;
#5128 = VERTEX_POINT ( 'NONE', #4882 ) ;
#5129 = EDGE_CURVE ( 'NONE', #379, #7261, #972, .T. ) ;
#5130 = ORIENTED_EDGE ( 'NONE', *, *, #4193, .F. ) ;
#5131 = ORIENTED_EDGE ( 'NONE', *, *, #6894, .F. ) ;
#5132 = DIRECTION ( 'NONE',  ( -1.000000000000000000, 0.000000000000000000, -0.000000000000000000 ) ) ;
#5133 = DIRECTION ( 'NONE',  ( 0.000000000000000000, 2.449293598294710852E-16, -1.000000000000000000 ) ) ;
#5134 = PLANE ( 'NONE',  #7147 ) ;
#5135 = VECTOR ( 'NONE', #5713, 1000.000000000000000 ) ;
#5136 = VECTOR ( 'NONE', #4226, 1000.000000000000000 ) ;
#5137 = VECTOR ( 'NONE', #831, 1000.000000000000000 ) ;
#5138 = DIRECTION ( 'NONE',  ( 0.000000000000000000, 2.548365665731588345E-16, -1.000000000000000000 ) ) ;
#5139 = DIRECTION ( 'NONE',  ( -0.000000000000000000, 0.000000000000000000, 1.000000000000000000 ) ) ;
#5140 = CARTESIAN_POINT ( 'NONE',  ( 5.969000000000005635, 7.239000000000000767, -0.3810000000000040021 ) ) ;
#5141 = DIRECTION ( 'NONE',  ( 0.000000000000000000, 0.000000000000000000, -1.000000000000000000 ) ) ;
#5142 = PLANE ( 'NONE',  #6446 ) ;
#5143 = SURFACE_SIDE_STYLE ('',( #2959 ) ) ;
#5144 = AXIS2_PLACEMENT_3D ( 'NONE', #6875, #1098, #5124 ) ;
#5145 = ORIENTED_EDGE ( 'NONE', *, *, #1673, .F. ) ;
#5146 = CARTESIAN_POINT ( 'NONE',  ( -0.3810000000000000053, -2.692399999999995686, 0.000000000000000000 ) ) ;
#5147 = DIRECTION ( 'NONE',  ( 0.5773502691896268413, 0.5773502691896246208, -0.5773502691896256200 ) ) ;
#5148 = DIRECTION ( 'NONE',  ( 0.000000000000000000, 0.9659258262890700886, -0.2588190451025140781 ) ) ;
#5149 = PRODUCT_DEFINITION_SHAPE ( 'NONE', 'NONE',  #7459 ) ;
#5150 = CARTESIAN_POINT ( 'NONE',  ( -12.69999999999999751, 0.5080000000000000071, 0.7528818102449925664 ) ) ;
#5151 = CARTESIAN_POINT ( 'NONE',  ( -8.762999999999996348, 7.810499999999998444, 0.1269999999999948948 ) ) ;
#5152 =( NAMED_UNIT ( * ) SI_UNIT ( $, .STERADIAN. ) SOLID_ANGLE_UNIT ( ) );
#5153 = ORIENTED_EDGE ( 'NONE', *, *, #2263, .F. ) ;
#5154 = ORIENTED_EDGE ( 'NONE', *, *, #6883, .F. ) ;
#5155 = DIRECTION ( 'NONE',  ( 0.000000000000000000, 5.054934237236841843E-31, 1.000000000000000000 ) ) ;
#5156 = CARTESIAN_POINT ( 'NONE',  ( 1.734723475976807094E-15, 0.000000000000000000, 1.269999999999998908 ) ) ;
#5157 = ADVANCED_FACE ( 'NONE', ( #3856 ), #3200, .F. ) ;
#5158 = LINE ( 'NONE', #2294, #6155 ) ;
#5159 = PLANE ( 'NONE',  #5144 ) ;
#5160 = ADVANCED_FACE ( 'NONE', ( #1958, #4409 ), #3281, .F. ) ;
#5161 = LINE ( 'NONE', #5125, #3387 ) ;
#5162 = ORIENTED_EDGE ( 'NONE', *, *, #3624, .F. ) ;
#5163 = DIRECTION ( 'NONE',  ( 0.000000000000000000, 2.449293598294710852E-16, -1.000000000000000000 ) ) ;
#5164 = EDGE_LOOP ( 'NONE', ( #2565, #6430, #1036, #2777 ) ) ;
#5165 = ORIENTED_EDGE ( 'NONE', *, *, #3939, .T. ) ;
#5166 = VERTEX_POINT ( 'NONE', #3696 ) ;
#5167 = ORIENTED_EDGE ( 'NONE', *, *, #7400, .T. ) ;
#5168 = DIRECTION ( 'NONE',  ( -1.000000000000000000, 0.000000000000000000, 0.000000000000000000 ) ) ;
#5169 = ADVANCED_FACE ( 'NONE', ( #7203 ), #301, .F. ) ;
#5170 = CARTESIAN_POINT ( 'NONE',  ( 4.191000000000003389, 7.239000000000000767, 0.3809999999999947873 ) ) ;
#5171 = EDGE_CURVE ( 'NONE', #6076, #613, #1543, .T. ) ;
#5172 = DIRECTION ( 'NONE',  ( 0.000000000000000000, 0.000000000000000000, 1.000000000000000000 ) ) ;
#5173 = EDGE_CURVE ( 'NONE', #1102, #6401, #2630, .T. ) ;
#5174 = DIRECTION ( 'NONE',  ( -0.000000000000000000, 1.000000000000000000, 2.449293598294710852E-16 ) ) ;
#5175 = LINE ( 'NONE', #2845, #19 ) ;
#5176 = LINE ( 'NONE', #2208, #5908 ) ;
#5177 = LINE ( 'NONE', #6365, #3955 ) ;
#5178 = SURFACE_STYLE_FILL_AREA ( #2886 ) ;
#5179 = ADVANCED_FACE ( 'NONE', ( #4336 ), #4296, .F. ) ;
#5180 = STYLED_ITEM ( 'NONE', ( #1296 ), #4333 ) ;
#5181 = VECTOR ( 'NONE', #3195, 1000.000000000000000 ) ;
#5182 = VERTEX_POINT ( 'NONE', #5572 ) ;
#5183 = AXIS2_PLACEMENT_3D ( 'NONE', #4418, #3290, #7213 ) ;
#5184 = VECTOR ( 'NONE', #3440, 1000.000000000000114 ) ;
#5185 = CARTESIAN_POINT ( 'NONE',  ( 15.49399999999999977, 8.509000000000000341, 1.270000000000001128 ) ) ;
#5186 = DIRECTION ( 'NONE',  ( -1.000000000000000000, -0.000000000000000000, -0.000000000000000000 ) ) ;
#5187 = DIRECTION ( 'NONE',  ( 0.000000000000000000, 0.9659258262890700886, -0.2588190451025140781 ) ) ;
#5188 = DIRECTION ( 'NONE',  ( -0.5773502691896267303, -0.5773502691896246208, -0.5773502691896259531 ) ) ;
#5189 = AXIS2_PLACEMENT_3D ( 'NONE', #2397, #783, #709 ) ;
#5190 = STYLED_ITEM ( 'NONE', ( #5370 ), #4123 ) ;
#5191 = ORIENTED_EDGE ( 'NONE', *, *, #4396, .T. ) ;
#5192 = ORIENTED_EDGE ( 'NONE', *, *, #3952, .T. ) ;
#5193 = DIRECTION ( 'NONE',  ( -0.000000000000000000, 0.000000000000000000, -1.000000000000000000 ) ) ;
#5194 = LINE ( 'NONE', #5156, #6633 ) ;
#5195 = VECTOR ( 'NONE', #2496, 1000.000000000000000 ) ;
#5196 = DIRECTION ( 'NONE',  ( 0.000000000000000000, -0.9659258262890699775, -0.2588190451025145222 ) ) ;
#5197 = PLANE ( 'NONE',  #733 ) ;
#5198 = ORIENTED_EDGE ( 'NONE', *, *, #6983, .F. ) ;
#5199 = CARTESIAN_POINT ( 'NONE',  ( -4.190999999999995396, 8.064499999999998892, 0.3809999999999947873 ) ) ;
#5200 = VERTEX_POINT ( 'NONE', #5457 ) ;
#5201 =( REPRESENTATION_RELATIONSHIP ('NONE','NONE', #3318, #1527 ) REPRESENTATION_RELATIONSHIP_WITH_TRANSFORMATION ( #5363 )SHAPE_REPRESENTATION_RELATIONSHIP( ) );
#5202 = VECTOR ( 'NONE', #2024, 1000.000000000000000 ) ;
#5203 = ORIENTED_EDGE ( 'NONE', *, *, #1567, .T. ) ;
#5204 = EDGE_LOOP ( 'NONE', ( #4522, #3961, #1648, #1497 ) ) ;
#5205 = EDGE_CURVE ( 'NONE', #2372, #3324, #6638, .T. ) ;
#5206 = DIRECTION ( 'NONE',  ( -1.000000000000000000, -0.000000000000000000, -0.000000000000000000 ) ) ;
#5207 = VECTOR ( 'NONE', #1340, 1000.000000000000000 ) ;
#5208 = FACE_BOUND ( 'NONE', #7241, .T. ) ;
#5209 = DIRECTION ( 'NONE',  ( 0.000000000000000000, 0.000000000000000000, -1.000000000000000000 ) ) ;
#5210 = EDGE_CURVE ( 'NONE', #6982, #3591, #3121, .T. ) ;
#5211 = VECTOR ( 'NONE', #5048, 1000.000000000000000 ) ;
#5212 = EDGE_CURVE ( 'NONE', #1437, #3481, #1390, .T. ) ;
#5213 = PRODUCT_DEFINITION_SHAPE ( 'NONE', 'NONE',  #7452 ) ;
#5214 = ORIENTED_EDGE ( 'NONE', *, *, #2964, .F. ) ;
#5215 = FACE_OUTER_BOUND ( 'NONE', #1951, .T. ) ;
#5216 = PLANE ( 'NONE',  #5425 ) ;
#5217 = DIRECTION ( 'NONE',  ( 0.000000000000000000, 1.000000000000000000, 0.000000000000000000 ) ) ;
#5218 = ORIENTED_EDGE ( 'NONE', *, *, #2732, .F. ) ;
#5219 = EDGE_CURVE ( 'NONE', #5050, #7296, #2107, .T. ) ;
#5220 = ADVANCED_FACE ( 'NONE', ( #3777 ), #2553, .F. ) ;
#5221 = AXIS2_PLACEMENT_3D ( 'NONE', #4199, #7332, #7078 ) ;
#5222 = LINE ( 'NONE', #5185, #3407 ) ;
#5223 = DIRECTION ( 'NONE',  ( 0.000000000000000000, 0.000000000000000000, -1.000000000000000000 ) ) ;
#5224 = CARTESIAN_POINT ( 'NONE',  ( 5.080000000000002736, 0.5080000000000000071, 0.7528818102449925664 ) ) ;
#5225 = FACE_BOUND ( 'NONE', #5597, .T. ) ;
#5226 = CARTESIAN_POINT ( 'NONE',  ( -5.524499999999992639, 8.509000000000000341, -0.8255000000000067839 ) ) ;
#5227 = ORIENTED_EDGE ( 'NONE', *, *, #3700, .T. ) ;
#5228 = VECTOR ( 'NONE', #897, 1000.000000000000114 ) ;
#5229 = VERTEX_POINT ( 'NONE', #4374 ) ;
#5230 = PLANE ( 'NONE',  #2915 ) ;
#5231 = PLANE ( 'NONE',  #2980 ) ;
#5232 = CARTESIAN_POINT ( 'NONE',  ( -7.619999999999998330, -1.925929944387235853E-31, 0.8889999999999991243 ) ) ;
#5233 = FACE_OUTER_BOUND ( 'NONE', #3905, .T. ) ;
#5234 = CARTESIAN_POINT ( 'NONE',  ( 15.49399999999999977, -1.925929944387235853E-31, 0.8889999999999991243 ) ) ;
#5235 = ORIENTED_EDGE ( 'NONE', *, *, #3886, .T. ) ;
#5236 = DIRECTION ( 'NONE',  ( 0.000000000000000000, 1.440069553722777130E-16, -1.000000000000000000 ) ) ;
#5237 = AXIS2_PLACEMENT_3D ( 'NONE', #781, #1991, #4371 ) ;
#5238 = EDGE_LOOP ( 'NONE', ( #34, #6081, #2330, #5779 ) ) ;
#5239 = ORIENTED_EDGE ( 'NONE', *, *, #4647, .T. ) ;
#5240 = VERTEX_POINT ( 'NONE', #3730 ) ;
#5241 = LINE ( 'NONE', #5348, #5549 ) ;
#5242 = PLANE ( 'NONE',  #6476 ) ;
#5243 = PLANE ( 'NONE',  #4714 ) ;
#5244 = ORIENTED_EDGE ( 'NONE', *, *, #1585, .T. ) ;
#5245 = LINE ( 'NONE', #836, #6296 ) ;
#5246 = VECTOR ( 'NONE', #6437, 1000.000000000000000 ) ;
#5247 = AXIS2_PLACEMENT_3D ( 'NONE', #2740, #4434, #4399 ) ;
#5248 = LINE ( 'NONE', #99, #7006 ) ;
#5249 = CARTESIAN_POINT ( 'NONE',  ( 15.49399999999999977, 2.177422008883992879E-16, -0.8890000000000013447 ) ) ;
#5250 = CONTEXT_DEPENDENT_SHAPE_REPRESENTATION ( #344, #5149 ) ;
#5251 = EDGE_CURVE ( 'NONE', #3001, #5004, #3813, .T. ) ;
#5252 = ADVANCED_FACE ( 'NONE', ( #2708, #4999 ), #6027, .F. ) ;
#5253 = ORIENTED_EDGE ( 'NONE', *, *, #2274, .T. ) ;
#5254 = AXIS2_PLACEMENT_3D ( 'NONE', #4740, #4266, #3671 ) ;
#5255 = VECTOR ( 'NONE', #2727, 1000.000000000000000 ) ;
#5256 = PLANE ( 'NONE',  #3768 ) ;
#5257 = PLANE ( 'NONE',  #723 ) ;
#5258 = DIRECTION ( 'NONE',  ( 0.000000000000000000, -0.9659258262890699775, -0.2588190451025145222 ) ) ;
#5259 = VECTOR ( 'NONE', #4525, 1000.000000000000000 ) ;
#5260 = VECTOR ( 'NONE', #318, 1000.000000000000000 ) ;
#5261 = EDGE_CURVE ( 'NONE', #4682, #3898, #371, .T. ) ;
#5262 = EDGE_CURVE ( 'NONE', #682, #503, #2147, .T. ) ;
#5263 = EDGE_CURVE ( 'NONE', #6956, #678, #7393, .T. ) ;
#5264 = ORIENTED_EDGE ( 'NONE', *, *, #2234, .T. ) ;
#5265 = ORIENTED_EDGE ( 'NONE', *, *, #2452, .T. ) ;
#5266 = CARTESIAN_POINT ( 'NONE',  ( 9.271000000000004349, 8.064499999999998892, 0.3809999999999947873 ) ) ;
#5267 = DIRECTION ( 'NONE',  ( 0.000000000000000000, 0.000000000000000000, 1.000000000000000000 ) ) ;
#5268 = DIRECTION ( 'NONE',  ( 0.000000000000000000, -0.7071067811865483499, 0.7071067811865466846 ) ) ;
#5269 = CARTESIAN_POINT ( 'NONE',  ( -15.23999999999999844, 2.177422008883992879E-16, -0.8890000000000013447 ) ) ;
#5270 = ORIENTED_EDGE ( 'NONE', *, *, #6374, .T. ) ;
#5271 = FACE_OUTER_BOUND ( 'NONE', #2299, .T. ) ;
#5272 = EDGE_CURVE ( 'NONE', #6591, #4565, #5079, .T. ) ;
#5273 = VERTEX_POINT ( 'NONE', #6831 ) ;
#5274 = EDGE_LOOP ( 'NONE', ( #4185, #7294, #5643, #6789 ) ) ;
#5275 = VERTEX_POINT ( 'NONE', #7352 ) ;
#5276 = PLANE ( 'NONE',  #1332 ) ;
#5277 = LINE ( 'NONE', #4710, #97 ) ;
#5278 = DIRECTION ( 'NONE',  ( 0.000000000000000000, -0.9659258262890700886, 0.2588190451025140781 ) ) ;
#5279 = ORIENTED_EDGE ( 'NONE', *, *, #5645, .T. ) ;
#5280 = CARTESIAN_POINT ( 'NONE',  ( -9.270999999999993690, 8.064499999999998892, 0.3809999999999947873 ) ) ;
#5281 = FACE_OUTER_BOUND ( 'NONE', #815, .T. ) ;
#5282 = CARTESIAN_POINT ( 'NONE',  ( 11.81100000000000527, 8.064499999999998892, 0.3809999999999947873 ) ) ;
#5283 = DIRECTION ( 'NONE',  ( 1.000000000000000000, 0.000000000000000000, 0.000000000000000000 ) ) ;
#5284 = CARTESIAN_POINT ( 'NONE',  ( 3.810000000000004494, 0.000000000000000000, 0.000000000000000000 ) ) ;
#5285 = EDGE_LOOP ( 'NONE', ( #1347, #999, #3169, #5496 ) ) ;
#5286 = EDGE_LOOP ( 'NONE', ( #4757, #1446, #3338, #2232 ) ) ;
#5287 = EDGE_CURVE ( 'NONE', #6684, #822, #532, .T. ) ;
#5288 = LINE ( 'NONE', #6441, #3646 ) ;
#5289 = DIRECTION ( 'NONE',  ( 0.000000000000000000, 1.440069553722777130E-16, -1.000000000000000000 ) ) ;
#5290 = VECTOR ( 'NONE', #6969, 1000.000000000000000 ) ;
#5291 = VECTOR ( 'NONE', #1192, 1000.000000000000227 ) ;
#5292 = DIRECTION ( 'NONE',  ( 0.000000000000000000, 0.2588190451025145222, -0.9659258262890699775 ) ) ;
#5293 = DIRECTION ( 'NONE',  ( -0.000000000000000000, 1.000000000000000000, 1.733406087350420004E-16 ) ) ;
#5294 = ORIENTED_EDGE ( 'NONE', *, *, #2274, .F. ) ;
#5295 = VECTOR ( 'NONE', #3633, 1000.000000000000114 ) ;
#5296 = VECTOR ( 'NONE', #726, 1000.000000000000000 ) ;
#5297 = EDGE_CURVE ( 'NONE', #15, #894, #3319, .T. ) ;
#5298 = VERTEX_POINT ( 'NONE', #455 ) ;
#5299 = EDGE_CURVE ( 'NONE', #4132, #6740, #2821, .T. ) ;
#5300 = EDGE_CURVE ( 'NONE', #3115, #4183, #4551, .T. ) ;
#5301 = FACE_OUTER_BOUND ( 'NONE', #6723, .T. ) ;
#5302 = CARTESIAN_POINT ( 'NONE',  ( -6.730999999999995431, 7.239000000000000767, 0.3809999999999947873 ) ) ;
#5303 = VECTOR ( 'NONE', #1466, 1000.000000000000000 ) ;
#5304 = VECTOR ( 'NONE', #5611, 1000.000000000000000 ) ;
#5305 = DIRECTION ( 'NONE',  ( -0.7071067811865462405, -0.7071067811865489050, 0.000000000000000000 ) ) ;
#5306 = DIRECTION ( 'NONE',  ( 1.000000000000000000, 0.000000000000000000, 0.000000000000000000 ) ) ;
#5307 = ORIENTED_EDGE ( 'NONE', *, *, #6599, .F. ) ;
#5308 = CARTESIAN_POINT ( 'NONE',  ( -2.539999999999996927, 0.5080000000000002292, -0.7528818102449945648 ) ) ;
#5309 = ORIENTED_EDGE ( 'NONE', *, *, #1258, .T. ) ;
#5310 = VERTEX_POINT ( 'NONE', #5689 ) ;
#5311 = VERTEX_POINT ( 'NONE', #5114 ) ;
#5312 = VECTOR ( 'NONE', #6779, 1000.000000000000000 ) ;
#5313 = ADVANCED_FACE ( 'NONE', ( #4001 ), #6303, .F. ) ;
#5314 = CARTESIAN_POINT ( 'NONE',  ( -7.619999999999997442, -1.925929944387235853E-31, 0.8889999999999991243 ) ) ;
#5315 = UNCERTAINTY_MEASURE_WITH_UNIT (LENGTH_MEASURE( 1.000000000000000082E-05 ), #3433, 'distance_accuracy_value', 'NONE');
#5316 = FACE_OUTER_BOUND ( 'NONE', #1509, .T. ) ;
#5317 = FACE_OUTER_BOUND ( 'NONE', #5652, .T. ) ;
#5318 = VECTOR ( 'NONE', #7045, 1000.000000000000000 ) ;
#5319 = ORIENTED_EDGE ( 'NONE', *, *, #2138, .T. ) ;
#5320 = ORIENTED_EDGE ( 'NONE', *, *, #4742, .F. ) ;
#5321 = VECTOR ( 'NONE', #4745, 1000.000000000000000 ) ;
#5322 = CARTESIAN_POINT ( 'NONE',  ( -12.69999999999999751, 8.509000000000000341, 1.270000000000001128 ) ) ;
#5323 = CARTESIAN_POINT ( 'NONE',  ( -11.04899999999999594, 8.064499999999998892, -0.3810000000000038356 ) ) ;
#5324 = CARTESIAN_POINT ( 'NONE',  ( -2.539999999999996927, 8.509000000000000341, 1.270000000000001128 ) ) ;
#5325 = LINE ( 'NONE', #3716, #3953 ) ;
#5326 = VECTOR ( 'NONE', #2149, 1000.000000000000000 ) ;
#5327 = ORIENTED_EDGE ( 'NONE', *, *, #5205, .F. ) ;
#5328 = DIRECTION ( 'NONE',  ( 0.000000000000000000, 1.000000000000000000, 0.000000000000000000 ) ) ;
#5329 = DIRECTION ( 'NONE',  ( -1.000000000000000000, -0.000000000000000000, -0.000000000000000000 ) ) ;
#5330 = PLANE ( 'NONE',  #322 ) ;
#5331 =( LENGTH_UNIT ( ) NAMED_UNIT ( * ) SI_UNIT ( .MILLI., .METRE. ) );
#5332 = ORIENTED_EDGE ( 'NONE', *, *, #5173, .F. ) ;
#5333 = VERTEX_POINT ( 'NONE', #4485 ) ;
#5334 = PLANE ( 'NONE',  #396 ) ;
#5335 = LINE ( 'NONE', #2472, #5786 ) ;
#5336 = CARTESIAN_POINT ( 'NONE',  ( -2.539999999999996927, 2.177422008883992879E-16, -0.8890000000000013447 ) ) ;
#5337 = DIRECTION ( 'NONE',  ( 0.000000000000000000, 0.000000000000000000, -1.000000000000000000 ) ) ;
#5338 = DIRECTION ( 'NONE',  ( 0.000000000000000000, 0.000000000000000000, -1.000000000000000000 ) ) ;
#5339 = DIRECTION ( 'NONE',  ( -0.000000000000000000, 1.000000000000000000, 1.733406087350420004E-16 ) ) ;
#5340 = EDGE_CURVE ( 'NONE', #2405, #419, #6186, .T. ) ;
#5341 = VERTEX_POINT ( 'NONE', #2856 ) ;
#5342 = LINE ( 'NONE', #7056, #6192 ) ;
#5343 = EDGE_CURVE ( 'NONE', #951, #2709, #5612, .T. ) ;
#5344 = ORIENTED_EDGE ( 'NONE', *, *, #4258, .F. ) ;
#5345 = ORIENTED_EDGE ( 'NONE', *, *, #1196, .F. ) ;
#5346 = ORIENTED_EDGE ( 'NONE', *, *, #5859, .F. ) ;
#5347 = FACE_OUTER_BOUND ( 'NONE', #1556, .T. ) ;
#5348 = CARTESIAN_POINT ( 'NONE',  ( 0.8890000000000043423, 7.239000000000000767, -0.3810000000000040021 ) ) ;
#5349 = DIRECTION ( 'NONE',  ( 0.7071067811865462405, -0.7071067811865489050, 0.000000000000000000 ) ) ;
#5350 = EDGE_CURVE ( 'NONE', #5420, #6714, #1086, .T. ) ;
#5351 = DIRECTION ( 'NONE',  ( 0.000000000000000000, 1.733406087350420004E-16, -1.000000000000000000 ) ) ;
#5352 = EDGE_CURVE ( 'NONE', #6725, #2978, #1051, .T. ) ;
#5353 = EDGE_LOOP ( 'NONE', ( #239, #6915, #4066, #6382 ) ) ;
#5354 = EDGE_CURVE ( 'NONE', #2082, #2709, #1655, .T. ) ;
#5355 = AXIS2_PLACEMENT_3D ( 'NONE', #4515, #5077, #6829 ) ;
#5356 = ORIENTED_EDGE ( 'NONE', *, *, #4035, .F. ) ;
#5357 = LINE ( 'NONE', #2345, #627 ) ;
#5358 = CARTESIAN_POINT ( 'NONE',  ( -7.619999999999997442, 8.509000000000000341, -1.270000000000001128 ) ) ;
#5359 = DIRECTION ( 'NONE',  ( -0.000000000000000000, 0.000000000000000000, 1.000000000000000000 ) ) ;
#5360 = CARTESIAN_POINT ( 'NONE',  ( 4.191000000000003389, 7.239000000000000767, 0.3809999999999947873 ) ) ;
#5361 = VECTOR ( 'NONE', #5258, 1000.000000000000000 ) ;
#5362 = CARTESIAN_POINT ( 'NONE',  ( -12.69999999999999751, 0.000000000000000000, 1.269999999999998908 ) ) ;
#5363 = ITEM_DEFINED_TRANSFORMATION ( 'NONE', 'NONE', #417,  #765 ) ;
#5364 = ADVANCED_FACE ( 'NONE', ( #3893 ), #5651, .F. ) ;
#5365 = ORIENTED_EDGE ( 'NONE', *, *, #1216, .F. ) ;
#5366 = VECTOR ( 'NONE', #1060, 1000.000000000000000 ) ;
#5367 = LINE ( 'NONE', #4245, #4833 ) ;
#5368 = DIRECTION ( 'NONE',  ( 0.000000000000000000, -2.449293598294710852E-16, 1.000000000000000000 ) ) ;
#5369 = LINE ( 'NONE', #5406, #5975 ) ;
#5370 = PRESENTATION_STYLE_ASSIGNMENT (( #3114 ) ) ;
#5371 = VECTOR ( 'NONE', #3420, 1000.000000000000000 ) ;
#5372 = SHAPE_REPRESENTATION ( 'Pin - Gold', ( #765 ), #1736 ) ;
#5373 = VERTEX_POINT ( 'NONE', #2698 ) ;
#5374 = ORIENTED_EDGE ( 'NONE', *, *, #1816, .T. ) ;
#5375 = VECTOR ( 'NONE', #3014, 1000.000000000000000 ) ;
#5376 = VECTOR ( 'NONE', #2038, 1000.000000000000000 ) ;
#5377 = CARTESIAN_POINT ( 'NONE',  ( -5.968999999999996753, 8.064499999999998892, -0.3810000000000038356 ) ) ;
#5378 = DIRECTION ( 'NONE',  ( -0.7071067811865462405, -0.7071067811865489050, 0.000000000000000000 ) ) ;
#5379 = DIRECTION ( 'NONE',  ( -1.000000000000000000, 0.000000000000000000, -0.000000000000000000 ) ) ;
#5380 = PLANE ( 'NONE',  #2474 ) ;
#5381 = FACE_OUTER_BOUND ( 'NONE', #3450, .T. ) ;
#5382 = ORIENTED_EDGE ( 'NONE', *, *, #4112, .F. ) ;
#5383 = DIRECTION ( 'NONE',  ( 0.000000000000000000, -5.054934237236841843E-31, -1.000000000000000000 ) ) ;
#5384 = VERTEX_POINT ( 'NONE', #3229 ) ;
#5385 = VECTOR ( 'NONE', #1421, 1000.000000000000000 ) ;
#5386 = EDGE_LOOP ( 'NONE', ( #420, #3735, #1467, #470 ) ) ;
#5387 = EDGE_LOOP ( 'NONE', ( #2233, #6540, #3710, #3132, #5484, #7180, #5761, #3702 ) ) ;
#5388 = EDGE_CURVE ( 'NONE', #267, #1964, #7271, .T. ) ;
#5389 = DIRECTION ( 'NONE',  ( -0.000000000000000000, 1.000000000000000000, 1.733406087350420004E-16 ) ) ;
#5390 = ADVANCED_FACE ( 'NONE', ( #4432 ), #6130, .F. ) ;
#5391 = CARTESIAN_POINT ( 'NONE',  ( 5.080000000000002736, 0.5080000000000000071, 0.7528818102449925664 ) ) ;
#5392 = LINE ( 'NONE', #5887, #2016 ) ;
#5393 = CARTESIAN_POINT ( 'NONE',  ( 3.469446951953614189E-15, 0.5080000000000002292, -0.7528818102449945648 ) ) ;
#5394 = ORIENTED_EDGE ( 'NONE', *, *, #324, .T. ) ;
#5395 = ORIENTED_EDGE ( 'NONE', *, *, #4705, .F. ) ;
#5396 = EDGE_CURVE ( 'NONE', #4478, #877, #3306, .T. ) ;
#5397 = CARTESIAN_POINT ( 'NONE',  ( 15.24000000000000554, 2.177422008883992879E-16, -0.8890000000000013447 ) ) ;
#5398 = EDGE_CURVE ( 'NONE', #1089, #951, #3839, .T. ) ;
#5399 = DIRECTION ( 'NONE',  ( 0.000000000000000000, -5.054934237236841843E-31, -1.000000000000000000 ) ) ;
#5400 = DIRECTION ( 'NONE',  ( 1.000000000000000000, 0.000000000000000000, 0.000000000000000000 ) ) ;
#5401 = LINE ( 'NONE', #2502, #2005 ) ;
#5402 = VERTEX_POINT ( 'NONE', #5558 ) ;
#5403 = ADVANCED_FACE ( 'NONE', ( #7308, #5025 ), #920, .F. ) ;
#5404 = CARTESIAN_POINT ( 'NONE',  ( -12.69999999999999751, 3.110602869834277161E-16, -1.270000000000001128 ) ) ;
#5405 = DIRECTION ( 'NONE',  ( 0.000000000000000000, 1.440069553722777130E-16, -1.000000000000000000 ) ) ;
#5406 = CARTESIAN_POINT ( 'NONE',  ( 5.080000000000002736, 8.509000000000000341, -1.270000000000001128 ) ) ;
#5407 = CARTESIAN_POINT ( 'NONE',  ( -14.35099999999999554, 8.064499999999998892, -0.3810000000000038356 ) ) ;
#5408 = ORIENTED_EDGE ( 'NONE', *, *, #1353, .F. ) ;
#5409 = EDGE_LOOP ( 'NONE', ( #7326, #3817, #1561, #110 ) ) ;
#5410 = VECTOR ( 'NONE', #2997, 1000.000000000000000 ) ;
#5411 = CARTESIAN_POINT ( 'NONE',  ( 5.969000000000005635, 7.239000000000000767, 0.3809999999999947873 ) ) ;
#5412 = FACE_OUTER_BOUND ( 'NONE', #5817, .T. ) ;
#5413 = CARTESIAN_POINT ( 'NONE',  ( -14.35099999999999554, 8.064499999999998892, 0.3809999999999947873 ) ) ;
#5414 = DIRECTION ( 'NONE',  ( -0.5773502691896268413, 0.5773502691896246208, -0.5773502691896256200 ) ) ;
#5415 = DIRECTION ( 'NONE',  ( 0.000000000000000000, -1.000000000000000000, 0.000000000000000000 ) ) ;
#5416 = ORIENTED_EDGE ( 'NONE', *, *, #3328, .F. ) ;
#5417 = LINE ( 'NONE', #4807, #4964 ) ;
#5418 = VECTOR ( 'NONE', #3822, 1000.000000000000000 ) ;
#5419 = VECTOR ( 'NONE', #5329, 1000.000000000000000 ) ;
#5420 = VERTEX_POINT ( 'NONE', #6746 ) ;
#5421 = EDGE_LOOP ( 'NONE', ( #2893, #1093, #5346, #96 ) ) ;
#5422 = EDGE_LOOP ( 'NONE', ( #5978, #4143, #4699, #7427 ) ) ;
#5423 = CARTESIAN_POINT ( 'NONE',  ( -5.079999999999997407, 0.000000000000000000, 1.269999999999998908 ) ) ;
#5424 = AXIS2_PLACEMENT_3D ( 'NONE', #4846, #938, #3243 ) ;
#5425 = AXIS2_PLACEMENT_3D ( 'NONE', #65, #6786, #4575 ) ;
#5426 = LINE ( 'NONE', #1552, #7116 ) ;
#5427 = DIRECTION ( 'NONE',  ( 0.000000000000000000, 0.000000000000000000, -1.000000000000000000 ) ) ;
#5428 = VERTEX_POINT ( 'NONE', #7225 ) ;
#5429 = VECTOR ( 'NONE', #2974, 1000.000000000000000 ) ;
#5430 = VERTEX_POINT ( 'NONE', #358 ) ;
#5431 =( GEOMETRIC_REPRESENTATION_CONTEXT ( 3 ) GLOBAL_UNCERTAINTY_ASSIGNED_CONTEXT ( ( #4328 ) ) GLOBAL_UNIT_ASSIGNED_CONTEXT ( ( #5331, #5868, #1344 ) ) REPRESENTATION_CONTEXT ( 'NONE', 'WORKASPACE' ) );
#5432 = EDGE_CURVE ( 'NONE', #3320, #754, #4904, .T. ) ;
#5433 = EDGE_LOOP ( 'NONE', ( #7397, #4145, #491, #5270 ) ) ;
#5434 = LINE ( 'NONE', #2608, #6654 ) ;
#5435 = CARTESIAN_POINT ( 'NONE',  ( 11.30300000000000793, 7.810499999999999332, -0.1270000000000042206 ) ) ;
#5436 = VECTOR ( 'NONE', #2889, 1000.000000000000114 ) ;
#5437 = PLANE ( 'NONE',  #2245 ) ;
#5438 = LINE ( 'NONE', #3143, #6960 ) ;
#5439 = ADVANCED_FACE ( 'NONE', ( #287 ), #957, .T. ) ;
#5440 = ADVANCED_FACE ( 'NONE', ( #4946 ), #3718, .T. ) ;
#5441 = ORIENTED_EDGE ( 'NONE', *, *, #6985, .T. ) ;
#5442 = AXIS2_PLACEMENT_3D ( 'NONE', #4571, #3453, #685 ) ;
#5443 = DIRECTION ( 'NONE',  ( 0.000000000000000000, 1.000000000000000000, 2.548365665731588345E-16 ) ) ;
#5444 = DIRECTION ( 'NONE',  ( -0.000000000000000000, 0.000000000000000000, -1.000000000000000000 ) ) ;
#5445 = PLANE ( 'NONE',  #2900 ) ;
#5446 = PLANE ( 'NONE',  #3205 ) ;
#5447 =( NAMED_UNIT ( * ) SI_UNIT ( $, .STERADIAN. ) SOLID_ANGLE_UNIT ( ) );
#5448 = VECTOR ( 'NONE', #5163, 1000.000000000000000 ) ;
#5449 = EDGE_CURVE ( 'NONE', #5861, #2120, #2737, .T. ) ;
#5450 = DIRECTION ( 'NONE',  ( -1.000000000000000000, -0.000000000000000000, -0.000000000000000000 ) ) ;
#5451 = EDGE_CURVE ( 'NONE', #1702, #1162, #3878, .T. ) ;
#5452 = ORIENTED_EDGE ( 'NONE', *, *, #59, .F. ) ;
#5453 = DIRECTION ( 'NONE',  ( 0.5773502691896267303, -0.5773502691896247319, -0.5773502691896258421 ) ) ;
#5454 = FACE_OUTER_BOUND ( 'NONE', #3627, .T. ) ;
#5455 = LINE ( 'NONE', #4443, #3807 ) ;
#5456 = CARTESIAN_POINT ( 'NONE',  ( -2.539999999999996927, 0.000000000000000000, 1.269999999999998908 ) ) ;
#5457 = CARTESIAN_POINT ( 'NONE',  ( 12.70000000000000462, 0.000000000000000000, 1.269999999999998908 ) ) ;
#5458 = VERTEX_POINT ( 'NONE', #5598 ) ;
#5459 = CARTESIAN_POINT ( 'NONE',  ( 15.23999999999999844, 8.509000000000000341, -1.270000000000001128 ) ) ;
#5460 = AXIS2_PLACEMENT_3D ( 'NONE', #3459, #68, #2319 ) ;
#5461 = ORIENTED_EDGE ( 'NONE', *, *, #6341, .F. ) ;
#5462 = ORIENTED_EDGE ( 'NONE', *, *, #6098, .F. ) ;
#5463 = EDGE_LOOP ( 'NONE', ( #3869, #4663, #1677, #6090 ) ) ;
#5464 = LINE ( 'NONE', #2000, #1288 ) ;
#5465 = CARTESIAN_POINT ( 'NONE',  ( 10.16000000000000369, 8.509000000000000341, 1.270000000000001128 ) ) ;
#5466 = CARTESIAN_POINT ( 'NONE',  ( -12.69999999999999751, 8.509000000000000341, -1.270000000000001128 ) ) ;
#5467 = SURFACE_STYLE_USAGE ( .BOTH. , #1929 ) ;
#5468 = ORIENTED_EDGE ( 'NONE', *, *, #1755, .F. ) ;
#5469 = ORIENTED_EDGE ( 'NONE', *, *, #1301, .F. ) ;
#5470 = ORIENTED_EDGE ( 'NONE', *, *, #36, .F. ) ;
#5471 = ORIENTED_EDGE ( 'NONE', *, *, #2950, .F. ) ;
#5472 = VECTOR ( 'NONE', #295, 1000.000000000000000 ) ;
#5473 = CARTESIAN_POINT ( 'NONE',  ( -14.35099999999999554, 7.239000000000000767, 0.3809999999999947873 ) ) ;
#5474 = LINE ( 'NONE', #5020, #2371 ) ;
#5475 = CARTESIAN_POINT ( 'NONE',  ( 7.620000000000003659, 0.5080000000000002292, -0.7528818102449945648 ) ) ;
#5476 = ORIENTED_EDGE ( 'NONE', *, *, #2730, .F. ) ;
#5477 = DIRECTION ( 'NONE',  ( 0.000000000000000000, 2.449293598294710852E-16, -1.000000000000000000 ) ) ;
#5478 = EDGE_CURVE ( 'NONE', #1656, #3255, #7341, .T. ) ;
#5479 = SURFACE_STYLE_USAGE ( .BOTH. , #1490 ) ;
#5480 = LINE ( 'NONE', #3720, #2056 ) ;
#5481 = EDGE_CURVE ( 'NONE', #3177, #5884, #6015, .T. ) ;
#5482 = DIRECTION ( 'NONE',  ( -1.000000000000000000, -0.000000000000000000, -0.000000000000000000 ) ) ;
#5483 = LINE ( 'NONE', #1566, #553 ) ;
#5484 = ORIENTED_EDGE ( 'NONE', *, *, #3911, .F. ) ;
#5485 = FACE_OUTER_BOUND ( 'NONE', #744, .T. ) ;
#5486 = CARTESIAN_POINT ( 'NONE',  ( 11.04900000000000659, 8.064499999999998892, 0.3809999999999949538 ) ) ;
#5487 = EDGE_CURVE ( 'NONE', #2462, #2554, #6584, .T. ) ;
#5488 = EDGE_CURVE ( 'NONE', #6144, #6391, #3150, .T. ) ;
#5489 = CARTESIAN_POINT ( 'NONE',  ( -1.650999999999994472, 8.064499999999998892, 0.3809999999999947873 ) ) ;
#5490 = AXIS2_PLACEMENT_3D ( 'NONE', #1373, #2991, #841 ) ;
#5491 = LINE ( 'NONE', #6222, #6172 ) ;
#5492 = EDGE_CURVE ( 'NONE', #7144, #671, #3184, .T. ) ;
#5493 = VECTOR ( 'NONE', #2533, 1000.000000000000000 ) ;
#5494 = CARTESIAN_POINT ( 'NONE',  ( -8.508999999999995012, 7.239000000000000767, 0.3809999999999947873 ) ) ;
#5495 = DIRECTION ( 'NONE',  ( 0.000000000000000000, 0.000000000000000000, 1.000000000000000000 ) ) ;
#5496 = ORIENTED_EDGE ( 'NONE', *, *, #6726, .T. ) ;
#5497 = DIRECTION ( 'NONE',  ( 0.000000000000000000, -1.000000000000000000, -2.548365665731588345E-16 ) ) ;
#5498 = VERTEX_POINT ( 'NONE', #1037 ) ;
#5499 = ORIENTED_EDGE ( 'NONE', *, *, #2537, .T. ) ;
#5500 = VECTOR ( 'NONE', #6278, 1000.000000000000000 ) ;
#5501 = EDGE_LOOP ( 'NONE', ( #3511, #4782, #1923, #1810 ) ) ;
#5502 = DIRECTION ( 'NONE',  ( -1.000000000000000000, -0.000000000000000000, -0.000000000000000000 ) ) ;
#5503 = ADVANCED_FACE ( 'NONE', ( #5215 ), #1678, .F. ) ;
#5504 = DIRECTION ( 'NONE',  ( 0.000000000000000000, -1.000000000000000000, -2.548365665731588345E-16 ) ) ;
#5505 = LINE ( 'NONE', #5543, #4065 ) ;
#5506 = CARTESIAN_POINT ( 'NONE',  ( -7.619999999999997442, 8.509000000000000341, -1.270000000000001128 ) ) ;
#5507 = DIRECTION ( 'NONE',  ( 0.7071067811865462405, -0.7071067811865489050, 0.000000000000000000 ) ) ;
#5508 = VECTOR ( 'NONE', #1957, 1000.000000000000000 ) ;
#5509 = PRODUCT_DEFINITION_SHAPE ( 'NONE', 'NONE',  #7453 ) ;
#5510 = ORIENTED_EDGE ( 'NONE', *, *, #883, .T. ) ;
#5511 = VERTEX_POINT ( 'NONE', #4612 ) ;
#5512 = ORIENTED_EDGE ( 'NONE', *, *, #5173, .T. ) ;
#5513 = ORIENTED_EDGE ( 'NONE', *, *, #18, .T. ) ;
#5514 = FACE_OUTER_BOUND ( 'NONE', #672, .T. ) ;
#5515 = DIRECTION ( 'NONE',  ( -1.000000000000000000, -0.000000000000000000, -0.000000000000000000 ) ) ;
#5516 = PLANE ( 'NONE',  #5863 ) ;
#5517 = DIRECTION ( 'NONE',  ( -1.000000000000000000, 0.000000000000000000, 0.000000000000000000 ) ) ;
#5518 = VERTEX_POINT ( 'NONE', #6322 ) ;
#5519 = DIRECTION ( 'NONE',  ( -0.000000000000000000, -0.7071067811865482389, -0.7071067811865467956 ) ) ;
#5520 = CARTESIAN_POINT ( 'NONE',  ( 5.080000000000002736, 8.509000000000000341, 1.270000000000001128 ) ) ;
#5521 = PLANE ( 'NONE',  #622 ) ;
#5522 = CARTESIAN_POINT ( 'NONE',  ( 15.49399999999999977, -1.925929944387235853E-31, 0.8889999999999991243 ) ) ;
#5523 = CARTESIAN_POINT ( 'NONE',  ( 2.540000000000002256, 0.5080000000000000071, 0.7528818102449925664 ) ) ;
#5524 = ADVANCED_FACE ( 'NONE', ( #3491 ), #1644, .F. ) ;
#5525 = VERTEX_POINT ( 'NONE', #1075 ) ;
#5526 = DIRECTION ( 'NONE',  ( -0.000000000000000000, 1.000000000000000000, 2.449293598294710852E-16 ) ) ;
#5527 = DIRECTION ( 'NONE',  ( 0.000000000000000000, -1.000000000000000000, -1.733406087350420004E-16 ) ) ;
#5528 = FACE_OUTER_BOUND ( 'NONE', #6117, .T. ) ;
#5529 = DIRECTION ( 'NONE',  ( 0.000000000000000000, 1.000000000000000000, -5.054934237236841843E-31 ) ) ;
#5530 = CARTESIAN_POINT ( 'NONE',  ( 7.620000000000003659, 8.509000000000000341, 1.270000000000001128 ) ) ;
#5531 = CARTESIAN_POINT ( 'NONE',  ( 11.81100000000000527, 7.239000000000000767, -0.3810000000000040021 ) ) ;
#5532 = EDGE_LOOP ( 'NONE', ( #4811, #3246, #7347, #7007, #4692, #1930, #1424, #1293 ) ) ;
#5533 = CARTESIAN_POINT ( 'NONE',  ( -5.079999999999997407, 2.177422008883992879E-16, -0.8890000000000013447 ) ) ;
#5534 = VERTEX_POINT ( 'NONE', #1752 ) ;
#5535 = EDGE_LOOP ( 'NONE', ( #5499, #215, #6305, #3712 ) ) ;
#5536 = EDGE_CURVE ( 'NONE', #3514, #5117, #3377, .T. ) ;
#5537 = EDGE_CURVE ( 'NONE', #2120, #3513, #5673, .T. ) ;
#5538 = ORIENTED_EDGE ( 'NONE', *, *, #6136, .T. ) ;
#5539 = PLANE ( 'NONE',  #5997 ) ;
#5540 = CARTESIAN_POINT ( 'NONE',  ( 7.620000000000003659, 0.5080000000000000071, 0.7528818102449925664 ) ) ;
#5541 = MECHANICAL_DESIGN_GEOMETRIC_PRESENTATION_REPRESENTATION (  '', ( #126 ), #5901 ) ;
#5542 = VECTOR ( 'NONE', #4442, 1000.000000000000227 ) ;
#5543 = CARTESIAN_POINT ( 'NONE',  ( -11.04899999999999594, 7.239000000000000767, 0.3809999999999947873 ) ) ;
#5544 = CARTESIAN_POINT ( 'NONE',  ( 2.540000000000002256, 8.509000000000000341, -1.270000000000001128 ) ) ;
#5545 = PLANE ( 'NONE',  #2689 ) ;
#5546 = ORIENTED_EDGE ( 'NONE', *, *, #6295, .T. ) ;
#5547 = VERTEX_POINT ( 'NONE', #3345 ) ;
#5548 = EDGE_CURVE ( 'NONE', #2799, #1841, #1184, .T. ) ;
#5549 = VECTOR ( 'NONE', #6962, 1000.000000000000000 ) ;
#5550 = VECTOR ( 'NONE', #3024, 1000.000000000000000 ) ;
#5551 = ORIENTED_EDGE ( 'NONE', *, *, #2179, .T. ) ;
#5552 = FACE_OUTER_BOUND ( 'NONE', #1361, .T. ) ;
#5553 = LINE ( 'NONE', #1601, #329 ) ;
#5554 = VECTOR ( 'NONE', #6869, 1000.000000000000000 ) ;
#5555 = DIRECTION ( 'NONE',  ( 0.000000000000000000, 1.000000000000000000, 1.733406087350420004E-16 ) ) ;
#5556 = ORIENTED_EDGE ( 'NONE', *, *, #4609, .F. ) ;
#5557 = VECTOR ( 'NONE', #3455, 1000.000000000000000 ) ;
#5558 = CARTESIAN_POINT ( 'NONE',  ( 13.58900000000000752, 7.239000000000000767, -0.3810000000000040021 ) ) ;
#5559 = CARTESIAN_POINT ( 'NONE',  ( 15.23999999999999844, 3.110602869834277161E-16, -1.270000000000001128 ) ) ;
#5560 = FACE_OUTER_BOUND ( 'NONE', #6006, .T. ) ;
#5561 = CARTESIAN_POINT ( 'NONE',  ( -0.3810000000000000053, 0.5079999999999998961, -0.2031999999999997419 ) ) ;
#5562 = VECTOR ( 'NONE', #5565, 1000.000000000000000 ) ;
#5563 = DIRECTION ( 'NONE',  ( 1.000000000000000000, 0.000000000000000000, 0.000000000000000000 ) ) ;
#5564 = ORIENTED_EDGE ( 'NONE', *, *, #6893, .T. ) ;
#5565 = DIRECTION ( 'NONE',  ( -0.000000000000000000, 1.000000000000000000, 1.733406087350420004E-16 ) ) ;
#5566 = DIRECTION ( 'NONE',  ( 0.000000000000000000, 2.449293598294710852E-16, -1.000000000000000000 ) ) ;
#5567 =( GEOMETRIC_REPRESENTATION_CONTEXT ( 3 ) GLOBAL_UNCERTAINTY_ASSIGNED_CONTEXT ( ( #1926 ) ) GLOBAL_UNIT_ASSIGNED_CONTEXT ( ( #1709, #4120, #620 ) ) REPRESENTATION_CONTEXT ( 'NONE', 'WORKASPACE' ) );
#5568 = FACE_OUTER_BOUND ( 'NONE', #469, .T. ) ;
#5569 = PRODUCT_DEFINITION_SHAPE ( 'NONE', 'NONE',  #7462 ) ;
#5570 = CARTESIAN_POINT ( 'NONE',  ( 1.651000000000003132, 7.239000000000000767, 0.3809999999999947873 ) ) ;
#5571 = DIRECTION ( 'NONE',  ( -1.000000000000000000, -0.000000000000000000, -0.000000000000000000 ) ) ;
#5572 = CARTESIAN_POINT ( 'NONE',  ( -14.35099999999999554, 7.239000000000000767, -0.3810000000000040021 ) ) ;
#5573 = ORIENTED_EDGE ( 'NONE', *, *, #3063, .T. ) ;
#5574 = LINE ( 'NONE', #3360, #6313 ) ;
#5575 = ORIENTED_EDGE ( 'NONE', *, *, #3235, .T. ) ;
#5576 = VECTOR ( 'NONE', #4411, 1000.000000000000000 ) ;
#5577 = VERTEX_POINT ( 'NONE', #4572 ) ;
#5578 = ORIENTED_EDGE ( 'NONE', *, *, #5340, .T. ) ;
#5579 = DIRECTION ( 'NONE',  ( 0.000000000000000000, 1.733406087350420004E-16, -1.000000000000000000 ) ) ;
#5580 = CARTESIAN_POINT ( 'NONE',  ( 0.8890000000000043423, 8.064499999999998892, 0.3809999999999949538 ) ) ;
#5581 = EDGE_CURVE ( 'NONE', #6814, #4511, #2315, .T. ) ;
#5582 = DIRECTION ( 'NONE',  ( 1.000000000000000000, 0.000000000000000000, 0.000000000000000000 ) ) ;
#5583 = CARTESIAN_POINT ( 'NONE',  ( -11.81099999999999461, 7.239000000000000767, 0.3809999999999947873 ) ) ;
#5584 = ADVANCED_FACE ( 'NONE', ( #6363 ), #1147, .F. ) ;
#5585 = LINE ( 'NONE', #7255, #1096 ) ;
#5586 = LINE ( 'NONE', #7331, #4022 ) ;
#5587 = ITEM_DEFINED_TRANSFORMATION ( 'NONE', 'NONE', #6204,  #765 ) ;
#5588 = ORIENTED_EDGE ( 'NONE', *, *, #480, .T. ) ;
#5589 = ORIENTED_EDGE ( 'NONE', *, *, #3104, .F. ) ;
#5590 = ORIENTED_EDGE ( 'NONE', *, *, #72, .T. ) ;
#5591 = DIRECTION ( 'NONE',  ( 0.000000000000000000, 1.000000000000000000, 1.733406087350420004E-16 ) ) ;
#5592 = ADVANCED_FACE ( 'NONE', ( #625 ), #554, .F. ) ;
#5593 = CARTESIAN_POINT ( 'NONE',  ( -6.730999999999995431, 7.239000000000000767, 0.3809999999999947873 ) ) ;
#5594 = ADVANCED_FACE ( 'NONE', ( #64 ), #6248, .F. ) ;
#5595 = PRODUCT_DEFINITION_FORMATION_WITH_SPECIFIED_SOURCE ( 'ANY', '', #7270, .NOT_KNOWN. ) ;
#5596 = DIRECTION ( 'NONE',  ( 0.000000000000000000, -0.9659258262890699775, -0.2588190451025145222 ) ) ;
#5597 = EDGE_LOOP ( 'NONE', ( #2023, #764, #600, #6467 ) ) ;
#5598 = CARTESIAN_POINT ( 'NONE',  ( -4.190999999999995396, 7.239000000000000767, -0.3810000000000040021 ) ) ;
#5599 = PRESENTATION_STYLE_ASSIGNMENT (( #5479 ) ) ;
#5600 = CARTESIAN_POINT ( 'NONE',  ( 3.469446951953614189E-15, 8.509000000000000341, -1.270000000000001128 ) ) ;
#5601 = LINE ( 'NONE', #1529, #4880 ) ;
#5602 =( NAMED_UNIT ( * ) PLANE_ANGLE_UNIT ( ) SI_UNIT ( $, .RADIAN. ) );
#5603 = EDGE_CURVE ( 'NONE', #5229, #6762, #2277, .T. ) ;
#5604 = VECTOR ( 'NONE', #3161, 1000.000000000000000 ) ;
#5605 = DIRECTION ( 'NONE',  ( -0.000000000000000000, 1.000000000000000000, 1.733406087350420004E-16 ) ) ;
#5606 = VECTOR ( 'NONE', #6068, 1000.000000000000000 ) ;
#5607 = ORIENTED_EDGE ( 'NONE', *, *, #7439, .F. ) ;
#5608 = PRESENTATION_STYLE_ASSIGNMENT (( #3314 ) ) ;
#5609 = FACE_BOUND ( 'NONE', #1781, .T. ) ;
#5610 = PLANE ( 'NONE',  #6948 ) ;
#5611 = DIRECTION ( 'NONE',  ( -0.000000000000000000, 1.000000000000000000, 1.733406087350420004E-16 ) ) ;
#5612 = LINE ( 'NONE', #5151, #1579 ) ;
#5613 = EDGE_LOOP ( 'NONE', ( #6826, #6639, #3228, #7245 ) ) ;
#5614 = CARTESIAN_POINT ( 'NONE',  ( -10.15999999999999659, 2.177422008883992879E-16, -0.8890000000000013447 ) ) ;
#5615 = ORIENTED_EDGE ( 'NONE', *, *, #1764, .F. ) ;
#5616 = VERTEX_POINT ( 'NONE', #5060 ) ;
#5617 = ORIENTED_EDGE ( 'NONE', *, *, #4874, .F. ) ;
#5618 = LINE ( 'NONE', #2075, #3101 ) ;
#5619 = CARTESIAN_POINT ( 'NONE',  ( 12.70000000000000462, 3.110602869834277161E-16, -1.270000000000001128 ) ) ;
#5620 = DIRECTION ( 'NONE',  ( -0.000000000000000000, 1.000000000000000000, 1.733406087350420004E-16 ) ) ;
#5621 = CARTESIAN_POINT ( 'NONE',  ( 5.080000000000002736, 0.000000000000000000, 0.000000000000000000 ) ) ;
#5622 = CARTESIAN_POINT ( 'NONE',  ( 4.191000000000003389, 7.239000000000000767, 0.3809999999999947873 ) ) ;
#5623 = VECTOR ( 'NONE', #5044, 1000.000000000000000 ) ;
#5624 = ORIENTED_EDGE ( 'NONE', *, *, #3994, .F. ) ;
#5625 = VECTOR ( 'NONE', #6707, 1000.000000000000000 ) ;
#5626 = EDGE_LOOP ( 'NONE', ( #3183, #1668, #1635, #5575 ) ) ;
#5627 = ADVANCED_FACE ( 'NONE', ( #7378 ), #6820, .F. ) ;
#5628 = ORIENTED_EDGE ( 'NONE', *, *, #1571, .F. ) ;
#5629 = EDGE_CURVE ( 'NONE', #3725, #3993, #3986, .T. ) ;
#5630 = EDGE_LOOP ( 'NONE', ( #4414, #714, #3410, #579 ) ) ;
#5631 = STYLED_ITEM ( 'NONE', ( #1432 ), #1619 ) ;
#5632 = CARTESIAN_POINT ( 'NONE',  ( -10.15999999999999659, 3.110602869834277161E-16, -1.270000000000001128 ) ) ;
#5633 = FACE_OUTER_BOUND ( 'NONE', #1609, .T. ) ;
#5634 = ADVANCED_FACE ( 'NONE', ( #1603 ), #3918, .F. ) ;
#5635 = ORIENTED_EDGE ( 'NONE', *, *, #6569, .T. ) ;
#5636 = EDGE_CURVE ( 'NONE', #4348, #3202, #6212, .T. ) ;
#5637 = EDGE_CURVE ( 'NONE', #5240, #2009, #6431, .T. ) ;
#5638 = CARTESIAN_POINT ( 'NONE',  ( 0.3810000000000000053, -3.200400000000000134, 0.2032000000000001583 ) ) ;
#5639 = DIRECTION ( 'NONE',  ( 0.000000000000000000, 0.9659258262890700886, -0.2588190451025140781 ) ) ;
#5640 = PLANE ( 'NONE',  #6642 ) ;
#5641 = DIRECTION ( 'NONE',  ( -1.000000000000000000, 0.000000000000000000, 0.000000000000000000 ) ) ;
#5642 = LINE ( 'NONE', #2580, #492 ) ;
#5643 = ORIENTED_EDGE ( 'NONE', *, *, #5860, .F. ) ;
#5644 = ADVANCED_FACE ( 'NONE', ( #6502 ), #4157, .F. ) ;
#5645 = EDGE_CURVE ( 'NONE', #5665, #1701, #1328, .T. ) ;
#5646 = ORIENTED_EDGE ( 'NONE', *, *, #2096, .F. ) ;
#5647 = FACE_OUTER_BOUND ( 'NONE', #2034, .T. ) ;
#5648 = DIRECTION ( 'NONE',  ( 0.000000000000000000, -1.000000000000000000, -2.548365665731588345E-16 ) ) ;
#5649 = CARTESIAN_POINT ( 'NONE',  ( 11.81100000000000527, 8.064499999999998892, 0.3809999999999949538 ) ) ;
#5650 = PLANE ( 'NONE',  #139 ) ;
#5651 = PLANE ( 'NONE',  #853 ) ;
#5652 = EDGE_LOOP ( 'NONE', ( #7431, #3797, #4440, #4068 ) ) ;
#5653 = DIRECTION ( 'NONE',  ( 0.000000000000000000, 0.000000000000000000, -1.000000000000000000 ) ) ;
#5654 = ORIENTED_EDGE ( 'NONE', *, *, #202, .F. ) ;
#5655 = VERTEX_POINT ( 'NONE', #6543 ) ;
#5656 = ORIENTED_EDGE ( 'NONE', *, *, #1673, .T. ) ;
#5657 = PLANE ( 'NONE',  #3350 ) ;
#5658 = PLANE ( 'NONE',  #7244 ) ;
#5659 = CARTESIAN_POINT ( 'NONE',  ( -15.23999999999999844, 8.509000000000000341, 1.270000000000001128 ) ) ;
#5660 = DIRECTION ( 'NONE',  ( 0.000000000000000000, 0.000000000000000000, 1.000000000000000000 ) ) ;
#5661 = DIRECTION ( 'NONE',  ( 0.3420201433256659929, 0.9396926207859094271, 2.197857363660188298E-16 ) ) ;
#5662 = ORIENTED_EDGE ( 'NONE', *, *, #4943, .F. ) ;
#5663 = VERTEX_POINT ( 'NONE', #2415 ) ;
#5664 = ORIENTED_EDGE ( 'NONE', *, *, #695, .T. ) ;
#5665 = VERTEX_POINT ( 'NONE', #6468 ) ;
#5666 =( GEOMETRIC_REPRESENTATION_CONTEXT ( 3 ) GLOBAL_UNCERTAINTY_ASSIGNED_CONTEXT ( ( #3057 ) ) GLOBAL_UNIT_ASSIGNED_CONTEXT ( ( #6661, #7302, #2726 ) ) REPRESENTATION_CONTEXT ( 'NONE', 'WORKASPACE' ) );
#5667 = AXIS2_PLACEMENT_3D ( 'NONE', #4802, #6559, #2513 ) ;
#5668 = CARTESIAN_POINT ( 'NONE',  ( 2.095500000000007024, 8.509000000000000341, -0.8255000000000067839 ) ) ;
#5669 = CARTESIAN_POINT ( 'NONE',  ( 12.70000000000000462, 0.5080000000000002292, -0.7528818102449945648 ) ) ;
#5670 = EDGE_CURVE ( 'NONE', #14, #521, #1295, .T. ) ;
#5671 = VECTOR ( 'NONE', #1107, 1000.000000000000000 ) ;
#5672 = VECTOR ( 'NONE', #848, 1000.000000000000114 ) ;
#5673 = LINE ( 'NONE', #6284, #3279 ) ;
#5674 = DIRECTION ( 'NONE',  ( 0.000000000000000000, 0.000000000000000000, 1.000000000000000000 ) ) ;
#5675 = VECTOR ( 'NONE', #2018, 1000.000000000000000 ) ;
#5676 = PRESENTATION_LAYER_ASSIGNMENT (  '', '', ( #6899 ) ) ;
#5677 = LINE ( 'NONE', #593, #3580 ) ;
#5678 = LINE ( 'NONE', #2242, #4708 ) ;
#5679 = ADVANCED_FACE ( 'NONE', ( #7106 ), #2378, .F. ) ;
#5680 = EDGE_CURVE ( 'NONE', #7181, #547, #3103, .T. ) ;
#5681 = ORIENTED_EDGE ( 'NONE', *, *, #6945, .T. ) ;
#5682 = AXIS2_PLACEMENT_3D ( 'NONE', #5638, #6896, #2921 ) ;
#5683 = DIRECTION ( 'NONE',  ( -1.000000000000000000, 0.000000000000000000, 0.000000000000000000 ) ) ;
#5684 = LINE ( 'NONE', #1, #3263 ) ;
#5685 = CARTESIAN_POINT ( 'NONE',  ( -0.4444999999999917906, 8.509000000000000341, -0.8255000000000067839 ) ) ;
#5686 = DIRECTION ( 'NONE',  ( 0.000000000000000000, 2.449293598294710852E-16, -1.000000000000000000 ) ) ;
#5687 = EDGE_CURVE ( 'NONE', #2361, #6791, #98, .T. ) ;
#5688 = AXIS2_PLACEMENT_3D ( 'NONE', #2625, #930, #4996 ) ;
#5689 = CARTESIAN_POINT ( 'NONE',  ( -7.619999999999997442, -1.925929944387235853E-31, 0.8889999999999991243 ) ) ;
#5690 = VERTEX_POINT ( 'NONE', #3565 ) ;
#5691 = SURFACE_STYLE_USAGE ( .BOTH. , #4 ) ;
#5692 = EDGE_CURVE ( 'NONE', #6762, #86, #6394, .T. ) ;
#5693 = EDGE_LOOP ( 'NONE', ( #6778, #1548, #4634, #6115 ) ) ;
#5694 = VERTEX_POINT ( 'NONE', #1257 ) ;
#5695 = VERTEX_POINT ( 'NONE', #3677 ) ;
#5696 = COLOUR_RGB ( '',0.2509803921568627416, 0.2509803921568627416, 0.2509803921568627416 ) ;
#5697 = CARTESIAN_POINT ( 'NONE',  ( 15.24000000000000554, 3.110602869834277161E-16, -1.270000000000001128 ) ) ;
#5698 = LINE ( 'NONE', #5089, #4546 ) ;
#5699 = CARTESIAN_POINT ( 'NONE',  ( 0.8890000000000043423, 7.239000000000000767, 0.3809999999999947873 ) ) ;
#5700 = CARTESIAN_POINT ( 'NONE',  ( -2.539999999999996927, 0.5080000000000000071, 0.7528818102449925664 ) ) ;
#5701 = AXIS2_PLACEMENT_3D ( 'NONE', #387, #4458, #1062 ) ;
#5702 = ORIENTED_EDGE ( 'NONE', *, *, #435, .T. ) ;
#5703 = ORIENTED_EDGE ( 'NONE', *, *, #7345, .T. ) ;
#5704 = VERTEX_POINT ( 'NONE', #5971 ) ;
#5705 = VERTEX_POINT ( 'NONE', #2987 ) ;
#5706 = VECTOR ( 'NONE', #2253, 1000.000000000000114 ) ;
#5707 = CARTESIAN_POINT ( 'NONE',  ( 3.429000000000005155, 8.064499999999998892, -0.3810000000000038356 ) ) ;
#5708 = LINE ( 'NONE', #2273, #5747 ) ;
#5709 = VERTEX_POINT ( 'NONE', #3023 ) ;
#5710 = CARTESIAN_POINT ( 'NONE',  ( -2.539999999999996927, -1.925929944387235853E-31, 0.8889999999999991243 ) ) ;
#5711 = LINE ( 'NONE', #4613, #3269 ) ;
#5712 = FACE_OUTER_BOUND ( 'NONE', #471, .T. ) ;
#5713 = DIRECTION ( 'NONE',  ( 0.000000000000000000, 0.9659258262890699775, 0.2588190451025145222 ) ) ;
#5714 = CARTESIAN_POINT ( 'NONE',  ( -10.15999999999999837, 0.5080000000000002292, -0.7528818102449945648 ) ) ;
#5715 = CARTESIAN_POINT ( 'NONE',  ( 15.23999999999999844, 0.000000000000000000, 0.000000000000000000 ) ) ;
#5716 = LINE ( 'NONE', #1795, #207 ) ;
#5717 = DIRECTION ( 'NONE',  ( 1.000000000000000000, 0.000000000000000000, 0.000000000000000000 ) ) ;
#5718 = EDGE_LOOP ( 'NONE', ( #6260, #3444, #6534, #3838 ) ) ;
#5719 = ADVANCED_FACE ( 'NONE', ( #800 ), #5852, .F. ) ;
#5720 = EDGE_CURVE ( 'NONE', #7277, #6137, #5357, .T. ) ;
#5721 = LINE ( 'NONE', #2853, #20 ) ;
#5722 = CARTESIAN_POINT ( 'NONE',  ( 1.734723475976807094E-15, 2.177422008883992879E-16, -0.8890000000000013447 ) ) ;
#5723 = CARTESIAN_POINT ( 'NONE',  ( -11.30299999999999727, 7.810499999999998444, 0.1269999999999948948 ) ) ;
#5724 = DIRECTION ( 'NONE',  ( -1.000000000000000000, -0.000000000000000000, -0.000000000000000000 ) ) ;
#5725 = FACE_OUTER_BOUND ( 'NONE', #4806, .T. ) ;
#5726 = EDGE_LOOP ( 'NONE', ( #755, #6047, #3256, #1621 ) ) ;
#5727 = ORIENTED_EDGE ( 'NONE', *, *, #6669, .F. ) ;
#5728 = EDGE_CURVE ( 'NONE', #2697, #7419, #206, .T. ) ;
#5729 = EDGE_CURVE ( 'NONE', #5166, #5333, #7071, .T. ) ;
#5730 = ADVANCED_FACE ( 'NONE', ( #3529 ), #1863, .F. ) ;
#5731 = CARTESIAN_POINT ( 'NONE',  ( 5.080000000000002736, 0.000000000000000000, 1.269999999999998908 ) ) ;
#5732 = CARTESIAN_POINT ( 'NONE',  ( 2.540000000000002256, 3.110602869834277161E-16, -1.270000000000001128 ) ) ;
#5733 = CARTESIAN_POINT ( 'NONE',  ( -2.539999999999996927, 0.000000000000000000, 0.000000000000000000 ) ) ;
#5734 = DIRECTION ( 'NONE',  ( -0.5773502691896267303, -0.5773502691896246208, -0.5773502691896259531 ) ) ;
#5735 = DIRECTION ( 'NONE',  ( -0.7071067811865462405, -0.7071067811865489050, 0.000000000000000000 ) ) ;
#5736 = ORIENTED_EDGE ( 'NONE', *, *, #757, .F. ) ;
#5737 = PLANE ( 'NONE',  #2206 ) ;
#5738 = ORIENTED_EDGE ( 'NONE', *, *, #3147, .T. ) ;
#5739 = ORIENTED_EDGE ( 'NONE', *, *, #4783, .T. ) ;
#5740 = VECTOR ( 'NONE', #4042, 1000.000000000000000 ) ;
#5741 = EDGE_LOOP ( 'NONE', ( #3861, #4979, #901, #6568 ) ) ;
#5742 = ORIENTED_EDGE ( 'NONE', *, *, #876, .F. ) ;
#5743 = ADVANCED_FACE ( 'NONE', ( #6968 ), #1790, .F. ) ;
#5744 = FACE_OUTER_BOUND ( 'NONE', #867, .T. ) ;
#5745 = CARTESIAN_POINT ( 'NONE',  ( -12.69999999999999751, 3.110602869834277161E-16, -1.270000000000001128 ) ) ;
#5746 = CARTESIAN_POINT ( 'NONE',  ( 10.16000000000000369, -1.925929944387235853E-31, 0.8889999999999991243 ) ) ;
#5747 = VECTOR ( 'NONE', #6855, 1000.000000000000000 ) ;
#5748 = DIRECTION ( 'NONE',  ( -1.000000000000000000, 0.000000000000000000, 0.000000000000000000 ) ) ;
#5749 = CARTESIAN_POINT ( 'NONE',  ( 7.620000000000003659, 3.110602869834277161E-16, -1.270000000000001128 ) ) ;
#5750 = CARTESIAN_POINT ( 'NONE',  ( -12.69999999999999751, -1.925929944387235853E-31, 0.8889999999999991243 ) ) ;
#5751 = CARTESIAN_POINT ( 'NONE',  ( -1.650999999999994472, 8.064499999999998892, -0.3810000000000038356 ) ) ;
#5752 =( NAMED_UNIT ( * ) SI_UNIT ( $, .STERADIAN. ) SOLID_ANGLE_UNIT ( ) );
#5753 = VECTOR ( 'NONE', #2066, 1000.000000000000000 ) ;
#5754 = EDGE_LOOP ( 'NONE', ( #2776, #3846, #415, #6600 ) ) ;
#5755 =( NAMED_UNIT ( * ) SI_UNIT ( $, .STERADIAN. ) SOLID_ANGLE_UNIT ( ) );
#5756 = LINE ( 'NONE', #6942, #5054 ) ;
#5757 = CARTESIAN_POINT ( 'NONE',  ( 12.70000000000000462, 8.509000000000000341, -0.8255000000000067839 ) ) ;
#5758 = CARTESIAN_POINT ( 'NONE',  ( 15.24000000000000554, 0.000000000000000000, 1.269999999999998908 ) ) ;
#5759 =( NAMED_UNIT ( * ) PLANE_ANGLE_UNIT ( ) SI_UNIT ( $, .RADIAN. ) );
#5760 = EDGE_CURVE ( 'NONE', #6137, #2713, #5245, .T. ) ;
#5761 = ORIENTED_EDGE ( 'NONE', *, *, #6243, .F. ) ;
#5762 = ORIENTED_EDGE ( 'NONE', *, *, #4211, .T. ) ;
#5763 = CARTESIAN_POINT ( 'NONE',  ( -10.15999999999999659, -1.925929944387235853E-31, 0.8889999999999991243 ) ) ;
#5764 = DIRECTION ( 'NONE',  ( -1.000000000000000000, -0.000000000000000000, -0.000000000000000000 ) ) ;
#5765 = CARTESIAN_POINT ( 'NONE',  ( 10.16000000000000369, 2.177422008883992879E-16, -0.8890000000000013447 ) ) ;
#5766 = CARTESIAN_POINT ( 'NONE',  ( 13.14450000000000429, 8.509000000000000341, -0.8255000000000067839 ) ) ;
#5767 = ADVANCED_FACE ( 'NONE', ( #1518 ), #952, .F. ) ;
#5768 = VERTEX_POINT ( 'NONE', #6009 ) ;
#5769 = DIRECTION ( 'NONE',  ( 1.000000000000000000, 0.000000000000000000, 0.000000000000000000 ) ) ;
#5770 = ADVANCED_FACE ( 'NONE', ( #4824 ), #2647, .F. ) ;
#5771 = VERTEX_POINT ( 'NONE', #6697 ) ;
#5772 = ORIENTED_EDGE ( 'NONE', *, *, #1722, .T. ) ;
#5773 = VERTEX_POINT ( 'NONE', #4390 ) ;
#5774 = DIRECTION ( 'NONE',  ( 0.000000000000000000, -1.000000000000000000, -2.548365665731588345E-16 ) ) ;
#5775 = DIRECTION ( 'NONE',  ( 0.000000000000000000, -0.000000000000000000, -1.000000000000000000 ) ) ;
#5776 = DIRECTION ( 'NONE',  ( 0.000000000000000000, 1.000000000000000000, 0.000000000000000000 ) ) ;
#5777 = EDGE_CURVE ( 'NONE', #1176, #2763, #4275, .T. ) ;
#5778 = EDGE_CURVE ( 'NONE', #3788, #2377, #2124, .T. ) ;
#5779 = ORIENTED_EDGE ( 'NONE', *, *, #5947, .F. ) ;
#5780 = ORIENTED_EDGE ( 'NONE', *, *, #924, .F. ) ;
#5781 = DIRECTION ( 'NONE',  ( 0.000000000000000000, 1.000000000000000000, 2.548365665731588345E-16 ) ) ;
#5782 = FACE_OUTER_BOUND ( 'NONE', #1209, .T. ) ;
#5783 = CARTESIAN_POINT ( 'NONE',  ( 5.969000000000005635, 7.239000000000000767, -0.3810000000000040021 ) ) ;
#5784 = CARTESIAN_POINT ( 'NONE',  ( 5.080000000000002736, 0.000000000000000000, 1.269999999999998908 ) ) ;
#5785 = VECTOR ( 'NONE', #5206, 1000.000000000000000 ) ;
#5786 = VECTOR ( 'NONE', #4214, 1000.000000000000000 ) ;
#5787 = CARTESIAN_POINT ( 'NONE',  ( 0.000000000000000000, 0.000000000000000000, 0.000000000000000000 ) ) ;
#5788 = ORIENTED_EDGE ( 'NONE', *, *, #7164, .T. ) ;
#5789 = VECTOR ( 'NONE', #6761, 1000.000000000000000 ) ;
#5790 = VECTOR ( 'NONE', #3307, 1000.000000000000000 ) ;
#5791 =( NAMED_UNIT ( * ) PLANE_ANGLE_UNIT ( ) SI_UNIT ( $, .RADIAN. ) );
#5792 = DIRECTION ( 'NONE',  ( 0.000000000000000000, -5.054934237236841843E-31, -1.000000000000000000 ) ) ;
#5793 = CARTESIAN_POINT ( 'NONE',  ( 5.080000000000002736, -1.925929944387235853E-31, 0.8889999999999991243 ) ) ;
#5794 = LINE ( 'NONE', #5723, #506 ) ;
#5795 = LINE ( 'NONE', #2823, #4971 ) ;
#5796 = AXIS2_PLACEMENT_3D ( 'NONE', #1370, #725, #5891 ) ;
#5797 = MECHANICAL_DESIGN_GEOMETRIC_PRESENTATION_REPRESENTATION (  '', ( #1944 ), #5431 ) ;
#5798 = ORIENTED_EDGE ( 'NONE', *, *, #188, .T. ) ;
#5799 = ORIENTED_EDGE ( 'NONE', *, *, #5487, .T. ) ;
#5800 = DIRECTION ( 'NONE',  ( -1.000000000000000000, -0.000000000000000000, -0.000000000000000000 ) ) ;
#5801 = FACE_OUTER_BOUND ( 'NONE', #721, .T. ) ;
#5802 = COLOUR_RGB ( '',0.2509803921568627416, 0.2509803921568627416, 0.2509803921568627416 ) ;
#5803 = DIRECTION ( 'NONE',  ( 0.000000000000000000, 0.000000000000000000, 1.000000000000000000 ) ) ;
#5804 = CARTESIAN_POINT ( 'NONE',  ( 15.24000000000000554, -1.925929944387235853E-31, 0.8889999999999991243 ) ) ;
#5805 = VERTEX_POINT ( 'NONE', #3750 ) ;
#5806 = LINE ( 'NONE', #6350, #407 ) ;
#5807 = ORIENTED_EDGE ( 'NONE', *, *, #2166, .F. ) ;
#5808 = PRESENTATION_LAYER_ASSIGNMENT (  '', '', ( #1721 ) ) ;
#5809 = ORIENTED_EDGE ( 'NONE', *, *, #7387, .F. ) ;
#5810 = ORIENTED_EDGE ( 'NONE', *, *, #3375, .T. ) ;
#5811 = EDGE_CURVE ( 'NONE', #4183, #7181, #2690, .T. ) ;
#5812 = ADVANCED_FACE ( 'NONE', ( #5552 ), #279, .F. ) ;
#5813 = DIRECTION ( 'NONE',  ( 0.000000000000000000, 0.9659258262890700886, -0.2588190451025140781 ) ) ;
#5814 = DIRECTION ( 'NONE',  ( 0.000000000000000000, 0.000000000000000000, 1.000000000000000000 ) ) ;
#5815 = DIRECTION ( 'NONE',  ( -1.000000000000000000, -0.000000000000000000, -0.000000000000000000 ) ) ;
#5816 = AXIS2_PLACEMENT_3D ( 'NONE', #1780, #4077, #6381 ) ;
#5817 = EDGE_LOOP ( 'NONE', ( #6, #5014, #3413, #4840 ) ) ;
#5818 = EDGE_CURVE ( 'NONE', #5341, #1057, #3831, .T. ) ;
#5819 = DIRECTION ( 'NONE',  ( 0.000000000000000000, 0.000000000000000000, 1.000000000000000000 ) ) ;
#5820 = EDGE_CURVE ( 'NONE', #4314, #7407, #5434, .T. ) ;
#5821 = DIRECTION ( 'NONE',  ( -1.000000000000000000, 0.000000000000000000, -0.000000000000000000 ) ) ;
#5822 = LINE ( 'NONE', #5104, #6470 ) ;
#5823 = CONTEXT_DEPENDENT_SHAPE_REPRESENTATION ( #7424, #5569 ) ;
#5824 = COLOUR_RGB ( '',0.2509803921568627416, 0.2509803921568627416, 0.2509803921568627416 ) ;
#5825 = ORIENTED_EDGE ( 'NONE', *, *, #5261, .T. ) ;
#5826 = COLOUR_RGB ( '',1.000000000000000000, 0.8117647058823529438, 0.5019607843137254832 ) ;
#5827 = EDGE_CURVE ( 'NONE', #1784, #2377, #4900, .T. ) ;
#5828 = CARTESIAN_POINT ( 'NONE',  ( -5.079999999999997407, 0.5080000000000002292, -0.7528818102449945648 ) ) ;
#5829 = LINE ( 'NONE', #7082, #6392 ) ;
#5830 = LINE ( 'NONE', #700, #3192 ) ;
#5831 = PLANE ( 'NONE',  #6196 ) ;
#5832 = ORIENTED_EDGE ( 'NONE', *, *, #475, .T. ) ;
#5833 = EDGE_LOOP ( 'NONE', ( #4933, #5041, #6361, #6530 ) ) ;
#5834 = LINE ( 'NONE', #5731, #3025 ) ;
#5835 = CARTESIAN_POINT ( 'NONE',  ( 0.3810000000000000053, 0.5079999999999998961, -0.2031999999999997419 ) ) ;
#5836 = CARTESIAN_POINT ( 'NONE',  ( 4.191000000000003389, 7.239000000000000767, 0.3809999999999947873 ) ) ;
#5837 = CARTESIAN_POINT ( 'NONE',  ( -9.270999999999993690, 8.064499999999998892, 0.3809999999999949538 ) ) ;
#5838 = ORIENTED_EDGE ( 'NONE', *, *, #7429, .T. ) ;
#5839 = LINE ( 'NONE', #2265, #5448 ) ;
#5840 = VECTOR ( 'NONE', #3852, 1000.000000000000000 ) ;
#5841 = ORIENTED_EDGE ( 'NONE', *, *, #5340, .F. ) ;
#5842 = ORIENTED_EDGE ( 'NONE', *, *, #6841, .T. ) ;
#5843 = ORIENTED_EDGE ( 'NONE', *, *, #2537, .F. ) ;
#5844 = DIRECTION ( 'NONE',  ( -0.000000000000000000, 0.000000000000000000, -1.000000000000000000 ) ) ;
#5845 = LINE ( 'NONE', #6463, #3466 ) ;
#5846 = FACE_OUTER_BOUND ( 'NONE', #2491, .T. ) ;
#5847 = FACE_OUTER_BOUND ( 'NONE', #4785, .T. ) ;
#5848 = ADVANCED_FACE ( 'NONE', ( #1404 ), #7301, .F. ) ;
#5849 = EDGE_CURVE ( 'NONE', #5458, #4903, #2010, .T. ) ;
#5850 = ORIENTED_EDGE ( 'NONE', *, *, #1712, .F. ) ;
#5851 = ORIENTED_EDGE ( 'NONE', *, *, #745, .F. ) ;
#5852 = PLANE ( 'NONE',  #3516 ) ;
#5853 = VECTOR ( 'NONE', #2701, 1000.000000000000000 ) ;
#5854 = SURFACE_STYLE_FILL_AREA ( #3566 ) ;
#5855 = DIRECTION ( 'NONE',  ( 0.5773502691896268413, 0.5773502691896246208, -0.5773502691896256200 ) ) ;
#5856 = DIRECTION ( 'NONE',  ( 0.000000000000000000, 0.000000000000000000, 1.000000000000000000 ) ) ;
#5857 = LINE ( 'NONE', #3028, #4170 ) ;
#5858 = DIRECTION ( 'NONE',  ( 1.000000000000000000, 0.000000000000000000, 0.000000000000000000 ) ) ;
#5859 = EDGE_CURVE ( 'NONE', #7098, #3734, #4353, .T. ) ;
#5860 = EDGE_CURVE ( 'NONE', #6966, #4348, #1482, .T. ) ;
#5861 = VERTEX_POINT ( 'NONE', #353 ) ;
#5862 = EDGE_CURVE ( 'NONE', #6956, #5071, #3792, .T. ) ;
#5863 = AXIS2_PLACEMENT_3D ( 'NONE', #4939, #4427, #473 ) ;
#5864 = EDGE_LOOP ( 'NONE', ( #4995, #6440, #2615, #4898 ) ) ;
#5865 = PLANE ( 'NONE',  #4827 ) ;
#5866 = CARTESIAN_POINT ( 'NONE',  ( 15.24000000000000554, 8.509000000000000341, 1.270000000000001128 ) ) ;
#5867 = DIRECTION ( 'NONE',  ( 0.000000000000000000, -0.000000000000000000, -1.000000000000000000 ) ) ;
#5868 =( NAMED_UNIT ( * ) PLANE_ANGLE_UNIT ( ) SI_UNIT ( $, .RADIAN. ) );
#5869 = VECTOR ( 'NONE', #5196, 1000.000000000000000 ) ;
#5870 = ADVANCED_FACE ( 'NONE', ( #5514 ), #4937, .F. ) ;
#5871 = EDGE_CURVE ( 'NONE', #2391, #2188, #2531, .T. ) ;
#5872 = ORIENTED_EDGE ( 'NONE', *, *, #657, .F. ) ;
#5873 = EDGE_CURVE ( 'NONE', #4219, #2244, #3437, .T. ) ;
#5874 = ORIENTED_EDGE ( 'NONE', *, *, #1981, .F. ) ;
#5875 = APPLICATION_CONTEXT ( 'automotive_design' ) ;
#5876 = DIRECTION ( 'NONE',  ( 0.000000000000000000, -1.000000000000000000, -1.733406087350420004E-16 ) ) ;
#5877 = DIRECTION ( 'NONE',  ( -0.5773502691896268413, 0.5773502691896246208, -0.5773502691896256200 ) ) ;
#5878 = CARTESIAN_POINT ( 'NONE',  ( -15.23999999999999844, 0.5080000000000002292, -0.7528818102449945648 ) ) ;
#5879 = FACE_OUTER_BOUND ( 'NONE', #7340, .T. ) ;
#5880 = EDGE_LOOP ( 'NONE', ( #928, #2288, #2791, #2103, #7369, #6993, #5016, #4547 ) ) ;
#5881 = DIRECTION ( 'NONE',  ( -1.000000000000000000, -0.000000000000000000, -0.000000000000000000 ) ) ;
#5882 = ORIENTED_EDGE ( 'NONE', *, *, #6985, .F. ) ;
#5883 = ORIENTED_EDGE ( 'NONE', *, *, #4919, .T. ) ;
#5884 = VERTEX_POINT ( 'NONE', #1806 ) ;
#5885 = LINE ( 'NONE', #4777, #3465 ) ;
#5886 = DIRECTION ( 'NONE',  ( -1.000000000000000000, 0.000000000000000000, 0.000000000000000000 ) ) ;
#5887 = CARTESIAN_POINT ( 'NONE',  ( 14.09700000000000486, 7.810499999999998444, 0.1269999999999948948 ) ) ;
#5888 = PLANE ( 'NONE',  #2320 ) ;
#5889 = ORIENTED_EDGE ( 'NONE', *, *, #7209, .T. ) ;
#5890 = EDGE_LOOP ( 'NONE', ( #3454, #3220, #5998, #6238 ) ) ;
#5891 = DIRECTION ( 'NONE',  ( 0.000000000000000000, 1.000000000000000000, 1.733406087350420004E-16 ) ) ;
#5892 = DIRECTION ( 'NONE',  ( 0.000000000000000000, 2.449293598294710852E-16, -1.000000000000000000 ) ) ;
#5893 = ADVANCED_FACE ( 'NONE', ( #2364 ), #1734, .F. ) ;
#5894 = DIRECTION ( 'NONE',  ( -0.000000000000000000, 1.000000000000000000, 1.733406087350420004E-16 ) ) ;
#5895 = CARTESIAN_POINT ( 'NONE',  ( 12.70000000000000462, 8.509000000000000341, 0.8254999999999981242 ) ) ;
#5896 = PRODUCT_CONTEXT ( 'NONE', #5875, 'mechanical' ) ;
#5897 = ORIENTED_EDGE ( 'NONE', *, *, #5251, .F. ) ;
#5898 = ADVANCED_FACE ( 'NONE', ( #1239 ), #1199, .F. ) ;
#5899 = CARTESIAN_POINT ( 'NONE',  ( 9.271000000000004349, 8.064499999999998892, 0.3809999999999949538 ) ) ;
#5900 = DIRECTION ( 'NONE',  ( 0.000000000000000000, 1.733406087350420004E-16, -1.000000000000000000 ) ) ;
#5901 =( GEOMETRIC_REPRESENTATION_CONTEXT ( 3 ) GLOBAL_UNCERTAINTY_ASSIGNED_CONTEXT ( ( #2447 ) ) GLOBAL_UNIT_ASSIGNED_CONTEXT ( ( #4091, #1682, #2925 ) ) REPRESENTATION_CONTEXT ( 'NONE', 'WORKASPACE' ) );
#5902 = AXIS2_PLACEMENT_3D ( 'NONE', #2227, #3970, #7433 ) ;
#5903 = ADVANCED_FACE ( 'NONE', ( #3547 ), #5230, .F. ) ;
#5904 = DIRECTION ( 'NONE',  ( 0.000000000000000000, 1.000000000000000000, 1.733406087350420004E-16 ) ) ;
#5905 = CARTESIAN_POINT ( 'NONE',  ( 12.70000000000000462, 8.509000000000000341, -1.270000000000001128 ) ) ;
#5906 = EDGE_LOOP ( 'NONE', ( #1042, #6835, #6805, #4677, #121, #190, #3013, #2389 ) ) ;
#5907 = VECTOR ( 'NONE', #472, 1000.000000000000000 ) ;
#5908 = VECTOR ( 'NONE', #5674, 1000.000000000000000 ) ;
#5909 = ORIENTED_EDGE ( 'NONE', *, *, #1663, .T. ) ;
#5910 = PLANE ( 'NONE',  #1835 ) ;
#5911 = CARTESIAN_POINT ( 'NONE',  ( -0.3810000000000000053, 0.5079999999999997851, 0.2032000000000010465 ) ) ;
#5912 = LINE ( 'NONE', #749, #2952 ) ;
#5913 = EDGE_CURVE ( 'NONE', #482, #4936, #82, .T. ) ;
#5914 = AXIS2_PLACEMENT_3D ( 'NONE', #3476, #576, #5660 ) ;
#5915 = VECTOR ( 'NONE', #4284, 1000.000000000000000 ) ;
#5916 = FACE_OUTER_BOUND ( 'NONE', #3244, .T. ) ;
#5917 = DIRECTION ( 'NONE',  ( 0.000000000000000000, -2.449293598294710852E-16, 1.000000000000000000 ) ) ;
#5918 = ORIENTED_EDGE ( 'NONE', *, *, #5287, .T. ) ;
#5919 = DIRECTION ( 'NONE',  ( 0.000000000000000000, -2.449293598294710852E-16, 1.000000000000000000 ) ) ;
#5920 = EDGE_LOOP ( 'NONE', ( #3489, #3335, #6695, #5033, #3248, #875, #1769, #3877 ) ) ;
#5921 = EDGE_LOOP ( 'NONE', ( #1657, #5573, #6994, #5374, #3969, #5788, #2836, #4897 ) ) ;
#5922 = ORIENTED_EDGE ( 'NONE', *, *, #4028, .F. ) ;
#5923 = VECTOR ( 'NONE', #7038, 1000.000000000000000 ) ;
#5924 = VECTOR ( 'NONE', #4993, 1000.000000000000000 ) ;
#5925 = DIRECTION ( 'NONE',  ( 0.000000000000000000, 0.000000000000000000, -1.000000000000000000 ) ) ;
#5926 = UNCERTAINTY_MEASURE_WITH_UNIT (LENGTH_MEASURE( 1.000000000000000082E-05 ), #2246, 'distance_accuracy_value', 'NONE');
#5927 = EDGE_CURVE ( 'NONE', #1013, #2321, #5834, .T. ) ;
#5928 = FACE_OUTER_BOUND ( 'NONE', #1403, .T. ) ;
#5929 = DIRECTION ( 'NONE',  ( 0.5773502691896268413, 0.5773502691896246208, -0.5773502691896256200 ) ) ;
#5930 = DIRECTION ( 'NONE',  ( -1.000000000000000000, -0.000000000000000000, -0.000000000000000000 ) ) ;
#5931 = VECTOR ( 'NONE', #6523, 999.9999999999998863 ) ;
#5932 = ORIENTED_EDGE ( 'NONE', *, *, #5993, .T. ) ;
#5933 = ORIENTED_EDGE ( 'NONE', *, *, #3604, .T. ) ;
#5934 = MECHANICAL_DESIGN_GEOMETRIC_PRESENTATION_REPRESENTATION (  '', ( #1721 ), #520 ) ;
#5935 = DIRECTION ( 'NONE',  ( 1.000000000000000000, 0.000000000000000000, 0.000000000000000000 ) ) ;
#5936 = CARTESIAN_POINT ( 'NONE',  ( -5.079999999999997407, 0.000000000000000000, 1.269999999999998908 ) ) ;
#5937 = CARTESIAN_POINT ( 'NONE',  ( -8.064499999999991786, 8.509000000000000341, -0.8255000000000067839 ) ) ;
#5938 = DIRECTION ( 'NONE',  ( 0.000000000000000000, -2.449293598294710852E-16, 1.000000000000000000 ) ) ;
#5939 = APPLICATION_PROTOCOL_DEFINITION ( 'draft international standard', 'automotive_design', 1998, #3818 ) ;
#5940 = VECTOR ( 'NONE', #7285, 1000.000000000000000 ) ;
#5941 = ORIENTED_EDGE ( 'NONE', *, *, #1342, .T. ) ;
#5942 = DIRECTION ( 'NONE',  ( 1.000000000000000000, 0.000000000000000000, 0.000000000000000000 ) ) ;
#5943 = DIRECTION ( 'NONE',  ( 0.000000000000000000, 1.000000000000000000, 2.548365665731588345E-16 ) ) ;
#5944 = CARTESIAN_POINT ( 'NONE',  ( 10.16000000000000369, 3.110602869834277161E-16, -1.270000000000001128 ) ) ;
#5945 = SURFACE_SIDE_STYLE ('',( #701 ) ) ;
#5946 = ORIENTED_EDGE ( 'NONE', *, *, #6414, .T. ) ;
#5947 = EDGE_CURVE ( 'NONE', #2633, #2520, #4070, .T. ) ;
#5948 = EDGE_CURVE ( 'NONE', #6500, #3100, #6448, .T. ) ;
#5949 = ORIENTED_EDGE ( 'NONE', *, *, #6097, .F. ) ;
#5950 = DIRECTION ( 'NONE',  ( 0.000000000000000000, -5.054934237236841843E-31, -1.000000000000000000 ) ) ;
#5951 = CARTESIAN_POINT ( 'NONE',  ( 6.731000000000004313, 7.239000000000000767, 0.3809999999999947873 ) ) ;
#5952 = DIRECTION ( 'NONE',  ( 0.000000000000000000, 0.000000000000000000, -1.000000000000000000 ) ) ;
#5953 = CARTESIAN_POINT ( 'NONE',  ( 8.509000000000005670, 8.064499999999998892, 0.3809999999999949538 ) ) ;
#5954 = LINE ( 'NONE', #1203, #30 ) ;
#5955 = VERTEX_POINT ( 'NONE', #2394 ) ;
#5956 = DIRECTION ( 'NONE',  ( 0.000000000000000000, 0.9659258262890699775, 0.2588190451025145222 ) ) ;
#5957 = ORIENTED_EDGE ( 'NONE', *, *, #2682, .T. ) ;
#5958 = ADVANCED_FACE ( 'NONE', ( #45 ), #4693, .F. ) ;
#5959 = ORIENTED_EDGE ( 'NONE', *, *, #4061, .F. ) ;
#5960 = EDGE_CURVE ( 'NONE', #5004, #4132, #6376, .T. ) ;
#5961 = ORIENTED_EDGE ( 'NONE', *, *, #7387, .T. ) ;
#5962 = CARTESIAN_POINT ( 'NONE',  ( -6.730999999999995431, 7.239000000000000767, -0.3810000000000040021 ) ) ;
#5963 = CARTESIAN_POINT ( 'NONE',  ( 10.16000000000000369, 8.509000000000000341, 0.8254999999999981242 ) ) ;
#5964 = CLOSED_SHELL ( 'NONE', ( #1949, #5848, #4491, #3439, #5903, #4099, #5076, #6506, #6517, #157 ) ) ;
#5965 = DIRECTION ( 'NONE',  ( -1.000000000000000000, 0.000000000000000000, 0.000000000000000000 ) ) ;
#5966 = CARTESIAN_POINT ( 'NONE',  ( 2.540000000000000036, 7.239000000000000767, -2.201425730935033664E-16 ) ) ;
#5967 = ORIENTED_EDGE ( 'NONE', *, *, #291, .T. ) ;
#5968 = EDGE_CURVE ( 'NONE', #1175, #4566, #4040, .T. ) ;
#5969 = VECTOR ( 'NONE', #1500, 1000.000000000000000 ) ;
#5970 = ORIENTED_EDGE ( 'NONE', *, *, #2498, .F. ) ;
#5971 = CARTESIAN_POINT ( 'NONE',  ( 12.70000000000000462, 8.509000000000000341, 1.270000000000001128 ) ) ;
#5972 = FACE_OUTER_BOUND ( 'NONE', #2160, .T. ) ;
#5973 = CARTESIAN_POINT ( 'NONE',  ( 6.731000000000004313, 7.239000000000000767, 0.3809999999999947873 ) ) ;
#5974 = CARTESIAN_POINT ( 'NONE',  ( 2.540000000000002256, 0.5080000000000002292, -0.7528818102449945648 ) ) ;
#5975 = VECTOR ( 'NONE', #5482, 1000.000000000000000 ) ;
#5976 = PLANE ( 'NONE',  #5490 ) ;
#5977 =( REPRESENTATION_RELATIONSHIP ('NONE','NONE', #3318, #5372 ) REPRESENTATION_RELATIONSHIP_WITH_TRANSFORMATION ( #6160 )SHAPE_REPRESENTATION_RELATIONSHIP( ) );
#5978 = ORIENTED_EDGE ( 'NONE', *, *, #3148, .T. ) ;
#5979 = DIRECTION ( 'NONE',  ( 0.000000000000000000, 1.000000000000000000, 0.000000000000000000 ) ) ;
#5980 = CARTESIAN_POINT ( 'NONE',  ( -5.079999999999997407, 0.5080000000000002292, -0.7528818102449945648 ) ) ;
#5981 = DIRECTION ( 'NONE',  ( 0.000000000000000000, 0.000000000000000000, 1.000000000000000000 ) ) ;
#5982 = SURFACE_SIDE_STYLE ('',( #3612 ) ) ;
#5983 = DIRECTION ( 'NONE',  ( 0.000000000000000000, 1.000000000000000000, 2.548365665731588345E-16 ) ) ;
#5984 = VECTOR ( 'NONE', #2500, 1000.000000000000114 ) ;
#5985 = ORIENTED_EDGE ( 'NONE', *, *, #28, .T. ) ;
#5986 = EDGE_LOOP ( 'NONE', ( #2712, #476, #1815, #5191 ) ) ;
#5987 = VECTOR ( 'NONE', #4968, 1000.000000000000000 ) ;
#5988 = AXIS2_PLACEMENT_3D ( 'NONE', #5282, #3603, #131 ) ;
#5989 = LINE ( 'NONE', #4877, #7377 ) ;
#5990 = LINE ( 'NONE', #1954, #2529 ) ;
#5991 = DIRECTION ( 'NONE',  ( -0.000000000000000000, 1.000000000000000000, 1.733406087350420004E-16 ) ) ;
#5992 = DIRECTION ( 'NONE',  ( 0.000000000000000000, 0.9659258262890699775, 0.2588190451025145222 ) ) ;
#5993 = EDGE_CURVE ( 'NONE', #7305, #4389, #3914, .T. ) ;
#5994 = DIRECTION ( 'NONE',  ( 0.000000000000000000, -0.000000000000000000, -1.000000000000000000 ) ) ;
#5995 = ORIENTED_EDGE ( 'NONE', *, *, #1065, .T. ) ;
#5996 = LINE ( 'NONE', #1960, #1481 ) ;
#5997 = AXIS2_PLACEMENT_3D ( 'NONE', #1624, #5007, #381 ) ;
#5998 = ORIENTED_EDGE ( 'NONE', *, *, #5692, .T. ) ;
#5999 = EDGE_LOOP ( 'NONE', ( #855, #1583, #5162, #7172 ) ) ;
#6000 = EDGE_LOOP ( 'NONE', ( #373, #6846, #6188, #7359 ) ) ;
#6001 = DIRECTION ( 'NONE',  ( -0.000000000000000000, 1.000000000000000000, 1.733406087350420004E-16 ) ) ;
#6002 = ADVANCED_FACE ( 'NONE', ( #3502 ), #434, .T. ) ;
#6003 = LINE ( 'NONE', #3739, #5057 ) ;
#6004 = PLANE ( 'NONE',  #4174 ) ;
#6005 = EDGE_CURVE ( 'NONE', #2084, #1788, #573, .T. ) ;
#6006 = EDGE_LOOP ( 'NONE', ( #7105, #549, #1942, #4385 ) ) ;
#6007 = EDGE_LOOP ( 'NONE', ( #268, #3946, #665, #2875 ) ) ;
#6008 = EDGE_LOOP ( 'NONE', ( #3434, #5727, #50, #6421 ) ) ;
#6009 = CARTESIAN_POINT ( 'NONE',  ( -2.539999999999996927, 0.5080000000000002292, -0.7528818102449945648 ) ) ;
#6010 = FACE_OUTER_BOUND ( 'NONE', #2403, .T. ) ;
#6011 = EDGE_CURVE ( 'NONE', #1237, #7419, #5018, .T. ) ;
#6012 = DIRECTION ( 'NONE',  ( 0.000000000000000000, -0.9659258262890700886, 0.2588190451025140781 ) ) ;
#6013 = DIRECTION ( 'NONE',  ( 1.000000000000000000, 0.000000000000000000, 0.000000000000000000 ) ) ;
#6014 = ORIENTED_EDGE ( 'NONE', *, *, #6713, .T. ) ;
#6015 = LINE ( 'NONE', #7189, #7130 ) ;
#6016 = FACE_OUTER_BOUND ( 'NONE', #3007, .T. ) ;
#6017 = DIRECTION ( 'NONE',  ( 0.000000000000000000, 0.000000000000000000, -1.000000000000000000 ) ) ;
#6018 = LINE ( 'NONE', #5944, #1043 ) ;
#6019 =( NAMED_UNIT ( * ) PLANE_ANGLE_UNIT ( ) SI_UNIT ( $, .RADIAN. ) );
#6020 = DIRECTION ( 'NONE',  ( -0.7071067811865462405, -0.7071067811865489050, 0.000000000000000000 ) ) ;
#6021 = ORIENTED_EDGE ( 'NONE', *, *, #5478, .F. ) ;
#6022 = VECTOR ( 'NONE', #1168, 1000.000000000000000 ) ;
#6023 = LINE ( 'NONE', #183, #868 ) ;
#6024 = DIRECTION ( 'NONE',  ( 0.000000000000000000, 0.000000000000000000, -1.000000000000000000 ) ) ;
#6025 = DIRECTION ( 'NONE',  ( -0.000000000000000000, -2.667820306312751888E-16, 1.000000000000000000 ) ) ;
#6026 = FACE_OUTER_BOUND ( 'NONE', #6643, .T. ) ;
#6027 = PLANE ( 'NONE',  #5424 ) ;
#6028 = VERTEX_POINT ( 'NONE', #1031 ) ;
#6029 = CARTESIAN_POINT ( 'NONE',  ( -15.49399999999999977, 0.000000000000000000, 1.269999999999998908 ) ) ;
#6030 = AXIS2_PLACEMENT_3D ( 'NONE', #3949, #6245, #2840 ) ;
#6031 = VECTOR ( 'NONE', #768, 1000.000000000000000 ) ;
#6032 = ORIENTED_EDGE ( 'NONE', *, *, #4492, .F. ) ;
#6033 = ORIENTED_EDGE ( 'NONE', *, *, #2730, .T. ) ;
#6034 = ORIENTED_EDGE ( 'NONE', *, *, #6209, .F. ) ;
#6035 = CARTESIAN_POINT ( 'NONE',  ( 10.16000000000000369, 8.509000000000000341, -1.270000000000001128 ) ) ;
#6036 = VECTOR ( 'NONE', #6236, 1000.000000000000000 ) ;
#6037 = AXIS2_PLACEMENT_3D ( 'NONE', #1085, #77, #563 ) ;
#6038 = LINE ( 'NONE', #5465, #5418 ) ;
#6039 = FACE_BOUND ( 'NONE', #3979, .T. ) ;
#6040 = DIRECTION ( 'NONE',  ( 0.000000000000000000, -0.9659258262890700886, 0.2588190451025140781 ) ) ;
#6041 = ORIENTED_EDGE ( 'NONE', *, *, #617, .F. ) ;
#6042 = AXIS2_PLACEMENT_3D ( 'NONE', #1113, #3416, #1716 ) ;
#6043 = ORIENTED_EDGE ( 'NONE', *, *, #5263, .F. ) ;
#6044 = AXIS2_PLACEMENT_3D ( 'NONE', #4050, #2912, #4018 ) ;
#6045 = EDGE_CURVE ( 'NONE', #3372, #2283, #6950, .T. ) ;
#6046 = EDGE_CURVE ( 'NONE', #905, #1171, #642, .T. ) ;
#6047 = ORIENTED_EDGE ( 'NONE', *, *, #4061, .T. ) ;
#6048 = DIRECTION ( 'NONE',  ( -1.000000000000000000, -0.000000000000000000, -0.000000000000000000 ) ) ;
#6049 = CARTESIAN_POINT ( 'NONE',  ( -15.23999999999999844, -1.925929944387235853E-31, 0.8889999999999991243 ) ) ;
#6050 = AXIS2_PLACEMENT_3D ( 'NONE', #1878, #1386, #779 ) ;
#6051 = DIRECTION ( 'NONE',  ( 0.000000000000000000, 0.000000000000000000, -1.000000000000000000 ) ) ;
#6052 = LINE ( 'NONE', #3303, #918 ) ;
#6053 = VERTEX_POINT ( 'NONE', #5377 ) ;
#6054 = COLOUR_RGB ( '',0.2509803921568627416, 0.2509803921568627416, 0.2509803921568627416 ) ;
#6055 = ADVANCED_FACE ( 'NONE', ( #3158 ), #5910, .F. ) ;
#6056 = ADVANCED_FACE ( 'NONE', ( #1989 ), #5334, .F. ) ;
#6057 = EDGE_CURVE ( 'NONE', #4847, #1055, #297, .T. ) ;
#6058 = DIRECTION ( 'NONE',  ( 0.000000000000000000, -0.9659258262890700886, 0.2588190451025140781 ) ) ;
#6059 = LINE ( 'NONE', #3799, #3036 ) ;
#6060 = DIRECTION ( 'NONE',  ( -1.000000000000000000, -0.000000000000000000, -0.000000000000000000 ) ) ;
#6061 = DIRECTION ( 'NONE',  ( 0.000000000000000000, 1.000000000000000000, 0.000000000000000000 ) ) ;
#6062 = SURFACE_STYLE_FILL_AREA ( #7274 ) ;
#6063 = VECTOR ( 'NONE', #1629, 1000.000000000000000 ) ;
#6064 = CARTESIAN_POINT ( 'NONE',  ( -13.14449999999999363, 8.509000000000000341, 0.8254999999999981242 ) ) ;
#6065 = VERTEX_POINT ( 'NONE', #4254 ) ;
#6066 = DIRECTION ( 'NONE',  ( 0.000000000000000000, -2.449293598294710852E-16, 1.000000000000000000 ) ) ;
#6067 = DIRECTION ( 'NONE',  ( 0.000000000000000000, -1.733406087350420004E-16, 1.000000000000000000 ) ) ;
#6068 = DIRECTION ( 'NONE',  ( -0.5773502691896267303, -0.5773502691896246208, -0.5773502691896259531 ) ) ;
#6069 = DIRECTION ( 'NONE',  ( 0.000000000000000000, 0.000000000000000000, -1.000000000000000000 ) ) ;
#6070 = LINE ( 'NONE', #263, #5385 ) ;
#6071 = DIRECTION ( 'NONE',  ( -1.000000000000000000, 0.000000000000000000, 0.000000000000000000 ) ) ;
#6072 = ORIENTED_EDGE ( 'NONE', *, *, #7355, .T. ) ;
#6073 = CARTESIAN_POINT ( 'NONE',  ( -6.730999999999995431, 8.064499999999998892, 0.3809999999999949538 ) ) ;
#6074 = ORIENTED_EDGE ( 'NONE', *, *, #4783, .F. ) ;
#6075 = ORIENTED_EDGE ( 'NONE', *, *, #2962, .T. ) ;
#6076 = VERTEX_POINT ( 'NONE', #4175 ) ;
#6077 = CARTESIAN_POINT ( 'NONE',  ( 2.540000000000002256, -1.925929944387235853E-31, 0.8889999999999991243 ) ) ;
#6078 = DIRECTION ( 'NONE',  ( 0.000000000000000000, -5.054934237236841843E-31, -1.000000000000000000 ) ) ;
#6079 =( LENGTH_UNIT ( ) NAMED_UNIT ( * ) SI_UNIT ( .MILLI., .METRE. ) );
#6080 = DIRECTION ( 'NONE',  ( 0.000000000000000000, 0.9659258262890700886, -0.2588190451025140781 ) ) ;
#6081 = ORIENTED_EDGE ( 'NONE', *, *, #5993, .F. ) ;
#6082 = ORIENTED_EDGE ( 'NONE', *, *, #5299, .F. ) ;
#6083 = VERTEX_POINT ( 'NONE', #2434 ) ;
#6084 = CLOSED_SHELL ( 'NONE', ( #4754, #5109, #4388, #5730, #1771, #2032, #7111, #1803, #1259, #1999, #1363, #3982, #6804, #4158, #3978, #389, #333, #5157, #3285 ) ) ;
#6085 = DIRECTION ( 'NONE',  ( 1.000000000000000000, -0.000000000000000000, -0.000000000000000000 ) ) ;
#6086 = DIRECTION ( 'NONE',  ( -1.000000000000000000, -0.000000000000000000, -0.000000000000000000 ) ) ;
#6087 = LINE ( 'NONE', #7304, #680 ) ;
#6088 = EDGE_CURVE ( 'NONE', #5273, #3734, #1310, .T. ) ;
#6089 = VECTOR ( 'NONE', #7236, 999.9999999999998863 ) ;
#6090 = ORIENTED_EDGE ( 'NONE', *, *, #5680, .F. ) ;
#6091 = DIRECTION ( 'NONE',  ( 0.000000000000000000, 0.000000000000000000, 1.000000000000000000 ) ) ;
#6092 = VECTOR ( 'NONE', #2543, 1000.000000000000000 ) ;
#6093 = SURFACE_STYLE_FILL_AREA ( #5026 ) ;
#6094 = CARTESIAN_POINT ( 'NONE',  ( -2.539999999999996927, 0.000000000000000000, 1.269999999999998908 ) ) ;
#6095 = CARTESIAN_POINT ( 'NONE',  ( 8.509000000000005670, 8.064499999999998892, -0.3810000000000038356 ) ) ;
#6096 = PRESENTATION_STYLE_ASSIGNMENT (( #406 ) ) ;
#6097 = EDGE_CURVE ( 'NONE', #267, #5694, #3585, .T. ) ;
#6098 = EDGE_CURVE ( 'NONE', #1266, #4192, #6558, .T. ) ;
#6099 = LINE ( 'NONE', #1531, #5924 ) ;
#6100 = EDGE_CURVE ( 'NONE', #5805, #2321, #6023, .T. ) ;
#6101 = DIRECTION ( 'NONE',  ( 0.000000000000000000, 2.548365665731588345E-16, -1.000000000000000000 ) ) ;
#6102 = ORIENTED_EDGE ( 'NONE', *, *, #5262, .F. ) ;
#6103 = DIRECTION ( 'NONE',  ( 1.000000000000000000, 0.000000000000000000, 0.000000000000000000 ) ) ;
#6104 = LINE ( 'NONE', #7317, #6156 ) ;
#6105 = CARTESIAN_POINT ( 'NONE',  ( 22.86000000000000298, 7.239000000000000767, -2.201425730935033664E-16 ) ) ;
#6106 = VECTOR ( 'NONE', #3794, 1000.000000000000000 ) ;
#6107 = VECTOR ( 'NONE', #6505, 1000.000000000000000 ) ;
#6108 = DIRECTION ( 'NONE',  ( 0.000000000000000000, 0.000000000000000000, 1.000000000000000000 ) ) ;
#6109 = DIRECTION ( 'NONE',  ( -1.000000000000000000, -0.000000000000000000, -0.000000000000000000 ) ) ;
#6110 = ADVANCED_FACE ( 'NONE', ( #3079 ), #7051, .F. ) ;
#6111 = ORIENTED_EDGE ( 'NONE', *, *, #5859, .T. ) ;
#6112 = CARTESIAN_POINT ( 'NONE',  ( 7.620000000000003659, 0.5080000000000000071, 0.7528818102449925664 ) ) ;
#6113 = EDGE_CURVE ( 'NONE', #5310, #2084, #706, .T. ) ;
#6114 = ORIENTED_EDGE ( 'NONE', *, *, #3384, .F. ) ;
#6115 = ORIENTED_EDGE ( 'NONE', *, *, #583, .T. ) ;
#6116 = VECTOR ( 'NONE', #2449, 1000.000000000000000 ) ;
#6117 = EDGE_LOOP ( 'NONE', ( #5967, #265, #2213, #2731 ) ) ;
#6118 = CARTESIAN_POINT ( 'NONE',  ( 2.540000000000002256, 8.509000000000000341, -1.270000000000001128 ) ) ;
#6119 = PLANE ( 'NONE',  #1569 ) ;
#6120 = DIRECTION ( 'NONE',  ( -0.000000000000000000, -0.7071067811865482389, -0.7071067811865467956 ) ) ;
#6121 = LINE ( 'NONE', #2761, #4611 ) ;
#6122 =( GEOMETRIC_REPRESENTATION_CONTEXT ( 3 ) GLOBAL_UNCERTAINTY_ASSIGNED_CONTEXT ( ( #3724 ) ) GLOBAL_UNIT_ASSIGNED_CONTEXT ( ( #4926, #5009, #3823 ) ) REPRESENTATION_CONTEXT ( 'NONE', 'WORKASPACE' ) );
#6123 = ORIENTED_EDGE ( 'NONE', *, *, #7339, .F. ) ;
#6124 = ORIENTED_EDGE ( 'NONE', *, *, #5300, .T. ) ;
#6125 = ORIENTED_EDGE ( 'NONE', *, *, #7239, .T. ) ;
#6126 = CARTESIAN_POINT ( 'NONE',  ( -4.190999999999995396, 7.239000000000000767, -0.3810000000000040021 ) ) ;
#6127 = CARTESIAN_POINT ( 'NONE',  ( -7.619999999999998330, 2.177422008883992879E-16, -0.8890000000000013447 ) ) ;
#6128 = CARTESIAN_POINT ( 'NONE',  ( 3.469446951953614189E-15, 0.5080000000000000071, 0.7528818102449925664 ) ) ;
#6129 = ORIENTED_EDGE ( 'NONE', *, *, #2182, .F. ) ;
#6130 = PLANE ( 'NONE',  #6526 ) ;
#6131 =( NAMED_UNIT ( * ) PLANE_ANGLE_UNIT ( ) SI_UNIT ( $, .RADIAN. ) );
#6132 = DIRECTION ( 'NONE',  ( 0.000000000000000000, 1.000000000000000000, -5.054934237236841843E-31 ) ) ;
#6133 = LINE ( 'NONE', #5522, #3461 ) ;
#6134 = SURFACE_SIDE_STYLE ('',( #890 ) ) ;
#6135 = CARTESIAN_POINT ( 'NONE',  ( -2.539999999999996927, 8.509000000000000341, -1.270000000000001128 ) ) ;
#6136 = EDGE_CURVE ( 'NONE', #5955, #4053, #258, .T. ) ;
#6137 = VERTEX_POINT ( 'NONE', #3618 ) ;
#6138 = EDGE_CURVE ( 'NONE', #1162, #5547, #746, .T. ) ;
#6139 = DIRECTION ( 'NONE',  ( 0.000000000000000000, 0.2588190451025145222, -0.9659258262890699775 ) ) ;
#6140 = CARTESIAN_POINT ( 'NONE',  ( -5.079999999999997407, 8.509000000000000341, 1.270000000000001128 ) ) ;
#6141 = CARTESIAN_POINT ( 'NONE',  ( -2.095499999999998586, 8.509000000000000341, -0.8255000000000067839 ) ) ;
#6142 = PLANE ( 'NONE',  #4184 ) ;
#6143 = CARTESIAN_POINT ( 'NONE',  ( -7.619999999999998330, 0.5080000000000000071, 0.7528818102449925664 ) ) ;
#6144 = VERTEX_POINT ( 'NONE', #2584 ) ;
#6145 = CARTESIAN_POINT ( 'NONE',  ( 15.24000000000000554, 0.5080000000000002292, -0.7528818102449945648 ) ) ;
#6146 = ORIENTED_EDGE ( 'NONE', *, *, #5720, .F. ) ;
#6147 = ORIENTED_EDGE ( 'NONE', *, *, #1764, .T. ) ;
#6148 = ORIENTED_EDGE ( 'NONE', *, *, #2128, .F. ) ;
#6149 = EDGE_CURVE ( 'NONE', #6990, #1437, #5989, .T. ) ;
#6150 = EDGE_CURVE ( 'NONE', #4669, #3527, #6634, .T. ) ;
#6151 = ADVANCED_FACE ( 'NONE', ( #5301 ), #7199, .F. ) ;
#6152 = FACE_OUTER_BOUND ( 'NONE', #5387, .T. ) ;
#6153 = PLANE ( 'NONE',  #6400 ) ;
#6154 = FACE_OUTER_BOUND ( 'NONE', #3827, .T. ) ;
#6155 = VECTOR ( 'NONE', #4595, 1000.000000000000114 ) ;
#6156 = VECTOR ( 'NONE', #5566, 1000.000000000000000 ) ;
#6157 = CARTESIAN_POINT ( 'NONE',  ( 10.16000000000000369, 0.5080000000000002292, -0.7528818102449945648 ) ) ;
#6158 = CARTESIAN_POINT ( 'NONE',  ( -2.095499999999998586, 8.509000000000000341, -1.270000000000001128 ) ) ;
#6159 = LINE ( 'NONE', #988, #6923 ) ;
#6160 = ITEM_DEFINED_TRANSFORMATION ( 'NONE', 'NONE', #5099,  #765 ) ;
#6161 = EDGE_LOOP ( 'NONE', ( #5084, #2859, #2252, #2439 ) ) ;
#6162 = EDGE_LOOP ( 'NONE', ( #6682, #3935, #3494, #560 ) ) ;
#6163 = AXIS2_PLACEMENT_3D ( 'NONE', #6609, #2003, #1434 ) ;
#6164 = VECTOR ( 'NONE', #3504, 1000.000000000000000 ) ;
#6165 = ORIENTED_EDGE ( 'NONE', *, *, #1023, .F. ) ;
#6166 = EDGE_CURVE ( 'NONE', #3255, #1101, #222, .T. ) ;
#6167 = DIRECTION ( 'NONE',  ( 0.000000000000000000, -5.054934237236841843E-31, -1.000000000000000000 ) ) ;
#6168 = DIRECTION ( 'NONE',  ( 1.000000000000000000, 0.000000000000000000, -0.000000000000000000 ) ) ;
#6169 = LINE ( 'NONE', #4983, #1895 ) ;
#6170 = VECTOR ( 'NONE', #1489, 1000.000000000000000 ) ;
#6171 = DIRECTION ( 'NONE',  ( -0.000000000000000000, -0.000000000000000000, 1.000000000000000000 ) ) ;
#6172 = VECTOR ( 'NONE', #2217, 1000.000000000000000 ) ;
#6173 = EDGE_LOOP ( 'NONE', ( #2746, #7096, #942, #2123, #4602, #5798, #3698, #6812 ) ) ;
#6174 = AXIS2_PLACEMENT_3D ( 'NONE', #5763, #2161, #2862 ) ;
#6175 = CARTESIAN_POINT ( 'NONE',  ( -15.23999999999999844, 8.509000000000000341, 1.270000000000001128 ) ) ;
#6176 = CARTESIAN_POINT ( 'NONE',  ( 0.4445000000000004503, 8.509000000000000341, -1.270000000000001128 ) ) ;
#6177 = CARTESIAN_POINT ( 'NONE',  ( -6.730999999999995431, 8.064499999999998892, -0.3810000000000038356 ) ) ;
#6178 =( GEOMETRIC_REPRESENTATION_CONTEXT ( 3 ) GLOBAL_UNCERTAINTY_ASSIGNED_CONTEXT ( ( #5926 ) ) GLOBAL_UNIT_ASSIGNED_CONTEXT ( ( #2246, #5791, #5755 ) ) REPRESENTATION_CONTEXT ( 'NONE', 'WORKASPACE' ) );
#6179 = DIRECTION ( 'NONE',  ( 0.5773502691896268413, 0.5773502691896246208, -0.5773502691896256200 ) ) ;
#6180 = ORIENTED_EDGE ( 'NONE', *, *, #237, .F. ) ;
#6181 = DIRECTION ( 'NONE',  ( 0.000000000000000000, -1.000000000000000000, -1.733406087350420004E-16 ) ) ;
#6182 = FACE_OUTER_BOUND ( 'NONE', #5726, .T. ) ;
#6183 = PRESENTATION_LAYER_ASSIGNMENT (  '', '', ( #6916 ) ) ;
#6184 = DIRECTION ( 'NONE',  ( 0.000000000000000000, 0.000000000000000000, -1.000000000000000000 ) ) ;
#6185 = CARTESIAN_POINT ( 'NONE',  ( 15.24000000000000554, -1.925929944387235853E-31, 0.8889999999999991243 ) ) ;
#6186 = LINE ( 'NONE', #1127, #505 ) ;
#6187 = ADVANCED_FACE ( 'NONE', ( #4801 ), #7127, .F. ) ;
#6188 = ORIENTED_EDGE ( 'NONE', *, *, #6709, .F. ) ;
#6189 = LINE ( 'NONE', #5040, #3042 ) ;
#6190 = EDGE_CURVE ( 'NONE', #7195, #2391, #3927, .T. ) ;
#6191 = ORIENTED_EDGE ( 'NONE', *, *, #1532, .T. ) ;
#6192 = VECTOR ( 'NONE', #5881, 1000.000000000000000 ) ;
#6193 = EDGE_LOOP ( 'NONE', ( #1759, #1741, #6849, #1281 ) ) ;
#6194 = ORIENTED_EDGE ( 'NONE', *, *, #7219, .T. ) ;
#6195 = FACE_OUTER_BOUND ( 'NONE', #4305, .T. ) ;
#6196 = AXIS2_PLACEMENT_3D ( 'NONE', #3395, #6833, #2857 ) ;
#6197 = PLANE ( 'NONE',  #5914 ) ;
#6198 = FACE_OUTER_BOUND ( 'NONE', #7050, .T. ) ;
#6199 = CONTEXT_DEPENDENT_SHAPE_REPRESENTATION ( #2503, #401 ) ;
#6200 = ADVANCED_FACE ( 'NONE', ( #6219 ), #4404, .T. ) ;
#6201 = ORIENTED_EDGE ( 'NONE', *, *, #3796, .T. ) ;
#6202 = ADVANCED_FACE ( 'NONE', ( #5485 ), #7234, .F. ) ;
#6203 = ORIENTED_EDGE ( 'NONE', *, *, #5398, .F. ) ;
#6204 = AXIS2_PLACEMENT_3D ( 'NONE', #1833, #2350, #559 ) ;
#6205 = ORIENTED_EDGE ( 'NONE', *, *, #321, .T. ) ;
#6206 = CARTESIAN_POINT ( 'NONE',  ( 3.469446951953614189E-15, 0.000000000000000000, 0.000000000000000000 ) ) ;
#6207 = CARTESIAN_POINT ( 'NONE',  ( 10.16000000000000369, 2.177422008883992879E-16, -0.8890000000000013447 ) ) ;
#6208 = CARTESIAN_POINT ( 'NONE',  ( -4.190999999999995396, 8.064499999999998892, 0.3809999999999947873 ) ) ;
#6209 = EDGE_CURVE ( 'NONE', #951, #682, #2062, .T. ) ;
#6210 = CLOSED_SHELL ( 'NONE', ( #2870, #4784, #4304, #6750, #4069, #2393, #4256, #6769, #5439, #4967, #2828, #6187, #4477, #4688, #4081, #5594, #5503, #104, #26 ) ) ;
#6211 = ORIENTED_EDGE ( 'NONE', *, *, #3613, .F. ) ;
#6212 = LINE ( 'NONE', #5710, #4945 ) ;
#6213 = CARTESIAN_POINT ( 'NONE',  ( 15.24000000000000554, 0.000000000000000000, 1.269999999999998908 ) ) ;
#6214 = CARTESIAN_POINT ( 'NONE',  ( -7.619999999999998330, 0.5080000000000002292, -0.7528818102449945648 ) ) ;
#6215 = DIRECTION ( 'NONE',  ( 1.000000000000000000, 0.000000000000000000, -0.000000000000000000 ) ) ;
#6216 = DIRECTION ( 'NONE',  ( 0.000000000000000000, 0.9659258262890699775, 0.2588190451025145222 ) ) ;
#6217 = EDGE_LOOP ( 'NONE', ( #6803, #1243, #1302, #651 ) ) ;
#6218 = ORIENTED_EDGE ( 'NONE', *, *, #3983, .T. ) ;
#6219 = FACE_OUTER_BOUND ( 'NONE', #533, .T. ) ;
#6220 = FACE_OUTER_BOUND ( 'NONE', #7137, .T. ) ;
#6221 = LINE ( 'NONE', #1047, #2582 ) ;
#6222 = CARTESIAN_POINT ( 'NONE',  ( 12.70000000000000462, 0.000000000000000000, 1.269999999999998908 ) ) ;
#6223 = DIRECTION ( 'NONE',  ( 0.7071067811865462405, -0.7071067811865489050, 0.000000000000000000 ) ) ;
#6224 = VERTEX_POINT ( 'NONE', #3354 ) ;
#6225 = CARTESIAN_POINT ( 'NONE',  ( 3.469446951953614189E-15, 0.000000000000000000, 1.269999999999998908 ) ) ;
#6226 = EDGE_LOOP ( 'NONE', ( #6262, #1582, #3654, #4713, #885, #1724, #489, #5810 ) ) ;
#6227 = ORIENTED_EDGE ( 'NONE', *, *, #6149, .T. ) ;
#6228 = ORIENTED_EDGE ( 'NONE', *, *, #1776, .T. ) ;
#6229 = VECTOR ( 'NONE', #6171, 1000.000000000000000 ) ;
#6230 = PRODUCT_DEFINITION ( 'UNKNOWN', '', #3062, #122 ) ;
#6231 = VECTOR ( 'NONE', #5028, 1000.000000000000000 ) ;
#6232 = PLANE ( 'NONE',  #4309 ) ;
#6233 = EDGE_CURVE ( 'NONE', #3078, #2258, #4480, .T. ) ;
#6234 = FACE_BOUND ( 'NONE', #4954, .T. ) ;
#6235 = CARTESIAN_POINT ( 'NONE',  ( -6.222999999999997200, 7.810499999999998444, 0.1269999999999948948 ) ) ;
#6236 = DIRECTION ( 'NONE',  ( -0.000000000000000000, 1.000000000000000000, 1.733406087350420004E-16 ) ) ;
#6237 = PLANE ( 'NONE',  #5701 ) ;
#6238 = ORIENTED_EDGE ( 'NONE', *, *, #3613, .T. ) ;
#6239 = VECTOR ( 'NONE', #4505, 1000.000000000000000 ) ;
#6240 = ORIENTED_EDGE ( 'NONE', *, *, #1731, .T. ) ;
#6241 = EDGE_LOOP ( 'NONE', ( #1557, #275, #1221, #4224 ) ) ;
#6242 = EDGE_LOOP ( 'NONE', ( #3312, #42, #1523, #5264 ) ) ;
#6243 = EDGE_CURVE ( 'NONE', #3887, #2982, #3888, .T. ) ;
#6244 = ADVANCED_FACE ( 'NONE', ( #2705 ), #1538, .F. ) ;
#6245 = DIRECTION ( 'NONE',  ( 0.000000000000000000, 1.000000000000000000, -5.054934237236841843E-31 ) ) ;
#6246 = DIRECTION ( 'NONE',  ( 0.000000000000000000, -0.9659258262890699775, -0.2588190451025145222 ) ) ;
#6247 = PRODUCT_DEFINITION_SHAPE ( 'NONE', 'NONE',  #732 ) ;
#6248 = PLANE ( 'NONE',  #4475 ) ;
#6249 = ADVANCED_FACE ( 'NONE', ( #4910 ), #5073, .F. ) ;
#6250 = LINE ( 'NONE', #2240, #1580 ) ;
#6251 = CARTESIAN_POINT ( 'NONE',  ( -1.650999999999994472, 8.064499999999998892, 0.3809999999999949538 ) ) ;
#6252 = DIRECTION ( 'NONE',  ( 1.000000000000000000, 0.000000000000000000, 0.000000000000000000 ) ) ;
#6253 = EDGE_LOOP ( 'NONE', ( #5053, #6974, #6532, #4261 ) ) ;
#6254 = LINE ( 'NONE', #5146, #2678 ) ;
#6255 = DIRECTION ( 'NONE',  ( 0.000000000000000000, -5.054934237236841843E-31, -1.000000000000000000 ) ) ;
#6256 = PLANE ( 'NONE',  #1152 ) ;
#6257 = DIRECTION ( 'NONE',  ( 1.000000000000000000, 0.000000000000000000, 0.000000000000000000 ) ) ;
#6258 = ADVANCED_BREP_SHAPE_REPRESENTATION ( '', ( #4133, #765 ), #1736 ) ;
#6259 = CARTESIAN_POINT ( 'NONE',  ( -2.539999999999996927, 8.509000000000000341, -0.8255000000000067839 ) ) ;
#6260 = ORIENTED_EDGE ( 'NONE', *, *, #474, .T. ) ;
#6261 = SURFACE_STYLE_FILL_AREA ( #2220 ) ;
#6262 = ORIENTED_EDGE ( 'NONE', *, *, #2636, .T. ) ;
#6263 = ORIENTED_EDGE ( 'NONE', *, *, #3053, .F. ) ;
#6264 = VERTEX_POINT ( 'NONE', #334 ) ;
#6265 = CARTESIAN_POINT ( 'NONE',  ( 15.49399999999999977, 8.509000000000000341, -1.270000000000001128 ) ) ;
#6266 = LINE ( 'NONE', #423, #4690 ) ;
#6267 = LINE ( 'NONE', #5046, #7086 ) ;
#6268 = FACE_OUTER_BOUND ( 'NONE', #6272, .T. ) ;
#6269 = CARTESIAN_POINT ( 'NONE',  ( 3.429000000000005155, 7.239000000000000767, -0.3810000000000040021 ) ) ;
#6270 = ORIENTED_EDGE ( 'NONE', *, *, #838, .F. ) ;
#6271 =( REPRESENTATION_RELATIONSHIP ('NONE','NONE', #3318, #5372 ) REPRESENTATION_RELATIONSHIP_WITH_TRANSFORMATION ( #805 )SHAPE_REPRESENTATION_RELATIONSHIP( ) );
#6272 = EDGE_LOOP ( 'NONE', ( #4775, #6727, #5131, #2444, #4011, #6501, #3061, #2673 ) ) ;
#6273 = EDGE_LOOP ( 'NONE', ( #1155, #1146, #2574, #2635 ) ) ;
#6274 = EDGE_LOOP ( 'NONE', ( #611, #4080, #5742, #1591 ) ) ;
#6275 = COLOUR_RGB ( '',0.2509803921568627416, 0.2509803921568627416, 0.2509803921568627416 ) ;
#6276 = AXIS2_PLACEMENT_3D ( 'NONE', #4878, #7200, #7422 ) ;
#6277 = LINE ( 'NONE', #2203, #4934 ) ;
#6278 = DIRECTION ( 'NONE',  ( -1.000000000000000000, -0.000000000000000000, -0.000000000000000000 ) ) ;
#6279 = ADVANCED_FACE ( 'NONE', ( #5034 ), #6676, .F. ) ;
#6280 = VECTOR ( 'NONE', #2902, 1000.000000000000227 ) ;
#6281 = VECTOR ( 'NONE', #661, 1000.000000000000227 ) ;
#6282 = ADVANCED_FACE ( 'NONE', ( #5647 ), #967, .F. ) ;
#6283 = ORIENTED_EDGE ( 'NONE', *, *, #3847, .F. ) ;
#6284 = CARTESIAN_POINT ( 'NONE',  ( -0.8889999999999956826, 7.239000000000000767, 0.3809999999999947873 ) ) ;
#6285 = LINE ( 'NONE', #1185, #4221 ) ;
#6286 = DIRECTION ( 'NONE',  ( 0.000000000000000000, 0.000000000000000000, 1.000000000000000000 ) ) ;
#6287 = VECTOR ( 'NONE', #6681, 1000.000000000000000 ) ;
#6288 = VECTOR ( 'NONE', #1194, 1000.000000000000000 ) ;
#6289 = CARTESIAN_POINT ( 'NONE',  ( 2.540000000000002256, 0.5080000000000002292, -0.7528818102449945648 ) ) ;
#6290 = CARTESIAN_POINT ( 'NONE',  ( 6.731000000000004313, 7.239000000000000767, 0.3809999999999947873 ) ) ;
#6291 = DIRECTION ( 'NONE',  ( 0.000000000000000000, 0.000000000000000000, 1.000000000000000000 ) ) ;
#6292 = EDGE_CURVE ( 'NONE', #2554, #3353, #3771, .T. ) ;
#6293 = EDGE_CURVE ( 'NONE', #3909, #5275, #4955, .T. ) ;
#6294 = VERTEX_POINT ( 'NONE', #2177 ) ;
#6295 = EDGE_CURVE ( 'NONE', #4936, #4124, #410, .T. ) ;
#6296 = VECTOR ( 'NONE', #3714, 1000.000000000000000 ) ;
#6297 = UNCERTAINTY_MEASURE_WITH_UNIT (LENGTH_MEASURE( 1.000000000000000082E-05 ), #6079, 'distance_accuracy_value', 'NONE');
#6298 = CARTESIAN_POINT ( 'NONE',  ( -11.81099999999999461, 8.064499999999998892, 0.3809999999999949538 ) ) ;
#6299 = CARTESIAN_POINT ( 'NONE',  ( -4.190999999999995396, 8.064499999999998892, 0.3809999999999947873 ) ) ;
#6300 = FACE_OUTER_BOUND ( 'NONE', #2382, .T. ) ;
#6301 = CARTESIAN_POINT ( 'NONE',  ( 13.58900000000000752, 8.064499999999998892, 0.3809999999999949538 ) ) ;
#6302 = AXIS2_PLACEMENT_3D ( 'NONE', #3848, #1045, #3275 ) ;
#6303 = PLANE ( 'NONE',  #2186 ) ;
#6304 = VERTEX_POINT ( 'NONE', #4441 ) ;
#6305 = ORIENTED_EDGE ( 'NONE', *, *, #4046, .F. ) ;
#6306 = VECTOR ( 'NONE', #6610, 1000.000000000000227 ) ;
#6307 = DIRECTION ( 'NONE',  ( 0.000000000000000000, -1.000000000000000000, -1.169455476739838842E-16 ) ) ;
#6308 = CARTESIAN_POINT ( 'NONE',  ( 10.16000000000000369, 0.5080000000000000071, 0.7528818102449925664 ) ) ;
#6309 = CARTESIAN_POINT ( 'NONE',  ( 13.58900000000000752, 7.239000000000000767, 0.3809999999999947873 ) ) ;
#6310 = DIRECTION ( 'NONE',  ( 0.000000000000000000, -1.000000000000000000, -2.667820306312752381E-16 ) ) ;
#6311 = ORIENTED_EDGE ( 'NONE', *, *, #4746, .T. ) ;
#6312 = CARTESIAN_POINT ( 'NONE',  ( -10.15999999999999659, 8.509000000000000341, -0.8255000000000067839 ) ) ;
#6313 = VECTOR ( 'NONE', #3895, 1000.000000000000000 ) ;
#6314 = PRODUCT_DEFINITION_SHAPE ( 'NONE', 'NONE',  #7458 ) ;
#6315 = ORIENTED_EDGE ( 'NONE', *, *, #4029, .T. ) ;
#6316 = ORIENTED_EDGE ( 'NONE', *, *, #3736, .F. ) ;
#6317 = ORIENTED_EDGE ( 'NONE', *, *, #6611, .T. ) ;
#6318 = ORIENTED_EDGE ( 'NONE', *, *, #1633, .F. ) ;
#6319 = MANIFOLD_SOLID_BREP ( 'LPattern1[8]', #6210 ) ;
#6320 = CARTESIAN_POINT ( 'NONE',  ( -11.81099999999999461, 7.239000000000000767, 0.3809999999999947873 ) ) ;
#6321 = CARTESIAN_POINT ( 'NONE',  ( 7.620000000000003659, 8.509000000000000341, -1.270000000000001128 ) ) ;
#6322 = CARTESIAN_POINT ( 'NONE',  ( 10.16000000000000369, 0.5080000000000002292, -0.7528818102449945648 ) ) ;
#6323 = LINE ( 'NONE', #3378, #6403 ) ;
#6324 = EDGE_CURVE ( 'NONE', #6137, #2361, #3962, .T. ) ;
#6325 = DIRECTION ( 'NONE',  ( 0.000000000000000000, 1.000000000000000000, 0.000000000000000000 ) ) ;
#6326 = DIRECTION ( 'NONE',  ( 0.000000000000000000, 5.054934237236841843E-31, 1.000000000000000000 ) ) ;
#6327 = CARTESIAN_POINT ( 'NONE',  ( -12.69999999999999751, 0.5080000000000002292, -0.7528818102449945648 ) ) ;
#6328 = CARTESIAN_POINT ( 'NONE',  ( -13.96999999999999709, 0.000000000000000000, 0.000000000000000000 ) ) ;
#6329 = VERTEX_POINT ( 'NONE', #2142 ) ;
#6330 = ADVANCED_FACE ( 'NONE', ( #6977 ), #3389, .F. ) ;
#6331 = AXIS2_PLACEMENT_3D ( 'NONE', #3769, #1416, #5563 ) ;
#6332 = CARTESIAN_POINT ( 'NONE',  ( -13.84299999999999820, 7.810499999999999332, -0.1270000000000042206 ) ) ;
#6333 = CARTESIAN_POINT ( 'NONE',  ( -2.539999999999996927, 8.509000000000000341, 1.270000000000001128 ) ) ;
#6334 = EDGE_CURVE ( 'NONE', #4866, #461, #1121, .T. ) ;
#6335 = DIRECTION ( 'NONE',  ( 1.000000000000000000, 0.000000000000000000, 0.000000000000000000 ) ) ;
#6336 = CARTESIAN_POINT ( 'NONE',  ( 2.540000000000002256, 2.177422008883992879E-16, -0.8890000000000013447 ) ) ;
#6337 = UNCERTAINTY_MEASURE_WITH_UNIT (LENGTH_MEASURE( 1.000000000000000082E-05 ), #2741, 'distance_accuracy_value', 'NONE');
#6338 = ORIENTED_EDGE ( 'NONE', *, *, #3897, .T. ) ;
#6339 = VECTOR ( 'NONE', #4406, 1000.000000000000000 ) ;
#6340 = ORIENTED_EDGE ( 'NONE', *, *, #6383, .T. ) ;
#6341 = EDGE_CURVE ( 'NONE', #5430, #2566, #6254, .T. ) ;
#6342 = DIRECTION ( 'NONE',  ( -1.000000000000000000, 0.000000000000000000, 0.000000000000000000 ) ) ;
#6343 = CARTESIAN_POINT ( 'NONE',  ( 0.8890000000000043423, 7.239000000000000767, 0.3809999999999947873 ) ) ;
#6344 = CARTESIAN_POINT ( 'NONE',  ( 7.620000000000003659, 0.5080000000000002292, -0.7528818102449945648 ) ) ;
#6345 = ADVANCED_FACE ( 'NONE', ( #2284 ), #2817, .F. ) ;
#6346 = AXIS2_PLACEMENT_3D ( 'NONE', #4686, #5292, #142 ) ;
#6347 = CARTESIAN_POINT ( 'NONE',  ( 7.620000000000003659, 8.509000000000000341, -1.270000000000001128 ) ) ;
#6348 = CARTESIAN_POINT ( 'NONE',  ( 11.81100000000000527, 8.064499999999998892, -0.3810000000000038356 ) ) ;
#6349 = ORIENTED_EDGE ( 'NONE', *, *, #3950, .F. ) ;
#6350 = CARTESIAN_POINT ( 'NONE',  ( -4.190999999999995396, 8.064499999999998892, 0.3809999999999949538 ) ) ;
#6351 = ORIENTED_EDGE ( 'NONE', *, *, #7443, .F. ) ;
#6352 = ORIENTED_EDGE ( 'NONE', *, *, #3851, .T. ) ;
#6353 = VECTOR ( 'NONE', #4074, 1000.000000000000000 ) ;
#6354 = EDGE_LOOP ( 'NONE', ( #3298, #3361, #6605, #1360 ) ) ;
#6355 = DIRECTION ( 'NONE',  ( 0.000000000000000000, -1.000000000000000000, 0.000000000000000000 ) ) ;
#6356 = LINE ( 'NONE', #6321, #7444 ) ;
#6357 = VECTOR ( 'NONE', #7223, 1000.000000000000000 ) ;
#6358 = DIRECTION ( 'NONE',  ( -1.000000000000000000, -0.000000000000000000, -0.000000000000000000 ) ) ;
#6359 = AXIS2_PLACEMENT_3D ( 'NONE', #5750, #1719, #1226 ) ;
#6360 = ORIENTED_EDGE ( 'NONE', *, *, #3842, .T. ) ;
#6361 = ORIENTED_EDGE ( 'NONE', *, *, #5088, .F. ) ;
#6362 = AXIS2_PLACEMENT_3D ( 'NONE', #5745, #5814, #6817 ) ;
#6363 = FACE_OUTER_BOUND ( 'NONE', #6161, .T. ) ;
#6364 = DIRECTION ( 'NONE',  ( 0.000000000000000000, 1.000000000000000000, 0.000000000000000000 ) ) ;
#6365 = CARTESIAN_POINT ( 'NONE',  ( 14.35100000000000620, 7.239000000000000767, 0.3809999999999947873 ) ) ;
#6366 = ORIENTED_EDGE ( 'NONE', *, *, #5451, .F. ) ;
#6367 = DIRECTION ( 'NONE',  ( 1.000000000000000000, 0.000000000000000000, 0.000000000000000000 ) ) ;
#6368 = CARTESIAN_POINT ( 'NONE',  ( 3.469446951953614189E-15, 2.177422008883992879E-16, -0.8890000000000013447 ) ) ;
#6369 = FACE_OUTER_BOUND ( 'NONE', #4821, .T. ) ;
#6370 =( REPRESENTATION_RELATIONSHIP ('NONE','NONE', #3318, #5372 ) REPRESENTATION_RELATIONSHIP_WITH_TRANSFORMATION ( #1409 )SHAPE_REPRESENTATION_RELATIONSHIP( ) );
#6371 = CARTESIAN_POINT ( 'NONE',  ( -12.69999999999999751, 8.509000000000000341, -1.270000000000001128 ) ) ;
#6372 = VERTEX_POINT ( 'NONE', #1725 ) ;
#6373 = EDGE_CURVE ( 'NONE', #5511, #5128, #1082, .T. ) ;
#6374 = EDGE_CURVE ( 'NONE', #7057, #4703, #4584, .T. ) ;
#6375 = ORIENTED_EDGE ( 'NONE', *, *, #480, .F. ) ;
#6376 = LINE ( 'NONE', #1275, #2192 ) ;
#6377 = CARTESIAN_POINT ( 'NONE',  ( -0.3810000000000000053, 0.5079999999999997851, 0.2032000000000010465 ) ) ;
#6378 = DIRECTION ( 'NONE',  ( -0.5773502691896268413, 0.5773502691896246208, -0.5773502691896256200 ) ) ;
#6379 = PLANE ( 'NONE',  #1824 ) ;
#6380 = VERTEX_POINT ( 'NONE', #6404 ) ;
#6381 = DIRECTION ( 'NONE',  ( 0.000000000000000000, -2.449293598294710852E-16, 1.000000000000000000 ) ) ;
#6382 = ORIENTED_EDGE ( 'NONE', *, *, #4335, .T. ) ;
#6383 = EDGE_CURVE ( 'NONE', #3787, #7001, #5222, .T. ) ;
#6384 = ORIENTED_EDGE ( 'NONE', *, *, #6747, .F. ) ;
#6385 = ADVANCED_FACE ( 'NONE', ( #6908 ), #5256, .F. ) ;
#6386 = VERTEX_POINT ( 'NONE', #37 ) ;
#6387 = DIRECTION ( 'NONE',  ( 0.000000000000000000, -0.000000000000000000, -1.000000000000000000 ) ) ;
#6388 = PLANE ( 'NONE',  #6362 ) ;
#6389 = DIRECTION ( 'NONE',  ( -1.000000000000000000, -0.000000000000000000, -0.000000000000000000 ) ) ;
#6390 = EDGE_CURVE ( 'NONE', #6522, #86, #4548, .T. ) ;
#6391 = VERTEX_POINT ( 'NONE', #3462 ) ;
#6392 = VECTOR ( 'NONE', #7011, 1000.000000000000000 ) ;
#6393 = EDGE_LOOP ( 'NONE', ( #3174, #5130, #3122, #6815 ) ) ;
#6394 = LINE ( 'NONE', #1828, #4593 ) ;
#6395 = PLANE ( 'NONE',  #2670 ) ;
#6396 = DIRECTION ( 'NONE',  ( 0.000000000000000000, 0.000000000000000000, 1.000000000000000000 ) ) ;
#6397 = PLANE ( 'NONE',  #6359 ) ;
#6398 = SURFACE_SIDE_STYLE ('',( #2348 ) ) ;
#6399 = VECTOR ( 'NONE', #5582, 1000.000000000000000 ) ;
#6400 = AXIS2_PLACEMENT_3D ( 'NONE', #5619, #4455, #1059 ) ;
#6401 = VERTEX_POINT ( 'NONE', #6941 ) ;
#6402 = VECTOR ( 'NONE', #6109, 1000.000000000000000 ) ;
#6403 = VECTOR ( 'NONE', #1186, 1000.000000000000000 ) ;
#6404 = CARTESIAN_POINT ( 'NONE',  ( -10.15999999999999659, 8.509000000000000341, -1.270000000000001128 ) ) ;
#6405 = DIRECTION ( 'NONE',  ( 0.000000000000000000, -1.000000000000000000, -2.548365665731588345E-16 ) ) ;
#6406 = DIRECTION ( 'NONE',  ( 0.000000000000000000, -1.000000000000000000, 0.000000000000000000 ) ) ;
#6407 = PLANE ( 'NONE',  #383 ) ;
#6408 = VECTOR ( 'NONE', #4139, 1000.000000000000000 ) ;
#6409 = ORIENTED_EDGE ( 'NONE', *, *, #1864, .F. ) ;
#6410 = EDGE_LOOP ( 'NONE', ( #4235, #6657, #4851, #1417 ) ) ;
#6411 = CARTESIAN_POINT ( 'NONE',  ( -10.15999999999999659, 0.5080000000000000071, 0.7528818102449925664 ) ) ;
#6412 = CARTESIAN_POINT ( 'NONE',  ( -2.539999999999996927, 0.5080000000000002292, -0.7528818102449945648 ) ) ;
#6413 = VECTOR ( 'NONE', #5328, 1000.000000000000000 ) ;
#6414 = EDGE_CURVE ( 'NONE', #4393, #351, #6865, .T. ) ;
#6415 = CARTESIAN_POINT ( 'NONE',  ( 3.469446951953614189E-15, 0.000000000000000000, 1.269999999999998908 ) ) ;
#6416 = EDGE_CURVE ( 'NONE', #3713, #2130, #1685, .T. ) ;
#6417 = DIRECTION ( 'NONE',  ( -1.000000000000000000, -0.000000000000000000, -0.000000000000000000 ) ) ;
#6418 = ORIENTED_EDGE ( 'NONE', *, *, #4445, .T. ) ;
#6419 = DIRECTION ( 'NONE',  ( -0.7071067811865462405, -0.7071067811865489050, 0.000000000000000000 ) ) ;
#6420 = VERTEX_POINT ( 'NONE', #3495 ) ;
#6421 = ORIENTED_EDGE ( 'NONE', *, *, #5272, .T. ) ;
#6422 = VERTEX_POINT ( 'NONE', #105 ) ;
#6423 = LINE ( 'NONE', #683, #1211 ) ;
#6424 = VECTOR ( 'NONE', #4298, 1000.000000000000000 ) ;
#6425 = EDGE_CURVE ( 'NONE', #7257, #6762, #2385, .T. ) ;
#6426 = CARTESIAN_POINT ( 'NONE',  ( -2.539999999999996927, 3.110602869834277161E-16, -1.270000000000001128 ) ) ;
#6427 = EDGE_CURVE ( 'NONE', #6455, #5298, #2425, .T. ) ;
#6428 = CARTESIAN_POINT ( 'NONE',  ( -0.4444999999999917906, 8.509000000000000341, -1.270000000000001128 ) ) ;
#6429 = ADVANCED_FACE ( 'NONE', ( #6479 ), #811, .F. ) ;
#6430 = ORIENTED_EDGE ( 'NONE', *, *, #5948, .T. ) ;
#6431 = LINE ( 'NONE', #5322, #5195 ) ;
#6432 = EDGE_CURVE ( 'NONE', #5341, #1962, #4759, .T. ) ;
#6433 = CARTESIAN_POINT ( 'NONE',  ( -3.428999999999996273, 7.239000000000000767, 0.3809999999999947873 ) ) ;
#6434 = CARTESIAN_POINT ( 'NONE',  ( -5.079999999999997407, 8.509000000000000341, -1.270000000000001128 ) ) ;
#6435 = EDGE_CURVE ( 'NONE', #521, #4413, #4166, .T. ) ;
#6436 = AXIS2_PLACEMENT_3D ( 'NONE', #4650, #2849, #6438 ) ;
#6437 = DIRECTION ( 'NONE',  ( 0.000000000000000000, 2.449293598294710852E-16, -1.000000000000000000 ) ) ;
#6438 = DIRECTION ( 'NONE',  ( 1.000000000000000000, 0.000000000000000000, 0.000000000000000000 ) ) ;
#6439 = ORIENTED_EDGE ( 'NONE', *, *, #5760, .F. ) ;
#6440 = ORIENTED_EDGE ( 'NONE', *, *, #6334, .F. ) ;
#6441 = CARTESIAN_POINT ( 'NONE',  ( 3.469446951953614189E-15, 3.110602869834277161E-16, -1.270000000000001128 ) ) ;
#6442 = LINE ( 'NONE', #7115, #3500 ) ;
#6443 = DIRECTION ( 'NONE',  ( -1.000000000000000000, -0.000000000000000000, -0.000000000000000000 ) ) ;
#6444 = CARTESIAN_POINT ( 'NONE',  ( 7.620000000000003659, 0.5080000000000000071, 0.7528818102449925664 ) ) ;
#6445 = ORIENTED_EDGE ( 'NONE', *, *, #2702, .F. ) ;
#6446 = AXIS2_PLACEMENT_3D ( 'NONE', #5715, #1117, #6291 ) ;
#6447 = VERTEX_POINT ( 'NONE', #4134 ) ;
#6448 = LINE ( 'NONE', #5266, #7139 ) ;
#6449 = FACE_OUTER_BOUND ( 'NONE', #994, .T. ) ;
#6450 = CARTESIAN_POINT ( 'NONE',  ( 10.60450000000000337, 8.509000000000000341, 0.8254999999999981242 ) ) ;
#6451 = DIRECTION ( 'NONE',  ( 0.000000000000000000, 0.000000000000000000, 1.000000000000000000 ) ) ;
#6452 = ORIENTED_EDGE ( 'NONE', *, *, #6100, .F. ) ;
#6453 = DIRECTION ( 'NONE',  ( 0.000000000000000000, 0.2588190451025145222, -0.9659258262890699775 ) ) ;
#6454 = AXIS2_PLACEMENT_3D ( 'NONE', #2891, #6406, #5867 ) ;
#6455 = VERTEX_POINT ( 'NONE', #1945 ) ;
#6456 = ORIENTED_EDGE ( 'NONE', *, *, #4858, .F. ) ;
#6457 = ORIENTED_EDGE ( 'NONE', *, *, #2041, .F. ) ;
#6458 = EDGE_CURVE ( 'NONE', #6329, #2148, #7155, .T. ) ;
#6459 = VECTOR ( 'NONE', #4283, 1000.000000000000000 ) ;
#6460 = LINE ( 'NONE', #716, #5375 ) ;
#6461 = UNCERTAINTY_MEASURE_WITH_UNIT (LENGTH_MEASURE( 1.000000000000000082E-05 ), #2525, 'distance_accuracy_value', 'NONE');
#6462 = LINE ( 'NONE', #2448, #1695 ) ;
#6463 = CARTESIAN_POINT ( 'NONE',  ( -11.55699999999999505, 7.810499999999999332, -0.1270000000000042206 ) ) ;
#6464 = CARTESIAN_POINT ( 'NONE',  ( 11.04900000000000659, 8.064499999999998892, 0.3809999999999949538 ) ) ;
#6465 = ADVANCED_FACE ( 'NONE', ( #4281 ), #2506, .T. ) ;
#6466 = EDGE_CURVE ( 'NONE', #2554, #2405, #5288, .T. ) ;
#6467 = ORIENTED_EDGE ( 'NONE', *, *, #4258, .T. ) ;
#6468 = CARTESIAN_POINT ( 'NONE',  ( 9.715500000000009351, 8.509000000000000341, -0.8255000000000067839 ) ) ;
#6469 = AXIS2_PLACEMENT_3D ( 'NONE', #1262, #4241, #5938 ) ;
#6470 = VECTOR ( 'NONE', #1756, 1000.000000000000000 ) ;
#6471 = SURFACE_STYLE_USAGE ( .BOTH. , #7039 ) ;
#6472 = LINE ( 'NONE', #210, #3507 ) ;
#6473 = CARTESIAN_POINT ( 'NONE',  ( -15.23999999999999844, 8.509000000000000341, -1.270000000000001128 ) ) ;
#6474 = CONTEXT_DEPENDENT_SHAPE_REPRESENTATION ( #1979, #6314 ) ;
#6475 = DIRECTION ( 'NONE',  ( 0.000000000000000000, -0.000000000000000000, -1.000000000000000000 ) ) ;
#6476 = AXIS2_PLACEMENT_3D ( 'NONE', #4020, #4083, #1708 ) ;
#6477 = ORIENTED_EDGE ( 'NONE', *, *, #787, .T. ) ;
#6478 = EDGE_CURVE ( 'NONE', #3448, #6065, #5367, .T. ) ;
#6479 = FACE_OUTER_BOUND ( 'NONE', #1506, .T. ) ;
#6480 = CARTESIAN_POINT ( 'NONE',  ( -2.539999999999996927, 0.5080000000000000071, 0.7528818102449925664 ) ) ;
#6481 = FACE_OUTER_BOUND ( 'NONE', #2370, .T. ) ;
#6482 = CARTESIAN_POINT ( 'NONE',  ( 20.32000000000000028, 7.239000000000000767, -2.201425730935033664E-16 ) ) ;
#6483 = VECTOR ( 'NONE', #6378, 1000.000000000000227 ) ;
#6484 = PLANE ( 'NONE',  #741 ) ;
#6485 = ORIENTED_EDGE ( 'NONE', *, *, #107, .T. ) ;
#6486 = EDGE_LOOP ( 'NONE', ( #3744, #4852, #181, #5024 ) ) ;
#6487 = DIRECTION ( 'NONE',  ( 0.000000000000000000, 0.9659258262890700886, -0.2588190451025140781 ) ) ;
#6488 = DIRECTION ( 'NONE',  ( -1.000000000000000000, -0.000000000000000000, -0.000000000000000000 ) ) ;
#6489 = CARTESIAN_POINT ( 'NONE',  ( 5.080000000000002736, 0.5080000000000002292, -0.7528818102449945648 ) ) ;
#6490 = CARTESIAN_POINT ( 'NONE',  ( 2.540000000000002256, -1.925929944387235853E-31, 0.8889999999999991243 ) ) ;
#6491 = ORIENTED_EDGE ( 'NONE', *, *, #2392, .T. ) ;
#6492 = DIRECTION ( 'NONE',  ( 0.000000000000000000, -1.000000000000000000, 0.000000000000000000 ) ) ;
#6493 = ORIENTED_EDGE ( 'NONE', *, *, #6045, .T. ) ;
#6494 = EDGE_LOOP ( 'NONE', ( #1515, #7231, #949, #6939 ) ) ;
#6495 = ORIENTED_EDGE ( 'NONE', *, *, #3441, .T. ) ;
#6496 = LINE ( 'NONE', #2484, #2249 ) ;
#6497 = CARTESIAN_POINT ( 'NONE',  ( -5.968999999999996753, 8.064499999999998892, 0.3809999999999947873 ) ) ;
#6498 = LINE ( 'NONE', #1322, #1410 ) ;
#6499 = FACE_OUTER_BOUND ( 'NONE', #1316, .T. ) ;
#6500 = VERTEX_POINT ( 'NONE', #5899 ) ;
#6501 = ORIENTED_EDGE ( 'NONE', *, *, #6622, .F. ) ;
#6502 = FACE_OUTER_BOUND ( 'NONE', #1669, .T. ) ;
#6503 = CARTESIAN_POINT ( 'NONE',  ( 12.70000000000000462, -1.925929944387235853E-31, 0.8889999999999991243 ) ) ;
#6504 = DIRECTION ( 'NONE',  ( 0.000000000000000000, 0.000000000000000000, 1.000000000000000000 ) ) ;
#6505 = DIRECTION ( 'NONE',  ( 1.000000000000000000, 0.000000000000000000, 0.000000000000000000 ) ) ;
#6506 = ADVANCED_FACE ( 'NONE', ( #6585 ), #7081, .F. ) ;
#6507 = CARTESIAN_POINT ( 'NONE',  ( -7.619999999999997442, 0.000000000000000000, 1.269999999999998908 ) ) ;
#6508 = PRODUCT_CONTEXT ( 'NONE', #3528, 'mechanical' ) ;
#6509 = EDGE_CURVE ( 'NONE', #2130, #3030, #3072, .T. ) ;
#6510 = VERTEX_POINT ( 'NONE', #3032 ) ;
#6511 = DIRECTION ( 'NONE',  ( -0.000000000000000000, 0.000000000000000000, -1.000000000000000000 ) ) ;
#6512 = DIRECTION ( 'NONE',  ( 1.000000000000000000, 0.000000000000000000, -0.000000000000000000 ) ) ;
#6513 = VECTOR ( 'NONE', #2100, 1000.000000000000000 ) ;
#6514 = VECTOR ( 'NONE', #6405, 1000.000000000000000 ) ;
#6515 = LINE ( 'NONE', #1452, #7420 ) ;
#6516 = PLANE ( 'NONE',  #3397 ) ;
#6517 = ADVANCED_FACE ( 'NONE', ( #247 ), #5865, .T. ) ;
#6518 = ADVANCED_FACE ( 'NONE', ( #2541 ), #1268, .T. ) ;
#6519 = EDGE_LOOP ( 'NONE', ( #6191, #2414, #4974, #4519 ) ) ;
#6520 = VECTOR ( 'NONE', #4816, 1000.000000000000000 ) ;
#6521 = AXIS2_PLACEMENT_3D ( 'NONE', #3841, #1528, #1491 ) ;
#6522 = VERTEX_POINT ( 'NONE', #1908 ) ;
#6523 = DIRECTION ( 'NONE',  ( 0.5773502691896267303, -0.5773502691896247319, -0.5773502691896258421 ) ) ;
#6524 = DIRECTION ( 'NONE',  ( 0.000000000000000000, -1.000000000000000000, -1.733406087350420004E-16 ) ) ;
#6525 = CARTESIAN_POINT ( 'NONE',  ( -9.270999999999993690, 7.239000000000000767, 0.3809999999999947873 ) ) ;
#6526 = AXIS2_PLACEMENT_3D ( 'NONE', #323, #5519, #3265 ) ;
#6527 =( GEOMETRIC_REPRESENTATION_CONTEXT ( 3 ) GLOBAL_UNCERTAINTY_ASSIGNED_CONTEXT ( ( #2413 ) ) GLOBAL_UNIT_ASSIGNED_CONTEXT ( ( #6672, #5602, #3802 ) ) REPRESENTATION_CONTEXT ( 'NONE', 'WORKASPACE' ) );
#6528 = PLANE ( 'NONE',  #1880 ) ;
#6529 = FACE_OUTER_BOUND ( 'NONE', #3932, .T. ) ;
#6530 = ORIENTED_EDGE ( 'NONE', *, *, #1597, .F. ) ;
#6531 = CARTESIAN_POINT ( 'NONE',  ( -1.650999999999994472, 7.239000000000000767, 0.3809999999999947873 ) ) ;
#6532 = ORIENTED_EDGE ( 'NONE', *, *, #2357, .F. ) ;
#6533 = ORIENTED_EDGE ( 'NONE', *, *, #2074, .F. ) ;
#6534 = ORIENTED_EDGE ( 'NONE', *, *, #7437, .F. ) ;
#6535 = VECTOR ( 'NONE', #1558, 1000.000000000000000 ) ;
#6536 = DIRECTION ( 'NONE',  ( -0.000000000000000000, 1.000000000000000000, 1.733406087350420004E-16 ) ) ;
#6537 = DIRECTION ( 'NONE',  ( 0.000000000000000000, -0.7071067811865483499, 0.7071067811865466846 ) ) ;
#6538 = CARTESIAN_POINT ( 'NONE',  ( 15.23999999999999844, 0.5080000000000000071, 0.7528818102449925664 ) ) ;
#6539 = FACE_OUTER_BOUND ( 'NONE', #6000, .T. ) ;
#6540 = ORIENTED_EDGE ( 'NONE', *, *, #6509, .F. ) ;
#6541 = EDGE_LOOP ( 'NONE', ( #5883, #7408, #1198, #4272 ) ) ;
#6542 = AXIS2_PLACEMENT_3D ( 'NONE', #4818, #5351, #4347 ) ;
#6543 = CARTESIAN_POINT ( 'NONE',  ( 5.080000000000002736, 2.177422008883992879E-16, -0.8890000000000013447 ) ) ;
#6544 = CARTESIAN_POINT ( 'NONE',  ( -1.650999999999994472, 7.239000000000000767, 0.3809999999999947873 ) ) ;
#6545 = LINE ( 'NONE', #2570, #3344 ) ;
#6546 = DIRECTION ( 'NONE',  ( 0.000000000000000000, -1.000000000000000000, 0.000000000000000000 ) ) ;
#6547 =( LENGTH_UNIT ( ) NAMED_UNIT ( * ) SI_UNIT ( .MILLI., .METRE. ) );
#6548 = VECTOR ( 'NONE', #6492, 1000.000000000000000 ) ;
#6549 = ORIENTED_EDGE ( 'NONE', *, *, #945, .F. ) ;
#6550 = EDGE_CURVE ( 'NONE', #1101, #3498, #4834, .T. ) ;
#6551 = DIRECTION ( 'NONE',  ( 1.000000000000000000, 0.000000000000000000, -0.000000000000000000 ) ) ;
#6552 = DIRECTION ( 'NONE',  ( -0.000000000000000000, 1.000000000000000000, 2.449293598294710852E-16 ) ) ;
#6553 = CARTESIAN_POINT ( 'NONE',  ( -2.539999999999996927, 0.5080000000000002292, -0.7528818102449945648 ) ) ;
#6554 = ORIENTED_EDGE ( 'NONE', *, *, #3386, .T. ) ;
#6555 = ADVANCED_FACE ( 'NONE', ( #6016 ), #7010, .F. ) ;
#6556 = EDGE_LOOP ( 'NONE', ( #6485, #4944, #5468, #1876 ) ) ;
#6557 = EDGE_CURVE ( 'NONE', #162, #6613, #140, .T. ) ;
#6558 = LINE ( 'NONE', #817, #1472 ) ;
#6559 = DIRECTION ( 'NONE',  ( 0.000000000000000000, -1.000000000000000000, 0.000000000000000000 ) ) ;
#6560 = DIRECTION ( 'NONE',  ( 0.5773502691896268413, 0.5773502691896246208, -0.5773502691896256200 ) ) ;
#6561 = LINE ( 'NONE', #5878, #2494 ) ;
#6562 = DIRECTION ( 'NONE',  ( 0.000000000000000000, -1.000000000000000000, 0.000000000000000000 ) ) ;
#6563 = VERTEX_POINT ( 'NONE', #3648 ) ;
#6564 = CARTESIAN_POINT ( 'NONE',  ( 12.70000000000000462, 8.509000000000000341, -1.270000000000001128 ) ) ;
#6565 = VERTEX_POINT ( 'NONE', #216 ) ;
#6566 = VECTOR ( 'NONE', #5605, 1000.000000000000000 ) ;
#6567 = EDGE_LOOP ( 'NONE', ( #5165, #903, #1248, #5588 ) ) ;
#6568 = ORIENTED_EDGE ( 'NONE', *, *, #4395, .F. ) ;
#6569 = EDGE_CURVE ( 'NONE', #3087, #1013, #2655, .T. ) ;
#6570 = CARTESIAN_POINT ( 'NONE',  ( 3.469446951953614189E-15, 2.177422008883992879E-16, -0.8890000000000013447 ) ) ;
#6571 = MANIFOLD_SOLID_BREP ( 'LPattern1[3]', #2454 ) ;
#6572 = DIRECTION ( 'NONE',  ( -0.000000000000000000, 0.000000000000000000, 1.000000000000000000 ) ) ;
#6573 = LINE ( 'NONE', #4119, #6593 ) ;
#6574 = DIRECTION ( 'NONE',  ( -0.000000000000000000, 0.2588190451025140781, 0.9659258262890700886 ) ) ;
#6575 = EDGE_LOOP ( 'NONE', ( #1853, #2224, #6880, #4883 ) ) ;
#6576 = ORIENTED_EDGE ( 'NONE', *, *, #2086, .T. ) ;
#6577 = EDGE_LOOP ( 'NONE', ( #2344, #1016, #3701, #7028 ) ) ;
#6578 = DIRECTION ( 'NONE',  ( 0.000000000000000000, 0.000000000000000000, 1.000000000000000000 ) ) ;
#6579 = FACE_OUTER_BOUND ( 'NONE', #639, .T. ) ;
#6580 = CARTESIAN_POINT ( 'NONE',  ( 2.540000000000002256, -1.925929944387235853E-31, 0.8889999999999991243 ) ) ;
#6581 = MANIFOLD_SOLID_BREP ( 'LPattern1[9]', #4274 ) ;
#6582 = ORIENTED_EDGE ( 'NONE', *, *, #2546, .F. ) ;
#6583 = VECTOR ( 'NONE', #2572, 1000.000000000000000 ) ;
#6584 = LINE ( 'NONE', #1412, #7124 ) ;
#6585 = FACE_OUTER_BOUND ( 'NONE', #2972, .T. ) ;
#6586 = PLANE ( 'NONE',  #4102 ) ;
#6587 = CARTESIAN_POINT ( 'NONE',  ( -10.15999999999999659, 3.110602869834277161E-16, -1.270000000000001128 ) ) ;
#6588 = CARTESIAN_POINT ( 'NONE',  ( 3.429000000000005155, 8.064499999999998892, -0.3810000000000038356 ) ) ;
#6589 = AXIS2_PLACEMENT_3D ( 'NONE', #6077, #4493, #7291 ) ;
#6590 = VECTOR ( 'NONE', #2241, 1000.000000000000000 ) ;
#6591 = VERTEX_POINT ( 'NONE', #958 ) ;
#6592 = ORIENTED_EDGE ( 'NONE', *, *, #1761, .T. ) ;
#6593 = VECTOR ( 'NONE', #5965, 1000.000000000000000 ) ;
#6594 = CARTESIAN_POINT ( 'NONE',  ( -6.730999999999995431, 8.064499999999998892, 0.3809999999999947873 ) ) ;
#6595 = FACE_OUTER_BOUND ( 'NONE', #7386, .T. ) ;
#6596 = CARTESIAN_POINT ( 'NONE',  ( -0.4444999999999917906, 8.509000000000000341, 0.8254999999999981242 ) ) ;
#6597 = PLANE ( 'NONE',  #219 ) ;
#6598 = DIRECTION ( 'NONE',  ( 1.000000000000000000, 0.000000000000000000, 0.000000000000000000 ) ) ;
#6599 = EDGE_CURVE ( 'NONE', #5333, #4124, #6059, .T. ) ;
#6600 = ORIENTED_EDGE ( 'NONE', *, *, #6416, .T. ) ;
#6601 = CARTESIAN_POINT ( 'NONE',  ( -15.49399999999999977, 8.509000000000000341, 1.270000000000001128 ) ) ;
#6602 = EDGE_CURVE ( 'NONE', #148, #7182, #4948, .T. ) ;
#6603 = ORIENTED_EDGE ( 'NONE', *, *, #1165, .F. ) ;
#6604 = EDGE_LOOP ( 'NONE', ( #2896, #4489, #1906, #2190 ) ) ;
#6605 = ORIENTED_EDGE ( 'NONE', *, *, #238, .T. ) ;
#6606 = DIRECTION ( 'NONE',  ( -1.000000000000000000, -0.000000000000000000, -0.000000000000000000 ) ) ;
#6607 = CARTESIAN_POINT ( 'NONE',  ( -15.23999999999999844, 0.000000000000000000, 1.269999999999998908 ) ) ;
#6608 = DIRECTION ( 'NONE',  ( 0.000000000000000000, -0.9659258262890700886, 0.2588190451025140781 ) ) ;
#6609 = CARTESIAN_POINT ( 'NONE',  ( 7.620000000000003659, 8.509000000000000341, 1.270000000000001128 ) ) ;
#6610 = DIRECTION ( 'NONE',  ( 0.5773502691896268413, 0.5773502691896246208, -0.5773502691896256200 ) ) ;
#6611 = EDGE_CURVE ( 'NONE', #3100, #1057, #3919, .T. ) ;
#6612 = EDGE_CURVE ( 'NONE', #1282, #5069, #2617, .T. ) ;
#6613 = VERTEX_POINT ( 'NONE', #5559 ) ;
#6614 = EDGE_LOOP ( 'NONE', ( #6775, #2493, #6477, #3808, #4110, #535 ) ) ;
#6615 = ORIENTED_EDGE ( 'NONE', *, *, #1713, .T. ) ;
#6616 = VERTEX_POINT ( 'NONE', #2699 ) ;
#6617 = CARTESIAN_POINT ( 'NONE',  ( 1.734723475976807094E-15, 8.509000000000000341, 1.270000000000001128 ) ) ;
#6618 = CARTESIAN_POINT ( 'NONE',  ( 12.70000000000000462, 0.5080000000000002292, -0.7528818102449945648 ) ) ;
#6619 = LINE ( 'NONE', #281, #6720 ) ;
#6620 = PLANE ( 'NONE',  #2136 ) ;
#6621 = DIRECTION ( 'NONE',  ( 0.000000000000000000, 0.000000000000000000, 1.000000000000000000 ) ) ;
#6622 = EDGE_CURVE ( 'NONE', #2321, #2556, #1038, .T. ) ;
#6623 = ORIENTED_EDGE ( 'NONE', *, *, #3655, .T. ) ;
#6624 = DIRECTION ( 'NONE',  ( 1.000000000000000000, 0.000000000000000000, -0.000000000000000000 ) ) ;
#6625 = FILL_AREA_STYLE ('',( #4323 ) ) ;
#6626 = CARTESIAN_POINT ( 'NONE',  ( -5.079999999999997407, 0.000000000000000000, 1.269999999999998908 ) ) ;
#6627 = CARTESIAN_POINT ( 'NONE',  ( -1.650999999999994472, 7.239000000000000767, -0.3810000000000040021 ) ) ;
#6628 = DIRECTION ( 'NONE',  ( 0.000000000000000000, 1.000000000000000000, 2.338910953479677683E-16 ) ) ;
#6629 = LINE ( 'NONE', #4908, #2231 ) ;
#6630 = MANIFOLD_SOLID_BREP ( 'LPattern1[10]', #3435 ) ;
#6631 = ORIENTED_EDGE ( 'NONE', *, *, #3470, .F. ) ;
#6632 = VECTOR ( 'NONE', #6698, 1000.000000000000114 ) ;
#6633 = VECTOR ( 'NONE', #5122, 1000.000000000000000 ) ;
#6634 = LINE ( 'NONE', #3002, #4712 ) ;
#6635 = CARTESIAN_POINT ( 'NONE',  ( -10.15999999999999837, -1.925929944387235853E-31, 0.8889999999999991243 ) ) ;
#6636 = PLANE ( 'NONE',  #1758 ) ;
#6637 = DIRECTION ( 'NONE',  ( -1.000000000000000000, -0.000000000000000000, -0.000000000000000000 ) ) ;
#6638 = LINE ( 'NONE', #821, #6402 ) ;
#6639 = ORIENTED_EDGE ( 'NONE', *, *, #5492, .F. ) ;
#6640 = DIRECTION ( 'NONE',  ( 1.000000000000000000, 0.000000000000000000, 0.000000000000000000 ) ) ;
#6641 = VECTOR ( 'NONE', #987, 1000.000000000000000 ) ;
#6642 = AXIS2_PLACEMENT_3D ( 'NONE', #1148, #1754, #5139 ) ;
#6643 = EDGE_LOOP ( 'NONE', ( #6445, #6811, #2842, #2226 ) ) ;
#6644 = ORIENTED_EDGE ( 'NONE', *, *, #3137, .T. ) ;
#6645 = ORIENTED_EDGE ( 'NONE', *, *, #4429, .T. ) ;
#6646 = EDGE_CURVE ( 'NONE', #5773, #6224, #4676, .T. ) ;
#6647 = LINE ( 'NONE', #6118, #1770 ) ;
#6648 = AXIS2_PLACEMENT_3D ( 'NONE', #5699, #3443, #3367 ) ;
#6649 = VECTOR ( 'NONE', #5686, 1000.000000000000000 ) ;
#6650 = ADVANCED_FACE ( 'NONE', ( #125 ), #5134, .F. ) ;
#6651 = DIRECTION ( 'NONE',  ( 0.000000000000000000, 1.440069553722777130E-16, -1.000000000000000000 ) ) ;
#6652 = LINE ( 'NONE', #872, #6306 ) ;
#6653 = ORIENTED_EDGE ( 'NONE', *, *, #3505, .F. ) ;
#6654 = VECTOR ( 'NONE', #3221, 1000.000000000000000 ) ;
#6655 = ORIENTED_EDGE ( 'NONE', *, *, #5581, .F. ) ;
#6656 = AXIS2_PLACEMENT_3D ( 'NONE', #3349, #1607, #6216 ) ;
#6657 = ORIENTED_EDGE ( 'NONE', *, *, #1074, .F. ) ;
#6658 = EDGE_CURVE ( 'NONE', #1751, #5511, #6889, .T. ) ;
#6659 = CARTESIAN_POINT ( 'NONE',  ( -6.730999999999995431, 7.239000000000000767, 0.3809999999999947873 ) ) ;
#6660 = ADVANCED_FACE ( 'NONE', ( #1787 ), #2376, .F. ) ;
#6661 =( LENGTH_UNIT ( ) NAMED_UNIT ( * ) SI_UNIT ( .MILLI., .METRE. ) );
#6662 = MECHANICAL_DESIGN_GEOMETRIC_PRESENTATION_REPRESENTATION (  '', ( #4484 ), #6178 ) ;
#6663 = DIRECTION ( 'NONE',  ( -0.000000000000000000, 1.000000000000000000, 1.733406087350420004E-16 ) ) ;
#6664 = PLANE ( 'NONE',  #1893 ) ;
#6665 = ORIENTED_EDGE ( 'NONE', *, *, #1080, .T. ) ;
#6666 = AXIS2_PLACEMENT_3D ( 'NONE', #5966, #763, #4895 ) ;
#6667 = CARTESIAN_POINT ( 'NONE',  ( 2.540000000000002256, 3.110602869834277161E-16, -1.270000000000001128 ) ) ;
#6668 = EDGE_CURVE ( 'NONE', #1933, #1733, #588, .T. ) ;
#6669 = EDGE_CURVE ( 'NONE', #6455, #6616, #3487, .T. ) ;
#6670 = CARTESIAN_POINT ( 'NONE',  ( 5.080000000000002736, 8.509000000000000341, -1.270000000000001128 ) ) ;
#6671 = DIRECTION ( 'NONE',  ( -0.000000000000000000, 0.000000000000000000, -1.000000000000000000 ) ) ;
#6672 =( LENGTH_UNIT ( ) NAMED_UNIT ( * ) SI_UNIT ( .MILLI., .METRE. ) );
#6673 = AXIS2_PLACEMENT_3D ( 'NONE', #2718, #3826, #3867 ) ;
#6674 = LINE ( 'NONE', #962, #3070 ) ;
#6675 = EDGE_LOOP ( 'NONE', ( #4352, #2558, #1309, #5469 ) ) ;
#6676 = PLANE ( 'NONE',  #4014 ) ;
#6677 = FACE_OUTER_BOUND ( 'NONE', #3690, .T. ) ;
#6678 = CARTESIAN_POINT ( 'NONE',  ( -7.619999999999998330, 8.509000000000000341, 1.270000000000001128 ) ) ;
#6679 = DIRECTION ( 'NONE',  ( -1.000000000000000000, -0.000000000000000000, -0.000000000000000000 ) ) ;
#6680 = CARTESIAN_POINT ( 'NONE',  ( -10.15999999999999837, 8.509000000000000341, -1.270000000000001128 ) ) ;
#6681 = DIRECTION ( 'NONE',  ( -0.000000000000000000, 1.000000000000000000, 1.733406087350420004E-16 ) ) ;
#6682 = ORIENTED_EDGE ( 'NONE', *, *, #837, .T. ) ;
#6683 = CARTESIAN_POINT ( 'NONE',  ( -7.619999999999997442, 8.509000000000000341, 1.270000000000001128 ) ) ;
#6684 = VERTEX_POINT ( 'NONE', #4021 ) ;
#6685 = ORIENTED_EDGE ( 'NONE', *, *, #7266, .F. ) ;
#6686 = ORIENTED_EDGE ( 'NONE', *, *, #3147, .F. ) ;
#6687 = DIRECTION ( 'NONE',  ( 0.000000000000000000, -5.054934237236841843E-31, -1.000000000000000000 ) ) ;
#6688 = CARTESIAN_POINT ( 'NONE',  ( -15.49399999999999977, 8.509000000000000341, -1.270000000000001128 ) ) ;
#6689 = LINE ( 'NONE', #5466, #5376 ) ;
#6690 = LINE ( 'NONE', #426, #6890 ) ;
#6691 = FACE_OUTER_BOUND ( 'NONE', #3394, .T. ) ;
#6692 = CLOSED_SHELL ( 'NONE', ( #1351, #666, #3425, #5030, #5627, #526, #3204, #1584, #3850, #6282, #4386, #1961, #6701, #5893, #1300, #1856, #5390, #2538, #7073 ) ) ;
#6693 = VERTEX_POINT ( 'NONE', #5226 ) ;
#6694 = ORIENTED_EDGE ( 'NONE', *, *, #4122, .T. ) ;
#6695 = ORIENTED_EDGE ( 'NONE', *, *, #992, .F. ) ;
#6696 = AXIS2_PLACEMENT_3D ( 'NONE', #4578, #558, #1683 ) ;
#6697 = CARTESIAN_POINT ( 'NONE',  ( 7.620000000000003659, 0.5080000000000000071, 0.7528818102449925664 ) ) ;
#6698 = DIRECTION ( 'NONE',  ( 0.000000000000000000, 0.9659258262890700886, -0.2588190451025140781 ) ) ;
#6699 = LINE ( 'NONE', #4901, #3223 ) ;
#6700 = CARTESIAN_POINT ( 'NONE',  ( 15.49399999999999977, 0.5080000000000002292, -0.7528818102449945648 ) ) ;
#6701 = ADVANCED_FACE ( 'NONE', ( #5847 ), #1145, .F. ) ;
#6702 = EDGE_CURVE ( 'NONE', #1744, #5616, #2310, .T. ) ;
#6703 = ORIENTED_EDGE ( 'NONE', *, *, #6646, .T. ) ;
#6704 = DIRECTION ( 'NONE',  ( 1.000000000000000000, 0.000000000000000000, 0.000000000000000000 ) ) ;
#6705 =( NAMED_UNIT ( * ) SI_UNIT ( $, .STERADIAN. ) SOLID_ANGLE_UNIT ( ) );
#6706 = DIRECTION ( 'NONE',  ( 0.000000000000000000, -1.000000000000000000, -2.548365665731588345E-16 ) ) ;
#6707 = DIRECTION ( 'NONE',  ( -0.000000000000000000, 1.000000000000000000, 1.169455476739838842E-16 ) ) ;
#6708 = CARTESIAN_POINT ( 'NONE',  ( -10.15999999999999659, 0.5080000000000000071, 0.7528818102449925664 ) ) ;
#6709 = EDGE_CURVE ( 'NONE', #3479, #1751, #1748, .T. ) ;
#6710 = EDGE_CURVE ( 'NONE', #392, #4961, #1823, .T. ) ;
#6711 = CARTESIAN_POINT ( 'NONE',  ( -14.35099999999999554, 7.239000000000000767, 0.3809999999999947873 ) ) ;
#6712 = VECTOR ( 'NONE', #5734, 1000.000000000000000 ) ;
#6713 = EDGE_CURVE ( 'NONE', #1952, #431, #4084, .T. ) ;
#6714 = VERTEX_POINT ( 'NONE', #1861 ) ;
#6715 = DIRECTION ( 'NONE',  ( 0.000000000000000000, -0.7071067811865483499, 0.7071067811865466846 ) ) ;
#6716 = CARTESIAN_POINT ( 'NONE',  ( 11.04900000000000659, 7.239000000000000767, 0.3809999999999947873 ) ) ;
#6717 = CARTESIAN_POINT ( 'NONE',  ( -15.49399999999999977, 8.509000000000000341, 1.270000000000001128 ) ) ;
#6718 = VECTOR ( 'NONE', #1939, 1000.000000000000000 ) ;
#6719 = LINE ( 'NONE', #7237, #2060 ) ;
#6720 = VECTOR ( 'NONE', #5894, 1000.000000000000000 ) ;
#6721 = DIRECTION ( 'NONE',  ( 0.000000000000000000, -1.000000000000000000, 0.000000000000000000 ) ) ;
#6722 = CARTESIAN_POINT ( 'NONE',  ( -10.15999999999999659, 8.509000000000000341, -1.270000000000001128 ) ) ;
#6723 = EDGE_LOOP ( 'NONE', ( #4232, #696, #2469, #3048 ) ) ;
#6724 = PLANE ( 'NONE',  #7152 ) ;
#6725 = VERTEX_POINT ( 'NONE', #4641 ) ;
#6726 = EDGE_CURVE ( 'NONE', #1962, #2642, #4153, .T. ) ;
#6727 = ORIENTED_EDGE ( 'NONE', *, *, #4868, .F. ) ;
#6728 = VECTOR ( 'NONE', #3737, 1000.000000000000000 ) ;
#6729 = VECTOR ( 'NONE', #2807, 1000.000000000000000 ) ;
#6730 = ORIENTED_EDGE ( 'NONE', *, *, #1898, .T. ) ;
#6731 = CARTESIAN_POINT ( 'NONE',  ( 9.271000000000004349, 7.239000000000000767, 0.3809999999999947873 ) ) ;
#6732 = LINE ( 'NONE', #870, #3268 ) ;
#6733 =( NAMED_UNIT ( * ) PLANE_ANGLE_UNIT ( ) SI_UNIT ( $, .RADIAN. ) );
#6734 = ORIENTED_EDGE ( 'NONE', *, *, #1383, .F. ) ;
#6735 = CARTESIAN_POINT ( 'NONE',  ( 0.3810000000000000053, -2.692399999999995686, 0.2032000000000002971 ) ) ;
#6736 = VECTOR ( 'NONE', #3549, 1000.000000000000114 ) ;
#6737 = PRODUCT ( 'PPPC021LFBN-RC_C12', 'PPPC021LFBN-RC_C12', '', ( #5896 ) ) ;
#6738 = ORIENTED_EDGE ( 'NONE', *, *, #7400, .F. ) ;
#6739 = ORIENTED_EDGE ( 'NONE', *, *, #522, .T. ) ;
#6740 = VERTEX_POINT ( 'NONE', #6464 ) ;
#6741 = DIRECTION ( 'NONE',  ( 0.000000000000000000, 2.449293598294710852E-16, -1.000000000000000000 ) ) ;
#6742 = DIRECTION ( 'NONE',  ( 0.000000000000000000, 0.000000000000000000, 1.000000000000000000 ) ) ;
#6743 = LINE ( 'NONE', #3873, #2855 ) ;
#6744 = DIRECTION ( 'NONE',  ( 0.000000000000000000, 1.000000000000000000, 0.000000000000000000 ) ) ;
#6745 = EDGE_LOOP ( 'NONE', ( #3947, #88, #4687, #6615 ) ) ;
#6746 = CARTESIAN_POINT ( 'NONE',  ( 7.620000000000003659, 3.110602869834277161E-16, -1.270000000000001128 ) ) ;
#6747 = EDGE_CURVE ( 'NONE', #3725, #3527, #3598, .T. ) ;
#6748 =( LENGTH_UNIT ( ) NAMED_UNIT ( * ) SI_UNIT ( .MILLI., .METRE. ) );
#6749 = DIRECTION ( 'NONE',  ( 0.000000000000000000, -0.000000000000000000, -1.000000000000000000 ) ) ;
#6750 = ADVANCED_FACE ( 'NONE', ( #2742 ), #5243, .F. ) ;
#6751 = CARTESIAN_POINT ( 'NONE',  ( 0.8890000000000043423, 7.239000000000000767, -0.3810000000000040021 ) ) ;
#6752 = DIRECTION ( 'NONE',  ( 0.000000000000000000, 1.000000000000000000, 1.733406087350420004E-16 ) ) ;
#6753 = LINE ( 'NONE', #6135, #4151 ) ;
#6754 = ORIENTED_EDGE ( 'NONE', *, *, #4148, .T. ) ;
#6755 = CARTESIAN_POINT ( 'NONE',  ( 2.540000000000002256, 0.5080000000000002292, -0.7528818102449945648 ) ) ;
#6756 = LINE ( 'NONE', #896, #5181 ) ;
#6757 = EDGE_CURVE ( 'NONE', #4219, #4682, #4781, .T. ) ;
#6758 = ADVANCED_FACE ( 'NONE', ( #3060 ), #4191, .F. ) ;
#6759 = CARTESIAN_POINT ( 'NONE',  ( -2.539999999999996927, 8.509000000000000341, -1.270000000000001128 ) ) ;
#6760 = DIRECTION ( 'NONE',  ( 0.000000000000000000, 1.440069553722777130E-16, -1.000000000000000000 ) ) ;
#6761 = DIRECTION ( 'NONE',  ( 0.000000000000000000, 1.000000000000000000, 0.000000000000000000 ) ) ;
#6762 = VERTEX_POINT ( 'NONE', #313 ) ;
#6763 = PLANE ( 'NONE',  #2931 ) ;
#6764 = VERTEX_POINT ( 'NONE', #3635 ) ;
#6765 = VERTEX_POINT ( 'NONE', #1894 ) ;
#6766 = VERTEX_POINT ( 'NONE', #4231 ) ;
#6767 = CARTESIAN_POINT ( 'NONE',  ( 12.70000000000000462, 8.509000000000000341, 1.270000000000001128 ) ) ;
#6768 = CARTESIAN_POINT ( 'NONE',  ( 12.70000000000000462, 3.110602869834277161E-16, -1.270000000000001128 ) ) ;
#6769 = ADVANCED_FACE ( 'NONE', ( #6539 ), #5888, .F. ) ;
#6770 = VECTOR ( 'NONE', #1967, 1000.000000000000114 ) ;
#6771 = AXIS2_PLACEMENT_3D ( 'NONE', #1341, #6552, #5368 ) ;
#6772 = FACE_OUTER_BOUND ( 'NONE', #5238, .T. ) ;
#6773 = DIRECTION ( 'NONE',  ( -0.000000000000000000, 1.000000000000000000, 1.733406087350420004E-16 ) ) ;
#6774 = ORIENTED_EDGE ( 'NONE', *, *, #202, .T. ) ;
#6775 = ORIENTED_EDGE ( 'NONE', *, *, #6668, .T. ) ;
#6776 = VECTOR ( 'NONE', #4517, 1000.000000000000000 ) ;
#6777 = AXIS2_PLACEMENT_3D ( 'NONE', #690, #5821, #5359 ) ;
#6778 = ORIENTED_EDGE ( 'NONE', *, *, #1775, .T. ) ;
#6779 = DIRECTION ( 'NONE',  ( -1.000000000000000000, 0.000000000000000000, 0.000000000000000000 ) ) ;
#6780 = DIRECTION ( 'NONE',  ( -1.000000000000000000, 0.000000000000000000, -0.000000000000000000 ) ) ;
#6781 = AXIS2_PLACEMENT_3D ( 'NONE', #2883, #6932, #5748 ) ;
#6782 = ORIENTED_EDGE ( 'NONE', *, *, #527, .T. ) ;
#6783 = AXIS2_PLACEMENT_3D ( 'NONE', #3111, #2464, #6511 ) ;
#6784 = CARTESIAN_POINT ( 'NONE',  ( -12.69999999999999751, -1.925929944387235853E-31, 0.8889999999999991243 ) ) ;
#6785 = DIRECTION ( 'NONE',  ( 0.000000000000000000, 1.000000000000000000, 0.000000000000000000 ) ) ;
#6786 = DIRECTION ( 'NONE',  ( -0.000000000000000000, 0.2588190451025140781, 0.9659258262890700886 ) ) ;
#6787 = LINE ( 'NONE', #327, #4060 ) ;
#6788 = PLANE ( 'NONE',  #6656 ) ;
#6789 = ORIENTED_EDGE ( 'NONE', *, *, #2074, .T. ) ;
#6790 = EDGE_CURVE ( 'NONE', #2453, #4866, #794, .T. ) ;
#6791 = VERTEX_POINT ( 'NONE', #5393 ) ;
#6792 = DIRECTION ( 'NONE',  ( 0.5773502691896268413, 0.5773502691896246208, -0.5773502691896256200 ) ) ;
#6793 = DIRECTION ( 'NONE',  ( 1.000000000000000000, 0.000000000000000000, 0.000000000000000000 ) ) ;
#6794 = AXIS2_PLACEMENT_3D ( 'NONE', #2942, #2904, #1700 ) ;
#6795 = DIRECTION ( 'NONE',  ( 0.000000000000000000, 2.548365665731588345E-16, -1.000000000000000000 ) ) ;
#6796 = LINE ( 'NONE', #2750, #628 ) ;
#6797 = CARTESIAN_POINT ( 'NONE',  ( -12.69999999999999751, 2.177422008883992879E-16, -0.8890000000000013447 ) ) ;
#6798 = EDGE_LOOP ( 'NONE', ( #6111, #3400, #2583, #5198 ) ) ;
#6799 = LINE ( 'NONE', #4449, #6802 ) ;
#6800 = ORIENTED_EDGE ( 'NONE', *, *, #4287, .T. ) ;
#6801 = ADVANCED_FACE ( 'NONE', ( #6499 ), #3743, .F. ) ;
#6802 = VECTOR ( 'NONE', #2710, 1000.000000000000000 ) ;
#6803 = ORIENTED_EDGE ( 'NONE', *, *, #4705, .T. ) ;
#6804 = ADVANCED_FACE ( 'NONE', ( #7215 ), #4856, .F. ) ;
#6805 = ORIENTED_EDGE ( 'NONE', *, *, #1218, .F. ) ;
#6806 = CARTESIAN_POINT ( 'NONE',  ( -7.619999999999998330, 2.177422008883992879E-16, -0.8890000000000013447 ) ) ;
#6807 = MECHANICAL_DESIGN_GEOMETRIC_PRESENTATION_REPRESENTATION (  '', ( #1732 ), #3545 ) ;
#6808 = LINE ( 'NONE', #1777, #2860 ) ;
#6809 = CARTESIAN_POINT ( 'NONE',  ( 9.271000000000004349, 7.239000000000000767, 0.3809999999999947873 ) ) ;
#6810 = DIRECTION ( 'NONE',  ( -1.000000000000000000, -0.000000000000000000, -0.000000000000000000 ) ) ;
#6811 = ORIENTED_EDGE ( 'NONE', *, *, #1628, .F. ) ;
#6812 = ORIENTED_EDGE ( 'NONE', *, *, #4244, .T. ) ;
#6813 = EDGE_CURVE ( 'NONE', #6053, #6693, #6652, .T. ) ;
#6814 = VERTEX_POINT ( 'NONE', #7102 ) ;
#6815 = ORIENTED_EDGE ( 'NONE', *, *, #3749, .F. ) ;
#6816 = CARTESIAN_POINT ( 'NONE',  ( 5.080000000000002736, 3.110602869834277161E-16, -1.270000000000001128 ) ) ;
#6817 = DIRECTION ( 'NONE',  ( 1.000000000000000000, 0.000000000000000000, -0.000000000000000000 ) ) ;
#6818 = VECTOR ( 'NONE', #3234, 1000.000000000000000 ) ;
#6819 = ORIENTED_EDGE ( 'NONE', *, *, #1633, .T. ) ;
#6820 = PLANE ( 'NONE',  #859 ) ;
#6821 = DIRECTION ( 'NONE',  ( 0.000000000000000000, 0.000000000000000000, 1.000000000000000000 ) ) ;
#6822 = PLANE ( 'NONE',  #5247 ) ;
#6823 = FILL_AREA_STYLE_COLOUR ( '', #364 ) ;
#6824 = VERTEX_POINT ( 'NONE', #1367 ) ;
#6825 = MANIFOLD_SOLID_BREP ( 'LPattern1[6]', #6931 ) ;
#6826 = ORIENTED_EDGE ( 'NONE', *, *, #2404, .F. ) ;
#6827 = CARTESIAN_POINT ( 'NONE',  ( -14.79549999999999876, 8.509000000000000341, -1.270000000000001128 ) ) ;
#6828 = CARTESIAN_POINT ( 'NONE',  ( 3.469446951953614189E-15, 3.110602869834277161E-16, -1.270000000000001128 ) ) ;
#6829 = DIRECTION ( 'NONE',  ( 0.000000000000000000, -1.000000000000000000, -1.733406087350420004E-16 ) ) ;
#6830 = CARTESIAN_POINT ( 'NONE',  ( -10.15999999999999659, 0.000000000000000000, 1.269999999999998908 ) ) ;
#6831 = CARTESIAN_POINT ( 'NONE',  ( -7.175499999999999545, 8.509000000000000341, 0.8254999999999981242 ) ) ;
#6832 = ORIENTED_EDGE ( 'NONE', *, *, #3480, .T. ) ;
#6833 = DIRECTION ( 'NONE',  ( -0.7071067811865462405, -0.7071067811865489050, 0.000000000000000000 ) ) ;
#6834 = ORIENTED_EDGE ( 'NONE', *, *, #5432, .F. ) ;
#6835 = ORIENTED_EDGE ( 'NONE', *, *, #6976, .F. ) ;
#6836 = ORIENTED_EDGE ( 'NONE', *, *, #4657, .T. ) ;
#6837 = VECTOR ( 'NONE', #7418, 1000.000000000000000 ) ;
#6838 = VECTOR ( 'NONE', #6934, 1000.000000000000000 ) ;
#6839 = LINE ( 'NONE', #1240, #2015 ) ;
#6840 = DIRECTION ( 'NONE',  ( 0.000000000000000000, -0.000000000000000000, -1.000000000000000000 ) ) ;
#6841 = EDGE_CURVE ( 'NONE', #4359, #4242, #720, .T. ) ;
#6842 = CARTESIAN_POINT ( 'NONE',  ( -11.81099999999999461, 7.239000000000000767, 0.3809999999999947873 ) ) ;
#6843 = EDGE_CURVE ( 'NONE', #1057, #1171, #167, .T. ) ;
#6844 = DIRECTION ( 'NONE',  ( -0.5773502691896268413, 0.5773502691896246208, -0.5773502691896256200 ) ) ;
#6845 = DIRECTION ( 'NONE',  ( 0.000000000000000000, -0.000000000000000000, -1.000000000000000000 ) ) ;
#6846 = ORIENTED_EDGE ( 'NONE', *, *, #1430, .F. ) ;
#6847 = VECTOR ( 'NONE', #6246, 1000.000000000000000 ) ;
#6848 = VERTEX_POINT ( 'NONE', #7066 ) ;
#6849 = ORIENTED_EDGE ( 'NONE', *, *, #3137, .F. ) ;
#6850 = EDGE_LOOP ( 'NONE', ( #3748, #343, #1610, #756 ) ) ;
#6851 = VECTOR ( 'NONE', #2154, 1000.000000000000000 ) ;
#6852 = VECTOR ( 'NONE', #4596, 1000.000000000000000 ) ;
#6853 = PLANE ( 'NONE',  #249 ) ;
#6854 = ADVANCED_FACE ( 'NONE', ( #349 ), #2641, .F. ) ;
#6855 = DIRECTION ( 'NONE',  ( 0.000000000000000000, 0.000000000000000000, 1.000000000000000000 ) ) ;
#6856 = EDGE_CURVE ( 'NONE', #1841, #1750, #2156, .T. ) ;
#6857 = ORIENTED_EDGE ( 'NONE', *, *, #7175, .F. ) ;
#6858 = PRODUCT_DEFINITION_SHAPE ( 'NONE', 'NONE',  #7455 ) ;
#6859 = DIRECTION ( 'NONE',  ( -0.000000000000000000, 1.000000000000000000, 1.440069553722777130E-16 ) ) ;
#6860 = LINE ( 'NONE', #2771, #6891 ) ;
#6861 = CARTESIAN_POINT ( 'NONE',  ( -11.81099999999999461, 8.064499999999998892, -0.3810000000000038356 ) ) ;
#6862 = EDGE_CURVE ( 'NONE', #2982, #3126, #1592, .T. ) ;
#6863 = DIRECTION ( 'NONE',  ( 0.000000000000000000, 0.2588190451025145222, -0.9659258262890699775 ) ) ;
#6864 = ORIENTED_EDGE ( 'NONE', *, *, #2680, .F. ) ;
#6865 = LINE ( 'NONE', #2324, #151 ) ;
#6866 = DIRECTION ( 'NONE',  ( -0.000000000000000000, 1.000000000000000000, 1.440069553722777130E-16 ) ) ;
#6867 = LINE ( 'NONE', #636, #5002 ) ;
#6868 = DIRECTION ( 'NONE',  ( 0.000000000000000000, -5.054934237236841843E-31, -1.000000000000000000 ) ) ;
#6869 = DIRECTION ( 'NONE',  ( 0.000000000000000000, 0.000000000000000000, -1.000000000000000000 ) ) ;
#6870 = CARTESIAN_POINT ( 'NONE',  ( -10.15999999999999659, -1.925929944387235853E-31, 0.8889999999999991243 ) ) ;
#6871 = ORIENTED_EDGE ( 'NONE', *, *, #4209, .T. ) ;
#6872 = EDGE_LOOP ( 'NONE', ( #3956, #713, #4776, #5941 ) ) ;
#6873 = CARTESIAN_POINT ( 'NONE',  ( -8.508999999999995012, 8.064499999999998892, 0.3809999999999949538 ) ) ;
#6874 = FACE_OUTER_BOUND ( 'NONE', #5921, .T. ) ;
#6875 = CARTESIAN_POINT ( 'NONE',  ( 5.080000000000002736, 0.5080000000000000071, 0.7528818102449925664 ) ) ;
#6876 = FACE_OUTER_BOUND ( 'NONE', #3675, .T. ) ;
#6877 = VERTEX_POINT ( 'NONE', #4497 ) ;
#6878 = CARTESIAN_POINT ( 'NONE',  ( -5.079999999999997407, 0.5080000000000000071, 0.7528818102449925664 ) ) ;
#6879 = ORIENTED_EDGE ( 'NONE', *, *, #6390, .T. ) ;
#6880 = ORIENTED_EDGE ( 'NONE', *, *, #2357, .T. ) ;
#6881 = PRODUCT_RELATED_PRODUCT_CATEGORY ( 'part', '', ( #2145 ) ) ;
#6882 = VERTEX_POINT ( 'NONE', #2119 ) ;
#6883 = EDGE_CURVE ( 'NONE', #7445, #4164, #5091, .T. ) ;
#6884 = ORIENTED_EDGE ( 'NONE', *, *, #6550, .F. ) ;
#6885 = VECTOR ( 'NONE', #4027, 1000.000000000000000 ) ;
#6886 = VECTOR ( 'NONE', #259, 999.9999999999998863 ) ;
#6887 = DIRECTION ( 'NONE',  ( 0.000000000000000000, 1.000000000000000000, 2.449293598294710852E-16 ) ) ;
#6888 = LINE ( 'NONE', #2238, #6729 ) ;
#6889 = LINE ( 'NONE', #3561, #641 ) ;
#6890 = VECTOR ( 'NONE', #1513, 1000.000000000000000 ) ;
#6891 = VECTOR ( 'NONE', #3920, 1000.000000000000000 ) ;
#6892 = EDGE_CURVE ( 'NONE', #6766, #7098, #4975, .T. ) ;
#6893 = EDGE_CURVE ( 'NONE', #5402, #5311, #3253, .T. ) ;
#6894 = EDGE_CURVE ( 'NONE', #5655, #7173, #6121, .T. ) ;
#6895 = EDGE_CURVE ( 'NONE', #162, #676, #2197, .T. ) ;
#6896 = DIRECTION ( 'NONE',  ( -0.000000000000000000, 1.000000000000000000, 0.000000000000000000 ) ) ;
#6897 = PLANE ( 'NONE',  #6777 ) ;
#6898 = AXIS2_PLACEMENT_3D ( 'NONE', #153, #4734, #7054 ) ;
#6899 = STYLED_ITEM ( 'NONE', ( #6096 ), #4133 ) ;
#6900 = DIRECTION ( 'NONE',  ( -0.000000000000000000, 1.000000000000000000, 1.733406087350420004E-16 ) ) ;
#6901 = CARTESIAN_POINT ( 'NONE',  ( -12.69999999999999751, 0.5080000000000002292, -0.7528818102449945648 ) ) ;
#6902 = DIRECTION ( 'NONE',  ( 0.000000000000000000, 0.000000000000000000, 1.000000000000000000 ) ) ;
#6903 = ORIENTED_EDGE ( 'NONE', *, *, #798, .F. ) ;
#6904 = AXIS2_PLACEMENT_3D ( 'NONE', #1901, #4195, #4643 ) ;
#6905 = VECTOR ( 'NONE', #1645, 1000.000000000000114 ) ;
#6906 = EDGE_CURVE ( 'NONE', #3599, #5182, #2080, .T. ) ;
#6907 = EDGE_CURVE ( 'NONE', #4017, #4138, #7405, .T. ) ;
#6908 = FACE_OUTER_BOUND ( 'NONE', #4466, .T. ) ;
#6909 = CARTESIAN_POINT ( 'NONE',  ( -4.635499999999998622, 8.509000000000000341, -0.8255000000000067839 ) ) ;
#6910 = DIRECTION ( 'NONE',  ( 1.000000000000000000, -0.000000000000000000, -0.000000000000000000 ) ) ;
#6911 = DIRECTION ( 'NONE',  ( -1.000000000000000000, -0.000000000000000000, -0.000000000000000000 ) ) ;
#6912 = AXIS2_PLACEMENT_3D ( 'NONE', #4795, #3609, #5444 ) ;
#6913 =( NAMED_UNIT ( * ) PLANE_ANGLE_UNIT ( ) SI_UNIT ( $, .RADIAN. ) );
#6914 = ORIENTED_EDGE ( 'NONE', *, *, #1111, .F. ) ;
#6915 = ORIENTED_EDGE ( 'NONE', *, *, #2578, .F. ) ;
#6916 = STYLED_ITEM ( 'NONE', ( #3231 ), #6581 ) ;
#6917 = CARTESIAN_POINT ( 'NONE',  ( 15.49399999999999977, 0.5080000000000002292, -0.7528818102449945648 ) ) ;
#6918 = LINE ( 'NONE', #1735, #127 ) ;
#6919 = LINE ( 'NONE', #6842, #1900 ) ;
#6920 = CARTESIAN_POINT ( 'NONE',  ( -3.936999999999994504, 7.810499999999999332, -0.1270000000000042206 ) ) ;
#6921 = ORIENTED_EDGE ( 'NONE', *, *, #5820, .T. ) ;
#6922 = CARTESIAN_POINT ( 'NONE',  ( -0.8889999999999956826, 8.064499999999998892, 0.3809999999999947873 ) ) ;
#6923 = VECTOR ( 'NONE', #1026, 1000.000000000000000 ) ;
#6924 = ORIENTED_EDGE ( 'NONE', *, *, #5262, .T. ) ;
#6925 = ORIENTED_EDGE ( 'NONE', *, *, #2599, .F. ) ;
#6926 = EDGE_LOOP ( 'NONE', ( #7333, #7335, #5408, #4850, #4147, #2071, #5843, #4832 ) ) ;
#6927 = CARTESIAN_POINT ( 'NONE',  ( -3.682999999999997165, 7.810499999999998444, 0.1269999999999948948 ) ) ;
#6928 = PLANE ( 'NONE',  #4766 ) ;
#6929 = CARTESIAN_POINT ( 'NONE',  ( 15.24000000000000554, 3.110602869834277161E-16, -1.270000000000001128 ) ) ;
#6930 = AXIS2_PLACEMENT_3D ( 'NONE', #5787, #662, #2887 ) ;
#6931 = CLOSED_SHELL ( 'NONE', ( #4793, #147, #2722, #2587, #3098, #6202, #5524, #2723, #442, #1339, #1937, #4982, #159, #2527, #5743, #2043, #1642, #6936, #4988 ) ) ;
#6932 = DIRECTION ( 'NONE',  ( -0.000000000000000000, -0.7071067811865482389, -0.7071067811865467956 ) ) ;
#6933 = DIRECTION ( 'NONE',  ( -0.000000000000000000, 0.000000000000000000, -1.000000000000000000 ) ) ;
#6934 = DIRECTION ( 'NONE',  ( 1.000000000000000000, -0.000000000000000000, -0.000000000000000000 ) ) ;
#6935 =( LENGTH_UNIT ( ) NAMED_UNIT ( * ) SI_UNIT ( .MILLI., .METRE. ) );
#6936 = ADVANCED_FACE ( 'NONE', ( #3944 ), #6237, .F. ) ;
#6937 = CARTESIAN_POINT ( 'NONE',  ( -3.809999999999995612, 0.000000000000000000, 0.000000000000000000 ) ) ;
#6938 = EDGE_CURVE ( 'NONE', #6814, #5773, #7295, .T. ) ;
#6939 = ORIENTED_EDGE ( 'NONE', *, *, #5913, .F. ) ;
#6940 = AXIS2_PLACEMENT_3D ( 'NONE', #1213, #185, #5952 ) ;
#6941 = CARTESIAN_POINT ( 'NONE',  ( -3.428999999999996273, 8.064499999999998892, -0.3810000000000038356 ) ) ;
#6942 = CARTESIAN_POINT ( 'NONE',  ( -2.539999999999996927, 0.000000000000000000, 1.269999999999998908 ) ) ;
#6943 = CARTESIAN_POINT ( 'NONE',  ( -12.69999999999999751, -1.925929944387235853E-31, 0.8889999999999991243 ) ) ;
#6944 = DIRECTION ( 'NONE',  ( 1.000000000000000000, 0.000000000000000000, -0.000000000000000000 ) ) ;
#6945 = EDGE_CURVE ( 'NONE', #6304, #1952, #501, .T. ) ;
#6946 = ADVANCED_FACE ( 'NONE', ( #2230, #6691 ), #5545, .F. ) ;
#6947 = ORIENTED_EDGE ( 'NONE', *, *, #1986, .T. ) ;
#6948 = AXIS2_PLACEMENT_3D ( 'NONE', #6105, #452, #1612 ) ;
#6949 = ORIENTED_EDGE ( 'NONE', *, *, #3658, .T. ) ;
#6950 = LINE ( 'NONE', #2292, #7375 ) ;
#6951 = FACE_OUTER_BOUND ( 'NONE', #6241, .T. ) ;
#6952 = LINE ( 'NONE', #5232, #5184 ) ;
#6953 = VECTOR ( 'NONE', #6910, 1000.000000000000000 ) ;
#6954 = CARTESIAN_POINT ( 'NONE',  ( 2.540000000000002256, 8.509000000000000341, -1.270000000000001128 ) ) ;
#6955 = DIRECTION ( 'NONE',  ( 0.000000000000000000, 0.000000000000000000, 1.000000000000000000 ) ) ;
#6956 = VERTEX_POINT ( 'NONE', #1554 ) ;
#6957 = PLANE ( 'NONE',  #5816 ) ;
#6958 = EDGE_LOOP ( 'NONE', ( #7259, #2872, #4312, #2906 ) ) ;
#6959 = ORIENTED_EDGE ( 'NONE', *, *, #2351, .T. ) ;
#6960 = VECTOR ( 'NONE', #3605, 1000.000000000000000 ) ;
#6961 = EDGE_LOOP ( 'NONE', ( #6959, #977, #1307, #1208 ) ) ;
#6962 = DIRECTION ( 'NONE',  ( -0.000000000000000000, 1.000000000000000000, 1.733406087350420004E-16 ) ) ;
#6963 = DIRECTION ( 'NONE',  ( 0.5773502691896268413, 0.5773502691896246208, -0.5773502691896256200 ) ) ;
#6964 = VECTOR ( 'NONE', #6687, 1000.000000000000000 ) ;
#6965 = CARTESIAN_POINT ( 'NONE',  ( -12.69999999999999751, 8.509000000000000341, 1.270000000000001128 ) ) ;
#6966 = VERTEX_POINT ( 'NONE', #3786 ) ;
#6967 = AXIS2_PLACEMENT_3D ( 'NONE', #1559, #914, #4354 ) ;
#6968 = FACE_OUTER_BOUND ( 'NONE', #6242, .T. ) ;
#6969 = DIRECTION ( 'NONE',  ( 0.000000000000000000, 1.000000000000000000, 0.000000000000000000 ) ) ;
#6970 = LINE ( 'NONE', #2499, #255 ) ;
#6971 = CARTESIAN_POINT ( 'NONE',  ( 8.064500000000002444, 8.509000000000000341, 0.8254999999999981242 ) ) ;
#6972 = SURFACE_STYLE_USAGE ( .BOTH. , #1757 ) ;
#6973 = DIRECTION ( 'NONE',  ( -1.000000000000000000, -0.000000000000000000, -0.000000000000000000 ) ) ;
#6974 = ORIENTED_EDGE ( 'NONE', *, *, #3751, .F. ) ;
#6975 = ADVANCED_FACE ( 'NONE', ( #6198 ), #1514, .F. ) ;
#6976 = EDGE_CURVE ( 'NONE', #6765, #5709, #6159, .T. ) ;
#6977 = FACE_OUTER_BOUND ( 'NONE', #7396, .T. ) ;
#6978 = DIRECTION ( 'NONE',  ( -0.000000000000000000, 1.000000000000000000, 1.733406087350420004E-16 ) ) ;
#6979 = CARTESIAN_POINT ( 'NONE',  ( 5.080000000000002736, 0.5080000000000002292, -0.7528818102449945648 ) ) ;
#6980 = CARTESIAN_POINT ( 'NONE',  ( -5.079999999999997407, 3.110602869834277161E-16, -1.270000000000001128 ) ) ;
#6981 = ORIENTED_EDGE ( 'NONE', *, *, #7210, .T. ) ;
#6982 = VERTEX_POINT ( 'NONE', #3293 ) ;
#6983 = EDGE_CURVE ( 'NONE', #7098, #6294, #5586, .T. ) ;
#6984 = EDGE_CURVE ( 'NONE', #1933, #6304, #2369, .T. ) ;
#6985 = EDGE_CURVE ( 'NONE', #6990, #3168, #610, .T. ) ;
#6986 = DIRECTION ( 'NONE',  ( 0.000000000000000000, -1.440069553722777377E-16, 1.000000000000000000 ) ) ;
#6987 = CARTESIAN_POINT ( 'NONE',  ( 10.16000000000000369, 0.000000000000000000, 1.269999999999998908 ) ) ;
#6988 = DIRECTION ( 'NONE',  ( 0.000000000000000000, -0.9659258262890699775, -0.2588190451025145222 ) ) ;
#6989 = LINE ( 'NONE', #7093, #982 ) ;
#6990 = VERTEX_POINT ( 'NONE', #6878 ) ;
#6991 = DIRECTION ( 'NONE',  ( 0.000000000000000000, 2.548365665731588345E-16, -1.000000000000000000 ) ) ;
#6992 = ORIENTED_EDGE ( 'NONE', *, *, #652, .F. ) ;
#6993 = ORIENTED_EDGE ( 'NONE', *, *, #439, .F. ) ;
#6994 = ORIENTED_EDGE ( 'NONE', *, *, #5860, .T. ) ;
#6995 = EDGE_CURVE ( 'NONE', #1595, #363, #2300, .T. ) ;
#6996 = PRODUCT_DEFINITION_CONTEXT ( 'detailed design', #1877, 'design' ) ;
#6997 = DIRECTION ( 'NONE',  ( 0.7071067811865462405, -0.7071067811865489050, 0.000000000000000000 ) ) ;
#6998 = FACE_OUTER_BOUND ( 'NONE', #797, .T. ) ;
#6999 = CARTESIAN_POINT ( 'NONE',  ( 0.3810000000000000053, -3.200400000000000134, -0.2032000000000001583 ) ) ;
#7000 = VECTOR ( 'NONE', #1009, 1000.000000000000000 ) ;
#7001 = VERTEX_POINT ( 'NONE', #2399 ) ;
#7002 = CARTESIAN_POINT ( 'NONE',  ( 1.397000000000002462, 7.810499999999999332, -0.1270000000000042206 ) ) ;
#7003 = CARTESIAN_POINT ( 'NONE',  ( -15.23999999999999844, 2.177422008883992879E-16, -0.8890000000000013447 ) ) ;
#7004 = VECTOR ( 'NONE', #3785, 1000.000000000000000 ) ;
#7005 = DIRECTION ( 'NONE',  ( 0.000000000000000000, -5.054934237236841843E-31, -1.000000000000000000 ) ) ;
#7006 = VECTOR ( 'NONE', #5892, 1000.000000000000000 ) ;
#7007 = ORIENTED_EDGE ( 'NONE', *, *, #3386, .F. ) ;
#7008 = VECTOR ( 'NONE', #5495, 1000.000000000000000 ) ;
#7009 = AXIS2_PLACEMENT_3D ( 'NONE', #6482, #776, #739 ) ;
#7010 = PLANE ( 'NONE',  #2544 ) ;
#7011 = DIRECTION ( 'NONE',  ( -1.000000000000000000, 0.000000000000000000, 0.000000000000000000 ) ) ;
#7012 = CARTESIAN_POINT ( 'NONE',  ( 6.731000000000004313, 8.064499999999998892, 0.3809999999999949538 ) ) ;
#7013 = VECTOR ( 'NONE', #767, 1000.000000000000000 ) ;
#7014 = ADVANCED_FACE ( 'NONE', ( #647 ), #4111, .F. ) ;
#7015 = ORIENTED_EDGE ( 'NONE', *, *, #3383, .F. ) ;
#7016 = ORIENTED_EDGE ( 'NONE', *, *, #1522, .F. ) ;
#7017 = CARTESIAN_POINT ( 'NONE',  ( 0.3810000000000000053, 0.5079999999999997851, 0.2032000000000010465 ) ) ;
#7018 = LINE ( 'NONE', #1349, #1445 ) ;
#7019 = VECTOR ( 'NONE', #74, 1000.000000000000000 ) ;
#7020 = CARTESIAN_POINT ( 'NONE',  ( 5.080000000000002736, 8.509000000000000341, -0.8255000000000067839 ) ) ;
#7021 = CARTESIAN_POINT ( 'NONE',  ( -10.15999999999999659, 3.110602869834277161E-16, -1.270000000000001128 ) ) ;
#7022 = EDGE_CURVE ( 'NONE', #2254, #3887, #4670, .T. ) ;
#7023 = ORIENTED_EDGE ( 'NONE', *, *, #6458, .F. ) ;
#7024 = LINE ( 'NONE', #228, #2562 ) ;
#7025 = EDGE_CURVE ( 'NONE', #613, #2983, #5806, .T. ) ;
#7026 = ORIENTED_EDGE ( 'NONE', *, *, #2733, .F. ) ;
#7027 = STYLED_ITEM ( 'NONE', ( #5599 ), #6571 ) ;
#7028 = ORIENTED_EDGE ( 'NONE', *, *, #2176, .T. ) ;
#7029 = EDGE_LOOP ( 'NONE', ( #7315, #1091, #4963, #950 ) ) ;
#7030 = CARTESIAN_POINT ( 'NONE',  ( 1.734723475976807094E-15, 0.5080000000000002292, -0.7528818102449945648 ) ) ;
#7031 = VECTOR ( 'NONE', #1357, 1000.000000000000000 ) ;
#7032 = LINE ( 'NONE', #4152, #6116 ) ;
#7033 = EDGE_CURVE ( 'NONE', #6613, #3320, #1172, .T. ) ;
#7034 = CARTESIAN_POINT ( 'NONE',  ( 0.3810000000000000053, -2.692399999999995686, -0.2032000000000001583 ) ) ;
#7035 = ADVANCED_FACE ( 'NONE', ( #2869 ), #2336, .F. ) ;
#7036 =( GEOMETRIC_REPRESENTATION_CONTEXT ( 3 ) GLOBAL_UNCERTAINTY_ASSIGNED_CONTEXT ( ( #7062 ) ) GLOBAL_UNIT_ASSIGNED_CONTEXT ( ( #1767, #5759, #5152 ) ) REPRESENTATION_CONTEXT ( 'NONE', 'WORKASPACE' ) );
#7037 = ORIENTED_EDGE ( 'NONE', *, *, #7297, .T. ) ;
#7038 = DIRECTION ( 'NONE',  ( 0.000000000000000000, 0.000000000000000000, -1.000000000000000000 ) ) ;
#7039 = SURFACE_SIDE_STYLE ('',( #5854 ) ) ;
#7040 = DIRECTION ( 'NONE',  ( 0.000000000000000000, 1.000000000000000000, 0.000000000000000000 ) ) ;
#7041 = DIRECTION ( 'NONE',  ( 0.000000000000000000, 0.000000000000000000, -1.000000000000000000 ) ) ;
#7042 = FACE_OUTER_BOUND ( 'NONE', #6008, .T. ) ;
#7043 =( LENGTH_UNIT ( ) NAMED_UNIT ( * ) SI_UNIT ( .MILLI., .METRE. ) );
#7044 = ORIENTED_EDGE ( 'NONE', *, *, #6907, .T. ) ;
#7045 = DIRECTION ( 'NONE',  ( 0.000000000000000000, 0.000000000000000000, 1.000000000000000000 ) ) ;
#7046 = LINE ( 'NONE', #3112, #615 ) ;
#7047 = CARTESIAN_POINT ( 'NONE',  ( -2.539999999999996927, 8.509000000000000341, 1.270000000000001128 ) ) ;
#7048 = FACE_OUTER_BOUND ( 'NONE', #4985, .T. ) ;
#7049 = VERTEX_POINT ( 'NONE', #4012 ) ;
#7050 = EDGE_LOOP ( 'NONE', ( #2785, #1132, #3667, #3038 ) ) ;
#7051 = PLANE ( 'NONE',  #6050 ) ;
#7052 = PLANE ( 'NONE',  #5667 ) ;
#7053 = DIRECTION ( 'NONE',  ( 0.000000000000000000, -1.440069553722777130E-16, 1.000000000000000000 ) ) ;
#7054 = DIRECTION ( 'NONE',  ( -1.000000000000000000, 0.000000000000000000, 0.000000000000000000 ) ) ;
#7055 = EDGE_LOOP ( 'NONE', ( #1106, #5889, #5005, #7284 ) ) ;
#7056 = CARTESIAN_POINT ( 'NONE',  ( 3.469446951953614189E-15, 2.177422008883992879E-16, -0.8890000000000013447 ) ) ;
#7057 = VERTEX_POINT ( 'NONE', #5700 ) ;
#7058 = EDGE_LOOP ( 'NONE', ( #4093, #6439, #6146, #6730 ) ) ;
#7059 = ORIENTED_EDGE ( 'NONE', *, *, #388, .T. ) ;
#7060 = EDGE_CURVE ( 'NONE', #7146, #379, #3478, .T. ) ;
#7061 = LINE ( 'NONE', #759, #1048 ) ;
#7062 = UNCERTAINTY_MEASURE_WITH_UNIT (LENGTH_MEASURE( 1.000000000000000082E-05 ), #1767, 'distance_accuracy_value', 'NONE');
#7063 = EDGE_CURVE ( 'NONE', #111, #3353, #5839, .T. ) ;
#7064 = CARTESIAN_POINT ( 'NONE',  ( 7.620000000000000107, 7.239000000000000767, -2.201425730935033664E-16 ) ) ;
#7065 = LINE ( 'NONE', #1892, #3833 ) ;
#7066 = CARTESIAN_POINT ( 'NONE',  ( 14.79550000000000942, 8.509000000000000341, 0.8254999999999981242 ) ) ;
#7067 = VECTOR ( 'NONE', #5338, 1000.000000000000000 ) ;
#7068 = EDGE_LOOP ( 'NONE', ( #5059, #2675, #17, #1477, #170, #7122, #5799, #1706 ) ) ;
#7069 = EDGE_LOOP ( 'NONE', ( #3286, #4265, #649, #585 ) ) ;
#7070 = EDGE_CURVE ( 'NONE', #3909, #5534, #13, .T. ) ;
#7071 = LINE ( 'NONE', #4715, #5923 ) ;
#7072 = ADVANCED_FACE ( 'NONE', ( #5271 ), #546, .F. ) ;
#7073 = ADVANCED_FACE ( 'NONE', ( #3512 ), #5737, .F. ) ;
#7074 = AXIS2_PLACEMENT_3D ( 'NONE', #173, #4717, #3141 ) ;
#7075 = CARTESIAN_POINT ( 'NONE',  ( 5.969000000000005635, 8.064499999999998892, 0.3809999999999947873 ) ) ;
#7076 = DIRECTION ( 'NONE',  ( 0.000000000000000000, 0.000000000000000000, -1.000000000000000000 ) ) ;
#7077 = LINE ( 'NONE', #4719, #5246 ) ;
#7078 = DIRECTION ( 'NONE',  ( 1.000000000000000000, 0.000000000000000000, 0.000000000000000000 ) ) ;
#7079 = VECTOR ( 'NONE', #3179, 1000.000000000000000 ) ;
#7080 = ORIENTED_EDGE ( 'NONE', *, *, #7344, .F. ) ;
#7081 = PLANE ( 'NONE',  #1600 ) ;
#7082 = CARTESIAN_POINT ( 'NONE',  ( 13.58900000000000752, 8.064499999999998892, -0.3810000000000038356 ) ) ;
#7083 = DIRECTION ( 'NONE',  ( 0.000000000000000000, 0.2588190451025145222, -0.9659258262890699775 ) ) ;
#7084 = VECTOR ( 'NONE', #5764, 1000.000000000000000 ) ;
#7085 = LINE ( 'NONE', #1911, #5915 ) ;
#7086 = VECTOR ( 'NONE', #2228, 1000.000000000000000 ) ;
#7087 = EDGE_LOOP ( 'NONE', ( #1140, #650, #1805, #5551 ) ) ;
#7088 = ORIENTED_EDGE ( 'NONE', *, *, #2881, .F. ) ;
#7089 = DIRECTION ( 'NONE',  ( -0.000000000000000000, 0.000000000000000000, 1.000000000000000000 ) ) ;
#7090 = CARTESIAN_POINT ( 'NONE',  ( -1.396999999999993802, 7.810499999999999332, -0.1270000000000042206 ) ) ;
#7091 = FACE_OUTER_BOUND ( 'NONE', #5920, .T. ) ;
#7092 = DIRECTION ( 'NONE',  ( 0.000000000000000000, 0.000000000000000000, 1.000000000000000000 ) ) ;
#7093 = CARTESIAN_POINT ( 'NONE',  ( -0.1961031209927693308, -3.200400000000000134, 0.2032000000000001583 ) ) ;
#7094 = EDGE_LOOP ( 'NONE', ( #5512, #5961, #1517, #2724 ) ) ;
#7095 = CARTESIAN_POINT ( 'NONE',  ( 1.734723475976807094E-15, 3.110602869834277161E-16, -1.270000000000001128 ) ) ;
#7096 = ORIENTED_EDGE ( 'NONE', *, *, #7161, .T. ) ;
#7097 = ORIENTED_EDGE ( 'NONE', *, *, #3795, .T. ) ;
#7098 = VERTEX_POINT ( 'NONE', #677 ) ;
#7099 = DIRECTION ( 'NONE',  ( -0.000000000000000000, 1.000000000000000000, 1.733406087350420004E-16 ) ) ;
#7100 = FACE_OUTER_BOUND ( 'NONE', #7384, .T. ) ;
#7101 = CARTESIAN_POINT ( 'NONE',  ( -14.35099999999999554, 8.064499999999998892, -0.3810000000000038356 ) ) ;
#7102 = CARTESIAN_POINT ( 'NONE',  ( 15.24000000000000554, 2.177422008883992879E-16, -0.8890000000000013447 ) ) ;
#7103 = ORIENTED_EDGE ( 'NONE', *, *, #5645, .F. ) ;
#7104 = EDGE_CURVE ( 'NONE', #4566, #1952, #2979, .T. ) ;
#7105 = ORIENTED_EDGE ( 'NONE', *, *, #5354, .T. ) ;
#7106 = FACE_OUTER_BOUND ( 'NONE', #5833, .T. ) ;
#7107 = DIRECTION ( 'NONE',  ( 0.000000000000000000, -0.9659258262890699775, -0.2588190451025145222 ) ) ;
#7108 = FACE_OUTER_BOUND ( 'NONE', #2754, .T. ) ;
#7109 = CARTESIAN_POINT ( 'NONE',  ( -15.49399999999999977, 8.509000000000000341, -1.270000000000001128 ) ) ;
#7110 = ITEM_DEFINED_TRANSFORMATION ( 'NONE', 'NONE', #2571,  #765 ) ;
#7111 = ADVANCED_FACE ( 'NONE', ( #1666 ), #6957, .F. ) ;
#7112 = EDGE_CURVE ( 'NONE', #148, #6765, #3974, .T. ) ;
#7113 = ORIENTED_EDGE ( 'NONE', *, *, #4165, .F. ) ;
#7114 = CARTESIAN_POINT ( 'NONE',  ( 10.16000000000000369, 8.509000000000000341, -1.270000000000001128 ) ) ;
#7115 = CARTESIAN_POINT ( 'NONE',  ( -2.539999999999996927, 0.5080000000000000071, 0.7528818102449925664 ) ) ;
#7116 = VECTOR ( 'NONE', #3865, 1000.000000000000000 ) ;
#7117 = VECTOR ( 'NONE', #6978, 1000.000000000000000 ) ;
#7118 = DIRECTION ( 'NONE',  ( 0.000000000000000000, 1.000000000000000000, -5.054934237236841843E-31 ) ) ;
#7119 =( LENGTH_UNIT ( ) NAMED_UNIT ( * ) SI_UNIT ( .MILLI., .METRE. ) );
#7120 = ADVANCED_FACE ( 'NONE', ( #3623 ), #711, .F. ) ;
#7121 = EDGE_CURVE ( 'NONE', #1768, #3479, #864, .T. ) ;
#7122 = ORIENTED_EDGE ( 'NONE', *, *, #7443, .T. ) ;
#7123 = EDGE_CURVE ( 'NONE', #3460, #612, #2440, .T. ) ;
#7124 = VECTOR ( 'NONE', #845, 1000.000000000000000 ) ;
#7125 = VECTOR ( 'NONE', #5027, 1000.000000000000000 ) ;
#7126 = ORIENTED_EDGE ( 'NONE', *, *, #212, .F. ) ;
#7127 = PLANE ( 'NONE',  #1955 ) ;
#7128 = PLANE ( 'NONE',  #3382 ) ;
#7129 = DIRECTION ( 'NONE',  ( -0.000000000000000000, 0.000000000000000000, -1.000000000000000000 ) ) ;
#7130 = VECTOR ( 'NONE', #2165, 1000.000000000000000 ) ;
#7131 = VECTOR ( 'NONE', #6868, 1000.000000000000000 ) ;
#7132 = FACE_OUTER_BOUND ( 'NONE', #5409, .T. ) ;
#7133 = DIRECTION ( 'NONE',  ( 0.000000000000000000, 2.548365665731588345E-16, -1.000000000000000000 ) ) ;
#7134 = ORIENTED_EDGE ( 'NONE', *, *, #4437, .T. ) ;
#7135 = LINE ( 'NONE', #3123, #3167 ) ;
#7136 = ORIENTED_EDGE ( 'NONE', *, *, #979, .T. ) ;
#7137 = EDGE_LOOP ( 'NONE', ( #7325, #785, #978, #2637 ) ) ;
#7138 = ORIENTED_EDGE ( 'NONE', *, *, #5968, .T. ) ;
#7139 = VECTOR ( 'NONE', #112, 1000.000000000000000 ) ;
#7140 = CARTESIAN_POINT ( 'NONE',  ( 5.080000000000002736, 0.000000000000000000, 1.269999999999998908 ) ) ;
#7141 = CARTESIAN_POINT ( 'NONE',  ( 3.469446951953614189E-15, 8.509000000000000341, -0.8255000000000067839 ) ) ;
#7142 = DIRECTION ( 'NONE',  ( -1.000000000000000000, -0.000000000000000000, -0.000000000000000000 ) ) ;
#7143 = VECTOR ( 'NONE', #1191, 1000.000000000000000 ) ;
#7144 = VERTEX_POINT ( 'NONE', #2555 ) ;
#7145 = ORIENTED_EDGE ( 'NONE', *, *, #291, .F. ) ;
#7146 = VERTEX_POINT ( 'NONE', #753 ) ;
#7147 = AXIS2_PLACEMENT_3D ( 'NONE', #6965, #2879, #1254 ) ;
#7148 = DIRECTION ( 'NONE',  ( -0.000000000000000000, 0.000000000000000000, 1.000000000000000000 ) ) ;
#7149 = CARTESIAN_POINT ( 'NONE',  ( 15.49399999999999977, 8.509000000000000341, 1.270000000000001128 ) ) ;
#7150 = CARTESIAN_POINT ( 'NONE',  ( -10.15999999999999837, 8.509000000000000341, 1.270000000000001128 ) ) ;
#7151 = DIRECTION ( 'NONE',  ( 0.000000000000000000, -0.9659258262890699775, -0.2588190451025145222 ) ) ;
#7152 = AXIS2_PLACEMENT_3D ( 'NONE', #4487, #2674, #5653 ) ;
#7153 = ORIENTED_EDGE ( 'NONE', *, *, #1118, .T. ) ;
#7154 = ADVANCED_FACE ( 'NONE', ( #4181 ), #3590, .F. ) ;
#7155 = LINE ( 'NONE', #7114, #5318 ) ;
#7156 = DIRECTION ( 'NONE',  ( 0.000000000000000000, 0.000000000000000000, 1.000000000000000000 ) ) ;
#7157 = EDGE_CURVE ( 'NONE', #2462, #111, #5342, .T. ) ;
#7158 = DIRECTION ( 'NONE',  ( -0.000000000000000000, 1.000000000000000000, 1.733406087350420004E-16 ) ) ;
#7159 = EDGE_LOOP ( 'NONE', ( #4552, #3477, #1336, #6418 ) ) ;
#7160 = ORIENTED_EDGE ( 'NONE', *, *, #5272, .F. ) ;
#7161 = EDGE_CURVE ( 'NONE', #4976, #6613, #7170, .T. ) ;
#7162 = CARTESIAN_POINT ( 'NONE',  ( 8.509000000000005670, 7.239000000000000767, 0.3809999999999947873 ) ) ;
#7163 = LINE ( 'NONE', #1990, #365 ) ;
#7164 = EDGE_CURVE ( 'NONE', #697, #269, #4848, .T. ) ;
#7165 = CARTESIAN_POINT ( 'NONE',  ( -5.079999999999997407, 8.509000000000000341, 1.270000000000001128 ) ) ;
#7166 = ADVANCED_FACE ( 'NONE', ( #823 ), #3732, .F. ) ;
#7167 = DIRECTION ( 'NONE',  ( 1.000000000000000000, 0.000000000000000000, -0.000000000000000000 ) ) ;
#7168 = CARTESIAN_POINT ( 'NONE',  ( 3.429000000000005155, 8.064499999999998892, 0.3809999999999949538 ) ) ;
#7169 = EDGE_LOOP ( 'NONE', ( #6147, #5154, #2547, #3385 ) ) ;
#7170 = LINE ( 'NONE', #5459, #6548 ) ;
#7171 = ORIENTED_EDGE ( 'NONE', *, *, #3375, .F. ) ;
#7172 = ORIENTED_EDGE ( 'NONE', *, *, #2578, .T. ) ;
#7173 = VERTEX_POINT ( 'NONE', #4144 ) ;
#7174 = FACE_OUTER_BOUND ( 'NONE', #2837, .T. ) ;
#7175 = EDGE_CURVE ( 'NONE', #6791, #5768, #7135, .T. ) ;
#7176 = CARTESIAN_POINT ( 'NONE',  ( -12.69999999999999751, 0.5080000000000000071, 0.7528818102449925664 ) ) ;
#7177 = AXIS2_PLACEMENT_3D ( 'NONE', #2667, #1574, #3890 ) ;
#7178 = PRESENTATION_STYLE_ASSIGNMENT (( #4457 ) ) ;
#7179 = DIRECTION ( 'NONE',  ( 0.000000000000000000, 0.000000000000000000, 1.000000000000000000 ) ) ;
#7180 = ORIENTED_EDGE ( 'NONE', *, *, #6862, .F. ) ;
#7181 = VERTEX_POINT ( 'NONE', #3049 ) ;
#7182 = VERTEX_POINT ( 'NONE', #4773 ) ;
#7183 = DIRECTION ( 'NONE',  ( 0.000000000000000000, 0.000000000000000000, 1.000000000000000000 ) ) ;
#7184 = FACE_OUTER_BOUND ( 'NONE', #6162, .T. ) ;
#7185 = CARTESIAN_POINT ( 'NONE',  ( 7.620000000000003659, 0.000000000000000000, 1.269999999999998908 ) ) ;
#7186 = PLANE ( 'NONE',  #4303 ) ;
#7187 = VERTEX_POINT ( 'NONE', #7095 ) ;
#7188 = VECTOR ( 'NONE', #1261, 1000.000000000000000 ) ;
#7189 = CARTESIAN_POINT ( 'NONE',  ( 0.8890000000000043423, 7.239000000000000767, 0.3809999999999947873 ) ) ;
#7190 = DIRECTION ( 'NONE',  ( -1.000000000000000000, 0.000000000000000000, 0.000000000000000000 ) ) ;
#7191 = LINE ( 'NONE', #1003, #7363 ) ;
#7192 = DIRECTION ( 'NONE',  ( 0.000000000000000000, 2.548365665731588345E-16, -1.000000000000000000 ) ) ;
#7193 = CARTESIAN_POINT ( 'NONE',  ( 0.3810000000000000053, 0.5079999999999997851, 0.2032000000000010465 ) ) ;
#7194 = COLOUR_RGB ( '',0.2509803921568627416, 0.2509803921568627416, 0.2509803921568627416 ) ;
#7195 = VERTEX_POINT ( 'NONE', #6564 ) ;
#7196 = EDGE_CURVE ( 'NONE', #3498, #2150, #3699, .T. ) ;
#7197 = EDGE_CURVE ( 'NONE', #623, #5861, #4220, .T. ) ;
#7198 = ORIENTED_EDGE ( 'NONE', *, *, #4916, .F. ) ;
#7199 = PLANE ( 'NONE',  #3155 ) ;
#7200 = DIRECTION ( 'NONE',  ( 0.7071067811865462405, -0.7071067811865489050, 0.000000000000000000 ) ) ;
#7201 = LINE ( 'NONE', #4879, #5604 ) ;
#7202 = DIRECTION ( 'NONE',  ( -0.000000000000000000, 0.000000000000000000, -1.000000000000000000 ) ) ;
#7203 = FACE_OUTER_BOUND ( 'NONE', #6519, .T. ) ;
#7204 = VERTEX_POINT ( 'NONE', #6601 ) ;
#7205 = LINE ( 'NONE', #4338, #1727 ) ;
#7206 = ORIENTED_EDGE ( 'NONE', *, *, #3604, .F. ) ;
#7207 = ADVANCED_FACE ( 'NONE', ( #3665 ), #1425, .F. ) ;
#7208 = ORIENTED_EDGE ( 'NONE', *, *, #59, .T. ) ;
#7209 = EDGE_CURVE ( 'NONE', #1899, #6766, #5996, .T. ) ;
#7210 = EDGE_CURVE ( 'NONE', #2559, #4403, #5417, .T. ) ;
#7211 = ORIENTED_EDGE ( 'NONE', *, *, #4518, .T. ) ;
#7212 = FACE_OUTER_BOUND ( 'NONE', #2112, .T. ) ;
#7213 = DIRECTION ( 'NONE',  ( -1.000000000000000000, 0.000000000000000000, 0.000000000000000000 ) ) ;
#7214 = SURFACE_SIDE_STYLE ('',( #3904 ) ) ;
#7215 = FACE_OUTER_BOUND ( 'NONE', #4747, .T. ) ;
#7216 = ORIENTED_EDGE ( 'NONE', *, *, #3939, .F. ) ;
#7217 = EDGE_CURVE ( 'NONE', #2244, #7049, #7024, .T. ) ;
#7218 = ORIENTED_EDGE ( 'NONE', *, *, #6599, .T. ) ;
#7219 = EDGE_CURVE ( 'NONE', #6982, #1411, #2518, .T. ) ;
#7220 = EDGE_LOOP ( 'NONE', ( #2928, #5039, #4202, #2756 ) ) ;
#7221 = CARTESIAN_POINT ( 'NONE',  ( 15.49399999999999977, 8.509000000000000341, -1.270000000000001128 ) ) ;
#7222 = LINE ( 'NONE', #954, #2610 ) ;
#7223 = DIRECTION ( 'NONE',  ( -1.000000000000000000, -0.000000000000000000, -0.000000000000000000 ) ) ;
#7224 = ORIENTED_EDGE ( 'NONE', *, *, #2179, .F. ) ;
#7225 = CARTESIAN_POINT ( 'NONE',  ( -0.1961031209927691366, -3.200400000000000134, 0.2032000000000001583 ) ) ;
#7226 = DIRECTION ( 'NONE',  ( 0.000000000000000000, -1.000000000000000000, -2.548365665731588345E-16 ) ) ;
#7227 = FACE_OUTER_BOUND ( 'NONE', #3247, .T. ) ;
#7228 = DIRECTION ( 'NONE',  ( 0.000000000000000000, 5.054934237236841843E-31, 1.000000000000000000 ) ) ;
#7229 =( NAMED_UNIT ( * ) SI_UNIT ( $, .STERADIAN. ) SOLID_ANGLE_UNIT ( ) );
#7230 = PLANE ( 'NONE',  #2948 ) ;
#7231 = ORIENTED_EDGE ( 'NONE', *, *, #619, .F. ) ;
#7232 = VECTOR ( 'NONE', #5983, 1000.000000000000000 ) ;
#7233 = VECTOR ( 'NONE', #5147, 1000.000000000000227 ) ;
#7234 = PLANE ( 'NONE',  #3031 ) ;
#7235 = DIRECTION ( 'NONE',  ( -0.000000000000000000, -0.000000000000000000, 1.000000000000000000 ) ) ;
#7236 = DIRECTION ( 'NONE',  ( 0.5773502691896267303, -0.5773502691896247319, -0.5773502691896258421 ) ) ;
#7237 = CARTESIAN_POINT ( 'NONE',  ( 10.60450000000000337, 8.509000000000000341, -1.270000000000001128 ) ) ;
#7238 = LINE ( 'NONE', #6680, #3091 ) ;
#7239 = EDGE_CURVE ( 'NONE', #4192, #5690, #457, .T. ) ;
#7240 = CARTESIAN_POINT ( 'NONE',  ( 10.16000000000000369, 3.110602869834277161E-16, -1.270000000000001128 ) ) ;
#7241 = EDGE_LOOP ( 'NONE', ( #1516, #4431, #6124, #2597 ) ) ;
#7242 = CARTESIAN_POINT ( 'NONE',  ( 0.4445000000000004503, 8.509000000000000341, -0.8255000000000067839 ) ) ;
#7243 = AXIS2_PLACEMENT_3D ( 'NONE', #2308, #5097, #7410 ) ;
#7244 = AXIS2_PLACEMENT_3D ( 'NONE', #3140, #1551, #6840 ) ;
#7245 = ORIENTED_EDGE ( 'NONE', *, *, #1128, .F. ) ;
#7246 = ORIENTED_EDGE ( 'NONE', *, *, #3182, .F. ) ;
#7247 = EDGE_LOOP ( 'NONE', ( #1182, #6384, #156, #3645 ) ) ;
#7248 = DIRECTION ( 'NONE',  ( 0.000000000000000000, 1.000000000000000000, 2.548365665731588345E-16 ) ) ;
#7249 = VECTOR ( 'NONE', #5477, 1000.000000000000000 ) ;
#7250 = VECTOR ( 'NONE', #1575, 1000.000000000000000 ) ;
#7251 = EDGE_CURVE ( 'NONE', #456, #1176, #6799, .T. ) ;
#7252 = CARTESIAN_POINT ( 'NONE',  ( -7.619999999999997442, 8.509000000000000341, -0.8255000000000067839 ) ) ;
#7253 = SURFACE_STYLE_USAGE ( .BOTH. , #7214 ) ;
#7254 = ADVANCED_FACE ( 'NONE', ( #2632 ), #6763, .F. ) ;
#7255 = CARTESIAN_POINT ( 'NONE',  ( 10.16000000000000369, 0.5080000000000000071, 0.7528818102449925664 ) ) ;
#7256 = DIRECTION ( 'NONE',  ( 0.000000000000000000, 2.449293598294710852E-16, -1.000000000000000000 ) ) ;
#7257 = VERTEX_POINT ( 'NONE', #3284 ) ;
#7258 = VECTOR ( 'NONE', #6058, 1000.000000000000114 ) ;
#7259 = ORIENTED_EDGE ( 'NONE', *, *, #372, .T. ) ;
#7260 = VERTEX_POINT ( 'NONE', #4918 ) ;
#7261 = VERTEX_POINT ( 'NONE', #374 ) ;
#7262 = DIRECTION ( 'NONE',  ( 1.000000000000000000, 0.000000000000000000, 0.000000000000000000 ) ) ;
#7263 = PLANE ( 'NONE',  #3990 ) ;
#7264 = PRESENTATION_LAYER_ASSIGNMENT (  '', '', ( #4484 ) ) ;
#7265 = LINE ( 'NONE', #2767, #3351 ) ;
#7266 = EDGE_CURVE ( 'NONE', #5771, #2372, #1617, .T. ) ;
#7267 = CARTESIAN_POINT ( 'NONE',  ( 2.540000000000002256, 8.509000000000000341, -1.270000000000001128 ) ) ;
#7268 = EDGE_LOOP ( 'NONE', ( #4738, #6125, #7145, #3934 ) ) ;
#7269 = VECTOR ( 'NONE', #5639, 1000.000000000000114 ) ;
#7270 = PRODUCT ( 'NPPC121LFBN-RC', 'NPPC121LFBN-RC', '', ( #3868 ) ) ;
#7271 = LINE ( 'NONE', #2575, #1456 ) ;
#7272 = LINE ( 'NONE', #959, #135 ) ;
#7273 = CARTESIAN_POINT ( 'NONE',  ( -9.270999999999993690, 8.064499999999998892, 0.3809999999999947873 ) ) ;
#7274 = FILL_AREA_STYLE ('',( #926 ) ) ;
#7275 = VECTOR ( 'NONE', #6640, 1000.000000000000000 ) ;
#7276 = DIRECTION ( 'NONE',  ( 0.000000000000000000, -5.054934237236841843E-31, -1.000000000000000000 ) ) ;
#7277 = VERTEX_POINT ( 'NONE', #6225 ) ;
#7278 = DIRECTION ( 'NONE',  ( -1.000000000000000000, -0.000000000000000000, -0.000000000000000000 ) ) ;
#7279 = LINE ( 'NONE', #5486, #4095 ) ;
#7280 = PLANE ( 'NONE',  #3323 ) ;
#7281 = DIRECTION ( 'NONE',  ( 1.000000000000000000, 0.000000000000000000, -0.000000000000000000 ) ) ;
#7282 = DIRECTION ( 'NONE',  ( -0.000000000000000000, 1.000000000000000000, 2.449293598294710852E-16 ) ) ;
#7283 = DIRECTION ( 'NONE',  ( 1.000000000000000000, 0.000000000000000000, -0.000000000000000000 ) ) ;
#7284 = ORIENTED_EDGE ( 'NONE', *, *, #6983, .T. ) ;
#7285 = DIRECTION ( 'NONE',  ( -1.000000000000000000, 0.000000000000000000, 0.000000000000000000 ) ) ;
#7286 = STYLED_ITEM ( 'NONE', ( #4681 ), #6258 ) ;
#7287 = ORIENTED_EDGE ( 'NONE', *, *, #1775, .F. ) ;
#7288 = EDGE_LOOP ( 'NONE', ( #5909, #2993, #2266, #4131 ) ) ;
#7289 = APPLICATION_CONTEXT ( 'automotive_design' ) ;
#7290 = VERTEX_POINT ( 'NONE', #2753 ) ;
#7291 = DIRECTION ( 'NONE',  ( 0.000000000000000000, -0.9659258262890700886, 0.2588190451025140781 ) ) ;
#7292 = LINE ( 'NONE', #7252, #2778 ) ;
#7293 = LINE ( 'NONE', #6157, #2012 ) ;
#7294 = ORIENTED_EDGE ( 'NONE', *, *, #5636, .F. ) ;
#7295 = LINE ( 'NONE', #3368, #1005 ) ;
#7296 = VERTEX_POINT ( 'NONE', #2031 ) ;
#7297 = EDGE_CURVE ( 'NONE', #905, #6420, #1468, .T. ) ;
#7298 = EDGE_CURVE ( 'NONE', #7049, #4359, #2069, .T. ) ;
#7299 = ORIENTED_EDGE ( 'NONE', *, *, #6435, .F. ) ;
#7300 = CLOSED_SHELL ( 'NONE', ( #3376, #3180, #4037, #3864, #1859, #2623, #5719, #1081, #4531, #4343, #4704, #2951, #2441, #6801, #2223, #7314, #245, #5179, #4731 ) ) ;
#7301 = PLANE ( 'NONE',  #740 ) ;
#7302 =( NAMED_UNIT ( * ) PLANE_ANGLE_UNIT ( ) SI_UNIT ( $, .RADIAN. ) );
#7303 = CARTESIAN_POINT ( 'NONE',  ( 0.3810000000000000053, 0.5079999999999998961, -0.2031999999999997419 ) ) ;
#7304 = CARTESIAN_POINT ( 'NONE',  ( 13.58900000000000752, 7.239000000000000767, 0.3809999999999947873 ) ) ;
#7305 = VERTEX_POINT ( 'NONE', #7242 ) ;
#7306 = EDGE_CURVE ( 'NONE', #5705, #7277, #1053, .T. ) ;
#7307 = EDGE_CURVE ( 'NONE', #6447, #1750, #5574, .T. ) ;
#7308 = FACE_BOUND ( 'NONE', #5890, .T. ) ;
#7309 = FILL_AREA_STYLE_COLOUR ( '', #4606 ) ;
#7310 = LINE ( 'NONE', #4398, #4815 ) ;
#7311 = LINE ( 'NONE', #3801, #4537 ) ;
#7312 = PLANE ( 'NONE',  #2049 ) ;
#7313 = CARTESIAN_POINT ( 'NONE',  ( -10.15999999999999659, 2.177422008883992879E-16, -0.8890000000000013447 ) ) ;
#7314 = ADVANCED_FACE ( 'NONE', ( #1578 ), #6724, .F. ) ;
#7315 = ORIENTED_EDGE ( 'NONE', *, *, #2589, .T. ) ;
#7316 = DIRECTION ( 'NONE',  ( 0.000000000000000000, -1.440069553722777130E-16, 1.000000000000000000 ) ) ;
#7317 = CARTESIAN_POINT ( 'NONE',  ( 2.540000000000002256, 2.177422008883992879E-16, -0.8890000000000013447 ) ) ;
#7318 = LINE ( 'NONE', #368, #1638 ) ;
#7319 = AXIS2_PLACEMENT_3D ( 'NONE', #3776, #2629, #3162 ) ;
#7320 = CARTESIAN_POINT ( 'NONE',  ( -12.69999999999999751, 0.5080000000000002292, -0.7528818102449945648 ) ) ;
#7321 = VECTOR ( 'NONE', #7076, 1000.000000000000000 ) ;
#7322 = CARTESIAN_POINT ( 'NONE',  ( -15.23999999999999844, -1.925929944387235853E-31, 0.8889999999999991243 ) ) ;
#7323 = VERTEX_POINT ( 'NONE', #5533 ) ;
#7324 = DIRECTION ( 'NONE',  ( 0.000000000000000000, -1.000000000000000000, -2.548365665731588345E-16 ) ) ;
#7325 = ORIENTED_EDGE ( 'NONE', *, *, #3983, .F. ) ;
#7326 = ORIENTED_EDGE ( 'NONE', *, *, #4450, .F. ) ;
#7327 = VECTOR ( 'NONE', #986, 1000.000000000000000 ) ;
#7328 = ORIENTED_EDGE ( 'NONE', *, *, #6790, .T. ) ;
#7329 = CARTESIAN_POINT ( 'NONE',  ( 1.651000000000003132, 8.064499999999998892, -0.3810000000000038356 ) ) ;
#7330 = CARTESIAN_POINT ( 'NONE',  ( 5.080000000000002736, 0.5080000000000002292, -0.7528818102449945648 ) ) ;
#7331 = CARTESIAN_POINT ( 'NONE',  ( -6.730999999999995431, 7.239000000000000767, 0.3809999999999947873 ) ) ;
#7332 = DIRECTION ( 'NONE',  ( 0.000000000000000000, 0.000000000000000000, 1.000000000000000000 ) ) ;
#7333 = ORIENTED_EDGE ( 'NONE', *, *, #2225, .F. ) ;
#7334 = ORIENTED_EDGE ( 'NONE', *, *, #6843, .F. ) ;
#7335 = ORIENTED_EDGE ( 'NONE', *, *, #884, .F. ) ;
#7336 = CARTESIAN_POINT ( 'NONE',  ( -9.270999999999993690, 7.239000000000000767, 0.3809999999999947873 ) ) ;
#7337 = LINE ( 'NONE', #436, #5255 ) ;
#7338 = LINE ( 'NONE', #3756, #4293 ) ;
#7339 = EDGE_CURVE ( 'NONE', #431, #1933, #6189, .T. ) ;
#7340 = EDGE_LOOP ( 'NONE', ( #1973, #3125, #1889, #3683 ) ) ;
#7341 = LINE ( 'NONE', #6667, #6170 ) ;
#7342 = LINE ( 'NONE', #1563, #4582 ) ;
#7343 = CARTESIAN_POINT ( 'NONE',  ( 15.23999999999999844, 0.5080000000000002292, -0.7528818102449945648 ) ) ;
#7344 = EDGE_CURVE ( 'NONE', #7419, #2709, #490, .T. ) ;
#7345 = EDGE_CURVE ( 'NONE', #1623, #4532, #7205, .T. ) ;
#7346 = FACE_OUTER_BOUND ( 'NONE', #4886, .T. ) ;
#7347 = ORIENTED_EDGE ( 'NONE', *, *, #7063, .F. ) ;
#7348 = DIRECTION ( 'NONE',  ( 0.000000000000000000, 0.9659258262890699775, 0.2588190451025145222 ) ) ;
#7349 = LINE ( 'NONE', #2143, #250 ) ;
#7350 = CARTESIAN_POINT ( 'NONE',  ( 3.429000000000005155, 8.064499999999998892, -0.3810000000000038356 ) ) ;
#7351 = CARTESIAN_POINT ( 'NONE',  ( -3.428999999999996273, 8.064499999999998892, 0.3809999999999947873 ) ) ;
#7352 = CARTESIAN_POINT ( 'NONE',  ( 4.191000000000003389, 8.064499999999998892, -0.3810000000000038356 ) ) ;
#7353 = ORIENTED_EDGE ( 'NONE', *, *, #1433, .F. ) ;
#7354 = DIRECTION ( 'NONE',  ( 1.000000000000000000, 0.000000000000000000, 0.000000000000000000 ) ) ;
#7355 = EDGE_CURVE ( 'NONE', #911, #4669, #902, .T. ) ;
#7356 = ORIENTED_EDGE ( 'NONE', *, *, #4792, .F. ) ;
#7357 = ORIENTED_EDGE ( 'NONE', *, *, #703, .T. ) ;
#7358 = VECTOR ( 'NONE', #4997, 1000.000000000000000 ) ;
#7359 = ORIENTED_EDGE ( 'NONE', *, *, #4165, .T. ) ;
#7360 = PLANE ( 'NONE',  #5013 ) ;
#7361 = DIRECTION ( 'NONE',  ( 0.000000000000000000, 1.000000000000000000, 2.548365665731588345E-16 ) ) ;
#7362 = VECTOR ( 'NONE', #5168, 1000.000000000000000 ) ;
#7363 = VECTOR ( 'NONE', #2167, 1000.000000000000000 ) ;
#7364 = DIRECTION ( 'NONE',  ( 1.000000000000000000, 0.000000000000000000, -0.000000000000000000 ) ) ;
#7365 = LINE ( 'NONE', #4043, #4808 ) ;
#7366 = CARTESIAN_POINT ( 'NONE',  ( -13.58899999999999686, 8.064499999999998892, 0.3809999999999947873 ) ) ;
#7367 = ORIENTED_EDGE ( 'NONE', *, *, #5777, .T. ) ;
#7368 = ORIENTED_EDGE ( 'NONE', *, *, #993, .T. ) ;
#7369 = ORIENTED_EDGE ( 'NONE', *, *, #4610, .F. ) ;
#7370 = VECTOR ( 'NONE', #1012, 1000.000000000000000 ) ;
#7371 = MECHANICAL_DESIGN_GEOMETRIC_PRESENTATION_REPRESENTATION (  '', ( #6899 ), #6527 ) ;
#7372 = ORIENTED_EDGE ( 'NONE', *, *, #883, .F. ) ;
#7373 = LINE ( 'NONE', #5707, #7362 ) ;
#7374 = LINE ( 'NONE', #2205, #6239 ) ;
#7375 = VECTOR ( 'NONE', #5800, 1000.000000000000000 ) ;
#7376 = PRESENTATION_LAYER_ASSIGNMENT (  '', '', ( #3151 ) ) ;
#7377 = VECTOR ( 'NONE', #2548, 1000.000000000000000 ) ;
#7378 = FACE_OUTER_BOUND ( 'NONE', #5433, .T. ) ;
#7379 = CARTESIAN_POINT ( 'NONE',  ( 1.734723475976807094E-15, -1.925929944387235853E-31, 0.8889999999999991243 ) ) ;
#7380 = CARTESIAN_POINT ( 'NONE',  ( -0.8889999999999956826, 7.239000000000000767, -0.3810000000000040021 ) ) ;
#7381 = CARTESIAN_POINT ( 'NONE',  ( 2.540000000000002256, 0.5080000000000002292, -0.7528818102449945648 ) ) ;
#7382 = CARTESIAN_POINT ( 'NONE',  ( -12.69999999999999751, 3.110602869834277161E-16, -1.270000000000001128 ) ) ;
#7383 = VECTOR ( 'NONE', #7190, 1000.000000000000000 ) ;
#7384 = EDGE_LOOP ( 'NONE', ( #878, #742, #1391, #236 ) ) ;
#7385 = EDGE_CURVE ( 'NONE', #6684, #2254, #341, .T. ) ;
#7386 = EDGE_LOOP ( 'NONE', ( #4965, #5461, #7015, #2850 ) ) ;
#7387 = EDGE_CURVE ( 'NONE', #6401, #4903, #1545, .T. ) ;
#7388 = CARTESIAN_POINT ( 'NONE',  ( 12.70000000000000462, 2.177422008883992879E-16, -0.8890000000000013447 ) ) ;
#7389 = FACE_OUTER_BOUND ( 'NONE', #7058, .T. ) ;
#7390 = VECTOR ( 'NONE', #578, 1000.000000000000000 ) ;
#7391 = PLANE ( 'NONE',  #4402 ) ;
#7392 = DIRECTION ( 'NONE',  ( 0.000000000000000000, -1.000000000000000000, 0.000000000000000000 ) ) ;
#7393 = LINE ( 'NONE', #2751, #3020 ) ;
#7394 = ORIENTED_EDGE ( 'NONE', *, *, #1165, .T. ) ;
#7395 = CARTESIAN_POINT ( 'NONE',  ( -9.270999999999993690, 8.064499999999998892, 0.3809999999999949538 ) ) ;
#7396 = EDGE_LOOP ( 'NONE', ( #6218, #5320, #548, #6653 ) ) ;
#7397 = ORIENTED_EDGE ( 'NONE', *, *, #3182, .T. ) ;
#7398 = EDGE_LOOP ( 'NONE', ( #7153, #1996, #5897, #4860 ) ) ;
#7399 = EDGE_CURVE ( 'NONE', #6422, #5200, #2109, .T. ) ;
#7400 = EDGE_CURVE ( 'NONE', #5384, #6814, #3858, .T. ) ;
#7401 = DIRECTION ( 'NONE',  ( -1.000000000000000000, 0.000000000000000000, 0.000000000000000000 ) ) ;
#7402 = AXIS2_PLACEMENT_3D ( 'NONE', #5284, #4163, #3423 ) ;
#7403 = LINE ( 'NONE', #1169, #5869 ) ;
#7404 = FACE_OUTER_BOUND ( 'NONE', #3689, .T. ) ;
#7405 = LINE ( 'NONE', #4419, #6063 ) ;
#7406 = ORIENTED_EDGE ( 'NONE', *, *, #3795, .F. ) ;
#7407 = VERTEX_POINT ( 'NONE', #1088 ) ;
#7408 = ORIENTED_EDGE ( 'NONE', *, *, #1067, .F. ) ;
#7409 = ORIENTED_EDGE ( 'NONE', *, *, #5350, .T. ) ;
#7410 = DIRECTION ( 'NONE',  ( 0.000000000000000000, 0.000000000000000000, -1.000000000000000000 ) ) ;
#7411 = DIRECTION ( 'NONE',  ( -0.000000000000000000, 0.000000000000000000, -1.000000000000000000 ) ) ;
#7412 = CARTESIAN_POINT ( 'NONE',  ( -14.09699999999999420, 7.810499999999999332, -0.1270000000000042206 ) ) ;
#7413 = CARTESIAN_POINT ( 'NONE',  ( -14.35099999999999554, 8.064499999999998892, 0.3809999999999949538 ) ) ;
#7414 = CARTESIAN_POINT ( 'NONE',  ( -15.49399999999999977, 0.5080000000000002292, -0.7528818102449945648 ) ) ;
#7415 = FILL_AREA_STYLE ('',( #1188 ) ) ;
#7416 = AXIS2_PLACEMENT_3D ( 'NONE', #1799, #1124, #669 ) ;
#7417 = FACE_OUTER_BOUND ( 'NONE', #6675, .T. ) ;
#7418 = DIRECTION ( 'NONE',  ( -1.000000000000000000, -0.000000000000000000, -0.000000000000000000 ) ) ;
#7419 = VERTEX_POINT ( 'NONE', #7395 ) ;
#7420 = VECTOR ( 'NONE', #7158, 1000.000000000000000 ) ;
#7421 = CARTESIAN_POINT ( 'NONE',  ( -5.079999999999997407, 0.5080000000000000071, 0.7528818102449925664 ) ) ;
#7422 = DIRECTION ( 'NONE',  ( 0.000000000000000000, 0.000000000000000000, -1.000000000000000000 ) ) ;
#7423 = FACE_OUTER_BOUND ( 'NONE', #5613, .T. ) ;
#7425 = FACE_OUTER_BOUND ( 'NONE', #4452, .T. ) ;
#7424 =( REPRESENTATION_RELATIONSHIP ('NONE','NONE', #3318, #5372 ) REPRESENTATION_RELATIONSHIP_WITH_TRANSFORMATION ( #2458 )SHAPE_REPRESENTATION_RELATIONSHIP( ) );
#7426 = CARTESIAN_POINT ( 'NONE',  ( 7.620000000000003659, 3.110602869834277161E-16, -1.270000000000001128 ) ) ;
#7427 = ORIENTED_EDGE ( 'NONE', *, *, #3994, .T. ) ;
#7428 = PRESENTATION_STYLE_ASSIGNMENT (( #5691 ) ) ;
#7429 = EDGE_CURVE ( 'NONE', #3555, #4847, #5795, .T. ) ;
#7430 = ORIENTED_EDGE ( 'NONE', *, *, #7345, .F. ) ;
#7431 = ORIENTED_EDGE ( 'NONE', *, *, #1522, .T. ) ;
#7432 = ORIENTED_EDGE ( 'NONE', *, *, #3190, .F. ) ;
#7433 = DIRECTION ( 'NONE',  ( -0.000000000000000000, 0.000000000000000000, -1.000000000000000000 ) ) ;
#7434 = DIRECTION ( 'NONE',  ( 0.000000000000000000, 1.000000000000000000, 1.733406087350420004E-16 ) ) ;
#7435 = CARTESIAN_POINT ( 'NONE',  ( -7.619999999999997442, 0.5080000000000002292, -0.7528818102449945648 ) ) ;
#7436 = CARTESIAN_POINT ( 'NONE',  ( 5.969000000000005635, 7.239000000000000767, 0.3809999999999947873 ) ) ;
#7437 = EDGE_CURVE ( 'NONE', #392, #4219, #638, .T. ) ;
#7438 = CARTESIAN_POINT ( 'NONE',  ( 15.23999999999999844, 3.110602869834277161E-16, -1.270000000000001128 ) ) ;
#7439 = EDGE_CURVE ( 'NONE', #3019, #6083, #2358, .T. ) ;
#7440 = ADVANCED_FACE ( 'NONE', ( #5225, #5725 ), #4036, .F. ) ;
#7441 = VECTOR ( 'NONE', #7099, 1000.000000000000000 ) ;
#7442 = ORIENTED_EDGE ( 'NONE', *, *, #6702, .F. ) ;
#7443 = EDGE_CURVE ( 'NONE', #6791, #2462, #4520, .T. ) ;
#7444 = VECTOR ( 'NONE', #1108, 1000.000000000000000 ) ;
#7445 = VERTEX_POINT ( 'NONE', #3543 ) ;
#7446 = EDGE_LOOP ( 'NONE', ( #710, #7160, #1660, #2888 ) ) ;
#7447 = EDGE_LOOP ( 'NONE', ( #6072, #5922, #2688, #4791 ) ) ;
#7448 = AXIS2_PLACEMENT_3D ( 'NONE', #2243, #7282, #3695 ) ;
#7449 = ORIENTED_EDGE ( 'NONE', *, *, #100, .F. ) ;
#7450 = NEXT_ASSEMBLY_USAGE_OCCURRENCE ( 'NAUO1', ' ', ' ', #732, #6230, $ ) ;
#7451 = NEXT_ASSEMBLY_USAGE_OCCURRENCE ( 'NAUO2', ' ', ' ', #732, #186, $ ) ;
#7452 = NEXT_ASSEMBLY_USAGE_OCCURRENCE ( 'NAUO3', ' ', ' ', #732, #186, $ ) ;
#7453 = NEXT_ASSEMBLY_USAGE_OCCURRENCE ( 'NAUO4', ' ', ' ', #732, #186, $ ) ;
#7454 = NEXT_ASSEMBLY_USAGE_OCCURRENCE ( 'NAUO5', ' ', ' ', #732, #186, $ ) ;
#7455 = NEXT_ASSEMBLY_USAGE_OCCURRENCE ( 'NAUO6', ' ', ' ', #732, #186, $ ) ;
#7456 = NEXT_ASSEMBLY_USAGE_OCCURRENCE ( 'NAUO7', ' ', ' ', #732, #186, $ ) ;
#7457 = NEXT_ASSEMBLY_USAGE_OCCURRENCE ( 'NAUO8', ' ', ' ', #732, #186, $ ) ;
#7458 = NEXT_ASSEMBLY_USAGE_OCCURRENCE ( 'NAUO9', ' ', ' ', #732, #186, $ ) ;
#7459 = NEXT_ASSEMBLY_USAGE_OCCURRENCE ( 'NAUO10', ' ', ' ', #732, #186, $ ) ;
#7460 = NEXT_ASSEMBLY_USAGE_OCCURRENCE ( 'NAUO11', ' ', ' ', #732, #186, $ ) ;
#7461 = NEXT_ASSEMBLY_USAGE_OCCURRENCE ( 'NAUO12', ' ', ' ', #732, #186, $ ) ;
#7462 = NEXT_ASSEMBLY_USAGE_OCCURRENCE ( 'NAUO13', ' ', ' ', #732, #186, $ ) ;
ENDSEC;
END-ISO-10303-21;
