ISO-10303-21;
HEADER;
FILE_DESCRIPTION (( 'STEP AP214' ),
    '1' );
FILE_NAME ('NPPC161LFBN-RC.STEP',
    '2024-10-30T12:14:52',
    ( '' ),
    ( '' ),
    'SwSTEP 2.0',
    'SolidWorks 2021',
    '' );
FILE_SCHEMA (( 'AUTOMOTIVE_DESIGN' ));
ENDSEC;

DATA;
#1 = EDGE_CURVE ( 'NONE', #4233, #3808, #3506, .T. ) ;
#2 = AXIS2_PLACEMENT_3D ( 'NONE', #3965, #5376, #8436 ) ;
#3 = DIRECTION ( 'NONE',  ( -0.5773502691896253980, 0.5773502691896253980, -0.5773502691896266192 ) ) ;
#4 = VERTEX_POINT ( 'NONE', #7189 ) ;
#5 = LINE ( 'NONE', #2968, #3701 ) ;
#6 = ORIENTED_EDGE ( 'NONE', *, *, #5984, .F. ) ;
#7 = CARTESIAN_POINT ( 'NONE',  ( -10.16000000000000014, 3.110602869834277161E-16, -1.270000000000001128 ) ) ;
#8 = EDGE_CURVE ( 'NONE', #1927, #8246, #539, .T. ) ;
#9 = CARTESIAN_POINT ( 'NONE',  ( -8.509000000000000341, 7.239000000000000767, -0.3810000000000033915 ) ) ;
#10 = VECTOR ( 'NONE', #244, 1000.000000000000000 ) ;
#11 = DIRECTION ( 'NONE',  ( -0.000000000000000000, 1.000000000000000000, 1.733406087350420004E-16 ) ) ;
#12 = VERTEX_POINT ( 'NONE', #5684 ) ;
#13 = CARTESIAN_POINT ( 'NONE',  ( -2.540000000000000480, 0.5080000000000000071, 0.7528818102449925664 ) ) ;
#14 = CARTESIAN_POINT ( 'NONE',  ( -11.81099999999999994, 7.239000000000000767, 0.3809999999999953979 ) ) ;
#15 = VECTOR ( 'NONE', #6498, 999.9999999999998863 ) ;
#16 = ORIENTED_EDGE ( 'NONE', *, *, #5626, .T. ) ;
#17 = ORIENTED_EDGE ( 'NONE', *, *, #2519, .F. ) ;
#18 = PLANE ( 'NONE',  #4153 ) ;
#19 = DIRECTION ( 'NONE',  ( 0.000000000000000000, 1.000000000000000000, 2.548365665731588345E-16 ) ) ;
#20 = ORIENTED_EDGE ( 'NONE', *, *, #4029, .T. ) ;
#21 = LINE ( 'NONE', #6732, #5940 ) ;
#22 = FACE_OUTER_BOUND ( 'NONE', #4252, .T. ) ;
#23 = ORIENTED_EDGE ( 'NONE', *, *, #3749, .T. ) ;
#24 = VECTOR ( 'NONE', #93, 1000.000000000000000 ) ;
#25 = EDGE_CURVE ( 'NONE', #3004, #4832, #7088, .T. ) ;
#26 = LINE ( 'NONE', #8296, #3098 ) ;
#27 = VECTOR ( 'NONE', #1570, 1000.000000000000000 ) ;
#28 = ORIENTED_EDGE ( 'NONE', *, *, #2272, .F. ) ;
#29 = CARTESIAN_POINT ( 'NONE',  ( 6.731000000000000760, 8.064500000000000668, 0.3809999999999955644 ) ) ;
#30 = LINE ( 'NONE', #1058, #6311 ) ;
#31 = VECTOR ( 'NONE', #4783, 1000.000000000000000 ) ;
#32 = VECTOR ( 'NONE', #6779, 1000.000000000000000 ) ;
#33 = VERTEX_POINT ( 'NONE', #5732 ) ;
#34 = CARTESIAN_POINT ( 'NONE',  ( 13.58900000000000041, 7.239000000000000767, 0.3809999999999953979 ) ) ;
#35 = EDGE_CURVE ( 'NONE', #5755, #918, #4952, .T. ) ;
#36 = SHAPE_DEFINITION_REPRESENTATION ( #280, #9002 ) ;
#37 = DIRECTION ( 'NONE',  ( 0.000000000000000000, 1.000000000000000000, 2.548365665731588345E-16 ) ) ;
#38 = ORIENTED_EDGE ( 'NONE', *, *, #927, .F. ) ;
#39 = DIRECTION ( 'NONE',  ( 0.000000000000000000, 1.733406087350420004E-16, -1.000000000000000000 ) ) ;
#40 = PRODUCT_DEFINITION_FORMATION_WITH_SPECIFIED_SOURCE ( 'ANY', '', #2937, .NOT_KNOWN. ) ;
#41 = ADVANCED_FACE ( 'NONE', ( #7822 ), #1170, .T. ) ;
#42 = ORIENTED_EDGE ( 'NONE', *, *, #4843, .F. ) ;
#43 = EDGE_CURVE ( 'NONE', #7150, #9234, #2043, .T. ) ;
#44 = ORIENTED_EDGE ( 'NONE', *, *, #2668, .F. ) ;
#45 = DIRECTION ( 'NONE',  ( 0.000000000000000000, -1.733406087350420004E-16, 1.000000000000000000 ) ) ;
#46 = LINE ( 'NONE', #784, #2814 ) ;
#47 = ADVANCED_FACE ( 'NONE', ( #437 ), #7237, .T. ) ;
#48 = VECTOR ( 'NONE', #4439, 1000.000000000000000 ) ;
#49 = CARTESIAN_POINT ( 'NONE',  ( 15.24000000000000021, 2.177422008883992879E-16, -0.8890000000000013447 ) ) ;
#50 = CARTESIAN_POINT ( 'NONE',  ( -10.16000000000000014, 0.000000000000000000, 0.000000000000000000 ) ) ;
#51 = LINE ( 'NONE', #4516, #6295 ) ;
#52 = EDGE_CURVE ( 'NONE', #1117, #6434, #9333, .T. ) ;
#53 = EDGE_CURVE ( 'NONE', #894, #628, #7869, .T. ) ;
#54 = CARTESIAN_POINT ( 'NONE',  ( 15.24000000000000021, 8.509000000000000341, -1.270000000000001128 ) ) ;
#55 = EDGE_LOOP ( 'NONE', ( #8382, #1190, #3442, #1517 ) ) ;
#56 = ORIENTED_EDGE ( 'NONE', *, *, #392, .T. ) ;
#57 = PLANE ( 'NONE',  #9128 ) ;
#58 = CARTESIAN_POINT ( 'NONE',  ( -0.1961031209927693308, -3.200400000000000134, 0.2032000000000001583 ) ) ;
#59 = VERTEX_POINT ( 'NONE', #86 ) ;
#60 = DIRECTION ( 'NONE',  ( -1.000000000000000000, -0.000000000000000000, -0.000000000000000000 ) ) ;
#61 = CARTESIAN_POINT ( 'NONE',  ( -17.33549999999999969, 8.509000000000000341, 0.8254999999999967919 ) ) ;
#62 = LINE ( 'NONE', #3023, #3670 ) ;
#63 = ORIENTED_EDGE ( 'NONE', *, *, #7754, .F. ) ;
#64 = DIRECTION ( 'NONE',  ( 0.000000000000000000, 0.2588190451025145222, -0.9659258262890699775 ) ) ;
#65 = CARTESIAN_POINT ( 'NONE',  ( -2.540000000000000480, 2.177422008883992879E-16, -0.8890000000000013447 ) ) ;
#66 = EDGE_CURVE ( 'NONE', #1103, #8509, #6557, .T. ) ;
#67 = EDGE_CURVE ( 'NONE', #8657, #3159, #8017, .T. ) ;
#68 = EDGE_LOOP ( 'NONE', ( #7775, #9147, #1362, #9403 ) ) ;
#69 = EDGE_LOOP ( 'NONE', ( #9286, #517, #4636, #5965 ) ) ;
#70 = FACE_OUTER_BOUND ( 'NONE', #5270, .T. ) ;
#71 = CARTESIAN_POINT ( 'NONE',  ( -16.89099999999999824, 8.064500000000000668, 0.3809999999999955644 ) ) ;
#72 = ORIENTED_EDGE ( 'NONE', *, *, #1932, .T. ) ;
#73 = CARTESIAN_POINT ( 'NONE',  ( -12.69999999999999929, -1.925929944387235853E-31, 0.8889999999999991243 ) ) ;
#74 = PRODUCT_RELATED_PRODUCT_CATEGORY ( 'part', '', ( #2937 ) ) ;
#75 = ADVANCED_FACE ( 'NONE', ( #7332 ), #2091, .F. ) ;
#76 = AXIS2_PLACEMENT_3D ( 'NONE', #1023, #1741, #96 ) ;
#77 = ORIENTED_EDGE ( 'NONE', *, *, #1059, .F. ) ;
#78 = LINE ( 'NONE', #9568, #8077 ) ;
#79 = ORIENTED_EDGE ( 'NONE', *, *, #2756, .T. ) ;
#80 = CARTESIAN_POINT ( 'NONE',  ( 17.78000000000000114, 0.5080000000000000071, 0.7528818102449925664 ) ) ;
#81 = AXIS2_PLACEMENT_3D ( 'NONE', #6880, #9170, #4835 ) ;
#82 = DIRECTION ( 'NONE',  ( 0.000000000000000000, 1.000000000000000000, 0.000000000000000000 ) ) ;
#83 = EDGE_CURVE ( 'NONE', #1829, #8678, #3742, .T. ) ;
#84 = VERTEX_POINT ( 'NONE', #1457 ) ;
#85 = AXIS2_PLACEMENT_3D ( 'NONE', #2040, #5051, #5102 ) ;
#86 = CARTESIAN_POINT ( 'NONE',  ( 15.24000000000000021, 3.110602869834277161E-16, -1.270000000000001128 ) ) ;
#87 = VECTOR ( 'NONE', #7684, 1000.000000000000000 ) ;
#88 = VERTEX_POINT ( 'NONE', #6654 ) ;
#89 = PLANE ( 'NONE',  #6494 ) ;
#90 = VERTEX_POINT ( 'NONE', #9534 ) ;
#91 = ORIENTED_EDGE ( 'NONE', *, *, #5439, .F. ) ;
#92 = DIRECTION ( 'NONE',  ( 0.000000000000000000, 5.054934237236841843E-31, 1.000000000000000000 ) ) ;
#93 = DIRECTION ( 'NONE',  ( -0.000000000000000000, -0.000000000000000000, 1.000000000000000000 ) ) ;
#94 = PLANE ( 'NONE',  #3683 ) ;
#95 = CARTESIAN_POINT ( 'NONE',  ( -5.969000000000000306, 7.239000000000000767, 0.3809999999999953979 ) ) ;
#96 = DIRECTION ( 'NONE',  ( 0.000000000000000000, 1.000000000000000000, 1.733406087350420004E-16 ) ) ;
#97 = ADVANCED_FACE ( 'NONE', ( #4506 ), #687, .F. ) ;
#98 = AXIS2_PLACEMENT_3D ( 'NONE', #2015, #457, #5077 ) ;
#99 = EDGE_CURVE ( 'NONE', #8629, #7972, #5054, .T. ) ;
#100 = DIRECTION ( 'NONE',  ( 0.000000000000000000, 2.548365665731588345E-16, -1.000000000000000000 ) ) ;
#101 = ORIENTED_EDGE ( 'NONE', *, *, #3693, .F. ) ;
#102 = DIRECTION ( 'NONE',  ( 1.000000000000000000, 0.000000000000000000, -0.000000000000000000 ) ) ;
#103 = CARTESIAN_POINT ( 'NONE',  ( -17.78000000000000114, 0.5080000000000002292, -0.7528818102449945648 ) ) ;
#104 = VECTOR ( 'NONE', #2194, 1000.000000000000000 ) ;
#105 = ORIENTED_EDGE ( 'NONE', *, *, #4375, .T. ) ;
#106 = CARTESIAN_POINT ( 'NONE',  ( -5.969000000000000306, 8.064500000000000668, -0.3810000000000032250 ) ) ;
#107 = CARTESIAN_POINT ( 'NONE',  ( -5.079999999999999183, 0.5080000000000000071, 0.7528818102449925664 ) ) ;
#108 = CARTESIAN_POINT ( 'NONE',  ( -18.92300000000000182, 7.810500000000000220, -0.1270000000000029716 ) ) ;
#109 = VERTEX_POINT ( 'NONE', #3601 ) ;
#110 = CARTESIAN_POINT ( 'NONE',  ( 8.509000000000002117, 7.239000000000000767, -0.3810000000000033915 ) ) ;
#111 = LINE ( 'NONE', #2401, #869 ) ;
#112 = CARTESIAN_POINT ( 'NONE',  ( -14.79549999999999876, 8.509000000000000341, -1.270000000000001128 ) ) ;
#113 = VECTOR ( 'NONE', #9268, 1000.000000000000000 ) ;
#114 = VECTOR ( 'NONE', #4946, 1000.000000000000000 ) ;
#115 = ORIENTED_EDGE ( 'NONE', *, *, #1796, .F. ) ;
#116 = ORIENTED_EDGE ( 'NONE', *, *, #4376, .T. ) ;
#117 = FACE_OUTER_BOUND ( 'NONE', #7420, .T. ) ;
#118 = ORIENTED_EDGE ( 'NONE', *, *, #9249, .F. ) ;
#119 = EDGE_CURVE ( 'NONE', #3029, #8955, #7429, .T. ) ;
#120 = ADVANCED_FACE ( 'NONE', ( #3647, #8803 ), #2137, .F. ) ;
#121 = AXIS2_PLACEMENT_3D ( 'NONE', #4928, #7846, #7895 ) ;
#122 = LINE ( 'NONE', #5371, #2289 ) ;
#123 = LINE ( 'NONE', #1621, #3925 ) ;
#124 = AXIS2_PLACEMENT_3D ( 'NONE', #6572, #2200, #9548 ) ;
#125 = ORIENTED_EDGE ( 'NONE', *, *, #8184, .F. ) ;
#126 = DIRECTION ( 'NONE',  ( 0.000000000000000000, 0.9659258262890699775, 0.2588190451025145222 ) ) ;
#127 = ORIENTED_EDGE ( 'NONE', *, *, #8292, .T. ) ;
#128 = PRESENTATION_STYLE_ASSIGNMENT (( #3090 ) ) ;
#129 = ADVANCED_FACE ( 'NONE', ( #3788 ), #5920, .F. ) ;
#130 = VECTOR ( 'NONE', #6835, 1000.000000000000000 ) ;
#131 = CARTESIAN_POINT ( 'NONE',  ( 0.000000000000000000, -1.925929944387235853E-31, 0.8889999999999991243 ) ) ;
#132 = ORIENTED_EDGE ( 'NONE', *, *, #6691, .T. ) ;
#133 =( LENGTH_UNIT ( ) NAMED_UNIT ( * ) SI_UNIT ( .MILLI., .METRE. ) );
#134 = CARTESIAN_POINT ( 'NONE',  ( 6.731000000000000760, 8.064500000000000668, 0.3809999999999953979 ) ) ;
#135 = EDGE_LOOP ( 'NONE', ( #4187, #4368, #125, #7258 ) ) ;
#136 = DIRECTION ( 'NONE',  ( 0.000000000000000000, 0.000000000000000000, 1.000000000000000000 ) ) ;
#137 = EDGE_LOOP ( 'NONE', ( #3534, #6636, #7657, #3148 ) ) ;
#138 = DIRECTION ( 'NONE',  ( 0.000000000000000000, 1.440069553722777130E-16, -1.000000000000000000 ) ) ;
#139 = PLANE ( 'NONE',  #8412 ) ;
#140 = DIRECTION ( 'NONE',  ( 0.000000000000000000, 1.000000000000000000, 2.548365665731588345E-16 ) ) ;
#141 = LINE ( 'NONE', #4797, #1814 ) ;
#142 = CARTESIAN_POINT ( 'NONE',  ( -15.24000000000000021, 8.509000000000000341, 1.270000000000001128 ) ) ;
#143 = FACE_OUTER_BOUND ( 'NONE', #481, .T. ) ;
#144 = ORIENTED_EDGE ( 'NONE', *, *, #2089, .F. ) ;
#145 = FACE_OUTER_BOUND ( 'NONE', #7939, .T. ) ;
#146 = FACE_OUTER_BOUND ( 'NONE', #3743, .T. ) ;
#147 = ADVANCED_FACE ( 'NONE', ( #8062 ), #3003, .F. ) ;
#148 = ORIENTED_EDGE ( 'NONE', *, *, #3950, .T. ) ;
#149 = LINE ( 'NONE', #2437, #2949 ) ;
#150 = CARTESIAN_POINT ( 'NONE',  ( -15.24000000000000021, 0.000000000000000000, 1.269999999999998908 ) ) ;
#151 = EDGE_CURVE ( 'NONE', #8653, #5671, #7474, .T. ) ;
#152 = LINE ( 'NONE', #6218, #1035 ) ;
#153 = ORIENTED_EDGE ( 'NONE', *, *, #7767, .F. ) ;
#154 = FACE_OUTER_BOUND ( 'NONE', #2525, .T. ) ;
#155 = CARTESIAN_POINT ( 'NONE',  ( -6.730999999999998984, 7.239000000000000767, 0.3809999999999953979 ) ) ;
#156 = VECTOR ( 'NONE', #5817, 1000.000000000000000 ) ;
#157 = CARTESIAN_POINT ( 'NONE',  ( -17.78000000000000114, 3.110602869834277161E-16, -1.270000000000001128 ) ) ;
#158 = VERTEX_POINT ( 'NONE', #3697 ) ;
#159 = VERTEX_POINT ( 'NONE', #5197 ) ;
#160 = CARTESIAN_POINT ( 'NONE',  ( 20.57400000000000162, 0.000000000000000000, 1.269999999999998908 ) ) ;
#161 = AXIS2_PLACEMENT_3D ( 'NONE', #9011, #3854, #6807 ) ;
#162 = VERTEX_POINT ( 'NONE', #5971 ) ;
#163 = EDGE_CURVE ( 'NONE', #2367, #1541, #6743, .T. ) ;
#164 = EDGE_CURVE ( 'NONE', #6889, #6235, #2233, .T. ) ;
#165 = LINE ( 'NONE', #9071, #6157 ) ;
#166 = LINE ( 'NONE', #2453, #3299 ) ;
#167 = AXIS2_PLACEMENT_3D ( 'NONE', #1416, #692, #4416 ) ;
#168 = EDGE_CURVE ( 'NONE', #9056, #8837, #5876, .T. ) ;
#169 = EDGE_CURVE ( 'NONE', #6655, #6135, #8940, .T. ) ;
#170 = ORIENTED_EDGE ( 'NONE', *, *, #7661, .T. ) ;
#171 =( REPRESENTATION_RELATIONSHIP ('NONE','NONE', #9002, #746 ) REPRESENTATION_RELATIONSHIP_WITH_TRANSFORMATION ( #7957 )SHAPE_REPRESENTATION_RELATIONSHIP( ) );
#172 = DIRECTION ( 'NONE',  ( -0.000000000000000000, 1.000000000000000000, 1.733406087350420004E-16 ) ) ;
#173 = VECTOR ( 'NONE', #7949, 1000.000000000000000 ) ;
#174 = ORIENTED_EDGE ( 'NONE', *, *, #853, .T. ) ;
#175 = CARTESIAN_POINT ( 'NONE',  ( -7.620000000000000107, 0.000000000000000000, 1.269999999999998908 ) ) ;
#176 = LINE ( 'NONE', #962, #7086 ) ;
#177 = AXIS2_PLACEMENT_3D ( 'NONE', #7297, #2056, #9545 ) ;
#178 = ADVANCED_FACE ( 'NONE', ( #4743 ), #7614, .F. ) ;
#179 = VERTEX_POINT ( 'NONE', #6833 ) ;
#180 = VECTOR ( 'NONE', #5106, 1000.000000000000000 ) ;
#181 = DIRECTION ( 'NONE',  ( 1.000000000000000000, 0.000000000000000000, 0.000000000000000000 ) ) ;
#182 = CARTESIAN_POINT ( 'NONE',  ( 10.15999999999999837, 3.110602869834277161E-16, -1.270000000000001128 ) ) ;
#183 = PLANE ( 'NONE',  #6956 ) ;
#184 = ORIENTED_EDGE ( 'NONE', *, *, #3764, .F. ) ;
#185 = ORIENTED_EDGE ( 'NONE', *, *, #4731, .T. ) ;
#186 = CARTESIAN_POINT ( 'NONE',  ( 12.69999999999999929, 2.177422008883992879E-16, -0.8890000000000013447 ) ) ;
#187 = ORIENTED_EDGE ( 'NONE', *, *, #5345, .F. ) ;
#188 = VECTOR ( 'NONE', #2300, 1000.000000000000000 ) ;
#189 = DIRECTION ( 'NONE',  ( 0.000000000000000000, 0.9659258262890700886, -0.2588190451025140781 ) ) ;
#190 = PLANE ( 'NONE',  #881 ) ;
#191 = VECTOR ( 'NONE', #7517, 1000.000000000000000 ) ;
#192 = PLANE ( 'NONE',  #7367 ) ;
#193 = DIRECTION ( 'NONE',  ( 1.000000000000000000, 0.000000000000000000, 0.000000000000000000 ) ) ;
#194 = ORIENTED_EDGE ( 'NONE', *, *, #8797, .T. ) ;
#195 = ORIENTED_EDGE ( 'NONE', *, *, #3465, .T. ) ;
#196 = CARTESIAN_POINT ( 'NONE',  ( 15.24000000000000021, 0.5080000000000002292, -0.7528818102449945648 ) ) ;
#197 = AXIS2_PLACEMENT_3D ( 'NONE', #813, #4491, #3637 ) ;
#198 = DIRECTION ( 'NONE',  ( 0.000000000000000000, 0.000000000000000000, 1.000000000000000000 ) ) ;
#199 = ORIENTED_EDGE ( 'NONE', *, *, #2264, .F. ) ;
#200 = CARTESIAN_POINT ( 'NONE',  ( -7.620000000000000107, 0.5080000000000002292, -0.7528818102449945648 ) ) ;
#201 = PLANE ( 'NONE',  #6393 ) ;
#202 = PLANE ( 'NONE',  #3829 ) ;
#203 = EDGE_LOOP ( 'NONE', ( #6792, #7604, #4168, #8152, #4509, #1460, #289, #6171 ) ) ;
#204 = DIRECTION ( 'NONE',  ( 0.000000000000000000, 1.000000000000000000, -5.054934237236841843E-31 ) ) ;
#205 = LINE ( 'NONE', #4577, #8589 ) ;
#206 = AXIS2_PLACEMENT_3D ( 'NONE', #3426, #3379, #561 ) ;
#207 = EDGE_CURVE ( 'NONE', #5807, #3634, #4644, .T. ) ;
#208 = ORIENTED_EDGE ( 'NONE', *, *, #5127, .F. ) ;
#209 = VERTEX_POINT ( 'NONE', #6932 ) ;
#210 = DIRECTION ( 'NONE',  ( 0.000000000000000000, -2.449293598294710852E-16, 1.000000000000000000 ) ) ;
#211 = ORIENTED_EDGE ( 'NONE', *, *, #2304, .F. ) ;
#212 = FACE_OUTER_BOUND ( 'NONE', #2212, .T. ) ;
#213 = LINE ( 'NONE', #260, #980 ) ;
#214 = EDGE_CURVE ( 'NONE', #5322, #2483, #5385, .T. ) ;
#215 = ADVANCED_FACE ( 'NONE', ( #9176 ), #965, .F. ) ;
#216 = ORIENTED_EDGE ( 'NONE', *, *, #7496, .F. ) ;
#217 = ORIENTED_EDGE ( 'NONE', *, *, #5028, .F. ) ;
#218 = DIRECTION ( 'NONE',  ( 1.000000000000000000, 0.000000000000000000, 0.000000000000000000 ) ) ;
#219 = FACE_OUTER_BOUND ( 'NONE', #8295, .T. ) ;
#220 = ORIENTED_EDGE ( 'NONE', *, *, #3624, .T. ) ;
#221 = DIRECTION ( 'NONE',  ( 0.5773502691896255090, -0.5773502691896253980, -0.5773502691896263972 ) ) ;
#222 = CARTESIAN_POINT ( 'NONE',  ( 5.080000000000000959, 3.110602869834277161E-16, -1.270000000000001128 ) ) ;
#223 = FACE_OUTER_BOUND ( 'NONE', #3562, .T. ) ;
#224 = AXIS2_PLACEMENT_3D ( 'NONE', #2660, #6405, #2039 ) ;
#225 = ORIENTED_EDGE ( 'NONE', *, *, #3014, .F. ) ;
#226 = LINE ( 'NONE', #1633, #7797 ) ;
#227 = FACE_OUTER_BOUND ( 'NONE', #4926, .T. ) ;
#228 = VERTEX_POINT ( 'NONE', #3835 ) ;
#229 = CARTESIAN_POINT ( 'NONE',  ( -7.620000000000000107, 0.000000000000000000, 1.269999999999998908 ) ) ;
#230 = AXIS2_PLACEMENT_3D ( 'NONE', #6317, #5546, #1906 ) ;
#231 = VECTOR ( 'NONE', #8962, 1000.000000000000000 ) ;
#232 = ORIENTED_EDGE ( 'NONE', *, *, #5500, .T. ) ;
#233 = ADVANCED_FACE ( 'NONE', ( #1014 ), #4021, .F. ) ;
#234 = CARTESIAN_POINT ( 'NONE',  ( 0.000000000000000000, 8.509000000000000341, 1.270000000000001128 ) ) ;
#235 = ADVANCED_FACE ( 'NONE', ( #2419 ), #7567, .F. ) ;
#236 = CARTESIAN_POINT ( 'NONE',  ( 5.524500000000001521, 8.509000000000000341, -1.270000000000001128 ) ) ;
#237 = DIRECTION ( 'NONE',  ( -1.000000000000000000, 0.000000000000000000, 0.000000000000000000 ) ) ;
#238 = AXIS2_PLACEMENT_3D ( 'NONE', #368, #2601, #4114 ) ;
#239 = EDGE_LOOP ( 'NONE', ( #2711, #4409, #8018, #2782 ) ) ;
#240 = ORIENTED_EDGE ( 'NONE', *, *, #3194, .F. ) ;
#241 = DIRECTION ( 'NONE',  ( 0.000000000000000000, 0.000000000000000000, 1.000000000000000000 ) ) ;
#242 = FACE_OUTER_BOUND ( 'NONE', #5044, .T. ) ;
#243 = ORIENTED_EDGE ( 'NONE', *, *, #7360, .F. ) ;
#244 = DIRECTION ( 'NONE',  ( -1.000000000000000000, -0.000000000000000000, -0.000000000000000000 ) ) ;
#245 = SURFACE_SIDE_STYLE ('',( #389 ) ) ;
#246 = ORIENTED_EDGE ( 'NONE', *, *, #8421, .F. ) ;
#247 = DIRECTION ( 'NONE',  ( -1.000000000000000000, 0.000000000000000000, -0.000000000000000000 ) ) ;
#248 = AXIS2_PLACEMENT_3D ( 'NONE', #4194, #4248, #8039 ) ;
#249 = DIRECTION ( 'NONE',  ( -1.000000000000000000, -0.000000000000000000, -0.000000000000000000 ) ) ;
#250 = ADVANCED_FACE ( 'NONE', ( #4553 ), #1680, .F. ) ;
#251 = CARTESIAN_POINT ( 'NONE',  ( 7.620000000000001883, -1.925929944387235853E-31, 0.8889999999999991243 ) ) ;
#252 = CARTESIAN_POINT ( 'NONE',  ( 12.69999999999999929, 8.509000000000000341, 1.270000000000001128 ) ) ;
#253 = CARTESIAN_POINT ( 'NONE',  ( 0.3810000000000000053, 0.5079999999999997851, 0.2032000000000010465 ) ) ;
#254 = VECTOR ( 'NONE', #5483, 1000.000000000000114 ) ;
#255 = ORIENTED_EDGE ( 'NONE', *, *, #5029, .T. ) ;
#256 = LINE ( 'NONE', #8191, #759 ) ;
#257 = ORIENTED_EDGE ( 'NONE', *, *, #6601, .F. ) ;
#258 = EDGE_CURVE ( 'NONE', #1339, #3138, #6065, .T. ) ;
#259 = DIRECTION ( 'NONE',  ( 0.000000000000000000, 0.000000000000000000, 1.000000000000000000 ) ) ;
#260 = CARTESIAN_POINT ( 'NONE',  ( 0.000000000000000000, 8.509000000000000341, -0.8255000000000044524 ) ) ;
#261 = AXIS2_PLACEMENT_3D ( 'NONE', #4787, #7757, #7021 ) ;
#262 = VECTOR ( 'NONE', #4822, 1000.000000000000000 ) ;
#263 = ORIENTED_EDGE ( 'NONE', *, *, #5387, .F. ) ;
#264 = ORIENTED_EDGE ( 'NONE', *, *, #5578, .T. ) ;
#265 = CARTESIAN_POINT ( 'NONE',  ( 3.429000000000001602, 8.064500000000000668, -0.3810000000000032250 ) ) ;
#266 = AXIS2_PLACEMENT_3D ( 'NONE', #2136, #5105, #8061 ) ;
#267 = DIRECTION ( 'NONE',  ( 0.000000000000000000, -1.169455476739838842E-16, 1.000000000000000000 ) ) ;
#268 = EDGE_CURVE ( 'NONE', #3359, #4202, #2328, .T. ) ;
#269 = ORIENTED_EDGE ( 'NONE', *, *, #994, .T. ) ;
#270 = CARTESIAN_POINT ( 'NONE',  ( -10.60450000000000159, 8.509000000000000341, -1.270000000000001128 ) ) ;
#271 = EDGE_CURVE ( 'NONE', #228, #964, #226, .T. ) ;
#272 = VECTOR ( 'NONE', #8384, 1000.000000000000000 ) ;
#273 = ORIENTED_EDGE ( 'NONE', *, *, #8664, .F. ) ;
#274 = PRODUCT_CONTEXT ( 'NONE', #9123, 'mechanical' ) ;
#275 = DIRECTION ( 'NONE',  ( -0.5773502691896253980, 0.5773502691896253980, -0.5773502691896266192 ) ) ;
#276 = LINE ( 'NONE', #4120, #6054 ) ;
#277 = VECTOR ( 'NONE', #9486, 1000.000000000000000 ) ;
#278 = EDGE_LOOP ( 'NONE', ( #3850, #7905, #2547, #7691 ) ) ;
#279 = LINE ( 'NONE', #3346, #316 ) ;
#280 = PRODUCT_DEFINITION_SHAPE ( 'NONE', 'NONE',  #3706 ) ;
#281 = ORIENTED_EDGE ( 'NONE', *, *, #9343, .T. ) ;
#282 = FACE_OUTER_BOUND ( 'NONE', #4901, .T. ) ;
#283 = EDGE_CURVE ( 'NONE', #4052, #5698, #3143, .T. ) ;
#284 = CARTESIAN_POINT ( 'NONE',  ( 13.14450000000000074, 8.509000000000000341, -0.8255000000000044524 ) ) ;
#285 = CARTESIAN_POINT ( 'NONE',  ( 8.509000000000002117, 8.064500000000000668, -0.3810000000000032250 ) ) ;
#286 = EDGE_CURVE ( 'NONE', #7301, #4446, #3971, .T. ) ;
#287 = PLANE ( 'NONE',  #816 ) ;
#288 = ORIENTED_EDGE ( 'NONE', *, *, #3499, .T. ) ;
#289 = ORIENTED_EDGE ( 'NONE', *, *, #4579, .T. ) ;
#290 = CARTESIAN_POINT ( 'NONE',  ( -0.1961031209927691366, -3.200400000000000134, 0.2032000000000001583 ) ) ;
#291 = LINE ( 'NONE', #339, #1740 ) ;
#292 = ORIENTED_EDGE ( 'NONE', *, *, #2474, .T. ) ;
#293 = CARTESIAN_POINT ( 'NONE',  ( 11.81099999999999817, 7.239000000000000767, 0.3809999999999953979 ) ) ;
#294 = FACE_OUTER_BOUND ( 'NONE', #8729, .T. ) ;
#295 = DIRECTION ( 'NONE',  ( 0.000000000000000000, 1.000000000000000000, 0.000000000000000000 ) ) ;
#296 = DIRECTION ( 'NONE',  ( 1.000000000000000000, 0.000000000000000000, 0.000000000000000000 ) ) ;
#297 =( REPRESENTATION_RELATIONSHIP ('NONE','NONE', #9002, #746 ) REPRESENTATION_RELATIONSHIP_WITH_TRANSFORMATION ( #3191 )SHAPE_REPRESENTATION_RELATIONSHIP( ) );
#298 = CLOSED_SHELL ( 'NONE', ( #9209, #7405, #5262, #4326, #578, #5416, #2593, #4436, #2211, #75, #4969, #7717, #5811, #2583, #598, #250, #97, #4862, #6916 ) ) ;
#299 = CARTESIAN_POINT ( 'NONE',  ( 7.620000000000001883, 2.177422008883992879E-16, -0.8890000000000013447 ) ) ;
#300 = EDGE_CURVE ( 'NONE', #6919, #5133, #2377, .T. ) ;
#301 = VERTEX_POINT ( 'NONE', #182 ) ;
#302 = DIRECTION ( 'NONE',  ( 0.000000000000000000, -5.054934237236841843E-31, -1.000000000000000000 ) ) ;
#303 = ORIENTED_EDGE ( 'NONE', *, *, #164, .F. ) ;
#304 = LINE ( 'NONE', #1192, #7954 ) ;
#305 = AXIS2_PLACEMENT_3D ( 'NONE', #3088, #2320, #5284 ) ;
#306 = LINE ( 'NONE', #4675, #5858 ) ;
#307 = FACE_OUTER_BOUND ( 'NONE', #1391, .T. ) ;
#308 = MECHANICAL_DESIGN_GEOMETRIC_PRESENTATION_REPRESENTATION (  '', ( #9023 ), #2794 ) ;
#309 = ORIENTED_EDGE ( 'NONE', *, *, #7393, .T. ) ;
#310 = ORIENTED_EDGE ( 'NONE', *, *, #7881, .F. ) ;
#311 = DIRECTION ( 'NONE',  ( 1.000000000000000000, 0.000000000000000000, 0.000000000000000000 ) ) ;
#312 = VERTEX_POINT ( 'NONE', #5427 ) ;
#313 = DIRECTION ( 'NONE',  ( -1.000000000000000000, -0.000000000000000000, -0.000000000000000000 ) ) ;
#314 = ORIENTED_EDGE ( 'NONE', *, *, #7774, .F. ) ;
#315 = CARTESIAN_POINT ( 'NONE',  ( -18.66900000000000048, 7.239000000000000767, -0.3810000000000033915 ) ) ;
#316 = VECTOR ( 'NONE', #6300, 1000.000000000000000 ) ;
#317 = CARTESIAN_POINT ( 'NONE',  ( -2.095500000000000362, 8.509000000000000341, 0.8254999999999967919 ) ) ;
#318 = FACE_OUTER_BOUND ( 'NONE', #7225, .T. ) ;
#319 = EDGE_CURVE ( 'NONE', #1887, #3455, #1730, .T. ) ;
#320 = ORIENTED_EDGE ( 'NONE', *, *, #998, .F. ) ;
#321 = VECTOR ( 'NONE', #8695, 1000.000000000000000 ) ;
#322 = DIRECTION ( 'NONE',  ( 0.000000000000000000, -5.054934237236841843E-31, -1.000000000000000000 ) ) ;
#323 = DIRECTION ( 'NONE',  ( 0.000000000000000000, 2.449293598294710852E-16, -1.000000000000000000 ) ) ;
#324 = ORIENTED_EDGE ( 'NONE', *, *, #4239, .F. ) ;
#325 = DIRECTION ( 'NONE',  ( 0.5773502691896253980, 0.5773502691896253980, -0.5773502691896266192 ) ) ;
#326 = ORIENTED_EDGE ( 'NONE', *, *, #2385, .T. ) ;
#327 = DIRECTION ( 'NONE',  ( 0.000000000000000000, -1.000000000000000000, 0.000000000000000000 ) ) ;
#328 = LINE ( 'NONE', #7768, #729 ) ;
#329 = VECTOR ( 'NONE', #7753, 1000.000000000000000 ) ;
#330 = DIRECTION ( 'NONE',  ( 0.000000000000000000, -1.000000000000000000, -2.548365665731588345E-16 ) ) ;
#331 = AXIS2_PLACEMENT_3D ( 'NONE', #8758, #5152, #37 ) ;
#332 = EDGE_CURVE ( 'NONE', #8768, #1295, #3877, .T. ) ;
#333 = ADVANCED_FACE ( 'NONE', ( #8442 ), #1785, .F. ) ;
#334 = ORIENTED_EDGE ( 'NONE', *, *, #8687, .F. ) ;
#335 = EDGE_CURVE ( 'NONE', #6105, #8063, #4301, .T. ) ;
#336 = ORIENTED_EDGE ( 'NONE', *, *, #1966, .T. ) ;
#337 = DIRECTION ( 'NONE',  ( 0.000000000000000000, 1.440069553722777130E-16, -1.000000000000000000 ) ) ;
#338 = VECTOR ( 'NONE', #1957, 1000.000000000000000 ) ;
#339 = CARTESIAN_POINT ( 'NONE',  ( -7.620000000000000107, 2.177422008883992879E-16, -0.8890000000000013447 ) ) ;
#340 = ORIENTED_EDGE ( 'NONE', *, *, #1398, .F. ) ;
#341 = LINE ( 'NONE', #1804, #3304 ) ;
#342 = AXIS2_PLACEMENT_3D ( 'NONE', #6487, #371, #566 ) ;
#343 = CARTESIAN_POINT ( 'NONE',  ( -7.620000000000000107, 8.509000000000000341, -1.270000000000001128 ) ) ;
#344 = CARTESIAN_POINT ( 'NONE',  ( -5.079999999999999183, 2.177422008883992879E-16, -0.8890000000000013447 ) ) ;
#345 = EDGE_CURVE ( 'NONE', #2662, #5156, #1112, .T. ) ;
#346 = FACE_OUTER_BOUND ( 'NONE', #1447, .T. ) ;
#347 = VECTOR ( 'NONE', #5896, 1000.000000000000000 ) ;
#348 = VECTOR ( 'NONE', #8761, 1000.000000000000000 ) ;
#349 = FACE_OUTER_BOUND ( 'NONE', #5724, .T. ) ;
#350 = ORIENTED_EDGE ( 'NONE', *, *, #1980, .T. ) ;
#351 = DIRECTION ( 'NONE',  ( -0.000000000000000000, 1.000000000000000000, 1.733406087350420004E-16 ) ) ;
#352 = VERTEX_POINT ( 'NONE', #621 ) ;
#353 = CARTESIAN_POINT ( 'NONE',  ( -7.620000000000000107, 8.509000000000000341, 1.270000000000001128 ) ) ;
#354 = CARTESIAN_POINT ( 'NONE',  ( 7.620000000000001883, 2.177422008883992879E-16, -0.8890000000000013447 ) ) ;
#355 = VECTOR ( 'NONE', #8140, 1000.000000000000000 ) ;
#356 = ADVANCED_FACE ( 'NONE', ( #8832 ), #5132, .T. ) ;
#357 = DIRECTION ( 'NONE',  ( 0.000000000000000000, 0.000000000000000000, 1.000000000000000000 ) ) ;
#358 = ADVANCED_FACE ( 'NONE', ( #5810 ), #8095, .F. ) ;
#359 = ORIENTED_EDGE ( 'NONE', *, *, #4740, .T. ) ;
#360 = ORIENTED_EDGE ( 'NONE', *, *, #956, .T. ) ;
#361 = CARTESIAN_POINT ( 'NONE',  ( 7.620000000000001883, 8.509000000000000341, -1.270000000000001128 ) ) ;
#362 = ORIENTED_EDGE ( 'NONE', *, *, #5770, .T. ) ;
#363 = CARTESIAN_POINT ( 'NONE',  ( -11.04900000000000126, 8.064500000000000668, -0.3810000000000032250 ) ) ;
#364 = PRODUCT_DEFINITION ( 'UNKNOWN', '', #5323, #6733 ) ;
#365 = ORIENTED_EDGE ( 'NONE', *, *, #9238, .T. ) ;
#366 = FACE_OUTER_BOUND ( 'NONE', #1876, .T. ) ;
#367 = DIRECTION ( 'NONE',  ( 1.000000000000000000, 0.000000000000000000, 0.000000000000000000 ) ) ;
#368 = CARTESIAN_POINT ( 'NONE',  ( -17.78000000000000114, 8.509000000000000341, -1.270000000000001128 ) ) ;
#369 = EDGE_CURVE ( 'NONE', #5201, #9067, #3583, .T. ) ;
#370 = ORIENTED_EDGE ( 'NONE', *, *, #7462, .T. ) ;
#371 = DIRECTION ( 'NONE',  ( -0.000000000000000000, 1.000000000000000000, 2.449293598294710852E-16 ) ) ;
#372 = FACE_OUTER_BOUND ( 'NONE', #8577, .T. ) ;
#373 = EDGE_LOOP ( 'NONE', ( #9119, #3200, #4118, #2309 ) ) ;
#374 = DIRECTION ( 'NONE',  ( -1.000000000000000000, -0.000000000000000000, -0.000000000000000000 ) ) ;
#375 = VERTEX_POINT ( 'NONE', #6536 ) ;
#376 = DIRECTION ( 'NONE',  ( -0.000000000000000000, 0.000000000000000000, -1.000000000000000000 ) ) ;
#377 = EDGE_CURVE ( 'NONE', #2294, #7001, #5759, .T. ) ;
#378 = STYLED_ITEM ( 'NONE', ( #1908 ), #1732 ) ;
#379 = LINE ( 'NONE', #4997, #5071 ) ;
#380 = CARTESIAN_POINT ( 'NONE',  ( -17.78000000000000114, 8.509000000000000341, -1.270000000000001128 ) ) ;
#381 = CARTESIAN_POINT ( 'NONE',  ( 10.16000000000000014, 7.239000000000000767, -2.201425730935033664E-16 ) ) ;
#382 = AXIS2_PLACEMENT_3D ( 'NONE', #4962, #7922, #6465 ) ;
#383 = VERTEX_POINT ( 'NONE', #1298 ) ;
#384 = ORIENTED_EDGE ( 'NONE', *, *, #4002, .F. ) ;
#385 = LINE ( 'NONE', #8411, #3228 ) ;
#386 = CARTESIAN_POINT ( 'NONE',  ( -10.16000000000000014, 0.000000000000000000, 1.269999999999998908 ) ) ;
#387 = EDGE_LOOP ( 'NONE', ( #1672, #9167, #8558, #7266 ) ) ;
#388 = FILL_AREA_STYLE_COLOUR ( '', #3428 ) ;
#389 = SURFACE_STYLE_FILL_AREA ( #7781 ) ;
#390 = ORIENTED_EDGE ( 'NONE', *, *, #5490, .T. ) ;
#391 = CARTESIAN_POINT ( 'NONE',  ( -2.540000000000000480, 0.000000000000000000, 0.000000000000000000 ) ) ;
#392 = EDGE_CURVE ( 'NONE', #9567, #4649, #5084, .T. ) ;
#393 = CARTESIAN_POINT ( 'NONE',  ( 18.66900000000000048, 7.239000000000000767, 0.3809999999999953979 ) ) ;
#394 = CARTESIAN_POINT ( 'NONE',  ( 11.04899999999999949, 7.239000000000000767, -0.3810000000000033915 ) ) ;
#395 = FACE_OUTER_BOUND ( 'NONE', #7313, .T. ) ;
#396 = EDGE_CURVE ( 'NONE', #2544, #664, #9225, .T. ) ;
#397 = VECTOR ( 'NONE', #4641, 1000.000000000000000 ) ;
#398 = CARTESIAN_POINT ( 'NONE',  ( -6.730999999999998984, 7.239000000000000767, 0.3809999999999953979 ) ) ;
#399 = ORIENTED_EDGE ( 'NONE', *, *, #8721, .F. ) ;
#400 = PLANE ( 'NONE',  #431 ) ;
#401 = VECTOR ( 'NONE', #6086, 1000.000000000000000 ) ;
#402 = LINE ( 'NONE', #3474, #741 ) ;
#403 = VERTEX_POINT ( 'NONE', #7312 ) ;
#404 = FACE_BOUND ( 'NONE', #6646, .T. ) ;
#405 = FACE_OUTER_BOUND ( 'NONE', #7508, .T. ) ;
#406 = VECTOR ( 'NONE', #6941, 1000.000000000000000 ) ;
#407 = ORIENTED_EDGE ( 'NONE', *, *, #3518, .F. ) ;
#408 = EDGE_CURVE ( 'NONE', #8580, #1885, #6250, .T. ) ;
#409 = VERTEX_POINT ( 'NONE', #5525 ) ;
#410 = DIRECTION ( 'NONE',  ( 0.000000000000000000, -1.000000000000000000, -2.548365665731588345E-16 ) ) ;
#411 = EDGE_CURVE ( 'NONE', #3634, #7762, #9273, .T. ) ;
#412 = ORIENTED_EDGE ( 'NONE', *, *, #7047, .F. ) ;
#413 = CARTESIAN_POINT ( 'NONE',  ( 14.79549999999999876, 8.509000000000000341, 0.8254999999999967919 ) ) ;
#414 =( GEOMETRIC_REPRESENTATION_CONTEXT ( 3 ) GLOBAL_UNCERTAINTY_ASSIGNED_CONTEXT ( ( #3350 ) ) GLOBAL_UNIT_ASSIGNED_CONTEXT ( ( #3286, #1009, #3830 ) ) REPRESENTATION_CONTEXT ( 'NONE', 'WORKASPACE' ) );
#415 = ORIENTED_EDGE ( 'NONE', *, *, #8443, .F. ) ;
#416 = CARTESIAN_POINT ( 'NONE',  ( -5.080000000000000959, 8.509000000000000341, 1.270000000000001128 ) ) ;
#417 = CARTESIAN_POINT ( 'NONE',  ( -7.620000000000000107, -1.925929944387235853E-31, 0.8889999999999991243 ) ) ;
#418 = VECTOR ( 'NONE', #5980, 1000.000000000000000 ) ;
#419 = FACE_BOUND ( 'NONE', #1161, .T. ) ;
#420 = CARTESIAN_POINT ( 'NONE',  ( -15.24000000000000021, 2.177422008883992879E-16, -0.8890000000000013447 ) ) ;
#421 = AXIS2_PLACEMENT_3D ( 'NONE', #620, #666, #4394 ) ;
#422 = AXIS2_PLACEMENT_3D ( 'NONE', #8842, #2175, #4407 ) ;
#423 = ORIENTED_EDGE ( 'NONE', *, *, #8968, .T. ) ;
#424 = CONTEXT_DEPENDENT_SHAPE_REPRESENTATION ( #9063, #7032 ) ;
#425 = EDGE_CURVE ( 'NONE', #734, #312, #2785, .T. ) ;
#426 = DIRECTION ( 'NONE',  ( -0.000000000000000000, 1.000000000000000000, 1.440069553722777130E-16 ) ) ;
#427 = ORIENTED_EDGE ( 'NONE', *, *, #7650, .T. ) ;
#428 = FACE_OUTER_BOUND ( 'NONE', #9070, .T. ) ;
#429 = EDGE_LOOP ( 'NONE', ( #2030, #8046, #4346, #4179 ) ) ;
#430 = LINE ( 'NONE', #4996, #4760 ) ;
#431 = AXIS2_PLACEMENT_3D ( 'NONE', #5553, #9300, #1862 ) ;
#432 = UNCERTAINTY_MEASURE_WITH_UNIT (LENGTH_MEASURE( 1.000000000000000082E-05 ), #1540, 'distance_accuracy_value', 'NONE');
#433 = PLANE ( 'NONE',  #3363 ) ;
#434 = DIRECTION ( 'NONE',  ( 1.000000000000000000, 0.000000000000000000, -0.000000000000000000 ) ) ;
#435 = DIRECTION ( 'NONE',  ( 0.000000000000000000, -1.000000000000000000, -1.733406087350420004E-16 ) ) ;
#436 = AXIS2_PLACEMENT_3D ( 'NONE', #3560, #640, #4277 ) ;
#437 = FACE_OUTER_BOUND ( 'NONE', #7275, .T. ) ;
#438 = ORIENTED_EDGE ( 'NONE', *, *, #9201, .T. ) ;
#439 = DIRECTION ( 'NONE',  ( 0.000000000000000000, -1.000000000000000000, 0.000000000000000000 ) ) ;
#440 = CARTESIAN_POINT ( 'NONE',  ( 17.78000000000000114, 2.177422008883992879E-16, -0.8890000000000013447 ) ) ;
#441 = ORIENTED_EDGE ( 'NONE', *, *, #4786, .F. ) ;
#442 = SURFACE_SIDE_STYLE ('',( #3988 ) ) ;
#443 = SURFACE_STYLE_USAGE ( .BOTH. , #245 ) ;
#444 = CARTESIAN_POINT ( 'NONE',  ( -13.14450000000000074, 8.509000000000000341, 0.8254999999999967919 ) ) ;
#445 = DIRECTION ( 'NONE',  ( 0.000000000000000000, -0.9659258262890699775, -0.2588190451025145222 ) ) ;
#446 =( LENGTH_UNIT ( ) NAMED_UNIT ( * ) SI_UNIT ( .MILLI., .METRE. ) );
#447 = EDGE_LOOP ( 'NONE', ( #8150, #2616, #5498, #5181 ) ) ;
#448 = FACE_OUTER_BOUND ( 'NONE', #5149, .T. ) ;
#449 = EDGE_CURVE ( 'NONE', #109, #8748, #8192, .T. ) ;
#450 = ORIENTED_EDGE ( 'NONE', *, *, #3055, .T. ) ;
#451 = FACE_OUTER_BOUND ( 'NONE', #3289, .T. ) ;
#452 = EDGE_CURVE ( 'NONE', #5671, #2450, #809, .T. ) ;
#453 = CARTESIAN_POINT ( 'NONE',  ( 16.12900000000000134, 8.064500000000000668, 0.3809999999999953979 ) ) ;
#454 = DIRECTION ( 'NONE',  ( 0.000000000000000000, 0.9659258262890700886, -0.2588190451025140781 ) ) ;
#455 = ORIENTED_EDGE ( 'NONE', *, *, #1352, .F. ) ;
#456 = CARTESIAN_POINT ( 'NONE',  ( -16.89099999999999824, 7.239000000000000767, -0.3810000000000033915 ) ) ;
#457 = DIRECTION ( 'NONE',  ( -0.000000000000000000, 1.000000000000000000, 1.440069553722777130E-16 ) ) ;
#458 = DIRECTION ( 'NONE',  ( 0.000000000000000000, -0.9659258262890699775, -0.2588190451025145222 ) ) ;
#459 = CLOSED_SHELL ( 'NONE', ( #4028, #129, #2898, #8154, #7969, #6642, #7809, #2649, #8665, #7355, #3913, #9099, #3174, #7689, #2475, #9397, #5633, #1591, #8964 ) ) ;
#460 = EDGE_CURVE ( 'NONE', #6332, #1068, #5277, .T. ) ;
#461 = ORIENTED_EDGE ( 'NONE', *, *, #1046, .T. ) ;
#462 = ORIENTED_EDGE ( 'NONE', *, *, #9201, .F. ) ;
#463 = LINE ( 'NONE', #1971, #1051 ) ;
#464 = EDGE_CURVE ( 'NONE', #8383, #8678, #6777, .T. ) ;
#465 = EDGE_CURVE ( 'NONE', #6434, #5030, #8877, .T. ) ;
#466 = ORIENTED_EDGE ( 'NONE', *, *, #5148, .T. ) ;
#467 = ADVANCED_FACE ( 'NONE', ( #1485 ), #3725, .F. ) ;
#468 = CARTESIAN_POINT ( 'NONE',  ( -11.81099999999999994, 8.064500000000000668, 0.3809999999999953979 ) ) ;
#469 = ORIENTED_EDGE ( 'NONE', *, *, #4665, .T. ) ;
#470 = CARTESIAN_POINT ( 'NONE',  ( 1.650999999999999801, 7.239000000000000767, 0.3809999999999953979 ) ) ;
#471 = DIRECTION ( 'NONE',  ( -1.000000000000000000, -0.000000000000000000, -0.000000000000000000 ) ) ;
#472 = LINE ( 'NONE', #1979, #4437 ) ;
#473 = DIRECTION ( 'NONE',  ( 1.000000000000000000, 0.000000000000000000, -0.000000000000000000 ) ) ;
#474 = EDGE_CURVE ( 'NONE', #5464, #5166, #8720, .T. ) ;
#475 = VECTOR ( 'NONE', #2032, 1000.000000000000000 ) ;
#476 = ORIENTED_EDGE ( 'NONE', *, *, #8971, .F. ) ;
#477 = CARTESIAN_POINT ( 'NONE',  ( -1.143000000000001570, 7.810500000000001108, 0.1269999999999957552 ) ) ;
#478 =( GEOMETRIC_REPRESENTATION_CONTEXT ( 3 ) GLOBAL_UNCERTAINTY_ASSIGNED_CONTEXT ( ( #6641 ) ) GLOBAL_UNIT_ASSIGNED_CONTEXT ( ( #6414, #7682, #7780 ) ) REPRESENTATION_CONTEXT ( 'NONE', 'WORKASPACE' ) );
#479 = ORIENTED_EDGE ( 'NONE', *, *, #8778, .T. ) ;
#480 = FACE_OUTER_BOUND ( 'NONE', #5585, .T. ) ;
#481 = EDGE_LOOP ( 'NONE', ( #6448, #1922, #9113, #1504, #91, #9032, #906, #3062 ) ) ;
#482 = LINE ( 'NONE', #4125, #7253 ) ;
#483 = PLANE ( 'NONE',  #1499 ) ;
#484 = FACE_OUTER_BOUND ( 'NONE', #4198, .T. ) ;
#485 = EDGE_CURVE ( 'NONE', #5121, #3888, #3571, .T. ) ;
#486 = EDGE_CURVE ( 'NONE', #1694, #6170, #7300, .T. ) ;
#487 = VECTOR ( 'NONE', #4313, 1000.000000000000000 ) ;
#488 = PLANE ( 'NONE',  #3222 ) ;
#489 = DIRECTION ( 'NONE',  ( -1.000000000000000000, -0.000000000000000000, -0.000000000000000000 ) ) ;
#490 = ORIENTED_EDGE ( 'NONE', *, *, #2210, .F. ) ;
#491 = DIRECTION ( 'NONE',  ( -0.000000000000000000, 0.000000000000000000, 1.000000000000000000 ) ) ;
#492 = FACE_OUTER_BOUND ( 'NONE', #4105, .T. ) ;
#493 = ORIENTED_EDGE ( 'NONE', *, *, #2318, .F. ) ;
#494 = CARTESIAN_POINT ( 'NONE',  ( 5.969000000000002082, 7.239000000000000767, 0.3809999999999953979 ) ) ;
#495 = PRESENTATION_STYLE_ASSIGNMENT (( #644 ) ) ;
#496 = VECTOR ( 'NONE', #221, 999.9999999999998863 ) ;
#497 = LINE ( 'NONE', #2718, #3193 ) ;
#498 = LINE ( 'NONE', #344, #2262 ) ;
#499 = VECTOR ( 'NONE', #1542, 1000.000000000000000 ) ;
#500 = LINE ( 'NONE', #3467, #3028 ) ;
#501 = CARTESIAN_POINT ( 'NONE',  ( 20.57400000000000162, -1.925929944387235853E-31, 0.8889999999999991243 ) ) ;
#502 = VECTOR ( 'NONE', #5394, 1000.000000000000000 ) ;
#503 = DIRECTION ( 'NONE',  ( 0.000000000000000000, 0.000000000000000000, -1.000000000000000000 ) ) ;
#504 = ORIENTED_EDGE ( 'NONE', *, *, #514, .T. ) ;
#505 = LINE ( 'NONE', #9157, #5865 ) ;
#506 = VECTOR ( 'NONE', #1394, 1000.000000000000000 ) ;
#507 = CARTESIAN_POINT ( 'NONE',  ( 17.78000000000000114, 0.5080000000000002292, -0.7528818102449945648 ) ) ;
#508 = LINE ( 'NONE', #2012, #4767 ) ;
#509 = EDGE_LOOP ( 'NONE', ( #3584, #7287, #7639, #658 ) ) ;
#510 = CARTESIAN_POINT ( 'NONE',  ( -16.89099999999999824, 7.239000000000000767, -0.3810000000000033915 ) ) ;
#511 = FACE_OUTER_BOUND ( 'NONE', #2982, .T. ) ;
#512 = VECTOR ( 'NONE', #7497, 1000.000000000000000 ) ;
#513 = LINE ( 'NONE', #9408, #4699 ) ;
#514 = EDGE_CURVE ( 'NONE', #6163, #1027, #9500, .T. ) ;
#515 = AXIS2_PLACEMENT_3D ( 'NONE', #3034, #2884, #5859 ) ;
#516 = ORIENTED_EDGE ( 'NONE', *, *, #5028, .T. ) ;
#517 = ORIENTED_EDGE ( 'NONE', *, *, #8482, .T. ) ;
#518 = FACE_OUTER_BOUND ( 'NONE', #9094, .T. ) ;
#519 = PRESENTATION_LAYER_ASSIGNMENT (  '', '', ( #6095 ) ) ;
#520 = EDGE_LOOP ( 'NONE', ( #5304, #6252, #7836, #3382 ) ) ;
#521 = AXIS2_PLACEMENT_3D ( 'NONE', #7091, #5784, #9027 ) ;
#522 = ORIENTED_EDGE ( 'NONE', *, *, #2325, .F. ) ;
#523 = CARTESIAN_POINT ( 'NONE',  ( -11.30300000000000260, 7.810500000000001108, 0.1269999999999957552 ) ) ;
#524 = FACE_BOUND ( 'NONE', #2560, .T. ) ;
#525 = CARTESIAN_POINT ( 'NONE',  ( 10.15999999999999837, 8.509000000000000341, -1.270000000000001128 ) ) ;
#526 = EDGE_CURVE ( 'NONE', #1450, #3862, #5700, .T. ) ;
#527 = CARTESIAN_POINT ( 'NONE',  ( -20.57400000000000162, 0.5080000000000000071, 0.7528818102449925664 ) ) ;
#528 = ADVANCED_FACE ( 'NONE', ( #5651 ), #6525, .F. ) ;
#529 = AXIS2_PLACEMENT_3D ( 'NONE', #2831, #3578, #7796 ) ;
#530 = EDGE_LOOP ( 'NONE', ( #7892, #2254, #2405, #8103 ) ) ;
#531 = DIRECTION ( 'NONE',  ( 0.000000000000000000, 0.000000000000000000, -1.000000000000000000 ) ) ;
#532 = ORIENTED_EDGE ( 'NONE', *, *, #25, .F. ) ;
#533 = CARTESIAN_POINT ( 'NONE',  ( -15.24000000000000021, 0.5080000000000000071, 0.7528818102449925664 ) ) ;
#534 = ORIENTED_EDGE ( 'NONE', *, *, #8053, .T. ) ;
#535 = CARTESIAN_POINT ( 'NONE',  ( 20.57400000000000162, 2.177422008883992879E-16, -0.8890000000000013447 ) ) ;
#536 = LINE ( 'NONE', #4270, #5233 ) ;
#537 = FACE_OUTER_BOUND ( 'NONE', #3354, .T. ) ;
#538 = DIRECTION ( 'NONE',  ( 0.000000000000000000, -1.000000000000000000, -0.000000000000000000 ) ) ;
#539 = LINE ( 'NONE', #5584, #7291 ) ;
#540 = EDGE_LOOP ( 'NONE', ( #9081, #7744, #9613, #819 ) ) ;
#541 = EDGE_CURVE ( 'NONE', #7131, #3489, #2823, .T. ) ;
#542 = LINE ( 'NONE', #3509, #3081 ) ;
#543 = EDGE_CURVE ( 'NONE', #2931, #4275, #9549, .T. ) ;
#544 = LINE ( 'NONE', #3510, #4691 ) ;
#545 = ORIENTED_EDGE ( 'NONE', *, *, #6739, .F. ) ;
#546 = LINE ( 'NONE', #6463, #7855 ) ;
#547 = CARTESIAN_POINT ( 'NONE',  ( -12.69999999999999929, 0.5080000000000002292, -0.7528818102449945648 ) ) ;
#548 = SURFACE_SIDE_STYLE ('',( #5644 ) ) ;
#549 =( NAMED_UNIT ( * ) SI_UNIT ( $, .STERADIAN. ) SOLID_ANGLE_UNIT ( ) );
#550 = AXIS2_PLACEMENT_3D ( 'NONE', #1074, #3300, #2563 ) ;
#551 = PLANE ( 'NONE',  #3911 ) ;
#552 = EDGE_LOOP ( 'NONE', ( #8690, #6992, #455, #1141 ) ) ;
#553 = FACE_BOUND ( 'NONE', #830, .T. ) ;
#554 = CARTESIAN_POINT ( 'NONE',  ( 8.064500000000002444, 8.509000000000000341, -1.270000000000001128 ) ) ;
#555 = FACE_OUTER_BOUND ( 'NONE', #8092, .T. ) ;
#556 = VERTEX_POINT ( 'NONE', #2061 ) ;
#557 = ADVANCED_FACE ( 'NONE', ( #1382 ), #8669, .F. ) ;
#558 = DIRECTION ( 'NONE',  ( -0.000000000000000000, -0.000000000000000000, 1.000000000000000000 ) ) ;
#559 = VECTOR ( 'NONE', #4237, 1000.000000000000000 ) ;
#560 = DIRECTION ( 'NONE',  ( -1.000000000000000000, -0.000000000000000000, -0.000000000000000000 ) ) ;
#561 = DIRECTION ( 'NONE',  ( 0.000000000000000000, 0.000000000000000000, -1.000000000000000000 ) ) ;
#562 = ORIENTED_EDGE ( 'NONE', *, *, #5895, .F. ) ;
#563 = ORIENTED_EDGE ( 'NONE', *, *, #8484, .F. ) ;
#564 = CARTESIAN_POINT ( 'NONE',  ( 0.3810000000000000053, -3.200400000000000134, -0.2032000000000001583 ) ) ;
#565 = EDGE_CURVE ( 'NONE', #6134, #3480, #8617, .T. ) ;
#566 = DIRECTION ( 'NONE',  ( 0.000000000000000000, -2.449293598294710852E-16, 1.000000000000000000 ) ) ;
#567 = ORIENTED_EDGE ( 'NONE', *, *, #6168, .T. ) ;
#568 = ORIENTED_EDGE ( 'NONE', *, *, #4911, .T. ) ;
#569 = PLANE ( 'NONE',  #1582 ) ;
#570 = DIRECTION ( 'NONE',  ( -0.000000000000000000, 0.000000000000000000, -1.000000000000000000 ) ) ;
#571 = DIRECTION ( 'NONE',  ( 0.000000000000000000, 1.440069553722777130E-16, -1.000000000000000000 ) ) ;
#572 = PRESENTATION_LAYER_ASSIGNMENT (  '', '', ( #2115 ) ) ;
#573 = DIRECTION ( 'NONE',  ( 0.000000000000000000, 1.000000000000000000, -5.054934237236841843E-31 ) ) ;
#574 = ORIENTED_EDGE ( 'NONE', *, *, #1168, .T. ) ;
#575 = ADVANCED_FACE ( 'NONE', ( #3420 ), #7106, .F. ) ;
#576 = VECTOR ( 'NONE', #7185, 1000.000000000000000 ) ;
#577 = DIRECTION ( 'NONE',  ( 0.000000000000000000, -5.054934237236841843E-31, -1.000000000000000000 ) ) ;
#578 = ADVANCED_FACE ( 'NONE', ( #656 ), #3473, .F. ) ;
#579 = EDGE_CURVE ( 'NONE', #7336, #5755, #4244, .T. ) ;
#580 = VERTEX_POINT ( 'NONE', #7986 ) ;
#581 = DIRECTION ( 'NONE',  ( 1.000000000000000000, 0.000000000000000000, 0.000000000000000000 ) ) ;
#582 = ORIENTED_EDGE ( 'NONE', *, *, #7674, .T. ) ;
#583 = DIRECTION ( 'NONE',  ( -1.000000000000000000, -0.000000000000000000, -0.000000000000000000 ) ) ;
#584 = DIRECTION ( 'NONE',  ( 0.000000000000000000, 0.000000000000000000, -1.000000000000000000 ) ) ;
#585 = DIRECTION ( 'NONE',  ( 0.000000000000000000, 0.9659258262890700886, -0.2588190451025140781 ) ) ;
#586 = MECHANICAL_DESIGN_GEOMETRIC_PRESENTATION_REPRESENTATION (  '', ( #2891 ), #3211 ) ;
#587 = VECTOR ( 'NONE', #2037, 1000.000000000000000 ) ;
#588 = PLANE ( 'NONE',  #1982 ) ;
#589 = ADVANCED_FACE ( 'NONE', ( #608 ), #4189, .F. ) ;
#590 = DIRECTION ( 'NONE',  ( -0.000000000000000000, 0.000000000000000000, -1.000000000000000000 ) ) ;
#591 = ORIENTED_EDGE ( 'NONE', *, *, #2385, .F. ) ;
#592 = DIRECTION ( 'NONE',  ( 0.000000000000000000, -0.7071067811865482389, 0.7071067811865469066 ) ) ;
#593 = ADVANCED_FACE ( 'NONE', ( #1283 ), #4866, .F. ) ;
#594 = LINE ( 'NONE', #9288, #7492 ) ;
#595 = VECTOR ( 'NONE', #6653, 1000.000000000000000 ) ;
#596 = ORIENTED_EDGE ( 'NONE', *, *, #3358, .T. ) ;
#597 = DIRECTION ( 'NONE',  ( 0.000000000000000000, 1.733406087350420004E-16, -1.000000000000000000 ) ) ;
#598 = ADVANCED_FACE ( 'NONE', ( #7396 ), #2970, .F. ) ;
#599 = CARTESIAN_POINT ( 'NONE',  ( 17.78000000000000114, 3.110602869834277161E-16, -1.270000000000001128 ) ) ;
#600 = DIRECTION ( 'NONE',  ( 0.000000000000000000, 1.440069553722777130E-16, -1.000000000000000000 ) ) ;
#601 =( LENGTH_UNIT ( ) NAMED_UNIT ( * ) SI_UNIT ( .MILLI., .METRE. ) );
#602 = EDGE_CURVE ( 'NONE', #8865, #2545, #751, .T. ) ;
#603 = VECTOR ( 'NONE', #7535, 1000.000000000000000 ) ;
#604 = ADVANCED_FACE ( 'NONE', ( #8864 ), #2202, .F. ) ;
#605 = PLANE ( 'NONE',  #9035 ) ;
#606 = ORIENTED_EDGE ( 'NONE', *, *, #811, .T. ) ;
#607 = DIRECTION ( 'NONE',  ( 0.000000000000000000, 1.000000000000000000, 1.733406087350420004E-16 ) ) ;
#608 = FACE_OUTER_BOUND ( 'NONE', #699, .T. ) ;
#609 = DIRECTION ( 'NONE',  ( 1.000000000000000000, 0.000000000000000000, 0.000000000000000000 ) ) ;
#610 = VERTEX_POINT ( 'NONE', #7348 ) ;
#611 = DIRECTION ( 'NONE',  ( 0.000000000000000000, -1.000000000000000000, 0.000000000000000000 ) ) ;
#612 = DIRECTION ( 'NONE',  ( 0.000000000000000000, 5.054934237236841843E-31, 1.000000000000000000 ) ) ;
#613 = VECTOR ( 'NONE', #7824, 1000.000000000000000 ) ;
#614 = DIRECTION ( 'NONE',  ( -0.000000000000000000, 0.2588190451025140781, 0.9659258262890700886 ) ) ;
#615 = SURFACE_STYLE_FILL_AREA ( #3478 ) ;
#616 = EDGE_CURVE ( 'NONE', #8829, #3915, #8957, .T. ) ;
#617 = ADVANCED_FACE ( 'NONE', ( #146 ), #2297, .F. ) ;
#618 = ORIENTED_EDGE ( 'NONE', *, *, #5424, .F. ) ;
#619 = VERTEX_POINT ( 'NONE', #6033 ) ;
#620 = CARTESIAN_POINT ( 'NONE',  ( -10.16000000000000014, 0.000000000000000000, 1.269999999999998908 ) ) ;
#621 = CARTESIAN_POINT ( 'NONE',  ( -19.43100000000000094, 7.239000000000000767, 0.3809999999999953979 ) ) ;
#622 = ORIENTED_EDGE ( 'NONE', *, *, #7476, .F. ) ;
#623 = DIRECTION ( 'NONE',  ( 0.000000000000000000, 0.000000000000000000, 1.000000000000000000 ) ) ;
#624 = FACE_OUTER_BOUND ( 'NONE', #5514, .T. ) ;
#625 = FACE_OUTER_BOUND ( 'NONE', #1547, .T. ) ;
#626 = ORIENTED_EDGE ( 'NONE', *, *, #9574, .T. ) ;
#627 = LINE ( 'NONE', #5620, #475 ) ;
#628 = VERTEX_POINT ( 'NONE', #103 ) ;
#629 = DIRECTION ( 'NONE',  ( -1.000000000000000000, -0.000000000000000000, -0.000000000000000000 ) ) ;
#630 = VECTOR ( 'NONE', #3734, 1000.000000000000000 ) ;
#631 = DIRECTION ( 'NONE',  ( 0.000000000000000000, -0.9659258262890699775, -0.2588190451025145222 ) ) ;
#632 = DIRECTION ( 'NONE',  ( -0.000000000000000000, 0.000000000000000000, 1.000000000000000000 ) ) ;
#633 = DIRECTION ( 'NONE',  ( 0.000000000000000000, 0.000000000000000000, -1.000000000000000000 ) ) ;
#634 = EDGE_CURVE ( 'NONE', #9214, #9206, #2153, .T. ) ;
#635 = ORIENTED_EDGE ( 'NONE', *, *, #4084, .T. ) ;
#636 = STYLED_ITEM ( 'NONE', ( #8458 ), #7601 ) ;
#637 = LINE ( 'NONE', #5682, #4460 ) ;
#638 = CARTESIAN_POINT ( 'NONE',  ( -5.079999999999999183, -1.925929944387235853E-31, 0.8889999999999991243 ) ) ;
#639 = EDGE_LOOP ( 'NONE', ( #6187, #9143, #2638, #4091 ) ) ;
#640 = DIRECTION ( 'NONE',  ( 1.000000000000000000, 0.000000000000000000, 0.000000000000000000 ) ) ;
#641 = VERTEX_POINT ( 'NONE', #9009 ) ;
#642 = ORIENTED_EDGE ( 'NONE', *, *, #802, .F. ) ;
#643 = CARTESIAN_POINT ( 'NONE',  ( 9.715500000000002245, 8.509000000000000341, -1.270000000000001128 ) ) ;
#644 = SURFACE_STYLE_USAGE ( .BOTH. , #1323 ) ;
#645 = CARTESIAN_POINT ( 'NONE',  ( -5.079999999999999183, 3.110602869834277161E-16, -1.270000000000001128 ) ) ;
#646 = FACE_OUTER_BOUND ( 'NONE', #7581, .T. ) ;
#647 = LINE ( 'NONE', #3610, #6148 ) ;
#648 = VECTOR ( 'NONE', #581, 1000.000000000000000 ) ;
#649 =( NAMED_UNIT ( * ) SI_UNIT ( $, .STERADIAN. ) SOLID_ANGLE_UNIT ( ) );
#650 = EDGE_CURVE ( 'NONE', #8744, #5320, #6717, .T. ) ;
#651 = ADVANCED_FACE ( 'NONE', ( #5308 ), #1557, .F. ) ;
#652 = DIRECTION ( 'NONE',  ( 0.000000000000000000, 1.000000000000000000, 2.548365665731588345E-16 ) ) ;
#653 = EDGE_LOOP ( 'NONE', ( #6104, #6923, #5974, #4299 ) ) ;
#654 = DIRECTION ( 'NONE',  ( 0.000000000000000000, -1.000000000000000000, 0.000000000000000000 ) ) ;
#655 = VECTOR ( 'NONE', #6957, 1000.000000000000114 ) ;
#656 = FACE_OUTER_BOUND ( 'NONE', #3903, .T. ) ;
#657 = FACE_OUTER_BOUND ( 'NONE', #3975, .T. ) ;
#658 = ORIENTED_EDGE ( 'NONE', *, *, #1624, .T. ) ;
#659 = CARTESIAN_POINT ( 'NONE',  ( -4.191000000000000725, 7.239000000000000767, 0.3809999999999953979 ) ) ;
#660 = CARTESIAN_POINT ( 'NONE',  ( -17.78000000000000114, -1.925929944387235853E-31, 0.8889999999999991243 ) ) ;
#661 = LINE ( 'NONE', #1287, #5839 ) ;
#662 = DIRECTION ( 'NONE',  ( 0.000000000000000000, -1.733406087350420004E-16, 1.000000000000000000 ) ) ;
#663 = AXIS2_PLACEMENT_3D ( 'NONE', #7675, #3981, #2615 ) ;
#664 = VERTEX_POINT ( 'NONE', #2924 ) ;
#665 = ORIENTED_EDGE ( 'NONE', *, *, #4360, .T. ) ;
#666 = DIRECTION ( 'NONE',  ( 0.000000000000000000, 1.000000000000000000, -5.054934237236841843E-31 ) ) ;
#667 = VERTEX_POINT ( 'NONE', #9599 ) ;
#668 = ADVANCED_FACE ( 'NONE', ( #1605 ), #888, .F. ) ;
#669 = VECTOR ( 'NONE', #7447, 1000.000000000000114 ) ;
#670 = EDGE_CURVE ( 'NONE', #6264, #8190, #3852, .T. ) ;
#671 = VECTOR ( 'NONE', #4072, 1000.000000000000000 ) ;
#672 = CARTESIAN_POINT ( 'NONE',  ( 10.16000000000000192, 3.110602869834277161E-16, -1.270000000000001128 ) ) ;
#673 = PLANE ( 'NONE',  #901 ) ;
#674 = CARTESIAN_POINT ( 'NONE',  ( -10.60450000000000159, 8.509000000000000341, -0.8255000000000044524 ) ) ;
#675 = EDGE_LOOP ( 'NONE', ( #938, #5486, #6762, #3735 ) ) ;
#676 = VECTOR ( 'NONE', #6140, 1000.000000000000000 ) ;
#677 = DIRECTION ( 'NONE',  ( 0.000000000000000000, -1.000000000000000000, -2.548365665731588345E-16 ) ) ;
#678 = ORIENTED_EDGE ( 'NONE', *, *, #6297, .T. ) ;
#679 = LINE ( 'NONE', #7909, #7770 ) ;
#680 = EDGE_CURVE ( 'NONE', #3480, #409, #6948, .T. ) ;
#681 = DIRECTION ( 'NONE',  ( 0.000000000000000000, -1.000000000000000000, 0.000000000000000000 ) ) ;
#682 = CARTESIAN_POINT ( 'NONE',  ( -20.57400000000000162, 0.5080000000000000071, 0.7528818102449925664 ) ) ;
#683 = VECTOR ( 'NONE', #6271, 1000.000000000000000 ) ;
#684 = CARTESIAN_POINT ( 'NONE',  ( 7.620000000000001883, -1.925929944387235853E-31, 0.8889999999999991243 ) ) ;
#685 = ORIENTED_EDGE ( 'NONE', *, *, #768, .T. ) ;
#686 = CARTESIAN_POINT ( 'NONE',  ( -20.57400000000000162, 2.177422008883992879E-16, -0.8890000000000013447 ) ) ;
#687 = PLANE ( 'NONE',  #1725 ) ;
#688 = ORIENTED_EDGE ( 'NONE', *, *, #5561, .T. ) ;
#689 = FACE_OUTER_BOUND ( 'NONE', #6339, .T. ) ;
#690 = ORIENTED_EDGE ( 'NONE', *, *, #1944, .F. ) ;
#691 = ORIENTED_EDGE ( 'NONE', *, *, #4579, .F. ) ;
#692 = DIRECTION ( 'NONE',  ( -0.000000000000000000, 1.000000000000000000, 1.440069553722777130E-16 ) ) ;
#693 = DIRECTION ( 'NONE',  ( 0.000000000000000000, 0.000000000000000000, 1.000000000000000000 ) ) ;
#694 = CARTESIAN_POINT ( 'NONE',  ( -9.270999999999999019, 8.064500000000000668, 0.3809999999999953979 ) ) ;
#695 = PLANE ( 'NONE',  #2110 ) ;
#696 = CARTESIAN_POINT ( 'NONE',  ( 0.000000000000000000, 2.177422008883992879E-16, -0.8890000000000013447 ) ) ;
#697 = LINE ( 'NONE', #3657, #5662 ) ;
#698 = DIRECTION ( 'NONE',  ( -1.000000000000000000, -0.000000000000000000, -0.000000000000000000 ) ) ;
#699 = EDGE_LOOP ( 'NONE', ( #4769, #1678, #3676, #2620 ) ) ;
#700 = LINE ( 'NONE', #9400, #6486 ) ;
#701 = CARTESIAN_POINT ( 'NONE',  ( -3.429000000000001602, 8.064500000000000668, 0.3809999999999953979 ) ) ;
#702 = ADVANCED_FACE ( 'NONE', ( #2393 ), #1648, .F. ) ;
#703 = ORIENTED_EDGE ( 'NONE', *, *, #5387, .T. ) ;
#704 = PLANE ( 'NONE',  #3269 ) ;
#705 = CARTESIAN_POINT ( 'NONE',  ( -15.24000000000000021, 8.509000000000000341, -1.270000000000001128 ) ) ;
#706 = FACE_OUTER_BOUND ( 'NONE', #3651, .T. ) ;
#707 = EDGE_CURVE ( 'NONE', #2545, #7138, #291, .T. ) ;
#708 = CARTESIAN_POINT ( 'NONE',  ( 7.620000000000001883, 8.509000000000000341, -1.270000000000001128 ) ) ;
#709 = DIRECTION ( 'NONE',  ( 0.000000000000000000, 2.449293598294710852E-16, -1.000000000000000000 ) ) ;
#710 = VECTOR ( 'NONE', #1941, 1000.000000000000000 ) ;
#711 = EDGE_LOOP ( 'NONE', ( #4726, #5023, #5055, #6398 ) ) ;
#712 = ORIENTED_EDGE ( 'NONE', *, *, #3055, .F. ) ;
#713 = CARTESIAN_POINT ( 'NONE',  ( 12.25549999999999962, 8.509000000000000341, 0.8254999999999967919 ) ) ;
#714 = CARTESIAN_POINT ( 'NONE',  ( -5.080000000000000959, 3.110602869834277161E-16, -1.270000000000001128 ) ) ;
#715 = ORIENTED_EDGE ( 'NONE', *, *, #7641, .T. ) ;
#716 = AXIS2_PLACEMENT_3D ( 'NONE', #1702, #6905, #3219 ) ;
#717 = DIRECTION ( 'NONE',  ( -0.000000000000000000, 1.000000000000000000, 1.733406087350420004E-16 ) ) ;
#718 = FACE_OUTER_BOUND ( 'NONE', #7051, .T. ) ;
#719 = UNCERTAINTY_MEASURE_WITH_UNIT (LENGTH_MEASURE( 1.000000000000000082E-05 ), #3828, 'distance_accuracy_value', 'NONE');
#720 = EDGE_CURVE ( 'NONE', #2640, #4570, #8456, .T. ) ;
#721 = ADVANCED_FACE ( 'NONE', ( #2480 ), #3259, .T. ) ;
#722 = ORIENTED_EDGE ( 'NONE', *, *, #6590, .T. ) ;
#723 = CARTESIAN_POINT ( 'NONE',  ( -10.16000000000000014, 0.5080000000000000071, 0.7528818102449925664 ) ) ;
#724 = AXIS2_PLACEMENT_3D ( 'NONE', #7146, #5694, #2005 ) ;
#725 = VERTEX_POINT ( 'NONE', #3309 ) ;
#726 = DIRECTION ( 'NONE',  ( 0.000000000000000000, -1.000000000000000000, -2.338910953479677683E-16 ) ) ;
#727 = CARTESIAN_POINT ( 'NONE',  ( -4.191000000000000725, 8.064500000000000668, 0.3809999999999955644 ) ) ;
#728 = LINE ( 'NONE', #9345, #3686 ) ;
#729 = VECTOR ( 'NONE', #3936, 1000.000000000000000 ) ;
#730 = EDGE_CURVE ( 'NONE', #6301, #6740, #9237, .T. ) ;
#731 = EDGE_LOOP ( 'NONE', ( #1896, #7333, #1258, #7826 ) ) ;
#732 = DIRECTION ( 'NONE',  ( -0.5773502691896253980, -0.5773502691896255090, -0.5773502691896263972 ) ) ;
#733 = DIRECTION ( 'NONE',  ( 0.000000000000000000, -0.000000000000000000, -1.000000000000000000 ) ) ;
#734 = VERTEX_POINT ( 'NONE', #2569 ) ;
#735 = DIRECTION ( 'NONE',  ( 0.000000000000000000, 1.000000000000000000, 1.733406087350420004E-16 ) ) ;
#736 = VERTEX_POINT ( 'NONE', #5489 ) ;
#737 = VERTEX_POINT ( 'NONE', #5539 ) ;
#738 = PRESENTATION_STYLE_ASSIGNMENT (( #8557 ) ) ;
#739 = CARTESIAN_POINT ( 'NONE',  ( -15.24000000000000021, 3.110602869834277161E-16, -1.270000000000001128 ) ) ;
#740 = LINE ( 'NONE', #1510, #5381 ) ;
#741 = VECTOR ( 'NONE', #7887, 1000.000000000000000 ) ;
#742 = DIRECTION ( 'NONE',  ( -0.000000000000000000, 1.000000000000000000, 2.449293598294710852E-16 ) ) ;
#743 = VECTOR ( 'NONE', #6449, 1000.000000000000000 ) ;
#744 = FACE_OUTER_BOUND ( 'NONE', #3306, .T. ) ;
#745 = LINE ( 'NONE', #6167, #1479 ) ;
#746 = SHAPE_REPRESENTATION ( 'Pin - Gold', ( #4388 ), #7022 ) ;
#747 = CARTESIAN_POINT ( 'NONE',  ( -2.540000000000000480, 8.509000000000000341, 1.270000000000001128 ) ) ;
#748 = AXIS2_PLACEMENT_3D ( 'NONE', #9533, #4319, #4896 ) ;
#749 = EDGE_LOOP ( 'NONE', ( #5413, #4379, #1623, #5527 ) ) ;
#750 = CARTESIAN_POINT ( 'NONE',  ( -20.32000000000000028, 8.509000000000000341, 1.270000000000001128 ) ) ;
#751 = LINE ( 'NONE', #6669, #8738 ) ;
#752 = ORIENTED_EDGE ( 'NONE', *, *, #3624, .F. ) ;
#753 = DIRECTION ( 'NONE',  ( 1.000000000000000000, 0.000000000000000000, 0.000000000000000000 ) ) ;
#754 = CARTESIAN_POINT ( 'NONE',  ( 17.78000000000000114, 0.5080000000000002292, -0.7528818102449945648 ) ) ;
#755 = PLANE ( 'NONE',  #6132 ) ;
#756 = ORIENTED_EDGE ( 'NONE', *, *, #2365, .T. ) ;
#757 = PLANE ( 'NONE',  #8637 ) ;
#758 = CARTESIAN_POINT ( 'NONE',  ( 7.620000000000001883, 0.5080000000000000071, 0.7528818102449925664 ) ) ;
#759 = VECTOR ( 'NONE', #6002, 1000.000000000000000 ) ;
#760 = EDGE_CURVE ( 'NONE', #4327, #774, #1851, .T. ) ;
#761 = ORIENTED_EDGE ( 'NONE', *, *, #3608, .T. ) ;
#762 = VERTEX_POINT ( 'NONE', #1127 ) ;
#763 = CARTESIAN_POINT ( 'NONE',  ( 20.57400000000000162, 3.110602869834277161E-16, -1.270000000000001128 ) ) ;
#764 = VECTOR ( 'NONE', #1028, 1000.000000000000000 ) ;
#765 = ORIENTED_EDGE ( 'NONE', *, *, #3301, .T. ) ;
#766 = PLANE ( 'NONE',  #4080 ) ;
#767 = PLANE ( 'NONE',  #4915 ) ;
#768 = EDGE_CURVE ( 'NONE', #6407, #6889, #6121, .T. ) ;
#769 = EDGE_CURVE ( 'NONE', #4345, #90, #4658, .T. ) ;
#770 = EDGE_CURVE ( 'NONE', #918, #3395, #4757, .T. ) ;
#771 = EDGE_CURVE ( 'NONE', #1840, #5368, #9146, .T. ) ;
#772 = ORIENTED_EDGE ( 'NONE', *, *, #2474, .F. ) ;
#773 = CARTESIAN_POINT ( 'NONE',  ( -18.92300000000000182, 7.810500000000001108, 0.1269999999999957552 ) ) ;
#774 = VERTEX_POINT ( 'NONE', #386 ) ;
#775 = ADVANCED_FACE ( 'NONE', ( #7680 ), #2528, .F. ) ;
#776 = CARTESIAN_POINT ( 'NONE',  ( -6.223000000000000753, 7.810500000000001108, 0.1269999999999957552 ) ) ;
#777 = VERTEX_POINT ( 'NONE', #5356 ) ;
#778 = LINE ( 'NONE', #8938, #2902 ) ;
#779 = DIRECTION ( 'NONE',  ( -1.000000000000000000, -0.000000000000000000, -0.000000000000000000 ) ) ;
#780 = ORIENTED_EDGE ( 'NONE', *, *, #634, .T. ) ;
#781 = CARTESIAN_POINT ( 'NONE',  ( 17.78000000000000114, 8.509000000000000341, -1.270000000000001128 ) ) ;
#782 = VERTEX_POINT ( 'NONE', #4617 ) ;
#783 = LINE ( 'NONE', #7480, #3896 ) ;
#784 = CARTESIAN_POINT ( 'NONE',  ( 15.24000000000000021, 0.5080000000000000071, 0.7528818102449925664 ) ) ;
#785 = CARTESIAN_POINT ( 'NONE',  ( -13.58900000000000041, 7.239000000000000767, 0.3809999999999953979 ) ) ;
#786 = DIRECTION ( 'NONE',  ( 0.000000000000000000, -5.054934237236841843E-31, -1.000000000000000000 ) ) ;
#787 = EDGE_CURVE ( 'NONE', #5916, #6332, #3891, .T. ) ;
#788 = PLANE ( 'NONE',  #8640 ) ;
#789 = FACE_OUTER_BOUND ( 'NONE', #8304, .T. ) ;
#790 = VECTOR ( 'NONE', #4732, 1000.000000000000000 ) ;
#791 = DIRECTION ( 'NONE',  ( 0.000000000000000000, -5.054934237236841843E-31, -1.000000000000000000 ) ) ;
#792 = ORIENTED_EDGE ( 'NONE', *, *, #4201, .F. ) ;
#793 = ORIENTED_EDGE ( 'NONE', *, *, #650, .T. ) ;
#794 = CARTESIAN_POINT ( 'NONE',  ( -6.730999999999998984, 8.064500000000000668, 0.3809999999999953979 ) ) ;
#795 = CARTESIAN_POINT ( 'NONE',  ( 6.731000000000000760, 7.239000000000000767, -0.3810000000000033915 ) ) ;
#796 = EDGE_LOOP ( 'NONE', ( #7845, #8578, #2478, #1563 ) ) ;
#797 = DIRECTION ( 'NONE',  ( 0.000000000000000000, 0.9659258262890699775, 0.2588190451025145222 ) ) ;
#798 = CARTESIAN_POINT ( 'NONE',  ( 15.24000000000000021, 0.000000000000000000, 1.269999999999998908 ) ) ;
#799 = AXIS2_PLACEMENT_3D ( 'NONE', #200, #9148, #797 ) ;
#800 = FACE_OUTER_BOUND ( 'NONE', #4149, .T. ) ;
#801 = ORIENTED_EDGE ( 'NONE', *, *, #1584, .T. ) ;
#802 = EDGE_CURVE ( 'NONE', #5916, #4419, #2434, .T. ) ;
#803 = LINE ( 'NONE', #3026, #401 ) ;
#804 = CARTESIAN_POINT ( 'NONE',  ( 7.620000000000001883, 0.5080000000000002292, -0.7528818102449945648 ) ) ;
#805 = VECTOR ( 'NONE', #5575, 1000.000000000000000 ) ;
#806 = ORIENTED_EDGE ( 'NONE', *, *, #823, .F. ) ;
#807 = EDGE_LOOP ( 'NONE', ( #466, #7104, #2360, #8227 ) ) ;
#808 = DIRECTION ( 'NONE',  ( 0.000000000000000000, -5.054934237236841843E-31, -1.000000000000000000 ) ) ;
#809 = LINE ( 'NONE', #71, #27 ) ;
#810 = ORIENTED_EDGE ( 'NONE', *, *, #5359, .F. ) ;
#811 = EDGE_CURVE ( 'NONE', #1185, #5733, #8371, .T. ) ;
#812 = AXIS2_PLACEMENT_3D ( 'NONE', #2226, #5192, #8153 ) ;
#813 = CARTESIAN_POINT ( 'NONE',  ( 12.69999999999999929, 0.5080000000000000071, 0.7528818102449925664 ) ) ;
#814 = UNCERTAINTY_MEASURE_WITH_UNIT (LENGTH_MEASURE( 1.000000000000000082E-05 ), #1751, 'distance_accuracy_value', 'NONE');
#815 = ORIENTED_EDGE ( 'NONE', *, *, #3087, .T. ) ;
#816 = AXIS2_PLACEMENT_3D ( 'NONE', #3255, #6209, #2524 ) ;
#817 = LINE ( 'NONE', #3641, #630 ) ;
#818 = VECTOR ( 'NONE', #9453, 1000.000000000000000 ) ;
#819 = ORIENTED_EDGE ( 'NONE', *, *, #5952, .T. ) ;
#820 = ADVANCED_FACE ( 'NONE', ( #242 ), #4708, .F. ) ;
#821 = ORIENTED_EDGE ( 'NONE', *, *, #6344, .F. ) ;
#822 = FILL_AREA_STYLE ('',( #6058 ) ) ;
#823 = EDGE_CURVE ( 'NONE', #9193, #8260, #3458, .T. ) ;
#824 = CARTESIAN_POINT ( 'NONE',  ( 16.38300000000000267, 7.810500000000000220, -0.1270000000000029716 ) ) ;
#825 = VECTOR ( 'NONE', #8473, 1000.000000000000000 ) ;
#826 = VECTOR ( 'NONE', #8324, 1000.000000000000000 ) ;
#827 = ORIENTED_EDGE ( 'NONE', *, *, #9087, .T. ) ;
#828 = CARTESIAN_POINT ( 'NONE',  ( 3.810000000000000941, 0.000000000000000000, 0.000000000000000000 ) ) ;
#829 = DIRECTION ( 'NONE',  ( 1.000000000000000000, 0.000000000000000000, -0.000000000000000000 ) ) ;
#830 = EDGE_LOOP ( 'NONE', ( #7810, #6276, #8697, #9412 ) ) ;
#831 = FACE_OUTER_BOUND ( 'NONE', #3872, .T. ) ;
#832 = VERTEX_POINT ( 'NONE', #4900 ) ;
#833 = EDGE_LOOP ( 'NONE', ( #1075, #1213, #4971, #6874 ) ) ;
#834 = DIRECTION ( 'NONE',  ( 0.000000000000000000, 1.000000000000000000, 0.000000000000000000 ) ) ;
#835 = CARTESIAN_POINT ( 'NONE',  ( -20.57400000000000162, 0.000000000000000000, 1.269999999999998908 ) ) ;
#836 = VECTOR ( 'NONE', #4046, 1000.000000000000000 ) ;
#837 = DIRECTION ( 'NONE',  ( 0.000000000000000000, 1.000000000000000000, 2.548365665731588345E-16 ) ) ;
#838 = DIRECTION ( 'NONE',  ( 0.000000000000000000, -1.000000000000000000, -2.548365665731588345E-16 ) ) ;
#839 = CARTESIAN_POINT ( 'NONE',  ( 12.69999999999999929, 0.000000000000000000, 0.000000000000000000 ) ) ;
#840 = ADVANCED_FACE ( 'NONE', ( #3561 ), #8606, .F. ) ;
#841 = DIRECTION ( 'NONE',  ( 0.000000000000000000, 1.000000000000000000, 2.548365665731588345E-16 ) ) ;
#842 = ORIENTED_EDGE ( 'NONE', *, *, #1824, .F. ) ;
#843 = ORIENTED_EDGE ( 'NONE', *, *, #7771, .T. ) ;
#844 = PLANE ( 'NONE',  #6328 ) ;
#845 = ORIENTED_EDGE ( 'NONE', *, *, #4452, .F. ) ;
#846 = CARTESIAN_POINT ( 'NONE',  ( -17.78000000000000114, 0.5080000000000002292, -0.7528818102449945648 ) ) ;
#847 = PLANE ( 'NONE',  #3917 ) ;
#848 = CARTESIAN_POINT ( 'NONE',  ( 12.69999999999999929, 8.509000000000000341, 1.270000000000001128 ) ) ;
#849 = VERTEX_POINT ( 'NONE', #440 ) ;
#850 = CARTESIAN_POINT ( 'NONE',  ( 16.89099999999999824, 8.064500000000000668, -0.3810000000000032250 ) ) ;
#851 = DIRECTION ( 'NONE',  ( -0.000000000000000000, 1.000000000000000000, 1.440069553722777130E-16 ) ) ;
#852 = LINE ( 'NONE', #5899, #48 ) ;
#853 = EDGE_CURVE ( 'NONE', #2781, #7510, #4181, .T. ) ;
#854 = ORIENTED_EDGE ( 'NONE', *, *, #7643, .T. ) ;
#855 = ORIENTED_EDGE ( 'NONE', *, *, #4375, .F. ) ;
#856 = CARTESIAN_POINT ( 'NONE',  ( 1.650999999999999801, 7.239000000000000767, -0.3810000000000033915 ) ) ;
#857 = ORIENTED_EDGE ( 'NONE', *, *, #2400, .F. ) ;
#858 = LINE ( 'NONE', #5281, #9202 ) ;
#859 = VECTOR ( 'NONE', #5063, 1000.000000000000000 ) ;
#860 = VERTEX_POINT ( 'NONE', #4325 ) ;
#861 = DIRECTION ( 'NONE',  ( -1.000000000000000000, -0.000000000000000000, -0.000000000000000000 ) ) ;
#862 = ORIENTED_EDGE ( 'NONE', *, *, #7034, .F. ) ;
#863 = SURFACE_SIDE_STYLE ('',( #1627 ) ) ;
#864 = VECTOR ( 'NONE', #7542, 999.9999999999998863 ) ;
#865 = ADVANCED_FACE ( 'NONE', ( #6508 ), #6362, .F. ) ;
#866 = ORIENTED_EDGE ( 'NONE', *, *, #9187, .F. ) ;
#867 = EDGE_CURVE ( 'NONE', #7565, #5095, #1368, .T. ) ;
#868 = ADVANCED_FACE ( 'NONE', ( #7918 ), #2619, .F. ) ;
#869 = VECTOR ( 'NONE', #1525, 1000.000000000000000 ) ;
#870 = PRODUCT_CONTEXT ( 'NONE', #8625, 'mechanical' ) ;
#871 = VECTOR ( 'NONE', #4165, 1000.000000000000114 ) ;
#872 = CARTESIAN_POINT ( 'NONE',  ( -11.04900000000000126, 7.239000000000000767, 0.3809999999999953979 ) ) ;
#873 = AXIS2_PLACEMENT_3D ( 'NONE', #4621, #7632, #1032 ) ;
#874 = ORIENTED_EDGE ( 'NONE', *, *, #1823, .T. ) ;
#875 = CARTESIAN_POINT ( 'NONE',  ( -7.620000000000000107, 0.000000000000000000, 0.000000000000000000 ) ) ;
#876 = ORIENTED_EDGE ( 'NONE', *, *, #3074, .T. ) ;
#877 = DIRECTION ( 'NONE',  ( 0.000000000000000000, -0.000000000000000000, -1.000000000000000000 ) ) ;
#878 = LINE ( 'NONE', #1549, #5776 ) ;
#879 = LINE ( 'NONE', #1640, #7867 ) ;
#880 = DIRECTION ( 'NONE',  ( 0.000000000000000000, 0.000000000000000000, -1.000000000000000000 ) ) ;
#881 = AXIS2_PLACEMENT_3D ( 'NONE', #1739, #6115, #1794 ) ;
#882 = ADVANCED_FACE ( 'NONE', ( #492 ), #8555, .F. ) ;
#883 = DIRECTION ( 'NONE',  ( 0.000000000000000000, 0.000000000000000000, 1.000000000000000000 ) ) ;
#884 = ORIENTED_EDGE ( 'NONE', *, *, #4211, .T. ) ;
#885 = ADVANCED_FACE ( 'NONE', ( #7872 ), #6310, .F. ) ;
#886 = EDGE_LOOP ( 'NONE', ( #1524, #7381, #7556, #810 ) ) ;
#887 = DIRECTION ( 'NONE',  ( 1.000000000000000000, 0.000000000000000000, 0.000000000000000000 ) ) ;
#888 = PLANE ( 'NONE',  #8576 ) ;
#889 =( GEOMETRIC_REPRESENTATION_CONTEXT ( 3 ) GLOBAL_UNCERTAINTY_ASSIGNED_CONTEXT ( ( #6353 ) ) GLOBAL_UNIT_ASSIGNED_CONTEXT ( ( #5336, #6155, #9223 ) ) REPRESENTATION_CONTEXT ( 'NONE', 'WORKASPACE' ) );
#890 = ORIENTED_EDGE ( 'NONE', *, *, #2555, .F. ) ;
#891 = DIRECTION ( 'NONE',  ( 0.000000000000000000, 0.000000000000000000, 1.000000000000000000 ) ) ;
#892 = DIRECTION ( 'NONE',  ( 0.000000000000000000, 1.733406087350420004E-16, -1.000000000000000000 ) ) ;
#893 = CARTESIAN_POINT ( 'NONE',  ( 10.15999999999999837, 8.509000000000000341, 1.270000000000001128 ) ) ;
#894 = VERTEX_POINT ( 'NONE', #9487 ) ;
#895 = LINE ( 'NONE', #1085, #559 ) ;
#896 = EDGE_CURVE ( 'NONE', #3256, #1996, #7192, .T. ) ;
#897 = DIRECTION ( 'NONE',  ( -1.000000000000000000, -0.000000000000000000, -0.000000000000000000 ) ) ;
#898 = EDGE_CURVE ( 'NONE', #7182, #8792, #4278, .T. ) ;
#899 = PLANE ( 'NONE',  #9530 ) ;
#900 = EDGE_CURVE ( 'NONE', #8556, #4801, #544, .T. ) ;
#901 = AXIS2_PLACEMENT_3D ( 'NONE', #3730, #6684, #9565 ) ;
#902 = AXIS2_PLACEMENT_3D ( 'NONE', #9479, #2803, #5820 ) ;
#903 = VERTEX_POINT ( 'NONE', #2714 ) ;
#904 = ORIENTED_EDGE ( 'NONE', *, *, #7628, .T. ) ;
#905 = CARTESIAN_POINT ( 'NONE',  ( -12.70000000000000107, 0.5080000000000000071, 0.7528818102449925664 ) ) ;
#906 = ORIENTED_EDGE ( 'NONE', *, *, #2614, .F. ) ;
#907 = VECTOR ( 'NONE', #2546, 1000.000000000000000 ) ;
#908 = DIRECTION ( 'NONE',  ( 1.000000000000000000, 0.000000000000000000, 0.000000000000000000 ) ) ;
#909 = DIRECTION ( 'NONE',  ( 0.000000000000000000, -0.000000000000000000, -1.000000000000000000 ) ) ;
#910 = EDGE_CURVE ( 'NONE', #1520, #1299, #2046, .T. ) ;
#911 = EDGE_CURVE ( 'NONE', #8851, #5166, #7825, .T. ) ;
#912 = VECTOR ( 'NONE', #7002, 1000.000000000000000 ) ;
#913 = EDGE_LOOP ( 'NONE', ( #6454, #4246, #9178, #1340 ) ) ;
#914 = CARTESIAN_POINT ( 'NONE',  ( 19.43100000000000094, 7.239000000000000767, 0.3809999999999953979 ) ) ;
#915 = ORIENTED_EDGE ( 'NONE', *, *, #8365, .F. ) ;
#916 = LINE ( 'NONE', #80, #3902 ) ;
#917 = CARTESIAN_POINT ( 'NONE',  ( 9.271000000000000796, 8.064500000000000668, 0.3809999999999953979 ) ) ;
#918 = VERTEX_POINT ( 'NONE', #1320 ) ;
#919 = DIRECTION ( 'NONE',  ( 1.000000000000000000, 0.000000000000000000, 0.000000000000000000 ) ) ;
#920 = CARTESIAN_POINT ( 'NONE',  ( -2.984500000000001041, 8.509000000000000341, -1.270000000000001128 ) ) ;
#921 = DIRECTION ( 'NONE',  ( 0.000000000000000000, 0.9659258262890699775, 0.2588190451025145222 ) ) ;
#922 = EDGE_LOOP ( 'NONE', ( #6674, #3853, #1587, #4251 ) ) ;
#923 = CARTESIAN_POINT ( 'NONE',  ( 0.8890000000000009006, 8.064500000000000668, 0.3809999999999955644 ) ) ;
#924 = DIRECTION ( 'NONE',  ( -1.000000000000000000, 0.000000000000000000, -0.000000000000000000 ) ) ;
#925 = VERTEX_POINT ( 'NONE', #7240 ) ;
#926 = DIRECTION ( 'NONE',  ( -1.000000000000000000, -0.000000000000000000, -0.000000000000000000 ) ) ;
#927 = EDGE_CURVE ( 'NONE', #409, #8509, #594, .T. ) ;
#928 = DIRECTION ( 'NONE',  ( -0.7071067811865475727, -0.7071067811865475727, 0.000000000000000000 ) ) ;
#929 = PLANE ( 'NONE',  #76 ) ;
#930 = DIRECTION ( 'NONE',  ( -1.000000000000000000, 0.000000000000000000, 0.000000000000000000 ) ) ;
#931 = ORIENTED_EDGE ( 'NONE', *, *, #768, .F. ) ;
#932 = CARTESIAN_POINT ( 'NONE',  ( -18.22450000000000259, 8.509000000000000341, 0.8254999999999967919 ) ) ;
#933 = DIRECTION ( 'NONE',  ( 0.000000000000000000, -1.000000000000000000, -2.548365665731588345E-16 ) ) ;
#934 = ORIENTED_EDGE ( 'NONE', *, *, #4788, .T. ) ;
#935 = DIRECTION ( 'NONE',  ( -0.000000000000000000, -0.000000000000000000, 1.000000000000000000 ) ) ;
#936 = CARTESIAN_POINT ( 'NONE',  ( -2.540000000000000480, -1.925929944387235853E-31, 0.8889999999999991243 ) ) ;
#937 = CARTESIAN_POINT ( 'NONE',  ( -11.04900000000000126, 8.064500000000000668, 0.3809999999999953979 ) ) ;
#938 = ORIENTED_EDGE ( 'NONE', *, *, #896, .F. ) ;
#939 = ADVANCED_FACE ( 'NONE', ( #1173 ), #4133, .F. ) ;
#940 = CARTESIAN_POINT ( 'NONE',  ( 15.24000000000000021, 3.110602869834277161E-16, -1.270000000000001128 ) ) ;
#941 = DIRECTION ( 'NONE',  ( -1.000000000000000000, -0.000000000000000000, -0.000000000000000000 ) ) ;
#942 = VECTOR ( 'NONE', #6647, 1000.000000000000000 ) ;
#943 = FACE_OUTER_BOUND ( 'NONE', #7116, .T. ) ;
#944 = EDGE_CURVE ( 'NONE', #3808, #9584, #6052, .T. ) ;
#945 = VERTEX_POINT ( 'NONE', #4447 ) ;
#946 = EDGE_LOOP ( 'NONE', ( #9510, #7932, #9484, #359 ) ) ;
#947 = DIRECTION ( 'NONE',  ( -0.000000000000000000, 1.000000000000000000, 2.449293598294710852E-16 ) ) ;
#948 = VECTOR ( 'NONE', #9057, 1000.000000000000000 ) ;
#949 = EDGE_LOOP ( 'NONE', ( #7011, #3066, #959, #1676, #4008, #9310, #7857, #6897 ) ) ;
#950 = PLANE ( 'NONE',  #902 ) ;
#951 = DIRECTION ( 'NONE',  ( 0.5773502691896255090, -0.5773502691896253980, -0.5773502691896263972 ) ) ;
#952 = VECTOR ( 'NONE', #2035, 1000.000000000000000 ) ;
#953 = ORIENTED_EDGE ( 'NONE', *, *, #3175, .F. ) ;
#954 = EDGE_LOOP ( 'NONE', ( #8530, #1788, #7155, #3827 ) ) ;
#955 = DIRECTION ( 'NONE',  ( 1.000000000000000000, 0.000000000000000000, 0.000000000000000000 ) ) ;
#956 = EDGE_CURVE ( 'NONE', #3786, #2423, #3084, .T. ) ;
#957 = CARTESIAN_POINT ( 'NONE',  ( -8.763000000000001677, 7.810500000000000220, -0.1270000000000029716 ) ) ;
#958 = VECTOR ( 'NONE', #471, 1000.000000000000000 ) ;
#959 = ORIENTED_EDGE ( 'NONE', *, *, #9505, .T. ) ;
#960 = DIRECTION ( 'NONE',  ( -1.000000000000000000, -0.000000000000000000, -0.000000000000000000 ) ) ;
#961 = DIRECTION ( 'NONE',  ( -1.000000000000000000, -0.000000000000000000, -0.000000000000000000 ) ) ;
#962 = CARTESIAN_POINT ( 'NONE',  ( 0.000000000000000000, 8.509000000000000341, 0.8254999999999967919 ) ) ;
#963 = VECTOR ( 'NONE', #8666, 1000.000000000000000 ) ;
#964 = VERTEX_POINT ( 'NONE', #8196 ) ;
#965 = PLANE ( 'NONE',  #1442 ) ;
#966 = EDGE_CURVE ( 'NONE', #2628, #4052, #1573, .T. ) ;
#967 = LINE ( 'NONE', #9084, #2454 ) ;
#968 = ORIENTED_EDGE ( 'NONE', *, *, #3087, .F. ) ;
#969 = FACE_OUTER_BOUND ( 'NONE', #5510, .T. ) ;
#970 = ORIENTED_EDGE ( 'NONE', *, *, #900, .T. ) ;
#971 = VECTOR ( 'NONE', #9291, 1000.000000000000000 ) ;
#972 = CARTESIAN_POINT ( 'NONE',  ( 0.000000000000000000, 0.5080000000000002292, -0.7528818102449945648 ) ) ;
#973 = LINE ( 'NONE', #8647, #9257 ) ;
#974 = VECTOR ( 'NONE', #3291, 1000.000000000000000 ) ;
#975 = LINE ( 'NONE', #9141, #2406 ) ;
#976 = FACE_OUTER_BOUND ( 'NONE', #1938, .T. ) ;
#977 = ORIENTED_EDGE ( 'NONE', *, *, #1343, .T. ) ;
#978 = ORIENTED_EDGE ( 'NONE', *, *, #3188, .F. ) ;
#979 = LINE ( 'NONE', #3407, #9134 ) ;
#980 = VECTOR ( 'NONE', #1867, 1000.000000000000000 ) ;
#981 = CARTESIAN_POINT ( 'NONE',  ( -5.079999999999999183, 0.000000000000000000, 1.269999999999998908 ) ) ;
#982 = ORIENTED_EDGE ( 'NONE', *, *, #3731, .F. ) ;
#983 = DIRECTION ( 'NONE',  ( -1.000000000000000000, 0.000000000000000000, 0.000000000000000000 ) ) ;
#984 = DIRECTION ( 'NONE',  ( 0.000000000000000000, 0.000000000000000000, 1.000000000000000000 ) ) ;
#985 = DIRECTION ( 'NONE',  ( -1.000000000000000000, -0.000000000000000000, -0.000000000000000000 ) ) ;
#986 = CARTESIAN_POINT ( 'NONE',  ( -15.24000000000000021, 0.000000000000000000, 0.000000000000000000 ) ) ;
#987 = SURFACE_STYLE_FILL_AREA ( #9106 ) ;
#988 = CARTESIAN_POINT ( 'NONE',  ( -4.191000000000000725, 7.239000000000000767, 0.3809999999999953979 ) ) ;
#989 = DIRECTION ( 'NONE',  ( 1.000000000000000000, 0.000000000000000000, 0.000000000000000000 ) ) ;
#990 = VECTOR ( 'NONE', #4714, 1000.000000000000000 ) ;
#991 =( REPRESENTATION_RELATIONSHIP ('NONE','NONE', #9002, #746 ) REPRESENTATION_RELATIONSHIP_WITH_TRANSFORMATION ( #5476 )SHAPE_REPRESENTATION_RELATIONSHIP( ) );
#992 = PRODUCT_DEFINITION_SHAPE ( 'NONE', 'NONE',  #9625 ) ;
#993 = DIRECTION ( 'NONE',  ( 0.000000000000000000, 0.9659258262890700886, -0.2588190451025140781 ) ) ;
#994 = EDGE_CURVE ( 'NONE', #4106, #7131, #6004, .T. ) ;
#995 = ORIENTED_EDGE ( 'NONE', *, *, #2102, .T. ) ;
#996 = DIRECTION ( 'NONE',  ( 0.000000000000000000, 1.733406087350420004E-16, -1.000000000000000000 ) ) ;
#997 = ADVANCED_FACE ( 'NONE', ( #5232 ), #1535, .F. ) ;
#998 = EDGE_CURVE ( 'NONE', #3138, #8744, #8978, .T. ) ;
#999 = VERTEX_POINT ( 'NONE', #2363 ) ;
#1000 = LINE ( 'NONE', #5506, #8032 ) ;
#1001 = DIRECTION ( 'NONE',  ( 0.000000000000000000, -1.440069553722777377E-16, 1.000000000000000000 ) ) ;
#1002 = ORIENTED_EDGE ( 'NONE', *, *, #1894, .F. ) ;
#1003 = ORIENTED_EDGE ( 'NONE', *, *, #5039, .F. ) ;
#1004 = DIRECTION ( 'NONE',  ( 0.000000000000000000, -5.054934237236841843E-31, -1.000000000000000000 ) ) ;
#1005 = LINE ( 'NONE', #7016, #3879 ) ;
#1006 = ORIENTED_EDGE ( 'NONE', *, *, #8176, .F. ) ;
#1007 = SURFACE_STYLE_USAGE ( .BOTH. , #5569 ) ;
#1008 = LINE ( 'NONE', #270, #9566 ) ;
#1009 =( NAMED_UNIT ( * ) PLANE_ANGLE_UNIT ( ) SI_UNIT ( $, .RADIAN. ) );
#1010 = EDGE_CURVE ( 'NONE', #5249, #9414, #858, .T. ) ;
#1011 = VECTOR ( 'NONE', #2006, 1000.000000000000000 ) ;
#1012 = VERTEX_POINT ( 'NONE', #3778 ) ;
#1013 = SHAPE_DEFINITION_REPRESENTATION ( #9296, #5025 ) ;
#1014 = FACE_OUTER_BOUND ( 'NONE', #9029, .T. ) ;
#1015 = EDGE_CURVE ( 'NONE', #782, #5893, #21, .T. ) ;
#1016 = DIRECTION ( 'NONE',  ( -0.000000000000000000, -0.7071067811865482389, -0.7071067811865467956 ) ) ;
#1017 = VERTEX_POINT ( 'NONE', #5326 ) ;
#1018 = CARTESIAN_POINT ( 'NONE',  ( -4.191000000000000725, 7.239000000000000767, -0.3810000000000033915 ) ) ;
#1019 = VECTOR ( 'NONE', #5790, 1000.000000000000000 ) ;
#1020 = ORIENTED_EDGE ( 'NONE', *, *, #7453, .T. ) ;
#1021 = CARTESIAN_POINT ( 'NONE',  ( -17.78000000000000114, -1.925929944387235853E-31, 0.8889999999999991243 ) ) ;
#1022 = DIRECTION ( 'NONE',  ( 0.000000000000000000, -0.9659258262890699775, -0.2588190451025145222 ) ) ;
#1023 = CARTESIAN_POINT ( 'NONE',  ( 11.04899999999999949, 7.239000000000000767, -0.3810000000000033915 ) ) ;
#1024 = EDGE_CURVE ( 'NONE', #5322, #9193, #6588, .T. ) ;
#1025 = DIRECTION ( 'NONE',  ( 0.000000000000000000, -0.000000000000000000, -1.000000000000000000 ) ) ;
#1026 = ORIENTED_EDGE ( 'NONE', *, *, #2365, .F. ) ;
#1027 = VERTEX_POINT ( 'NONE', #8294 ) ;
#1028 = DIRECTION ( 'NONE',  ( 0.000000000000000000, 2.449293598294710852E-16, -1.000000000000000000 ) ) ;
#1029 = CARTESIAN_POINT ( 'NONE',  ( -20.57400000000000162, 0.000000000000000000, 1.269999999999998908 ) ) ;
#1030 = VERTEX_POINT ( 'NONE', #2938 ) ;
#1031 = CARTESIAN_POINT ( 'NONE',  ( 15.24000000000000021, 8.509000000000000341, 1.270000000000001128 ) ) ;
#1032 = DIRECTION ( 'NONE',  ( -0.000000000000000000, 0.000000000000000000, -1.000000000000000000 ) ) ;
#1033 = MECHANICAL_DESIGN_GEOMETRIC_PRESENTATION_REPRESENTATION (  '', ( #2115 ), #7072 ) ;
#1034 = CARTESIAN_POINT ( 'NONE',  ( -17.78000000000000114, 0.000000000000000000, 1.269999999999998908 ) ) ;
#1035 = VECTOR ( 'NONE', #985, 1000.000000000000000 ) ;
#1036 = CARTESIAN_POINT ( 'NONE',  ( -11.81099999999999994, 7.239000000000000767, 0.3809999999999953979 ) ) ;
#1037 = CARTESIAN_POINT ( 'NONE',  ( 7.620000000000001883, 8.509000000000000341, -1.270000000000001128 ) ) ;
#1038 = CARTESIAN_POINT ( 'NONE',  ( 20.57400000000000162, 0.5080000000000000071, 0.7528818102449925664 ) ) ;
#1039 = VECTOR ( 'NONE', #7817, 1000.000000000000114 ) ;
#1040 = ORIENTED_EDGE ( 'NONE', *, *, #1608, .F. ) ;
#1041 = DIRECTION ( 'NONE',  ( -0.000000000000000000, 1.000000000000000000, 1.733406087350420004E-16 ) ) ;
#1042 = ORIENTED_EDGE ( 'NONE', *, *, #6950, .F. ) ;
#1043 = CARTESIAN_POINT ( 'NONE',  ( 15.24000000000000021, 8.509000000000000341, -0.8255000000000044524 ) ) ;
#1044 = PLANE ( 'NONE',  #6785 ) ;
#1045 = DIRECTION ( 'NONE',  ( 0.000000000000000000, 0.000000000000000000, -1.000000000000000000 ) ) ;
#1046 = EDGE_CURVE ( 'NONE', #9125, #999, #2988, .T. ) ;
#1047 = VECTOR ( 'NONE', #7808, 1000.000000000000000 ) ;
#1048 = VERTEX_POINT ( 'NONE', #8927 ) ;
#1049 = ORIENTED_EDGE ( 'NONE', *, *, #811, .F. ) ;
#1050 = CARTESIAN_POINT ( 'NONE',  ( 14.09699999999999775, 7.810500000000001108, 0.1269999999999957552 ) ) ;
#1051 = VECTOR ( 'NONE', #3433, 1000.000000000000114 ) ;
#1052 = ORIENTED_EDGE ( 'NONE', *, *, #67, .T. ) ;
#1053 = CARTESIAN_POINT ( 'NONE',  ( -6.730999999999998984, 8.064500000000000668, 0.3809999999999955644 ) ) ;
#1054 = ORIENTED_EDGE ( 'NONE', *, *, #5805, .F. ) ;
#1055 = CARTESIAN_POINT ( 'NONE',  ( -9.270999999999999019, 8.064500000000000668, -0.3810000000000032250 ) ) ;
#1056 = CARTESIAN_POINT ( 'NONE',  ( 2.095500000000000362, 8.509000000000000341, -0.8255000000000044524 ) ) ;
#1057 = EDGE_CURVE ( 'NONE', #9038, #8189, #123, .T. ) ;
#1058 = CARTESIAN_POINT ( 'NONE',  ( 16.12900000000000134, 7.239000000000000767, -0.3810000000000033915 ) ) ;
#1059 = EDGE_CURVE ( 'NONE', #162, #3197, #7413, .T. ) ;
#1060 = VECTOR ( 'NONE', #3157, 1000.000000000000000 ) ;
#1061 = ADVANCED_FACE ( 'NONE', ( #3681 ), #9564, .F. ) ;
#1062 = ORIENTED_EDGE ( 'NONE', *, *, #5923, .F. ) ;
#1063 = DIRECTION ( 'NONE',  ( 0.000000000000000000, -0.000000000000000000, -1.000000000000000000 ) ) ;
#1064 = EDGE_CURVE ( 'NONE', #4302, #5989, #8835, .T. ) ;
#1065 = FACE_OUTER_BOUND ( 'NONE', #9036, .T. ) ;
#1066 = ADVANCED_FACE ( 'NONE', ( #6638, #9614 ), #766, .F. ) ;
#1067 = AXIS2_PLACEMENT_3D ( 'NONE', #7973, #2909, #2045 ) ;
#1068 = VERTEX_POINT ( 'NONE', #3728 ) ;
#1069 = FACE_OUTER_BOUND ( 'NONE', #2413, .T. ) ;
#1070 = ORIENTED_EDGE ( 'NONE', *, *, #4201, .T. ) ;
#1071 = PLANE ( 'NONE',  #6466 ) ;
#1072 = CARTESIAN_POINT ( 'NONE',  ( 16.12900000000000134, 8.064500000000000668, -0.3810000000000032250 ) ) ;
#1073 = PRODUCT_DEFINITION_SHAPE ( 'NONE', 'NONE',  #9631 ) ;
#1074 = CARTESIAN_POINT ( 'NONE',  ( -2.540000000000000480, 0.000000000000000000, 0.000000000000000000 ) ) ;
#1075 = ORIENTED_EDGE ( 'NONE', *, *, #4894, .T. ) ;
#1076 = ORIENTED_EDGE ( 'NONE', *, *, #6517, .T. ) ;
#1077 = CARTESIAN_POINT ( 'NONE',  ( -2.540000000000000480, 2.177422008883992879E-16, -0.8890000000000013447 ) ) ;
#1078 = EDGE_CURVE ( 'NONE', #5194, #8912, #6683, .T. ) ;
#1079 = DIRECTION ( 'NONE',  ( 0.000000000000000000, -1.733406087350420004E-16, 1.000000000000000000 ) ) ;
#1080 = ORIENTED_EDGE ( 'NONE', *, *, #1390, .T. ) ;
#1081 = DIRECTION ( 'NONE',  ( 0.000000000000000000, -1.000000000000000000, -2.548365665731588345E-16 ) ) ;
#1082 = EDGE_CURVE ( 'NONE', #8509, #1606, #7600, .T. ) ;
#1083 =( LENGTH_UNIT ( ) NAMED_UNIT ( * ) SI_UNIT ( .MILLI., .METRE. ) );
#1084 = DIRECTION ( 'NONE',  ( 0.000000000000000000, 0.9659258262890699775, 0.2588190451025145222 ) ) ;
#1085 = CARTESIAN_POINT ( 'NONE',  ( -17.78000000000000114, 2.177422008883992879E-16, -0.8890000000000013447 ) ) ;
#1086 = PRESENTATION_STYLE_ASSIGNMENT (( #6318 ) ) ;
#1087 = DIRECTION ( 'NONE',  ( 0.000000000000000000, 0.9659258262890700886, -0.2588190451025140781 ) ) ;
#1088 = DIRECTION ( 'NONE',  ( 0.000000000000000000, 2.667820306312752381E-16, -1.000000000000000000 ) ) ;
#1089 = ORIENTED_EDGE ( 'NONE', *, *, #4719, .F. ) ;
#1090 = FACE_OUTER_BOUND ( 'NONE', #639, .T. ) ;
#1091 = ORIENTED_EDGE ( 'NONE', *, *, #1, .F. ) ;
#1092 = ADVANCED_FACE ( 'NONE', ( #1766 ), #5558, .F. ) ;
#1093 = FACE_OUTER_BOUND ( 'NONE', #4171, .T. ) ;
#1094 = VECTOR ( 'NONE', #5139, 1000.000000000000000 ) ;
#1095 = CARTESIAN_POINT ( 'NONE',  ( 13.58900000000000041, 7.239000000000000767, -0.3810000000000033915 ) ) ;
#1096 = PLANE ( 'NONE',  #5469 ) ;
#1097 = VECTOR ( 'NONE', #1322, 1000.000000000000000 ) ;
#1098 = ORIENTED_EDGE ( 'NONE', *, *, #2536, .F. ) ;
#1099 = ORIENTED_EDGE ( 'NONE', *, *, #3000, .F. ) ;
#1100 = DIRECTION ( 'NONE',  ( 0.7071067811865475727, -0.7071067811865475727, 0.000000000000000000 ) ) ;
#1101 = ORIENTED_EDGE ( 'NONE', *, *, #3660, .F. ) ;
#1102 = CARTESIAN_POINT ( 'NONE',  ( -18.66900000000000048, 7.239000000000000767, 0.3809999999999953979 ) ) ;
#1103 = VERTEX_POINT ( 'NONE', #5462 ) ;
#1104 = LINE ( 'NONE', #4879, #31 ) ;
#1105 = DIRECTION ( 'NONE',  ( -1.000000000000000000, 0.000000000000000000, 0.000000000000000000 ) ) ;
#1106 = VECTOR ( 'NONE', #8104, 1000.000000000000000 ) ;
#1107 = CARTESIAN_POINT ( 'NONE',  ( 0.000000000000000000, 0.5080000000000002292, -0.7528818102449945648 ) ) ;
#1108 =( NAMED_UNIT ( * ) PLANE_ANGLE_UNIT ( ) SI_UNIT ( $, .RADIAN. ) );
#1109 = ORIENTED_EDGE ( 'NONE', *, *, #3729, .T. ) ;
#1110 = VECTOR ( 'NONE', #6273, 1000.000000000000000 ) ;
#1111 = EDGE_CURVE ( 'NONE', #6595, #3695, #8387, .T. ) ;
#1112 = LINE ( 'NONE', #7943, #671 ) ;
#1113 = CARTESIAN_POINT ( 'NONE',  ( 5.080000000000000959, 2.177422008883992879E-16, -0.8890000000000013447 ) ) ;
#1114 = ADVANCED_FACE ( 'NONE', ( #4775, #6280 ), #1669, .F. ) ;
#1115 = ORIENTED_EDGE ( 'NONE', *, *, #5559, .F. ) ;
#1116 = CARTESIAN_POINT ( 'NONE',  ( 20.32000000000000028, 2.177422008883992879E-16, -0.8890000000000013447 ) ) ;
#1117 = VERTEX_POINT ( 'NONE', #3273 ) ;
#1118 = LINE ( 'NONE', #7184, #1512 ) ;
#1119 = DIRECTION ( 'NONE',  ( 0.000000000000000000, -1.000000000000000000, 0.000000000000000000 ) ) ;
#1120 = VECTOR ( 'NONE', #5612, 1000.000000000000000 ) ;
#1121 = LINE ( 'NONE', #7913, #8613 ) ;
#1122 = CARTESIAN_POINT ( 'NONE',  ( 0.000000000000000000, 0.5080000000000000071, 0.7528818102449925664 ) ) ;
#1123 = EDGE_LOOP ( 'NONE', ( #9502, #1332, #8212, #7534 ) ) ;
#1124 = VERTEX_POINT ( 'NONE', #8341 ) ;
#1125 = CARTESIAN_POINT ( 'NONE',  ( 20.57400000000000162, 8.509000000000000341, -1.270000000000001128 ) ) ;
#1126 = VECTOR ( 'NONE', #5994, 1000.000000000000000 ) ;
#1127 = CARTESIAN_POINT ( 'NONE',  ( 10.16000000000000192, -1.925929944387235853E-31, 0.8889999999999991243 ) ) ;
#1128 = EDGE_LOOP ( 'NONE', ( #2514, #6249, #8288, #7863 ) ) ;
#1129 = FACE_OUTER_BOUND ( 'NONE', #1843, .T. ) ;
#1130 = DIRECTION ( 'NONE',  ( 0.000000000000000000, 1.000000000000000000, 1.733406087350420004E-16 ) ) ;
#1131 = VECTOR ( 'NONE', #2464, 1000.000000000000000 ) ;
#1132 = CARTESIAN_POINT ( 'NONE',  ( -1.143000000000001570, 7.810500000000000220, -0.1270000000000029716 ) ) ;
#1133 = DIRECTION ( 'NONE',  ( 0.000000000000000000, 1.000000000000000000, -5.054934237236841843E-31 ) ) ;
#1134 = CARTESIAN_POINT ( 'NONE',  ( 16.12900000000000134, 8.064500000000000668, -0.3810000000000032250 ) ) ;
#1135 =( LENGTH_UNIT ( ) NAMED_UNIT ( * ) SI_UNIT ( .MILLI., .METRE. ) );
#1136 = EDGE_CURVE ( 'NONE', #3818, #860, #7696, .T. ) ;
#1137 = VERTEX_POINT ( 'NONE', #1031 ) ;
#1138 = PLANE ( 'NONE',  #1491 ) ;
#1139 = VECTOR ( 'NONE', #198, 1000.000000000000000 ) ;
#1140 = CARTESIAN_POINT ( 'NONE',  ( 18.66900000000000048, 7.239000000000000767, 0.3809999999999953979 ) ) ;
#1141 = ORIENTED_EDGE ( 'NONE', *, *, #1111, .T. ) ;
#1142 = LINE ( 'NONE', #5598, #8507 ) ;
#1143 = DIRECTION ( 'NONE',  ( -1.000000000000000000, -0.000000000000000000, -0.000000000000000000 ) ) ;
#1144 = ORIENTED_EDGE ( 'NONE', *, *, #4731, .F. ) ;
#1145 = CARTESIAN_POINT ( 'NONE',  ( -2.540000000000000480, 0.5080000000000002292, -0.7528818102449945648 ) ) ;
#1146 = CARTESIAN_POINT ( 'NONE',  ( 11.04899999999999949, 7.239000000000000767, -0.3810000000000033915 ) ) ;
#1147 = STYLED_ITEM ( 'NONE', ( #4813 ), #1682 ) ;
#1148 = LINE ( 'NONE', #7262, #1746 ) ;
#1149 = EDGE_CURVE ( 'NONE', #6910, #4989, #2408, .T. ) ;
#1150 = VERTEX_POINT ( 'NONE', #7008 ) ;
#1151 = VERTEX_POINT ( 'NONE', #6186 ) ;
#1152 = DIRECTION ( 'NONE',  ( 0.000000000000000000, -0.000000000000000000, -1.000000000000000000 ) ) ;
#1153 = ORIENTED_EDGE ( 'NONE', *, *, #8661, .F. ) ;
#1154 = DIRECTION ( 'NONE',  ( 0.000000000000000000, -0.7071067811865482389, 0.7071067811865469066 ) ) ;
#1155 = ORIENTED_EDGE ( 'NONE', *, *, #3035, .T. ) ;
#1156 = DIRECTION ( 'NONE',  ( 0.000000000000000000, 1.000000000000000000, -5.054934237236841843E-31 ) ) ;
#1157 = CARTESIAN_POINT ( 'NONE',  ( 16.12900000000000134, 7.239000000000000767, 0.3809999999999953979 ) ) ;
#1158 = DIRECTION ( 'NONE',  ( -1.000000000000000000, 0.000000000000000000, 0.000000000000000000 ) ) ;
#1159 = ORIENTED_EDGE ( 'NONE', *, *, #9546, .F. ) ;
#1160 = PLANE ( 'NONE',  #6651 ) ;
#1161 = EDGE_LOOP ( 'NONE', ( #8358, #6007, #9129, #688 ) ) ;
#1162 = DIRECTION ( 'NONE',  ( 0.000000000000000000, 2.548365665731588345E-16, -1.000000000000000000 ) ) ;
#1163 = ORIENTED_EDGE ( 'NONE', *, *, #5923, .T. ) ;
#1164 = CARTESIAN_POINT ( 'NONE',  ( 7.620000000000001883, 0.000000000000000000, 1.269999999999998908 ) ) ;
#1165 = PRESENTATION_LAYER_ASSIGNMENT (  '', '', ( #4566 ) ) ;
#1166 = CARTESIAN_POINT ( 'NONE',  ( -14.35099999999999909, 7.239000000000000767, 0.3809999999999953979 ) ) ;
#1167 = LINE ( 'NONE', #8648, #4876 ) ;
#1168 = EDGE_CURVE ( 'NONE', #5410, #3808, #166, .T. ) ;
#1169 = AXIS2_PLACEMENT_3D ( 'NONE', #1034, #204, #3992 ) ;
#1170 = PLANE ( 'NONE',  #4976 ) ;
#1171 = EDGE_LOOP ( 'NONE', ( #6827, #3405, #522, #6584 ) ) ;
#1172 = PLANE ( 'NONE',  #5408 ) ;
#1173 = FACE_OUTER_BOUND ( 'NONE', #7593, .T. ) ;
#1174 = ORIENTED_EDGE ( 'NONE', *, *, #6441, .T. ) ;
#1175 =( LENGTH_UNIT ( ) NAMED_UNIT ( * ) SI_UNIT ( .MILLI., .METRE. ) );
#1176 = CARTESIAN_POINT ( 'NONE',  ( -2.540000000000000480, 8.509000000000000341, -1.270000000000001128 ) ) ;
#1177 = CARTESIAN_POINT ( 'NONE',  ( -7.620000000000000107, 8.509000000000000341, 0.8254999999999967919 ) ) ;
#1178 = DIRECTION ( 'NONE',  ( 1.000000000000000000, 0.000000000000000000, -0.000000000000000000 ) ) ;
#1179 =( NAMED_UNIT ( * ) PLANE_ANGLE_UNIT ( ) SI_UNIT ( $, .RADIAN. ) );
#1180 =( NAMED_UNIT ( * ) PLANE_ANGLE_UNIT ( ) SI_UNIT ( $, .RADIAN. ) );
#1181 = AXIS2_PLACEMENT_3D ( 'NONE', #2078, #5037, #4305 ) ;
#1182 = EDGE_CURVE ( 'NONE', #4570, #6307, #213, .T. ) ;
#1183 = EDGE_CURVE ( 'NONE', #9349, #5996, #3912, .T. ) ;
#1184 = LINE ( 'NONE', #299, #6703 ) ;
#1185 = VERTEX_POINT ( 'NONE', #6872 ) ;
#1186 = DIRECTION ( 'NONE',  ( -1.000000000000000000, -0.000000000000000000, -0.000000000000000000 ) ) ;
#1187 = DIRECTION ( 'NONE',  ( 1.000000000000000000, 0.000000000000000000, -0.000000000000000000 ) ) ;
#1188 = VECTOR ( 'NONE', #2977, 1000.000000000000000 ) ;
#1189 = DIRECTION ( 'NONE',  ( 0.000000000000000000, 0.9659258262890699775, 0.2588190451025145222 ) ) ;
#1190 = ORIENTED_EDGE ( 'NONE', *, *, #8506, .T. ) ;
#1191 = EDGE_CURVE ( 'NONE', #7222, #7664, #4823, .T. ) ;
#1192 = CARTESIAN_POINT ( 'NONE',  ( 14.35099999999999909, 8.064500000000000668, 0.3809999999999953979 ) ) ;
#1193 = EDGE_CURVE ( 'NONE', #7075, #3740, #3869, .T. ) ;
#1194 = CARTESIAN_POINT ( 'NONE',  ( -16.12900000000000134, 8.064500000000000668, -0.3810000000000032250 ) ) ;
#1195 = DIRECTION ( 'NONE',  ( -1.000000000000000000, 0.000000000000000000, 0.000000000000000000 ) ) ;
#1196 = VECTOR ( 'NONE', #8547, 1000.000000000000000 ) ;
#1197 = ORIENTED_EDGE ( 'NONE', *, *, #8721, .T. ) ;
#1198 = ORIENTED_EDGE ( 'NONE', *, *, #3958, .T. ) ;
#1199 = LINE ( 'NONE', #7013, #1369 ) ;
#1200 = ORIENTED_EDGE ( 'NONE', *, *, #1601, .T. ) ;
#1201 = DIRECTION ( 'NONE',  ( 0.000000000000000000, 0.000000000000000000, 1.000000000000000000 ) ) ;
#1202 = EDGE_CURVE ( 'NONE', #7798, #894, #6098, .T. ) ;
#1203 = VECTOR ( 'NONE', #6589, 1000.000000000000000 ) ;
#1204 = VERTEX_POINT ( 'NONE', #3173 ) ;
#1205 = DIRECTION ( 'NONE',  ( -0.000000000000000000, 1.000000000000000000, 1.733406087350420004E-16 ) ) ;
#1206 = LINE ( 'NONE', #7122, #3760 ) ;
#1207 = ADVANCED_FACE ( 'NONE', ( #307 ), #1096, .F. ) ;
#1208 = DIRECTION ( 'NONE',  ( 0.000000000000000000, 1.000000000000000000, 0.000000000000000000 ) ) ;
#1209 = SURFACE_STYLE_USAGE ( .BOTH. , #2745 ) ;
#1210 = AXIS2_PLACEMENT_3D ( 'NONE', #2163, #1393, #7311 ) ;
#1211 = VERTEX_POINT ( 'NONE', #8431 ) ;
#1212 = CARTESIAN_POINT ( 'NONE',  ( 14.35099999999999909, 8.064500000000000668, 0.3809999999999955644 ) ) ;
#1213 = ORIENTED_EDGE ( 'NONE', *, *, #7234, .F. ) ;
#1214 = PLANE ( 'NONE',  #8091 ) ;
#1215 = ORIENTED_EDGE ( 'NONE', *, *, #9615, .F. ) ;
#1216 = DIRECTION ( 'NONE',  ( 0.000000000000000000, 0.9659258262890700886, -0.2588190451025140781 ) ) ;
#1217 = VECTOR ( 'NONE', #3323, 1000.000000000000000 ) ;
#1218 = DIRECTION ( 'NONE',  ( -0.000000000000000000, 1.000000000000000000, 1.733406087350420004E-16 ) ) ;
#1219 = DIRECTION ( 'NONE',  ( 0.000000000000000000, -2.449293598294710852E-16, 1.000000000000000000 ) ) ;
#1220 = VECTOR ( 'NONE', #9039, 1000.000000000000000 ) ;
#1221 = ORIENTED_EDGE ( 'NONE', *, *, #8794, .T. ) ;
#1222 = ORIENTED_EDGE ( 'NONE', *, *, #8417, .T. ) ;
#1223 = CARTESIAN_POINT ( 'NONE',  ( 17.78000000000000114, 8.509000000000000341, -1.270000000000001128 ) ) ;
#1224 = DIRECTION ( 'NONE',  ( 0.000000000000000000, -0.9659258262890699775, -0.2588190451025145222 ) ) ;
#1225 = EDGE_CURVE ( 'NONE', #5874, #1887, #3329, .T. ) ;
#1226 = ORIENTED_EDGE ( 'NONE', *, *, #2579, .F. ) ;
#1227 = CARTESIAN_POINT ( 'NONE',  ( -20.32000000000000028, 8.509000000000000341, 1.270000000000001128 ) ) ;
#1228 = PLANE ( 'NONE',  #5163 ) ;
#1229 = DIRECTION ( 'NONE',  ( 1.000000000000000000, 0.000000000000000000, -0.000000000000000000 ) ) ;
#1230 = FACE_OUTER_BOUND ( 'NONE', #3800, .T. ) ;
#1231 = FACE_OUTER_BOUND ( 'NONE', #1708, .T. ) ;
#1232 = DIRECTION ( 'NONE',  ( 0.000000000000000000, -1.440069553722777130E-16, 1.000000000000000000 ) ) ;
#1233 = PLANE ( 'NONE',  #7321 ) ;
#1234 = ORIENTED_EDGE ( 'NONE', *, *, #7733, .T. ) ;
#1235 = DIRECTION ( 'NONE',  ( 0.000000000000000000, 0.000000000000000000, 1.000000000000000000 ) ) ;
#1236 = EDGE_CURVE ( 'NONE', #5540, #5309, #3957, .T. ) ;
#1237 = DIRECTION ( 'NONE',  ( -0.000000000000000000, 1.000000000000000000, 1.733406087350420004E-16 ) ) ;
#1238 = ORIENTED_EDGE ( 'NONE', *, *, #3503, .T. ) ;
#1239 = DIRECTION ( 'NONE',  ( 0.000000000000000000, 0.000000000000000000, -1.000000000000000000 ) ) ;
#1240 = ADVANCED_FACE ( 'NONE', ( #3230 ), #4055, .F. ) ;
#1241 = CARTESIAN_POINT ( 'NONE',  ( 5.080000000000000959, 8.509000000000000341, -1.270000000000001128 ) ) ;
#1242 = LINE ( 'NONE', #4195, #1921 ) ;
#1243 = ORIENTED_EDGE ( 'NONE', *, *, #7358, .T. ) ;
#1244 = ORIENTED_EDGE ( 'NONE', *, *, #7529, .T. ) ;
#1245 = FACE_OUTER_BOUND ( 'NONE', #7213, .T. ) ;
#1246 = EDGE_LOOP ( 'NONE', ( #5963, #4730, #2655, #2653 ) ) ;
#1247 = DIRECTION ( 'NONE',  ( 0.000000000000000000, 0.9659258262890700886, -0.2588190451025140781 ) ) ;
#1248 = EDGE_LOOP ( 'NONE', ( #8782, #2090, #8772, #6681 ) ) ;
#1249 = LINE ( 'NONE', #9266, #2509 ) ;
#1250 = DIRECTION ( 'NONE',  ( 0.000000000000000000, 0.000000000000000000, -1.000000000000000000 ) ) ;
#1251 = MANIFOLD_SOLID_BREP ( 'LPattern1[12]', #2472 ) ;
#1252 = FACE_OUTER_BOUND ( 'NONE', #6527, .T. ) ;
#1253 = ADVANCED_FACE ( 'NONE', ( #8727 ), #5753, .F. ) ;
#1254 = ORIENTED_EDGE ( 'NONE', *, *, #7364, .T. ) ;
#1255 = CONTEXT_DEPENDENT_SHAPE_REPRESENTATION ( #2470, #8681 ) ;
#1256 = FACE_OUTER_BOUND ( 'NONE', #7190, .T. ) ;
#1257 = VECTOR ( 'NONE', #7537, 1000.000000000000000 ) ;
#1258 = ORIENTED_EDGE ( 'NONE', *, *, #9490, .T. ) ;
#1259 = LINE ( 'NONE', #3493, #952 ) ;
#1260 = ORIENTED_EDGE ( 'NONE', *, *, #6688, .T. ) ;
#1261 = CARTESIAN_POINT ( 'NONE',  ( -5.079999999999999183, 8.509000000000000341, 1.270000000000001128 ) ) ;
#1262 = FACE_OUTER_BOUND ( 'NONE', #2336, .T. ) ;
#1263 = CARTESIAN_POINT ( 'NONE',  ( -11.04900000000000126, 7.239000000000000767, 0.3809999999999953979 ) ) ;
#1264 = AXIS2_PLACEMENT_3D ( 'NONE', #1684, #2238, #877 ) ;
#1265 = EDGE_CURVE ( 'NONE', #3680, #7849, #4104, .T. ) ;
#1266 = ORIENTED_EDGE ( 'NONE', *, *, #3739, .F. ) ;
#1267 = ORIENTED_EDGE ( 'NONE', *, *, #258, .T. ) ;
#1268 = LINE ( 'NONE', #3878, #8987 ) ;
#1269 = DIRECTION ( 'NONE',  ( 0.000000000000000000, 5.054934237236841843E-31, 1.000000000000000000 ) ) ;
#1270 = ORIENTED_EDGE ( 'NONE', *, *, #7353, .F. ) ;
#1271 = CARTESIAN_POINT ( 'NONE',  ( 10.15999999999999837, 0.5080000000000002292, -0.7528818102449945648 ) ) ;
#1272 = DIRECTION ( 'NONE',  ( 1.000000000000000000, 0.000000000000000000, 0.000000000000000000 ) ) ;
#1273 = VECTOR ( 'NONE', #367, 1000.000000000000000 ) ;
#1274 = DIRECTION ( 'NONE',  ( -0.000000000000000000, 1.000000000000000000, 1.733406087350420004E-16 ) ) ;
#1275 = DIRECTION ( 'NONE',  ( 0.000000000000000000, 2.449293598294710852E-16, -1.000000000000000000 ) ) ;
#1276 = DIRECTION ( 'NONE',  ( -1.000000000000000000, -0.000000000000000000, -0.000000000000000000 ) ) ;
#1277 = FILL_AREA_STYLE ('',( #7925 ) ) ;
#1278 = VECTOR ( 'NONE', #3485, 1000.000000000000000 ) ;
#1279 = CARTESIAN_POINT ( 'NONE',  ( 5.080000000000000959, 0.000000000000000000, 0.000000000000000000 ) ) ;
#1280 = VERTEX_POINT ( 'NONE', #5027 ) ;
#1281 = PLANE ( 'NONE',  #8199 ) ;
#1282 = VECTOR ( 'NONE', #2934, 1000.000000000000000 ) ;
#1283 = FACE_OUTER_BOUND ( 'NONE', #6195, .T. ) ;
#1284 = FACE_OUTER_BOUND ( 'NONE', #3521, .T. ) ;
#1285 = EDGE_LOOP ( 'NONE', ( #1733, #9387, #1852, #715 ) ) ;
#1286 = DIRECTION ( 'NONE',  ( 0.000000000000000000, 0.000000000000000000, -1.000000000000000000 ) ) ;
#1287 = CARTESIAN_POINT ( 'NONE',  ( 9.017000000000001236, 7.810500000000001108, 0.1269999999999957552 ) ) ;
#1288 = VECTOR ( 'NONE', #3271, 1000.000000000000000 ) ;
#1289 = DIRECTION ( 'NONE',  ( -1.000000000000000000, -0.000000000000000000, -0.000000000000000000 ) ) ;
#1290 = VECTOR ( 'NONE', #1045, 1000.000000000000000 ) ;
#1291 = ADVANCED_FACE ( 'NONE', ( #4871 ), #9460, .F. ) ;
#1292 = ADVANCED_FACE ( 'NONE', ( #6330 ), #7991, .F. ) ;
#1293 = EDGE_CURVE ( 'NONE', #8806, #5170, #4152, .T. ) ;
#1294 = ORIENTED_EDGE ( 'NONE', *, *, #5728, .T. ) ;
#1295 = VERTEX_POINT ( 'NONE', #8775 ) ;
#1296 = FACE_OUTER_BOUND ( 'NONE', #807, .T. ) ;
#1297 = PLANE ( 'NONE',  #4998 ) ;
#1298 = CARTESIAN_POINT ( 'NONE',  ( 14.79549999999999876, 8.509000000000000341, -0.8255000000000044524 ) ) ;
#1299 = VERTEX_POINT ( 'NONE', #8624 ) ;
#1300 = VECTOR ( 'NONE', #5365, 1000.000000000000114 ) ;
#1301 = VERTEX_POINT ( 'NONE', #1967 ) ;
#1302 = FACE_OUTER_BOUND ( 'NONE', #922, .T. ) ;
#1303 = FACE_OUTER_BOUND ( 'NONE', #1728, .T. ) ;
#1304 = CARTESIAN_POINT ( 'NONE',  ( 2.540000000000000480, -1.925929944387235853E-31, 0.8889999999999991243 ) ) ;
#1305 = DIRECTION ( 'NONE',  ( 0.000000000000000000, 5.054934237236841843E-31, 1.000000000000000000 ) ) ;
#1306 = EDGE_CURVE ( 'NONE', #4659, #1150, #1148, .T. ) ;
#1307 = ORIENTED_EDGE ( 'NONE', *, *, #7393, .F. ) ;
#1308 = CONTEXT_DEPENDENT_SHAPE_REPRESENTATION ( #2165, #7899 ) ;
#1309 = PLANE ( 'NONE',  #8858 ) ;
#1310 = ORIENTED_EDGE ( 'NONE', *, *, #408, .F. ) ;
#1311 = DIRECTION ( 'NONE',  ( -1.000000000000000000, -0.000000000000000000, -0.000000000000000000 ) ) ;
#1312 = VERTEX_POINT ( 'NONE', #2780 ) ;
#1313 = LINE ( 'NONE', #4268, #2438 ) ;
#1314 = DIRECTION ( 'NONE',  ( -1.000000000000000000, -0.000000000000000000, -0.000000000000000000 ) ) ;
#1315 = FACE_OUTER_BOUND ( 'NONE', #1697, .T. ) ;
#1316 = CARTESIAN_POINT ( 'NONE',  ( -14.79549999999999876, 8.509000000000000341, 0.8254999999999967919 ) ) ;
#1317 = CARTESIAN_POINT ( 'NONE',  ( 12.69999999999999929, 8.509000000000000341, 0.8254999999999967919 ) ) ;
#1318 = ORIENTED_EDGE ( 'NONE', *, *, #3822, .T. ) ;
#1319 = CARTESIAN_POINT ( 'NONE',  ( 18.66900000000000048, 7.239000000000000767, -0.3810000000000033915 ) ) ;
#1320 = CARTESIAN_POINT ( 'NONE',  ( 10.60449999999999982, 8.509000000000000341, 0.8254999999999967919 ) ) ;
#1321 = ORIENTED_EDGE ( 'NONE', *, *, #4222, .F. ) ;
#1322 = DIRECTION ( 'NONE',  ( 0.000000000000000000, 0.000000000000000000, -1.000000000000000000 ) ) ;
#1323 = SURFACE_SIDE_STYLE ('',( #7977 ) ) ;
#1324 = DIRECTION ( 'NONE',  ( -1.000000000000000000, -0.000000000000000000, -0.000000000000000000 ) ) ;
#1325 = CARTESIAN_POINT ( 'NONE',  ( -10.16000000000000014, -1.925929944387235853E-31, 0.8889999999999991243 ) ) ;
#1326 = EDGE_CURVE ( 'NONE', #9040, #6407, #7935, .T. ) ;
#1327 = DIRECTION ( 'NONE',  ( -1.000000000000000000, -0.000000000000000000, -0.000000000000000000 ) ) ;
#1328 = ORIENTED_EDGE ( 'NONE', *, *, #3554, .T. ) ;
#1329 = FACE_OUTER_BOUND ( 'NONE', #3548, .T. ) ;
#1330 = CARTESIAN_POINT ( 'NONE',  ( 18.66900000000000048, 7.239000000000000767, 0.3809999999999953979 ) ) ;
#1331 = LINE ( 'NONE', #5600, #8502 ) ;
#1332 = ORIENTED_EDGE ( 'NONE', *, *, #770, .T. ) ;
#1333 = DIRECTION ( 'NONE',  ( 0.000000000000000000, 0.000000000000000000, -1.000000000000000000 ) ) ;
#1334 = VECTOR ( 'NONE', #8659, 1000.000000000000000 ) ;
#1335 = FACE_OUTER_BOUND ( 'NONE', #1558, .T. ) ;
#1336 =( LENGTH_UNIT ( ) NAMED_UNIT ( * ) SI_UNIT ( .MILLI., .METRE. ) );
#1337 = VECTOR ( 'NONE', #631, 1000.000000000000000 ) ;
#1338 = VECTOR ( 'NONE', #1158, 1000.000000000000000 ) ;
#1339 = VERTEX_POINT ( 'NONE', #2635 ) ;
#1340 = ORIENTED_EDGE ( 'NONE', *, *, #5728, .F. ) ;
#1341 = CARTESIAN_POINT ( 'NONE',  ( -6.730999999999998984, 7.239000000000000767, 0.3809999999999953979 ) ) ;
#1342 = ORIENTED_EDGE ( 'NONE', *, *, #4360, .F. ) ;
#1343 = EDGE_CURVE ( 'NONE', #7706, #6376, #7842, .T. ) ;
#1344 = EDGE_LOOP ( 'NONE', ( #6887, #3492, #2843, #6863 ) ) ;
#1345 = FACE_OUTER_BOUND ( 'NONE', #520, .T. ) ;
#1346 = CARTESIAN_POINT ( 'NONE',  ( 12.69999999999999929, 2.177422008883992879E-16, -0.8890000000000013447 ) ) ;
#1347 = CARTESIAN_POINT ( 'NONE',  ( -20.57400000000000162, 3.110602869834277161E-16, -1.270000000000001128 ) ) ;
#1348 = DIRECTION ( 'NONE',  ( 0.000000000000000000, 0.000000000000000000, 1.000000000000000000 ) ) ;
#1349 = VERTEX_POINT ( 'NONE', #6379 ) ;
#1350 = VECTOR ( 'NONE', #8169, 1000.000000000000000 ) ;
#1351 = DIRECTION ( 'NONE',  ( -0.5773502691896253980, 0.5773502691896253980, -0.5773502691896266192 ) ) ;
#1352 = EDGE_CURVE ( 'NONE', #6595, #8657, #1242, .T. ) ;
#1353 = ORIENTED_EDGE ( 'NONE', *, *, #8860, .F. ) ;
#1354 = CARTESIAN_POINT ( 'NONE',  ( 13.58900000000000041, 7.239000000000000767, 0.3809999999999953979 ) ) ;
#1355 = CARTESIAN_POINT ( 'NONE',  ( 12.69999999999999929, 0.000000000000000000, 1.269999999999998908 ) ) ;
#1356 = EDGE_CURVE ( 'NONE', #7582, #3050, #513, .T. ) ;
#1357 = ADVANCED_FACE ( 'NONE', ( #4249 ), #6725, .F. ) ;
#1358 = DIRECTION ( 'NONE',  ( -1.000000000000000000, -0.000000000000000000, -0.000000000000000000 ) ) ;
#1359 = DIRECTION ( 'NONE',  ( 0.000000000000000000, -5.054934237236841843E-31, -1.000000000000000000 ) ) ;
#1360 = VECTOR ( 'NONE', #7414, 1000.000000000000000 ) ;
#1361 = AXIS2_PLACEMENT_3D ( 'NONE', #8524, #3229, #3328 ) ;
#1362 = ORIENTED_EDGE ( 'NONE', *, *, #2768, .F. ) ;
#1363 = ADVANCED_FACE ( 'NONE', ( #5177 ), #5078, .F. ) ;
#1364 = FACE_OUTER_BOUND ( 'NONE', #8970, .T. ) ;
#1365 = CARTESIAN_POINT ( 'NONE',  ( 2.540000000000000480, 8.509000000000000341, -1.270000000000001128 ) ) ;
#1366 = ORIENTED_EDGE ( 'NONE', *, *, #7317, .T. ) ;
#1367 = LINE ( 'NONE', #6559, #277 ) ;
#1368 = LINE ( 'NONE', #1998, #2068 ) ;
#1369 = VECTOR ( 'NONE', #4158, 1000.000000000000000 ) ;
#1370 = ORIENTED_EDGE ( 'NONE', *, *, #1306, .F. ) ;
#1371 = SURFACE_STYLE_FILL_AREA ( #2096 ) ;
#1372 =( NAMED_UNIT ( * ) SI_UNIT ( $, .STERADIAN. ) SOLID_ANGLE_UNIT ( ) );
#1373 = DIRECTION ( 'NONE',  ( -0.000000000000000000, 0.000000000000000000, 1.000000000000000000 ) ) ;
#1374 = CARTESIAN_POINT ( 'NONE',  ( 0.000000000000000000, -1.925929944387235853E-31, 0.8889999999999991243 ) ) ;
#1375 = PRESENTATION_STYLE_ASSIGNMENT (( #3516 ) ) ;
#1376 = FILL_AREA_STYLE_COLOUR ( '', #8776 ) ;
#1377 = AXIS2_PLACEMENT_3D ( 'NONE', #3802, #5213, #5306 ) ;
#1378 = EDGE_CURVE ( 'NONE', #5015, #6294, #3769, .T. ) ;
#1379 = CARTESIAN_POINT ( 'NONE',  ( -3.429000000000001602, 7.239000000000000767, 0.3809999999999953979 ) ) ;
#1380 = VERTEX_POINT ( 'NONE', #9555 ) ;
#1381 = FACE_OUTER_BOUND ( 'NONE', #2358, .T. ) ;
#1382 = FACE_OUTER_BOUND ( 'NONE', #2172, .T. ) ;
#1383 = DIRECTION ( 'NONE',  ( -1.000000000000000000, -0.000000000000000000, -0.000000000000000000 ) ) ;
#1384 = ORIENTED_EDGE ( 'NONE', *, *, #6580, .T. ) ;
#1385 = LINE ( 'NONE', #2873, #2517 ) ;
#1386 = CARTESIAN_POINT ( 'NONE',  ( 17.78000000000000114, 2.177422008883992879E-16, -0.8890000000000013447 ) ) ;
#1387 = AXIS2_PLACEMENT_3D ( 'NONE', #4555, #1544, #8305 ) ;
#1388 = PLANE ( 'NONE',  #4155 ) ;
#1389 = LINE ( 'NONE', #112, #6875 ) ;
#1390 = EDGE_CURVE ( 'NONE', #3969, #8432, #3027, .T. ) ;
#1391 = EDGE_LOOP ( 'NONE', ( #504, #6571, #6583, #4596 ) ) ;
#1392 = ORIENTED_EDGE ( 'NONE', *, *, #7066, .T. ) ;
#1393 = DIRECTION ( 'NONE',  ( -1.000000000000000000, 0.000000000000000000, -0.000000000000000000 ) ) ;
#1394 = DIRECTION ( 'NONE',  ( 0.000000000000000000, -1.000000000000000000, 0.000000000000000000 ) ) ;
#1395 = ORIENTED_EDGE ( 'NONE', *, *, #4894, .F. ) ;
#1396 = FACE_OUTER_BOUND ( 'NONE', #3883, .T. ) ;
#1397 = FACE_OUTER_BOUND ( 'NONE', #429, .T. ) ;
#1398 = EDGE_CURVE ( 'NONE', #7915, #4631, #8186, .T. ) ;
#1399 = ORIENTED_EDGE ( 'NONE', *, *, #3813, .T. ) ;
#1400 = ITEM_DEFINED_TRANSFORMATION ( 'NONE', 'NONE', #6246,  #4388 ) ;
#1401 = DIRECTION ( 'NONE',  ( 1.000000000000000000, -0.000000000000000000, -0.000000000000000000 ) ) ;
#1402 = VERTEX_POINT ( 'NONE', #2160 ) ;
#1403 = CARTESIAN_POINT ( 'NONE',  ( 11.04899999999999949, 8.064500000000000668, 0.3809999999999953979 ) ) ;
#1404 = VECTOR ( 'NONE', #6686, 1000.000000000000000 ) ;
#1405 = CARTESIAN_POINT ( 'NONE',  ( 20.32000000000000028, 7.239000000000000767, -2.201425730935033664E-16 ) ) ;
#1406 = CARTESIAN_POINT ( 'NONE',  ( -15.24000000000000021, 2.177422008883992879E-16, -0.8890000000000013447 ) ) ;
#1407 = EDGE_CURVE ( 'NONE', #5410, #737, #1389, .T. ) ;
#1408 = EDGE_LOOP ( 'NONE', ( #7540, #1392, #8066, #2690 ) ) ;
#1409 = AXIS2_PLACEMENT_3D ( 'NONE', #7095, #1803, #1901 ) ;
#1410 = EDGE_CURVE ( 'NONE', #2423, #7182, #852, .T. ) ;
#1411 = DIRECTION ( 'NONE',  ( -1.000000000000000000, -0.000000000000000000, -0.000000000000000000 ) ) ;
#1412 = VERTEX_POINT ( 'NONE', #2978 ) ;
#1413 = CARTESIAN_POINT ( 'NONE',  ( 2.540000000000000480, 2.177422008883992879E-16, -0.8890000000000013447 ) ) ;
#1414 = ORIENTED_EDGE ( 'NONE', *, *, #3635, .F. ) ;
#1415 = ORIENTED_EDGE ( 'NONE', *, *, #1980, .F. ) ;
#1416 = CARTESIAN_POINT ( 'NONE',  ( 2.540000000000000480, 0.5080000000000000071, 0.7528818102449925664 ) ) ;
#1417 = DIRECTION ( 'NONE',  ( 1.000000000000000000, 0.000000000000000000, 0.000000000000000000 ) ) ;
#1418 = LINE ( 'NONE', #8947, #8180 ) ;
#1419 = CARTESIAN_POINT ( 'NONE',  ( 20.32000000000000028, -1.925929944387235853E-31, 0.8889999999999991243 ) ) ;
#1420 = DIRECTION ( 'NONE',  ( -0.000000000000000000, 1.000000000000000000, 1.440069553722777130E-16 ) ) ;
#1421 = AXIS2_PLACEMENT_3D ( 'NONE', #6069, #3008, #5347 ) ;
#1422 = DIRECTION ( 'NONE',  ( 0.000000000000000000, 0.000000000000000000, 1.000000000000000000 ) ) ;
#1423 = CARTESIAN_POINT ( 'NONE',  ( -20.32000000000000028, 0.000000000000000000, 1.269999999999998908 ) ) ;
#1424 = ORIENTED_EDGE ( 'NONE', *, *, #2355, .F. ) ;
#1425 = CARTESIAN_POINT ( 'NONE',  ( -5.969000000000000306, 8.064500000000000668, 0.3809999999999953979 ) ) ;
#1426 = VECTOR ( 'NONE', #2505, 1000.000000000000000 ) ;
#1427 = CARTESIAN_POINT ( 'NONE',  ( 25.40000000000000213, 7.239000000000000767, -2.201425730935033664E-16 ) ) ;
#1428 = VERTEX_POINT ( 'NONE', #804 ) ;
#1429 = DIRECTION ( 'NONE',  ( 1.000000000000000000, 0.000000000000000000, -0.000000000000000000 ) ) ;
#1430 = DIRECTION ( 'NONE',  ( -1.000000000000000000, 0.000000000000000000, 0.000000000000000000 ) ) ;
#1431 = PLANE ( 'NONE',  #5987 ) ;
#1432 = EDGE_CURVE ( 'NONE', #6370, #3969, #7404, .T. ) ;
#1433 = DIRECTION ( 'NONE',  ( 0.000000000000000000, 0.000000000000000000, 1.000000000000000000 ) ) ;
#1434 = CARTESIAN_POINT ( 'NONE',  ( 18.66900000000000048, 8.064500000000000668, 0.3809999999999953979 ) ) ;
#1435 = VECTOR ( 'NONE', #8310, 1000.000000000000000 ) ;
#1436 = ORIENTED_EDGE ( 'NONE', *, *, #867, .F. ) ;
#1437 = ORIENTED_EDGE ( 'NONE', *, *, #8443, .T. ) ;
#1438 = LINE ( 'NONE', #8830, #2445 ) ;
#1439 = CARTESIAN_POINT ( 'NONE',  ( -20.32000000000000028, -1.925929944387235853E-31, 0.8889999999999991243 ) ) ;
#1440 = ORIENTED_EDGE ( 'NONE', *, *, #4239, .T. ) ;
#1441 = VECTOR ( 'NONE', #558, 1000.000000000000000 ) ;
#1442 = AXIS2_PLACEMENT_3D ( 'NONE', #2512, #8990, #7666 ) ;
#1443 = DIRECTION ( 'NONE',  ( 0.000000000000000000, -0.000000000000000000, 1.000000000000000000 ) ) ;
#1444 = EDGE_CURVE ( 'NONE', #1380, #6408, #5126, .T. ) ;
#1445 = DIRECTION ( 'NONE',  ( -0.000000000000000000, 1.000000000000000000, 1.733406087350420004E-16 ) ) ;
#1446 = VECTOR ( 'NONE', #4092, 1000.000000000000000 ) ;
#1447 = EDGE_LOOP ( 'NONE', ( #5378, #6537, #4040, #399 ) ) ;
#1448 = VECTOR ( 'NONE', #933, 1000.000000000000000 ) ;
#1449 = CARTESIAN_POINT ( 'NONE',  ( 2.540000000000000480, 0.5080000000000000071, 0.7528818102449925664 ) ) ;
#1450 = VERTEX_POINT ( 'NONE', #7356 ) ;
#1451 = LINE ( 'NONE', #2847, #6473 ) ;
#1452 = CARTESIAN_POINT ( 'NONE',  ( 0.000000000000000000, 3.110602869834277161E-16, -1.270000000000001128 ) ) ;
#1453 = VECTOR ( 'NONE', #709, 1000.000000000000000 ) ;
#1454 = DIRECTION ( 'NONE',  ( 1.000000000000000000, -0.000000000000000000, -0.000000000000000000 ) ) ;
#1455 = VERTEX_POINT ( 'NONE', #6044 ) ;
#1456 = CARTESIAN_POINT ( 'NONE',  ( 15.24000000000000021, 2.177422008883992879E-16, -0.8890000000000013447 ) ) ;
#1457 = CARTESIAN_POINT ( 'NONE',  ( -20.57400000000000162, 8.509000000000000341, 1.270000000000001128 ) ) ;
#1458 = EDGE_LOOP ( 'NONE', ( #1947, #479, #77, #5624 ) ) ;
#1459 = FACE_OUTER_BOUND ( 'NONE', #4995, .T. ) ;
#1460 = ORIENTED_EDGE ( 'NONE', *, *, #2366, .T. ) ;
#1461 = DIRECTION ( 'NONE',  ( 0.000000000000000000, 0.000000000000000000, 1.000000000000000000 ) ) ;
#1462 = CARTESIAN_POINT ( 'NONE',  ( -20.32000000000000028, 0.000000000000000000, 1.269999999999998908 ) ) ;
#1463 = FACE_BOUND ( 'NONE', #1984, .T. ) ;
#1464 = EDGE_CURVE ( 'NONE', #6878, #9601, #9018, .T. ) ;
#1465 = CARTESIAN_POINT ( 'NONE',  ( 20.32000000000000028, 2.177422008883992879E-16, -0.8890000000000013447 ) ) ;
#1466 = FACE_OUTER_BOUND ( 'NONE', #4789, .T. ) ;
#1467 = SURFACE_STYLE_USAGE ( .BOTH. , #5889 ) ;
#1468 = LINE ( 'NONE', #8911, #3288 ) ;
#1469 = ORIENTED_EDGE ( 'NONE', *, *, #452, .F. ) ;
#1470 = DIRECTION ( 'NONE',  ( -0.000000000000000000, -0.7071067811865482389, -0.7071067811865467956 ) ) ;
#1471 = CARTESIAN_POINT ( 'NONE',  ( 2.540000000000000480, 8.509000000000000341, -1.270000000000001128 ) ) ;
#1472 = ORIENTED_EDGE ( 'NONE', *, *, #7215, .T. ) ;
#1473 = DIRECTION ( 'NONE',  ( -1.000000000000000000, -0.000000000000000000, -0.000000000000000000 ) ) ;
#1474 = DIRECTION ( 'NONE',  ( 0.000000000000000000, -0.000000000000000000, -1.000000000000000000 ) ) ;
#1475 = ADVANCED_FACE ( 'NONE', ( #2877 ), #5223, .F. ) ;
#1476 = FACE_OUTER_BOUND ( 'NONE', #6066, .T. ) ;
#1477 = EDGE_CURVE ( 'NONE', #9262, #8995, #8089, .T. ) ;
#1478 = DIRECTION ( 'NONE',  ( 0.000000000000000000, 2.449293598294710852E-16, -1.000000000000000000 ) ) ;
#1479 = VECTOR ( 'NONE', #1689, 1000.000000000000000 ) ;
#1480 = ADVANCED_FACE ( 'NONE', ( #5999 ), #2306, .F. ) ;
#1481 = VERTEX_POINT ( 'NONE', #5272 ) ;
#1482 = EDGE_CURVE ( 'NONE', #7411, #2188, #1526, .T. ) ;
#1483 = ORIENTED_EDGE ( 'NONE', *, *, #6283, .T. ) ;
#1484 = DIRECTION ( 'NONE',  ( -1.000000000000000000, 0.000000000000000000, -0.000000000000000000 ) ) ;
#1485 = FACE_OUTER_BOUND ( 'NONE', #7678, .T. ) ;
#1486 = ORIENTED_EDGE ( 'NONE', *, *, #8484, .T. ) ;
#1487 = AXIS2_PLACEMENT_3D ( 'NONE', #8907, #5981, #7436 ) ;
#1488 =( REPRESENTATION_RELATIONSHIP ('NONE','NONE', #9002, #746 ) REPRESENTATION_RELATIONSHIP_WITH_TRANSFORMATION ( #6347 )SHAPE_REPRESENTATION_RELATIONSHIP( ) );
#1489 = CARTESIAN_POINT ( 'NONE',  ( -3.683000000000002050, 7.810500000000001108, 0.1269999999999957552 ) ) ;
#1490 = DIRECTION ( 'NONE',  ( 1.000000000000000000, 0.000000000000000000, 0.000000000000000000 ) ) ;
#1491 = AXIS2_PLACEMENT_3D ( 'NONE', #2904, #3553, #2850 ) ;
#1492 = UNCERTAINTY_MEASURE_WITH_UNIT (LENGTH_MEASURE( 1.000000000000000082E-05 ), #133, 'distance_accuracy_value', 'NONE');
#1493 = EDGE_LOOP ( 'NONE', ( #4588, #4637, #17, #857 ) ) ;
#1494 = EDGE_CURVE ( 'NONE', #2662, #6960, #4486, .T. ) ;
#1495 = DIRECTION ( 'NONE',  ( -0.5773502691896253980, -0.5773502691896255090, -0.5773502691896263972 ) ) ;
#1496 = VECTOR ( 'NONE', #7354, 1000.000000000000000 ) ;
#1497 = VERTEX_POINT ( 'NONE', #6676 ) ;
#1498 =( NAMED_UNIT ( * ) PLANE_ANGLE_UNIT ( ) SI_UNIT ( $, .RADIAN. ) );
#1499 = AXIS2_PLACEMENT_3D ( 'NONE', #3450, #1991, #9382 ) ;
#1500 = ORIENTED_EDGE ( 'NONE', *, *, #6682, .F. ) ;
#1501 = LINE ( 'NONE', #4463, #7412 ) ;
#1502 = CARTESIAN_POINT ( 'NONE',  ( -12.69999999999999929, 2.177422008883992879E-16, -0.8890000000000013447 ) ) ;
#1503 = EDGE_CURVE ( 'NONE', #8748, #3051, #4531, .T. ) ;
#1504 = ORIENTED_EDGE ( 'NONE', *, *, #1533, .F. ) ;
#1505 = DIRECTION ( 'NONE',  ( 0.000000000000000000, 0.2588190451025145222, -0.9659258262890699775 ) ) ;
#1506 = VERTEX_POINT ( 'NONE', #6772 ) ;
#1507 = LINE ( 'NONE', #186, #5448 ) ;
#1508 = CARTESIAN_POINT ( 'NONE',  ( 15.24000000000000021, -1.925929944387235853E-31, 0.8889999999999991243 ) ) ;
#1509 = ORIENTED_EDGE ( 'NONE', *, *, #3608, .F. ) ;
#1510 = CARTESIAN_POINT ( 'NONE',  ( -16.12900000000000134, 7.239000000000000767, 0.3809999999999953979 ) ) ;
#1511 = DIRECTION ( 'NONE',  ( -0.000000000000000000, 1.000000000000000000, 1.733406087350420004E-16 ) ) ;
#1512 = VECTOR ( 'NONE', #7816, 1000.000000000000000 ) ;
#1513 = LINE ( 'NONE', #4702, #4448 ) ;
#1514 = CARTESIAN_POINT ( 'NONE',  ( -0.8890000000000009006, 7.239000000000000767, 0.3809999999999953979 ) ) ;
#1515 = EDGE_CURVE ( 'NONE', #8756, #1520, #205, .T. ) ;
#1516 = AXIS2_PLACEMENT_3D ( 'NONE', #2062, #1917, #4148 ) ;
#1517 = ORIENTED_EDGE ( 'NONE', *, *, #1082, .T. ) ;
#1518 = ORIENTED_EDGE ( 'NONE', *, *, #1712, .T. ) ;
#1519 = DIRECTION ( 'NONE',  ( 0.5773502691896253980, 0.5773502691896253980, -0.5773502691896266192 ) ) ;
#1520 = VERTEX_POINT ( 'NONE', #7735 ) ;
#1521 = LINE ( 'NONE', #6852, #10 ) ;
#1522 = DIRECTION ( 'NONE',  ( 0.000000000000000000, -0.9659258262890700886, 0.2588190451025140781 ) ) ;
#1523 = DIRECTION ( 'NONE',  ( 0.000000000000000000, -5.054934237236841843E-31, -1.000000000000000000 ) ) ;
#1524 = ORIENTED_EDGE ( 'NONE', *, *, #3993, .T. ) ;
#1525 = DIRECTION ( 'NONE',  ( 0.000000000000000000, 0.000000000000000000, 1.000000000000000000 ) ) ;
#1526 = LINE ( 'NONE', #6628, #2383 ) ;
#1527 = AXIS2_PLACEMENT_3D ( 'NONE', #6226, #9205, #5499 ) ;
#1528 = EDGE_CURVE ( 'NONE', #6586, #7510, #2354, .T. ) ;
#1529 = ORIENTED_EDGE ( 'NONE', *, *, #214, .F. ) ;
#1530 = ORIENTED_EDGE ( 'NONE', *, *, #4752, .T. ) ;
#1531 = PLANE ( 'NONE',  #4159 ) ;
#1532 = VECTOR ( 'NONE', #2809, 1000.000000000000000 ) ;
#1533 = EDGE_CURVE ( 'NONE', #1412, #6212, #8381, .T. ) ;
#1534 = EDGE_LOOP ( 'NONE', ( #365, #1294, #545, #6174 ) ) ;
#1535 = PLANE ( 'NONE',  #197 ) ;
#1536 = ORIENTED_EDGE ( 'NONE', *, *, #5880, .F. ) ;
#1537 = LINE ( 'NONE', #4498, #5131 ) ;
#1538 = ORIENTED_EDGE ( 'NONE', *, *, #7516, .T. ) ;
#1539 =( LENGTH_UNIT ( ) NAMED_UNIT ( * ) SI_UNIT ( .MILLI., .METRE. ) );
#1540 =( LENGTH_UNIT ( ) NAMED_UNIT ( * ) SI_UNIT ( .MILLI., .METRE. ) );
#1541 = VERTEX_POINT ( 'NONE', #3166 ) ;
#1542 = DIRECTION ( 'NONE',  ( 0.000000000000000000, -5.054934237236841843E-31, -1.000000000000000000 ) ) ;
#1543 = ORIENTED_EDGE ( 'NONE', *, *, #1635, .F. ) ;
#1544 = DIRECTION ( 'NONE',  ( 0.000000000000000000, -1.000000000000000000, 0.000000000000000000 ) ) ;
#1545 = AXIS2_PLACEMENT_3D ( 'NONE', #7, #3666, #1429 ) ;
#1546 = ORIENTED_EDGE ( 'NONE', *, *, #8966, .T. ) ;
#1547 = EDGE_LOOP ( 'NONE', ( #3719, #7570, #28, #6286 ) ) ;
#1548 = DIRECTION ( 'NONE',  ( 0.000000000000000000, 0.000000000000000000, 1.000000000000000000 ) ) ;
#1549 = CARTESIAN_POINT ( 'NONE',  ( -5.524499999999999744, 8.509000000000000341, -1.270000000000001128 ) ) ;
#1550 = DIRECTION ( 'NONE',  ( -1.000000000000000000, 0.000000000000000000, -0.000000000000000000 ) ) ;
#1551 = DIRECTION ( 'NONE',  ( -0.000000000000000000, 0.000000000000000000, 1.000000000000000000 ) ) ;
#1552 = DIRECTION ( 'NONE',  ( 0.000000000000000000, 0.000000000000000000, -1.000000000000000000 ) ) ;
#1553 = EDGE_CURVE ( 'NONE', #5924, #9567, #2535, .T. ) ;
#1554 = LINE ( 'NONE', #4518, #4532 ) ;
#1555 = ORIENTED_EDGE ( 'NONE', *, *, #7230, .F. ) ;
#1556 = DIRECTION ( 'NONE',  ( 0.5773502691896255090, -0.5773502691896253980, -0.5773502691896263972 ) ) ;
#1557 = PLANE ( 'NONE',  #3919 ) ;
#1558 = EDGE_LOOP ( 'NONE', ( #7018, #2712, #3982, #7129 ) ) ;
#1559 = FACE_OUTER_BOUND ( 'NONE', #4984, .T. ) ;
#1560 = LINE ( 'NONE', #5360, #1126 ) ;
#1561 = AXIS2_PLACEMENT_3D ( 'NONE', #7278, #7960, #2130 ) ;
#1562 = DIRECTION ( 'NONE',  ( 0.7071067811865475727, -0.7071067811865475727, 0.000000000000000000 ) ) ;
#1563 = ORIENTED_EDGE ( 'NONE', *, *, #3320, .F. ) ;
#1564 = CARTESIAN_POINT ( 'NONE',  ( -10.16000000000000014, 8.509000000000000341, 1.270000000000001128 ) ) ;
#1565 = DIRECTION ( 'NONE',  ( 0.000000000000000000, 0.9659258262890699775, 0.2588190451025145222 ) ) ;
#1566 = EDGE_CURVE ( 'NONE', #9216, #6091, #2444, .T. ) ;
#1567 = COLOUR_RGB ( '',0.2509803921568627416, 0.2509803921568627416, 0.2509803921568627416 ) ;
#1568 = ORIENTED_EDGE ( 'NONE', *, *, #345, .F. ) ;
#1569 = PLANE ( 'NONE',  #2602 ) ;
#1570 = DIRECTION ( 'NONE',  ( 1.000000000000000000, 0.000000000000000000, 0.000000000000000000 ) ) ;
#1571 = ORIENTED_EDGE ( 'NONE', *, *, #3927, .F. ) ;
#1572 = VECTOR ( 'NONE', #4096, 1000.000000000000000 ) ;
#1573 = LINE ( 'NONE', #7459, #4390 ) ;
#1574 = EDGE_CURVE ( 'NONE', #7711, #2540, #5407, .T. ) ;
#1575 = ADVANCED_FACE ( 'NONE', ( #943 ), #6130, .F. ) ;
#1576 = EDGE_LOOP ( 'NONE', ( #1815, #953, #1270, #4349 ) ) ;
#1577 = VECTOR ( 'NONE', #6224, 1000.000000000000000 ) ;
#1578 = PLANE ( 'NONE',  #5903 ) ;
#1579 = VECTOR ( 'NONE', #5477, 1000.000000000000000 ) ;
#1580 = VERTEX_POINT ( 'NONE', #1755 ) ;
#1581 = PRESENTATION_STYLE_ASSIGNMENT (( #7562 ) ) ;
#1582 = AXIS2_PLACEMENT_3D ( 'NONE', #8488, #7217, #1877 ) ;
#1583 = EDGE_CURVE ( 'NONE', #925, #3024, #5496, .T. ) ;
#1584 = EDGE_CURVE ( 'NONE', #7062, #832, #7635, .T. ) ;
#1585 = EDGE_CURVE ( 'NONE', #7959, #9262, #7544, .T. ) ;
#1586 = VECTOR ( 'NONE', #5959, 1000.000000000000000 ) ;
#1587 = ORIENTED_EDGE ( 'NONE', *, *, #7224, .F. ) ;
#1588 = APPLICATION_PROTOCOL_DEFINITION ( 'draft international standard', 'automotive_design', 1998, #8313 ) ;
#1589 = DIRECTION ( 'NONE',  ( 0.000000000000000000, -1.440069553722777377E-16, 1.000000000000000000 ) ) ;
#1590 = ORIENTED_EDGE ( 'NONE', *, *, #8795, .F. ) ;
#1591 = ADVANCED_FACE ( 'NONE', ( #346 ), #899, .F. ) ;
#1592 = DIRECTION ( 'NONE',  ( 0.000000000000000000, -2.449293598294710852E-16, 1.000000000000000000 ) ) ;
#1593 = ORIENTED_EDGE ( 'NONE', *, *, #6444, .T. ) ;
#1594 = ORIENTED_EDGE ( 'NONE', *, *, #168, .F. ) ;
#1595 = CARTESIAN_POINT ( 'NONE',  ( -7.620000000000000107, 2.177422008883992879E-16, -0.8890000000000013447 ) ) ;
#1596 = DIRECTION ( 'NONE',  ( -0.7071067811865475727, -0.7071067811865475727, 0.000000000000000000 ) ) ;
#1597 = VECTOR ( 'NONE', #9152, 1000.000000000000000 ) ;
#1598 = FACE_OUTER_BOUND ( 'NONE', #8042, .T. ) ;
#1599 = FACE_OUTER_BOUND ( 'NONE', #5245, .T. ) ;
#1600 =( NAMED_UNIT ( * ) PLANE_ANGLE_UNIT ( ) SI_UNIT ( $, .RADIAN. ) );
#1601 = EDGE_CURVE ( 'NONE', #4202, #2279, #9107, .T. ) ;
#1602 = CARTESIAN_POINT ( 'NONE',  ( -3.429000000000001602, 8.064500000000000668, 0.3809999999999955644 ) ) ;
#1603 = ORIENTED_EDGE ( 'NONE', *, *, #4872, .F. ) ;
#1604 = CARTESIAN_POINT ( 'NONE',  ( -10.16000000000000014, 8.509000000000000341, 0.8254999999999967919 ) ) ;
#1605 = FACE_OUTER_BOUND ( 'NONE', #833, .T. ) ;
#1606 = VERTEX_POINT ( 'NONE', #3317 ) ;
#1607 = CARTESIAN_POINT ( 'NONE',  ( 15.24000000000000021, 8.509000000000000341, 0.8254999999999967919 ) ) ;
#1608 = EDGE_CURVE ( 'NONE', #6889, #4497, #4766, .T. ) ;
#1609 = LINE ( 'NONE', #2252, #5617 ) ;
#1610 = CARTESIAN_POINT ( 'NONE',  ( 0.8890000000000009006, 7.239000000000000767, 0.3809999999999953979 ) ) ;
#1611 = ORIENTED_EDGE ( 'NONE', *, *, #1432, .T. ) ;
#1612 = LINE ( 'NONE', #110, #8156 ) ;
#1613 = CARTESIAN_POINT ( 'NONE',  ( 17.78000000000000114, 8.509000000000000341, 1.270000000000001128 ) ) ;
#1614 = CARTESIAN_POINT ( 'NONE',  ( -5.969000000000000306, 7.239000000000000767, 0.3809999999999953979 ) ) ;
#1615 = EDGE_LOOP ( 'NONE', ( #7668, #243, #3322, #3998 ) ) ;
#1616 = ORIENTED_EDGE ( 'NONE', *, *, #8417, .F. ) ;
#1617 = DIRECTION ( 'NONE',  ( 0.000000000000000000, 1.000000000000000000, 1.733406087350420004E-16 ) ) ;
#1618 = VERTEX_POINT ( 'NONE', #6859 ) ;
#1619 =( GEOMETRIC_REPRESENTATION_CONTEXT ( 3 ) GLOBAL_UNCERTAINTY_ASSIGNED_CONTEXT ( ( #8362 ) ) GLOBAL_UNIT_ASSIGNED_CONTEXT ( ( #1135, #1180, #3414 ) ) REPRESENTATION_CONTEXT ( 'NONE', 'WORKASPACE' ) );
#1620 = CARTESIAN_POINT ( 'NONE',  ( -20.57400000000000162, 8.509000000000000341, -1.270000000000001128 ) ) ;
#1621 = CARTESIAN_POINT ( 'NONE',  ( 6.731000000000000760, 7.239000000000000767, 0.3809999999999953979 ) ) ;
#1622 = VECTOR ( 'NONE', #9281, 1000.000000000000000 ) ;
#1623 = ORIENTED_EDGE ( 'NONE', *, *, #9617, .F. ) ;
#1624 = EDGE_CURVE ( 'NONE', #8657, #3335, #1705, .T. ) ;
#1625 = CARTESIAN_POINT ( 'NONE',  ( -4.191000000000000725, 8.064500000000000668, -0.3810000000000032250 ) ) ;
#1626 = EDGE_LOOP ( 'NONE', ( #703, #2143, #4322, #2216 ) ) ;
#1627 = SURFACE_STYLE_FILL_AREA ( #2414 ) ;
#1628 = VECTOR ( 'NONE', #8739, 999.9999999999998863 ) ;
#1629 = ORIENTED_EDGE ( 'NONE', *, *, #4651, .F. ) ;
#1630 = ADVANCED_FACE ( 'NONE', ( #3949 ), #3118, .F. ) ;
#1631 = VECTOR ( 'NONE', #941, 1000.000000000000000 ) ;
#1632 = PRODUCT_CONTEXT ( 'NONE', #7936, 'mechanical' ) ;
#1633 = CARTESIAN_POINT ( 'NONE',  ( -0.8890000000000009006, 8.064500000000000668, 0.3809999999999953979 ) ) ;
#1634 = CARTESIAN_POINT ( 'NONE',  ( 1.650999999999999801, 7.239000000000000767, 0.3809999999999953979 ) ) ;
#1635 = EDGE_CURVE ( 'NONE', #762, #8972, #4668, .T. ) ;
#1636 = VERTEX_POINT ( 'NONE', #8333 ) ;
#1637 = LINE ( 'NONE', #2957, #2349 ) ;
#1638 = CARTESIAN_POINT ( 'NONE',  ( -9.270999999999999019, 8.064500000000000668, 0.3809999999999955644 ) ) ;
#1639 = ORIENTED_EDGE ( 'NONE', *, *, #3301, .F. ) ;
#1640 = CARTESIAN_POINT ( 'NONE',  ( -0.8890000000000009006, 7.239000000000000767, 0.3809999999999953979 ) ) ;
#1641 = CARTESIAN_POINT ( 'NONE',  ( 0.8890000000000009006, 8.064500000000000668, 0.3809999999999953979 ) ) ;
#1642 = VECTOR ( 'NONE', #6752, 1000.000000000000000 ) ;
#1643 = EDGE_CURVE ( 'NONE', #4217, #7349, #7592, .T. ) ;
#1644 = DIRECTION ( 'NONE',  ( 0.000000000000000000, 1.440069553722777130E-16, -1.000000000000000000 ) ) ;
#1645 = ORIENTED_EDGE ( 'NONE', *, *, #6503, .F. ) ;
#1646 = ORIENTED_EDGE ( 'NONE', *, *, #5248, .T. ) ;
#1647 = CARTESIAN_POINT ( 'NONE',  ( -15.24000000000000021, 0.000000000000000000, 1.269999999999998908 ) ) ;
#1648 = PLANE ( 'NONE',  #2674 ) ;
#1649 = PRESENTATION_LAYER_ASSIGNMENT (  '', '', ( #4906 ) ) ;
#1650 = EDGE_LOOP ( 'NONE', ( #843, #101, #3020, #8874 ) ) ;
#1651 = CARTESIAN_POINT ( 'NONE',  ( -12.69999999999999929, 8.509000000000000341, -1.270000000000001128 ) ) ;
#1652 = AXIS2_PLACEMENT_3D ( 'NONE', #6984, #2337, #5433 ) ;
#1653 = LINE ( 'NONE', #3855, #4377 ) ;
#1654 = CARTESIAN_POINT ( 'NONE',  ( 2.540000000000000480, 0.5080000000000000071, 0.7528818102449925664 ) ) ;
#1655 = ORIENTED_EDGE ( 'NONE', *, *, #4292, .T. ) ;
#1656 = DIRECTION ( 'NONE',  ( 0.000000000000000000, -1.000000000000000000, 0.000000000000000000 ) ) ;
#1657 = CARTESIAN_POINT ( 'NONE',  ( -7.620000000000000107, 8.509000000000000341, 1.270000000000001128 ) ) ;
#1658 = DIRECTION ( 'NONE',  ( 0.000000000000000000, 0.000000000000000000, -1.000000000000000000 ) ) ;
#1659 = EDGE_CURVE ( 'NONE', #945, #6774, #9198, .T. ) ;
#1660 = VECTOR ( 'NONE', #8044, 1000.000000000000000 ) ;
#1661 = ADVANCED_FACE ( 'NONE', ( #4964 ), #1955, .F. ) ;
#1662 = VECTOR ( 'NONE', #3868, 1000.000000000000000 ) ;
#1663 = ORIENTED_EDGE ( 'NONE', *, *, #163, .T. ) ;
#1664 = ORIENTED_EDGE ( 'NONE', *, *, #7224, .T. ) ;
#1665 = PLANE ( 'NONE',  #3393 ) ;
#1666 = ORIENTED_EDGE ( 'NONE', *, *, #7609, .T. ) ;
#1667 = AXIS2_PLACEMENT_3D ( 'NONE', #1425, #2772, #3522 ) ;
#1668 = DIRECTION ( 'NONE',  ( 1.000000000000000000, 0.000000000000000000, 0.000000000000000000 ) ) ;
#1669 = PLANE ( 'NONE',  #2987 ) ;
#1670 = EDGE_CURVE ( 'NONE', #1969, #925, #6369, .T. ) ;
#1671 = VECTOR ( 'NONE', #9287, 1000.000000000000000 ) ;
#1672 = ORIENTED_EDGE ( 'NONE', *, *, #5968, .T. ) ;
#1673 = ORIENTED_EDGE ( 'NONE', *, *, #4776, .T. ) ;
#1674 = LINE ( 'NONE', #6826, #7602 ) ;
#1675 = PRODUCT_DEFINITION_SHAPE ( 'NONE', 'NONE',  #9637 ) ;
#1676 = ORIENTED_EDGE ( 'NONE', *, *, #5348, .T. ) ;
#1677 = PRESENTATION_STYLE_ASSIGNMENT (( #5967 ) ) ;
#1678 = ORIENTED_EDGE ( 'NONE', *, *, #2897, .F. ) ;
#1679 = SHAPE_DEFINITION_REPRESENTATION ( #6247, #746 ) ;
#1680 = PLANE ( 'NONE',  #9358 ) ;
#1681 = CARTESIAN_POINT ( 'NONE',  ( -9.270999999999999019, 8.064500000000000668, 0.3809999999999953979 ) ) ;
#1682 = MANIFOLD_SOLID_BREP ( 'LPattern1[11]', #7749 ) ;
#1683 = ORIENTED_EDGE ( 'NONE', *, *, #392, .F. ) ;
#1684 = CARTESIAN_POINT ( 'NONE',  ( 17.78000000000000114, 7.239000000000000767, -2.201425730935033664E-16 ) ) ;
#1685 = ORIENTED_EDGE ( 'NONE', *, *, #730, .T. ) ;
#1686 = DIRECTION ( 'NONE',  ( 0.000000000000000000, 0.2588190451025145222, -0.9659258262890699775 ) ) ;
#1687 = DIRECTION ( 'NONE',  ( 0.000000000000000000, 0.000000000000000000, 1.000000000000000000 ) ) ;
#1688 = CLOSED_SHELL ( 'NONE', ( #120, #8777, #4344, #5222, #7697, #2966, #6757, #1759, #5909, #8318, #9121, #2942, #5520, #9576, #3867, #4496, #1092, #4023, #4669 ) ) ;
#1689 = DIRECTION ( 'NONE',  ( -1.000000000000000000, -0.000000000000000000, -0.000000000000000000 ) ) ;
#1690 = ADVANCED_FACE ( 'NONE', ( #3367 ), #6468, .F. ) ;
#1691 = EDGE_CURVE ( 'NONE', #4233, #737, #9448, .T. ) ;
#1692 = LINE ( 'NONE', #1122, #4831 ) ;
#1693 = EDGE_LOOP ( 'NONE', ( #3115, #2908, #1266, #2234 ) ) ;
#1694 = VERTEX_POINT ( 'NONE', #2577 ) ;
#1695 = CARTESIAN_POINT ( 'NONE',  ( -5.080000000000000959, 0.000000000000000000, 1.269999999999998908 ) ) ;
#1696 = CARTESIAN_POINT ( 'NONE',  ( -12.69999999999999929, 3.110602869834277161E-16, -1.270000000000001128 ) ) ;
#1697 = EDGE_LOOP ( 'NONE', ( #8478, #4628, #1900, #2890 ) ) ;
#1698 = FACE_OUTER_BOUND ( 'NONE', #4983, .T. ) ;
#1699 = LINE ( 'NONE', #3944, #188 ) ;
#1700 = CARTESIAN_POINT ( 'NONE',  ( 3.429000000000001602, 7.239000000000000767, 0.3809999999999953979 ) ) ;
#1701 = ORIENTED_EDGE ( 'NONE', *, *, #6344, .T. ) ;
#1702 = CARTESIAN_POINT ( 'NONE',  ( 11.04899999999999949, 7.239000000000000767, 0.3809999999999953979 ) ) ;
#1703 = DIRECTION ( 'NONE',  ( 0.000000000000000000, 0.000000000000000000, -1.000000000000000000 ) ) ;
#1704 = AXIS2_PLACEMENT_3D ( 'NONE', #1681, #2556, #5428 ) ;
#1705 = LINE ( 'NONE', #8286, #6102 ) ;
#1706 = CARTESIAN_POINT ( 'NONE',  ( -5.080000000000000959, -1.925929944387235853E-31, 0.8889999999999991243 ) ) ;
#1707 = ORIENTED_EDGE ( 'NONE', *, *, #771, .T. ) ;
#1708 = EDGE_LOOP ( 'NONE', ( #3665, #6202, #1026, #2092 ) ) ;
#1709 = CARTESIAN_POINT ( 'NONE',  ( -5.969000000000000306, 7.239000000000000767, 0.3809999999999953979 ) ) ;
#1710 = VECTOR ( 'NONE', #9290, 1000.000000000000000 ) ;
#1711 = ORIENTED_EDGE ( 'NONE', *, *, #1824, .T. ) ;
#1712 = EDGE_CURVE ( 'NONE', #7323, #6351, #4238, .T. ) ;
#1713 = EDGE_CURVE ( 'NONE', #7888, #628, #2767, .T. ) ;
#1714 = PLANE ( 'NONE',  #7096 ) ;
#1715 = DIRECTION ( 'NONE',  ( 0.000000000000000000, 1.000000000000000000, 1.440069553722777377E-16 ) ) ;
#1716 = VECTOR ( 'NONE', #7571, 1000.000000000000000 ) ;
#1717 = ORIENTED_EDGE ( 'NONE', *, *, #7841, .T. ) ;
#1718 = EDGE_LOOP ( 'NONE', ( #8080, #5180, #9251, #1159 ) ) ;
#1719 = DIRECTION ( 'NONE',  ( -1.000000000000000000, 0.000000000000000000, -0.000000000000000000 ) ) ;
#1720 = CARTESIAN_POINT ( 'NONE',  ( 5.080000000000000959, 8.509000000000000341, -1.270000000000001128 ) ) ;
#1721 = VECTOR ( 'NONE', #5764, 1000.000000000000000 ) ;
#1722 = ORIENTED_EDGE ( 'NONE', *, *, #9161, .F. ) ;
#1723 = CARTESIAN_POINT ( 'NONE',  ( 5.080000000000000959, -1.925929944387235853E-31, 0.8889999999999991243 ) ) ;
#1724 = EDGE_CURVE ( 'NONE', #3293, #8680, #500, .T. ) ;
#1725 = AXIS2_PLACEMENT_3D ( 'NONE', #4411, #4464, #8848 ) ;
#1726 = DIRECTION ( 'NONE',  ( 0.000000000000000000, 1.000000000000000000, -5.054934237236841843E-31 ) ) ;
#1727 = VECTOR ( 'NONE', #8954, 1000.000000000000000 ) ;
#1728 = EDGE_LOOP ( 'NONE', ( #6420, #1342, #5806, #5772 ) ) ;
#1729 = VECTOR ( 'NONE', #9132, 1000.000000000000000 ) ;
#1730 = LINE ( 'NONE', #3245, #4678 ) ;
#1731 = LINE ( 'NONE', #7667, #4800 ) ;
#1732 = MANIFOLD_SOLID_BREP ( 'LPattern1[7]', #7127 ) ;
#1733 = ORIENTED_EDGE ( 'NONE', *, *, #3394, .T. ) ;
#1734 = ORIENTED_EDGE ( 'NONE', *, *, #4597, .F. ) ;
#1735 = DIRECTION ( 'NONE',  ( 0.000000000000000000, 0.9659258262890699775, 0.2588190451025145222 ) ) ;
#1736 = ORIENTED_EDGE ( 'NONE', *, *, #6811, .T. ) ;
#1737 = AXIS2_PLACEMENT_3D ( 'NONE', #4247, #611, #1474 ) ;
#1738 = CARTESIAN_POINT ( 'NONE',  ( 20.32000000000000028, 3.110602869834277161E-16, -1.270000000000001128 ) ) ;
#1739 = CARTESIAN_POINT ( 'NONE',  ( -20.57400000000000162, 0.5080000000000000071, 0.7528818102449925664 ) ) ;
#1740 = VECTOR ( 'NONE', #9055, 1000.000000000000000 ) ;
#1741 = DIRECTION ( 'NONE',  ( 0.000000000000000000, 1.733406087350420004E-16, -1.000000000000000000 ) ) ;
#1742 = AXIS2_PLACEMENT_3D ( 'NONE', #8853, #2190, #5157 ) ;
#1743 = ORIENTED_EDGE ( 'NONE', *, *, #1566, .F. ) ;
#1744 = ORIENTED_EDGE ( 'NONE', *, *, #9410, .F. ) ;
#1745 = DIRECTION ( 'NONE',  ( 0.000000000000000000, 1.000000000000000000, -5.054934237236841843E-31 ) ) ;
#1746 = VECTOR ( 'NONE', #7060, 1000.000000000000000 ) ;
#1747 = CARTESIAN_POINT ( 'NONE',  ( 0.3810000000000000053, -2.692399999999995686, -0.2032000000000001305 ) ) ;
#1748 = ADVANCED_FACE ( 'NONE', ( #395 ), #4474, .F. ) ;
#1749 = ORIENTED_EDGE ( 'NONE', *, *, #3629, .T. ) ;
#1750 = PLANE ( 'NONE',  #1409 ) ;
#1751 =( LENGTH_UNIT ( ) NAMED_UNIT ( * ) SI_UNIT ( .MILLI., .METRE. ) );
#1752 = DIRECTION ( 'NONE',  ( 0.7071067811865475727, -0.7071067811865475727, 0.000000000000000000 ) ) ;
#1753 = DIRECTION ( 'NONE',  ( 1.000000000000000000, 0.000000000000000000, 0.000000000000000000 ) ) ;
#1754 = DIRECTION ( 'NONE',  ( -0.000000000000000000, 0.2588190451025140781, 0.9659258262890700886 ) ) ;
#1755 = CARTESIAN_POINT ( 'NONE',  ( -2.540000000000000480, -1.925929944387235853E-31, 0.8889999999999991243 ) ) ;
#1756 = LINE ( 'NONE', #1140, #6849 ) ;
#1757 = ORIENTED_EDGE ( 'NONE', *, *, #7340, .F. ) ;
#1758 = LINE ( 'NONE', #4770, #4003 ) ;
#1759 = ADVANCED_FACE ( 'NONE', ( #8857 ), #7438, .F. ) ;
#1760 = ORIENTED_EDGE ( 'NONE', *, *, #5961, .F. ) ;
#1761 = LINE ( 'NONE', #5502, #2066 ) ;
#1762 = ADVANCED_FACE ( 'NONE', ( #6516 ), #7486, .F. ) ;
#1763 = EDGE_CURVE ( 'NONE', #5830, #9206, #4374, .T. ) ;
#1764 = ADVANCED_FACE ( 'NONE', ( #789 ), #8221, .T. ) ;
#1765 = FACE_OUTER_BOUND ( 'NONE', #9118, .T. ) ;
#1766 = FACE_OUTER_BOUND ( 'NONE', #6119, .T. ) ;
#1767 = EDGE_CURVE ( 'NONE', #4362, #8556, #5259, .T. ) ;
#1768 = MANIFOLD_SOLID_BREP ( 'LPattern1[8]', #1688 ) ;
#1769 = VERTEX_POINT ( 'NONE', #6568 ) ;
#1770 = ORIENTED_EDGE ( 'NONE', *, *, #6469, .F. ) ;
#1771 = CARTESIAN_POINT ( 'NONE',  ( -13.58900000000000041, 7.239000000000000767, 0.3809999999999953979 ) ) ;
#1772 = EDGE_LOOP ( 'NONE', ( #5529, #3454, #4145, #7320, #4318, #132, #2687, #8849 ) ) ;
#1773 = CARTESIAN_POINT ( 'NONE',  ( -10.16000000000000014, 3.110602869834277161E-16, -1.270000000000001128 ) ) ;
#1774 = CARTESIAN_POINT ( 'NONE',  ( 0.000000000000000000, 0.5080000000000002292, -0.7528818102449945648 ) ) ;
#1775 = ORIENTED_EDGE ( 'NONE', *, *, #1, .T. ) ;
#1776 = FILL_AREA_STYLE_COLOUR ( '', #2201 ) ;
#1777 = DIRECTION ( 'NONE',  ( 0.000000000000000000, 5.054934237236841843E-31, 1.000000000000000000 ) ) ;
#1778 = DIRECTION ( 'NONE',  ( -0.5773502691896253980, 0.5773502691896253980, -0.5773502691896266192 ) ) ;
#1779 = VECTOR ( 'NONE', #9592, 1000.000000000000000 ) ;
#1780 = EDGE_CURVE ( 'NONE', #2436, #5853, #9544, .T. ) ;
#1781 = ADVANCED_FACE ( 'NONE', ( #5838 ), #8814, .F. ) ;
#1782 = EDGE_CURVE ( 'NONE', #3489, #8132, #697, .T. ) ;
#1783 = ORIENTED_EDGE ( 'NONE', *, *, #411, .T. ) ;
#1784 = ITEM_DEFINED_TRANSFORMATION ( 'NONE', 'NONE', #3924,  #4388 ) ;
#1785 = PLANE ( 'NONE',  #8891 ) ;
#1786 = CARTESIAN_POINT ( 'NONE',  ( -5.079999999999999183, 0.000000000000000000, 0.000000000000000000 ) ) ;
#1787 = MANIFOLD_SOLID_BREP ( 'LPattern1[13]', #6346 ) ;
#1788 = ORIENTED_EDGE ( 'NONE', *, *, #9546, .T. ) ;
#1789 = LINE ( 'NONE', #1116, #3592 ) ;
#1790 = AXIS2_PLACEMENT_3D ( 'NONE', #1465, #742, #6514 ) ;
#1791 = AXIS2_PLACEMENT_3D ( 'NONE', #1610, #8824, #8182 ) ;
#1792 = ORIENTED_EDGE ( 'NONE', *, *, #4142, .F. ) ;
#1793 = CARTESIAN_POINT ( 'NONE',  ( -15.24000000000000021, 3.110602869834277161E-16, -1.270000000000001128 ) ) ;
#1794 = DIRECTION ( 'NONE',  ( 0.000000000000000000, -0.9659258262890700886, 0.2588190451025140781 ) ) ;
#1795 = DIRECTION ( 'NONE',  ( -0.000000000000000000, 1.000000000000000000, 1.733406087350420004E-16 ) ) ;
#1796 = EDGE_CURVE ( 'NONE', #2162, #7589, #745, .T. ) ;
#1797 = CARTESIAN_POINT ( 'NONE',  ( -20.32000000000000028, 0.5080000000000000071, 0.7528818102449925664 ) ) ;
#1798 = VERTEX_POINT ( 'NONE', #3203 ) ;
#1799 = ORIENTED_EDGE ( 'NONE', *, *, #4115, .F. ) ;
#1800 = LINE ( 'NONE', #4756, #1990 ) ;
#1801 = DIRECTION ( 'NONE',  ( 0.000000000000000000, 1.000000000000000000, 2.548365665731588345E-16 ) ) ;
#1802 = EDGE_LOOP ( 'NONE', ( #9277, #8437, #4782, #8259 ) ) ;
#1803 = DIRECTION ( 'NONE',  ( 0.000000000000000000, -0.7071067811865482389, 0.7071067811865469066 ) ) ;
#1804 = CARTESIAN_POINT ( 'NONE',  ( -16.38300000000000267, 7.810500000000000220, -0.1270000000000029716 ) ) ;
#1805 = ORIENTED_EDGE ( 'NONE', *, *, #8812, .T. ) ;
#1806 = DIRECTION ( 'NONE',  ( 0.000000000000000000, 1.000000000000000000, 0.000000000000000000 ) ) ;
#1807 = STYLED_ITEM ( 'NONE', ( #1375 ), #4440 ) ;
#1808 = CARTESIAN_POINT ( 'NONE',  ( -20.32000000000000028, 0.5080000000000002292, -0.7528818102449945648 ) ) ;
#1809 = AXIS2_PLACEMENT_3D ( 'NONE', #4184, #2051, #5789 ) ;
#1810 =( LENGTH_UNIT ( ) NAMED_UNIT ( * ) SI_UNIT ( .MILLI., .METRE. ) );
#1811 = CARTESIAN_POINT ( 'NONE',  ( 5.080000000000000959, 0.5080000000000002292, -0.7528818102449945648 ) ) ;
#1812 = ADVANCED_FACE ( 'NONE', ( #3253 ), #929, .F. ) ;
#1813 = DIRECTION ( 'NONE',  ( 0.000000000000000000, 0.000000000000000000, 1.000000000000000000 ) ) ;
#1814 = VECTOR ( 'NONE', #6891, 1000.000000000000000 ) ;
#1815 = ORIENTED_EDGE ( 'NONE', *, *, #1659, .T. ) ;
#1816 = CARTESIAN_POINT ( 'NONE',  ( 10.15999999999999837, 0.000000000000000000, 1.269999999999998908 ) ) ;
#1817 = ORIENTED_EDGE ( 'NONE', *, *, #6980, .F. ) ;
#1818 = CARTESIAN_POINT ( 'NONE',  ( 12.69999999999999929, 3.110602869834277161E-16, -1.270000000000001128 ) ) ;
#1819 = CARTESIAN_POINT ( 'NONE',  ( 0.000000000000000000, 2.177422008883992879E-16, -0.8890000000000013447 ) ) ;
#1820 = DIRECTION ( 'NONE',  ( -0.000000000000000000, 1.000000000000000000, 1.733406087350420004E-16 ) ) ;
#1821 = VECTOR ( 'NONE', #6493, 1000.000000000000000 ) ;
#1822 = AXIS2_PLACEMENT_3D ( 'NONE', #1405, #681, #8573 ) ;
#1823 = EDGE_CURVE ( 'NONE', #5785, #1312, #3058, .T. ) ;
#1824 = EDGE_CURVE ( 'NONE', #6288, #8383, #4562, .T. ) ;
#1825 = VERTEX_POINT ( 'NONE', #7673 ) ;
#1826 = ORIENTED_EDGE ( 'NONE', *, *, #7662, .T. ) ;
#1827 = LINE ( 'NONE', #2639, #2594 ) ;
#1828 = AXIS2_PLACEMENT_3D ( 'NONE', #7931, #6526, #1189 ) ;
#1829 = VERTEX_POINT ( 'NONE', #2426 ) ;
#1830 = PLANE ( 'NONE',  #2 ) ;
#1831 = EDGE_LOOP ( 'NONE', ( #5103, #3916, #8060, #7715 ) ) ;
#1832 = PLANE ( 'NONE',  #6860 ) ;
#1833 = SURFACE_STYLE_FILL_AREA ( #6150 ) ;
#1834 = CARTESIAN_POINT ( 'NONE',  ( 5.080000000000000959, 3.110602869834277161E-16, -1.270000000000001128 ) ) ;
#1835 = DIRECTION ( 'NONE',  ( -0.000000000000000000, -0.7071067811865482389, -0.7071067811865467956 ) ) ;
#1836 = AXIS2_PLACEMENT_3D ( 'NONE', #6730, #947, #210 ) ;
#1837 = ORIENTED_EDGE ( 'NONE', *, *, #5752, .T. ) ;
#1838 = CARTESIAN_POINT ( 'NONE',  ( 8.509000000000002117, 7.239000000000000767, 0.3809999999999953979 ) ) ;
#1839 = VECTOR ( 'NONE', #5879, 1000.000000000000000 ) ;
#1840 = VERTEX_POINT ( 'NONE', #285 ) ;
#1841 = CARTESIAN_POINT ( 'NONE',  ( -4.191000000000000725, 7.239000000000000767, -0.3810000000000033915 ) ) ;
#1842 = EDGE_CURVE ( 'NONE', #1481, #5540, #975, .T. ) ;
#1843 = EDGE_LOOP ( 'NONE', ( #79, #490, #3898, #8607 ) ) ;
#1844 = CARTESIAN_POINT ( 'NONE',  ( 11.04899999999999949, 8.064500000000000668, 0.3809999999999953979 ) ) ;
#1845 = CARTESIAN_POINT ( 'NONE',  ( 3.429000000000001602, 8.064500000000000668, 0.3809999999999955644 ) ) ;
#1846 = DIRECTION ( 'NONE',  ( 1.000000000000000000, 0.000000000000000000, 0.000000000000000000 ) ) ;
#1847 = CARTESIAN_POINT ( 'NONE',  ( -10.16000000000000014, 2.177422008883992879E-16, -0.8890000000000013447 ) ) ;
#1848 = ORIENTED_EDGE ( 'NONE', *, *, #7235, .F. ) ;
#1849 = VERTEX_POINT ( 'NONE', #6843 ) ;
#1850 = CARTESIAN_POINT ( 'NONE',  ( -15.24000000000000021, 8.509000000000000341, -1.270000000000001128 ) ) ;
#1851 = LINE ( 'NONE', #4805, #1448 ) ;
#1852 = ORIENTED_EDGE ( 'NONE', *, *, #3185, .T. ) ;
#1853 = FILL_AREA_STYLE ('',( #388 ) ) ;
#1854 = FILL_AREA_STYLE_COLOUR ( '', #4690 ) ;
#1855 = DIRECTION ( 'NONE',  ( 1.000000000000000000, 0.000000000000000000, 0.000000000000000000 ) ) ;
#1856 = LINE ( 'NONE', #9294, #6754 ) ;
#1857 = EDGE_CURVE ( 'NONE', #7241, #6264, #2388, .T. ) ;
#1858 = CARTESIAN_POINT ( 'NONE',  ( 20.32000000000000028, 0.5080000000000002292, -0.7528818102449945648 ) ) ;
#1859 = VECTOR ( 'NONE', #9386, 1000.000000000000000 ) ;
#1860 = CARTESIAN_POINT ( 'NONE',  ( 20.32000000000000028, 0.5080000000000000071, 0.7528818102449925664 ) ) ;
#1861 = ORIENTED_EDGE ( 'NONE', *, *, #5796, .T. ) ;
#1862 = DIRECTION ( 'NONE',  ( 0.000000000000000000, 5.054934237236841843E-31, 1.000000000000000000 ) ) ;
#1863 = CARTESIAN_POINT ( 'NONE',  ( 7.620000000000001883, 8.509000000000000341, 1.270000000000001128 ) ) ;
#1864 = ORIENTED_EDGE ( 'NONE', *, *, #7181, .F. ) ;
#1865 = CARTESIAN_POINT ( 'NONE',  ( 12.69999999999999929, -1.925929944387235853E-31, 0.8889999999999991243 ) ) ;
#1866 = LINE ( 'NONE', #8386, #2589 ) ;
#1867 = DIRECTION ( 'NONE',  ( 1.000000000000000000, 0.000000000000000000, 0.000000000000000000 ) ) ;
#1868 = VECTOR ( 'NONE', #7350, 999.9999999999998863 ) ;
#1869 = ORIENTED_EDGE ( 'NONE', *, *, #2614, .T. ) ;
#1870 = EDGE_LOOP ( 'NONE', ( #1197, #7458, #469, #1020 ) ) ;
#1871 = CARTESIAN_POINT ( 'NONE',  ( -10.16000000000000014, 8.509000000000000341, -1.270000000000001128 ) ) ;
#1872 = AXIS2_PLACEMENT_3D ( 'NONE', #4897, #5004, #590 ) ;
#1873 = EDGE_LOOP ( 'NONE', ( #5283, #1076, #4286, #8941 ) ) ;
#1874 = LINE ( 'NONE', #9166, #7758 ) ;
#1875 = ADVANCED_FACE ( 'NONE', ( #8407 ), #192, .F. ) ;
#1876 = EDGE_LOOP ( 'NONE', ( #6988, #9247, #7740, #4857 ) ) ;
#1877 = DIRECTION ( 'NONE',  ( 0.000000000000000000, -0.000000000000000000, 1.000000000000000000 ) ) ;
#1878 = CARTESIAN_POINT ( 'NONE',  ( -1.650999999999999801, 7.239000000000000767, -0.3810000000000033915 ) ) ;
#1879 = AXIS2_PLACEMENT_3D ( 'NONE', #229, #5431, #1937 ) ;
#1880 = DIRECTION ( 'NONE',  ( 1.000000000000000000, 0.000000000000000000, -0.000000000000000000 ) ) ;
#1881 = LINE ( 'NONE', #8587, #3842 ) ;
#1882 = VERTEX_POINT ( 'NONE', #2339 ) ;
#1883 = VECTOR ( 'NONE', #993, 1000.000000000000114 ) ;
#1884 = FACE_OUTER_BOUND ( 'NONE', #4157, .T. ) ;
#1885 = VERTEX_POINT ( 'NONE', #3152 ) ;
#1886 = CARTESIAN_POINT ( 'NONE',  ( -17.78000000000000114, 0.5080000000000000071, 0.7528818102449925664 ) ) ;
#1887 = VERTEX_POINT ( 'NONE', #6116 ) ;
#1888 = LINE ( 'NONE', #7765, #6930 ) ;
#1889 = EDGE_CURVE ( 'NONE', #9550, #860, #4653, .T. ) ;
#1890 = EDGE_CURVE ( 'NONE', #7762, #5938, #3797, .T. ) ;
#1891 = FACE_OUTER_BOUND ( 'NONE', #2431, .T. ) ;
#1892 = VECTOR ( 'NONE', #7525, 1000.000000000000000 ) ;
#1893 = PLANE ( 'NONE',  #8452 ) ;
#1894 = EDGE_CURVE ( 'NONE', #5562, #4710, #4750, .T. ) ;
#1895 = DIRECTION ( 'NONE',  ( -1.000000000000000000, -0.000000000000000000, -0.000000000000000000 ) ) ;
#1896 = ORIENTED_EDGE ( 'NONE', *, *, #3000, .T. ) ;
#1897 = DIRECTION ( 'NONE',  ( -0.5773502691896253980, -0.5773502691896255090, -0.5773502691896263972 ) ) ;
#1898 = VECTOR ( 'NONE', #2439, 1000.000000000000000 ) ;
#1899 = CARTESIAN_POINT ( 'NONE',  ( 15.24000000000000021, 7.239000000000000767, -2.201425730935033664E-16 ) ) ;
#1900 = ORIENTED_EDGE ( 'NONE', *, *, #2187, .F. ) ;
#1901 = DIRECTION ( 'NONE',  ( 1.000000000000000000, 0.000000000000000000, 0.000000000000000000 ) ) ;
#1902 = PRESENTATION_STYLE_ASSIGNMENT (( #443 ) ) ;
#1903 = AXIS2_PLACEMENT_3D ( 'NONE', #6374, #6573, #1960 ) ;
#1904 = ORIENTED_EDGE ( 'NONE', *, *, #1823, .F. ) ;
#1905 = CARTESIAN_POINT ( 'NONE',  ( -10.16000000000000014, -1.925929944387235853E-31, 0.8889999999999991243 ) ) ;
#1906 = DIRECTION ( 'NONE',  ( 0.000000000000000000, 0.000000000000000000, -1.000000000000000000 ) ) ;
#1907 = FACE_OUTER_BOUND ( 'NONE', #8281, .T. ) ;
#1908 = PRESENTATION_STYLE_ASSIGNMENT (( #5014 ) ) ;
#1909 = AXIS2_PLACEMENT_3D ( 'NONE', #7337, #693, #6611 ) ;
#1910 = VECTOR ( 'NONE', #4005, 1000.000000000000000 ) ;
#1911 = LINE ( 'NONE', #7737, #4522 ) ;
#1912 = EDGE_CURVE ( 'NONE', #6989, #2116, #9184, .T. ) ;
#1913 = EDGE_CURVE ( 'NONE', #3051, #5745, #5485, .T. ) ;
#1914 = ORIENTED_EDGE ( 'NONE', *, *, #4429, .T. ) ;
#1915 = CARTESIAN_POINT ( 'NONE',  ( 18.66900000000000048, 7.239000000000000767, 0.3809999999999953979 ) ) ;
#1916 = CARTESIAN_POINT ( 'NONE',  ( 0.000000000000000000, 8.509000000000000341, -1.270000000000001128 ) ) ;
#1917 = DIRECTION ( 'NONE',  ( -0.000000000000000000, 0.2588190451025140781, 0.9659258262890700886 ) ) ;
#1918 = EDGE_LOOP ( 'NONE', ( #3952, #5590, #144, #8043, #4430, #2812, #6413, #752 ) ) ;
#1919 = DIRECTION ( 'NONE',  ( 0.000000000000000000, 0.9659258262890700886, -0.2588190451025140781 ) ) ;
#1920 = DIRECTION ( 'NONE',  ( 0.000000000000000000, 1.000000000000000000, 0.000000000000000000 ) ) ;
#1921 = VECTOR ( 'NONE', #7158, 1000.000000000000000 ) ;
#1922 = ORIENTED_EDGE ( 'NONE', *, *, #425, .F. ) ;
#1923 = ORIENTED_EDGE ( 'NONE', *, *, #4704, .T. ) ;
#1924 = CARTESIAN_POINT ( 'NONE',  ( 19.43100000000000094, 8.064500000000000668, 0.3809999999999953979 ) ) ;
#1925 = EDGE_LOOP ( 'NONE', ( #5866, #1950, #8551, #5479 ) ) ;
#1926 = LINE ( 'NONE', #2204, #7924 ) ;
#1927 = VERTEX_POINT ( 'NONE', #6753 ) ;
#1928 = DIRECTION ( 'NONE',  ( -0.5773502691896253980, -0.5773502691896255090, -0.5773502691896263972 ) ) ;
#1929 = DIRECTION ( 'NONE',  ( -0.000000000000000000, -0.000000000000000000, 1.000000000000000000 ) ) ;
#1930 = CARTESIAN_POINT ( 'NONE',  ( -7.620000000000000107, 8.509000000000000341, 1.270000000000001128 ) ) ;
#1931 = DIRECTION ( 'NONE',  ( -0.000000000000000000, 1.000000000000000000, 1.733406087350420004E-16 ) ) ;
#1932 = EDGE_CURVE ( 'NONE', #2466, #6284, #8269, .T. ) ;
#1933 = ORIENTED_EDGE ( 'NONE', *, *, #7034, .T. ) ;
#1934 = CONTEXT_DEPENDENT_SHAPE_REPRESENTATION ( #991, #7656 ) ;
#1935 = DIRECTION ( 'NONE',  ( 0.000000000000000000, 0.000000000000000000, 1.000000000000000000 ) ) ;
#1936 = ORIENTED_EDGE ( 'NONE', *, *, #1057, .F. ) ;
#1937 = DIRECTION ( 'NONE',  ( 0.000000000000000000, 5.054934237236841843E-31, 1.000000000000000000 ) ) ;
#1938 = EDGE_LOOP ( 'NONE', ( #8483, #8336, #8545, #5953 ) ) ;
#1939 = LINE ( 'NONE', #1844, #4916 ) ;
#1940 = CARTESIAN_POINT ( 'NONE',  ( -20.32000000000000028, 0.5080000000000000071, 0.7528818102449925664 ) ) ;
#1941 = DIRECTION ( 'NONE',  ( 0.000000000000000000, 1.440069553722777130E-16, -1.000000000000000000 ) ) ;
#1942 = ADVANCED_FACE ( 'NONE', ( #6074 ), #9048, .F. ) ;
#1943 = LINE ( 'NONE', #8016, #6637 ) ;
#1944 = EDGE_CURVE ( 'NONE', #3740, #8744, #1167, .T. ) ;
#1945 = AXIS2_PLACEMENT_3D ( 'NONE', #9104, #4666, #8418 ) ;
#1946 = CARTESIAN_POINT ( 'NONE',  ( -16.89099999999999824, 7.239000000000000767, -0.3810000000000033915 ) ) ;
#1947 = ORIENTED_EDGE ( 'NONE', *, *, #4137, .T. ) ;
#1948 = DIRECTION ( 'NONE',  ( -1.000000000000000000, 0.000000000000000000, 0.000000000000000000 ) ) ;
#1949 = DIRECTION ( 'NONE',  ( 0.000000000000000000, -1.440069553722777130E-16, 1.000000000000000000 ) ) ;
#1950 = ORIENTED_EDGE ( 'NONE', *, *, #9074, .F. ) ;
#1951 = FILL_AREA_STYLE ('',( #2621 ) ) ;
#1952 = CARTESIAN_POINT ( 'NONE',  ( -7.620000000000000107, 8.509000000000000341, -1.270000000000001128 ) ) ;
#1953 = CARTESIAN_POINT ( 'NONE',  ( 12.69999999999999929, 0.5080000000000000071, 0.7528818102449925664 ) ) ;
#1954 = DIRECTION ( 'NONE',  ( -0.000000000000000000, -0.000000000000000000, 1.000000000000000000 ) ) ;
#1955 = PLANE ( 'NONE',  #7344 ) ;
#1956 = AXIS2_PLACEMENT_3D ( 'NONE', #8376, #4664, #1084 ) ;
#1957 = DIRECTION ( 'NONE',  ( 0.000000000000000000, -5.054934237236841843E-31, -1.000000000000000000 ) ) ;
#1958 = VERTEX_POINT ( 'NONE', #8602 ) ;
#1959 = CARTESIAN_POINT ( 'NONE',  ( 10.16000000000000192, 0.000000000000000000, 1.269999999999998908 ) ) ;
#1960 = DIRECTION ( 'NONE',  ( 0.000000000000000000, -0.9659258262890700886, 0.2588190451025140781 ) ) ;
#1961 =( GEOMETRIC_REPRESENTATION_CONTEXT ( 3 ) GLOBAL_UNCERTAINTY_ASSIGNED_CONTEXT ( ( #2657 ) ) GLOBAL_UNIT_ASSIGNED_CONTEXT ( ( #3566, #9492, #2100 ) ) REPRESENTATION_CONTEXT ( 'NONE', 'WORKASPACE' ) );
#1962 = LINE ( 'NONE', #1863, #7251 ) ;
#1963 = VERTEX_POINT ( 'NONE', #7769 ) ;
#1964 = DIRECTION ( 'NONE',  ( 0.000000000000000000, -0.9659258262890699775, -0.2588190451025145222 ) ) ;
#1965 = DIRECTION ( 'NONE',  ( 0.000000000000000000, -1.000000000000000000, -1.733406087350420004E-16 ) ) ;
#1966 = EDGE_CURVE ( 'NONE', #2237, #1428, #2612, .T. ) ;
#1967 = CARTESIAN_POINT ( 'NONE',  ( 20.32000000000000028, 8.509000000000000341, 1.270000000000001128 ) ) ;
#1968 = VECTOR ( 'NONE', #9091, 1000.000000000000000 ) ;
#1969 = VERTEX_POINT ( 'NONE', #6259 ) ;
#1970 = EDGE_LOOP ( 'NONE', ( #4904, #350, #2677, #3559 ) ) ;
#1971 = CARTESIAN_POINT ( 'NONE',  ( -10.16000000000000014, -1.925929944387235853E-31, 0.8889999999999991243 ) ) ;
#1972 = ORIENTED_EDGE ( 'NONE', *, *, #2841, .T. ) ;
#1973 = DIRECTION ( 'NONE',  ( 0.000000000000000000, -0.000000000000000000, -1.000000000000000000 ) ) ;
#1974 = COLOUR_RGB ( '',1.000000000000000000, 0.8117647058823529438, 0.5019607843137254832 ) ;
#1975 = EDGE_LOOP ( 'NONE', ( #3746, #1555, #5275, #2617, #2956, #5726, #8385, #2376 ) ) ;
#1976 = PLANE ( 'NONE',  #2217 ) ;
#1977 = DIRECTION ( 'NONE',  ( -1.000000000000000000, -0.000000000000000000, -0.000000000000000000 ) ) ;
#1978 = VECTOR ( 'NONE', #3378, 1000.000000000000000 ) ;
#1979 = CARTESIAN_POINT ( 'NONE',  ( 5.969000000000002082, 8.064500000000000668, 0.3809999999999953979 ) ) ;
#1980 = EDGE_CURVE ( 'NONE', #6766, #228, #5532, .T. ) ;
#1981 =( NAMED_UNIT ( * ) SI_UNIT ( $, .STERADIAN. ) SOLID_ANGLE_UNIT ( ) );
#1982 = AXIS2_PLACEMENT_3D ( 'NONE', #3404, #3555, #7284 ) ;
#1983 =( REPRESENTATION_RELATIONSHIP ('NONE','NONE', #9002, #746 ) REPRESENTATION_RELATIONSHIP_WITH_TRANSFORMATION ( #1784 )SHAPE_REPRESENTATION_RELATIONSHIP( ) );
#1984 = EDGE_LOOP ( 'NONE', ( #1538, #8932, #4706, #2410 ) ) ;
#1985 = DIRECTION ( 'NONE',  ( 0.000000000000000000, 1.000000000000000000, 0.000000000000000000 ) ) ;
#1986 = ORIENTED_EDGE ( 'NONE', *, *, #464, .T. ) ;
#1987 = CARTESIAN_POINT ( 'NONE',  ( 5.969000000000002082, 7.239000000000000767, 0.3809999999999953979 ) ) ;
#1988 = EDGE_LOOP ( 'NONE', ( #6484, #9461, #1483, #8508 ) ) ;
#1989 = PLANE ( 'NONE',  #9271 ) ;
#1990 = VECTOR ( 'NONE', #4803, 1000.000000000000114 ) ;
#1991 = DIRECTION ( 'NONE',  ( 0.000000000000000000, 2.548365665731588345E-16, -1.000000000000000000 ) ) ;
#1992 = DIRECTION ( 'NONE',  ( -0.000000000000000000, 0.000000000000000000, 1.000000000000000000 ) ) ;
#1993 = DIRECTION ( 'NONE',  ( 0.000000000000000000, 0.9659258262890700886, -0.2588190451025140781 ) ) ;
#1994 = VECTOR ( 'NONE', #7431, 1000.000000000000000 ) ;
#1995 = DIRECTION ( 'NONE',  ( 0.000000000000000000, 0.9659258262890700886, -0.2588190451025140781 ) ) ;
#1996 = VERTEX_POINT ( 'NONE', #4892 ) ;
#1997 = LINE ( 'NONE', #1223, #5721 ) ;
#1998 = CARTESIAN_POINT ( 'NONE',  ( -19.43100000000000094, 8.064500000000000668, -0.3810000000000032250 ) ) ;
#1999 = ORIENTED_EDGE ( 'NONE', *, *, #6049, .T. ) ;
#2000 = LINE ( 'NONE', #7194, #8239 ) ;
#2001 = EDGE_LOOP ( 'NONE', ( #9372, #761, #153, #3178 ) ) ;
#2002 = FACE_OUTER_BOUND ( 'NONE', #2036, .T. ) ;
#2003 = ADVANCED_FACE ( 'NONE', ( #7818 ), #4949, .F. ) ;
#2004 = CARTESIAN_POINT ( 'NONE',  ( 12.69999999999999929, 8.509000000000000341, -1.270000000000001128 ) ) ;
#2005 = DIRECTION ( 'NONE',  ( 1.000000000000000000, 0.000000000000000000, -0.000000000000000000 ) ) ;
#2006 = DIRECTION ( 'NONE',  ( -1.000000000000000000, 0.000000000000000000, 0.000000000000000000 ) ) ;
#2007 = EDGE_CURVE ( 'NONE', #5807, #3256, #1121, .T. ) ;
#2008 = CARTESIAN_POINT ( 'NONE',  ( -7.620000000000000107, 0.000000000000000000, 0.000000000000000000 ) ) ;
#2009 = EDGE_LOOP ( 'NONE', ( #232, #1469, #3758, #4979 ) ) ;
#2010 = CARTESIAN_POINT ( 'NONE',  ( 17.78000000000000114, 0.000000000000000000, 1.269999999999998908 ) ) ;
#2011 = DIRECTION ( 'NONE',  ( 0.000000000000000000, -1.440069553722777130E-16, 1.000000000000000000 ) ) ;
#2012 = CARTESIAN_POINT ( 'NONE',  ( 0.3810000000000000053, -2.692399999999995686, 0.2032000000000002971 ) ) ;
#2013 = ORIENTED_EDGE ( 'NONE', *, *, #6688, .F. ) ;
#2014 = DIRECTION ( 'NONE',  ( 0.7071067811865475727, -0.7071067811865475727, 0.000000000000000000 ) ) ;
#2015 = CARTESIAN_POINT ( 'NONE',  ( 20.32000000000000028, 0.5080000000000000071, 0.7528818102449925664 ) ) ;
#2016 = ADVANCED_FACE ( 'NONE', ( #8548 ), #8701, .F. ) ;
#2017 = ORIENTED_EDGE ( 'NONE', *, *, #1533, .T. ) ;
#2018 = ADVANCED_FACE ( 'NONE', ( #5730 ), #4176, .T. ) ;
#2019 = ORIENTED_EDGE ( 'NONE', *, *, #8198, .T. ) ;
#2020 = CARTESIAN_POINT ( 'NONE',  ( 9.271000000000000796, 8.064500000000000668, -0.3810000000000032250 ) ) ;
#2021 = VECTOR ( 'NONE', #5723, 1000.000000000000000 ) ;
#2022 = DIRECTION ( 'NONE',  ( -0.000000000000000000, 0.000000000000000000, -1.000000000000000000 ) ) ;
#2023 = ORIENTED_EDGE ( 'NONE', *, *, #3188, .T. ) ;
#2024 = ORIENTED_EDGE ( 'NONE', *, *, #2595, .F. ) ;
#2025 = CARTESIAN_POINT ( 'NONE',  ( -15.24000000000000021, 8.509000000000000341, 1.270000000000001128 ) ) ;
#2026 = CARTESIAN_POINT ( 'NONE',  ( 20.32000000000000028, 8.509000000000000341, 0.8254999999999967919 ) ) ;
#2027 = CARTESIAN_POINT ( 'NONE',  ( 2.540000000000000480, 2.177422008883992879E-16, -0.8890000000000013447 ) ) ;
#2028 = FACE_OUTER_BOUND ( 'NONE', #946, .T. ) ;
#2029 = VECTOR ( 'NONE', #1401, 1000.000000000000000 ) ;
#2030 = ORIENTED_EDGE ( 'NONE', *, *, #4261, .T. ) ;
#2031 = ADVANCED_FACE ( 'NONE', ( #537 ), #2755, .F. ) ;
#2032 = DIRECTION ( 'NONE',  ( -1.000000000000000000, 0.000000000000000000, 0.000000000000000000 ) ) ;
#2033 = STYLED_ITEM ( 'NONE', ( #8513 ), #7633 ) ;
#2034 = VERTEX_POINT ( 'NONE', #380 ) ;
#2035 = DIRECTION ( 'NONE',  ( -1.000000000000000000, 0.000000000000000000, 0.000000000000000000 ) ) ;
#2036 = EDGE_LOOP ( 'NONE', ( #1986, #6670, #6667, #1711 ) ) ;
#2037 = DIRECTION ( 'NONE',  ( 0.000000000000000000, 0.000000000000000000, -1.000000000000000000 ) ) ;
#2038 = LINE ( 'NONE', #4891, #576 ) ;
#2039 = DIRECTION ( 'NONE',  ( 0.000000000000000000, -0.9659258262890700886, 0.2588190451025140781 ) ) ;
#2040 = CARTESIAN_POINT ( 'NONE',  ( 13.58900000000000041, 7.239000000000000767, 0.3809999999999953979 ) ) ;
#2041 = VECTOR ( 'NONE', #7763, 1000.000000000000000 ) ;
#2042 = LINE ( 'NONE', #2709, #7720 ) ;
#2043 = LINE ( 'NONE', #1946, #8859 ) ;
#2044 = ORIENTED_EDGE ( 'NONE', *, *, #6128, .T. ) ;
#2045 = DIRECTION ( 'NONE',  ( 0.000000000000000000, -0.9659258262890700886, 0.2588190451025140781 ) ) ;
#2046 = LINE ( 'NONE', #5639, #9521 ) ;
#2047 = ORIENTED_EDGE ( 'NONE', *, *, #3518, .T. ) ;
#2048 = DIRECTION ( 'NONE',  ( 0.000000000000000000, -0.9659258262890699775, -0.2588190451025145222 ) ) ;
#2049 = CARTESIAN_POINT ( 'NONE',  ( 0.000000000000000000, 0.000000000000000000, 0.000000000000000000 ) ) ;
#2050 = MECHANICAL_DESIGN_GEOMETRIC_PRESENTATION_REPRESENTATION (  '', ( #9031 ), #8097 ) ;
#2051 = DIRECTION ( 'NONE',  ( -0.000000000000000000, -0.7071067811865482389, -0.7071067811865467956 ) ) ;
#2052 = FACE_OUTER_BOUND ( 'NONE', #4503, .T. ) ;
#2053 = LINE ( 'NONE', #2766, #8170 ) ;
#2054 = SURFACE_SIDE_STYLE ('',( #8715 ) ) ;
#2055 = VECTOR ( 'NONE', #883, 1000.000000000000000 ) ;
#2056 = DIRECTION ( 'NONE',  ( 1.000000000000000000, 0.000000000000000000, -0.000000000000000000 ) ) ;
#2057 = ADVANCED_FACE ( 'NONE', ( #484 ), #1893, .F. ) ;
#2058 = ORIENTED_EDGE ( 'NONE', *, *, #9421, .F. ) ;
#2059 = DIRECTION ( 'NONE',  ( 0.5773502691896253980, 0.5773502691896253980, -0.5773502691896266192 ) ) ;
#2060 = AXIS2_PLACEMENT_3D ( 'NONE', #4599, #8303, #1589 ) ;
#2061 = CARTESIAN_POINT ( 'NONE',  ( 12.69999999999999929, 0.5080000000000000071, 0.7528818102449925664 ) ) ;
#2062 = CARTESIAN_POINT ( 'NONE',  ( -10.16000000000000014, -1.925929944387235853E-31, 0.8889999999999991243 ) ) ;
#2063 = ORIENTED_EDGE ( 'NONE', *, *, #1464, .F. ) ;
#2064 = LINE ( 'NONE', #7989, #9199 ) ;
#2065 = DIRECTION ( 'NONE',  ( 0.000000000000000000, -1.000000000000000000, 0.000000000000000000 ) ) ;
#2066 = VECTOR ( 'NONE', #3376, 1000.000000000000000 ) ;
#2067 = SURFACE_SIDE_STYLE ('',( #615 ) ) ;
#2068 = VECTOR ( 'NONE', #4955, 1000.000000000000000 ) ;
#2069 = ADVANCED_FACE ( 'NONE', ( #3452 ), #3501, .F. ) ;
#2070 = ORIENTED_EDGE ( 'NONE', *, *, #7597, .F. ) ;
#2071 = ORIENTED_EDGE ( 'NONE', *, *, #4033, .F. ) ;
#2072 = CARTESIAN_POINT ( 'NONE',  ( 0.8890000000000009006, 7.239000000000000767, -0.3810000000000033915 ) ) ;
#2073 = EDGE_CURVE ( 'NONE', #9437, #6188, #2708, .T. ) ;
#2074 = EDGE_LOOP ( 'NONE', ( #8818, #216, #3573, #1749 ) ) ;
#2075 = ORIENTED_EDGE ( 'NONE', *, *, #4615, .T. ) ;
#2076 = CARTESIAN_POINT ( 'NONE',  ( 0.000000000000000000, 0.000000000000000000, 1.269999999999998908 ) ) ;
#2077 = DIRECTION ( 'NONE',  ( 1.000000000000000000, 0.000000000000000000, -0.000000000000000000 ) ) ;
#2078 = CARTESIAN_POINT ( 'NONE',  ( -12.69999999999999929, 3.110602869834277161E-16, -1.270000000000001128 ) ) ;
#2079 = DIRECTION ( 'NONE',  ( 0.000000000000000000, 1.000000000000000000, -5.054934237236841843E-31 ) ) ;
#2080 = ADVANCED_FACE ( 'NONE', ( #9431 ), #4999, .T. ) ;
#2081 = EDGE_LOOP ( 'NONE', ( #2170, #9520, #9051, #7472 ) ) ;
#2082 = LINE ( 'NONE', #5043, #9017 ) ;
#2083 = EDGE_LOOP ( 'NONE', ( #9422, #2346, #2650, #9144 ) ) ;
#2084 = CARTESIAN_POINT ( 'NONE',  ( 17.78000000000000114, 0.5080000000000000071, 0.7528818102449925664 ) ) ;
#2085 = LINE ( 'NONE', #5047, #1337 ) ;
#2086 = DIRECTION ( 'NONE',  ( -1.000000000000000000, -0.000000000000000000, -0.000000000000000000 ) ) ;
#2087 = EDGE_CURVE ( 'NONE', #7445, #158, #8504, .T. ) ;
#2088 = CARTESIAN_POINT ( 'NONE',  ( -3.429000000000001602, 7.239000000000000767, 0.3809999999999953979 ) ) ;
#2089 = EDGE_CURVE ( 'NONE', #7724, #8680, #3352, .T. ) ;
#2090 = ORIENTED_EDGE ( 'NONE', *, *, #3798, .F. ) ;
#2091 = PLANE ( 'NONE',  #7003 ) ;
#2092 = ORIENTED_EDGE ( 'NONE', *, *, #3185, .F. ) ;
#2093 = LINE ( 'NONE', #7191, #2311 ) ;
#2094 = CARTESIAN_POINT ( 'NONE',  ( -12.69999999999999929, 0.5080000000000000071, 0.7528818102449925664 ) ) ;
#2095 = EDGE_LOOP ( 'NONE', ( #4087, #7080, #412, #6161 ) ) ;
#2096 = FILL_AREA_STYLE ('',( #3703 ) ) ;
#2097 =( NAMED_UNIT ( * ) SI_UNIT ( $, .STERADIAN. ) SOLID_ANGLE_UNIT ( ) );
#2098 = LINE ( 'NONE', #4860, #6617 ) ;
#2099 = CARTESIAN_POINT ( 'NONE',  ( -20.32000000000000028, 8.509000000000000341, -1.270000000000001128 ) ) ;
#2100 =( NAMED_UNIT ( * ) SI_UNIT ( $, .STERADIAN. ) SOLID_ANGLE_UNIT ( ) );
#2101 = DIRECTION ( 'NONE',  ( 1.000000000000000000, 0.000000000000000000, -0.000000000000000000 ) ) ;
#2102 = EDGE_CURVE ( 'NONE', #3618, #7241, #6502, .T. ) ;
#2103 = VECTOR ( 'NONE', #1795, 1000.000000000000000 ) ;
#2104 = DIRECTION ( 'NONE',  ( 0.7071067811865475727, -0.7071067811865475727, 0.000000000000000000 ) ) ;
#2105 = CARTESIAN_POINT ( 'NONE',  ( 18.66900000000000048, 7.239000000000000767, -0.3810000000000033915 ) ) ;
#2106 = CARTESIAN_POINT ( 'NONE',  ( 20.32000000000000028, 3.110602869834277161E-16, -1.270000000000001128 ) ) ;
#2107 = LINE ( 'NONE', #5072, #3507 ) ;
#2108 = VERTEX_POINT ( 'NONE', #5145 ) ;
#2109 = DIRECTION ( 'NONE',  ( 0.000000000000000000, 0.000000000000000000, 1.000000000000000000 ) ) ;
#2110 = AXIS2_PLACEMENT_3D ( 'NONE', #2241, #5013, #3609 ) ;
#2111 = VECTOR ( 'NONE', #4434, 1000.000000000000000 ) ;
#2112 = CARTESIAN_POINT ( 'NONE',  ( 0.8890000000000009006, 8.064500000000000668, 0.3809999999999955644 ) ) ;
#2113 = PRESENTATION_STYLE_ASSIGNMENT (( #9506 ) ) ;
#2114 = EDGE_CURVE ( 'NONE', #4700, #4, #8799, .T. ) ;
#2115 = STYLED_ITEM ( 'NONE', ( #1086 ), #4391 ) ;
#2116 = VERTEX_POINT ( 'NONE', #8013 ) ;
#2117 = ORIENTED_EDGE ( 'NONE', *, *, #5288, .F. ) ;
#2118 = FACE_OUTER_BOUND ( 'NONE', #2095, .T. ) ;
#2119 = CARTESIAN_POINT ( 'NONE',  ( 0.4445000000000004503, 8.509000000000000341, -1.270000000000001128 ) ) ;
#2120 = ORIENTED_EDGE ( 'NONE', *, *, #4210, .F. ) ;
#2121 = DIRECTION ( 'NONE',  ( 0.000000000000000000, 0.2588190451025140781, 0.9659258262890700886 ) ) ;
#2122 = EDGE_CURVE ( 'NONE', #5540, #736, #5873, .T. ) ;
#2123 = VECTOR ( 'NONE', #4079, 1000.000000000000000 ) ;
#2124 = DIRECTION ( 'NONE',  ( 0.000000000000000000, 0.000000000000000000, 1.000000000000000000 ) ) ;
#2125 = EDGE_CURVE ( 'NONE', #8203, #2342, #2849, .T. ) ;
#2126 = ORIENTED_EDGE ( 'NONE', *, *, #6322, .F. ) ;
#2127 = VECTOR ( 'NONE', #4689, 1000.000000000000000 ) ;
#2128 = DIRECTION ( 'NONE',  ( 0.000000000000000000, 2.449293598294710852E-16, -1.000000000000000000 ) ) ;
#2129 = ORIENTED_EDGE ( 'NONE', *, *, #6977, .T. ) ;
#2130 = DIRECTION ( 'NONE',  ( 0.000000000000000000, 0.9659258262890699775, 0.2588190451025145222 ) ) ;
#2131 = FACE_OUTER_BOUND ( 'NONE', #7499, .T. ) ;
#2132 = DIRECTION ( 'NONE',  ( 0.000000000000000000, -1.440069553722777130E-16, 1.000000000000000000 ) ) ;
#2133 = VECTOR ( 'NONE', #9120, 1000.000000000000000 ) ;
#2134 = VECTOR ( 'NONE', #5677, 1000.000000000000000 ) ;
#2135 = VERTEX_POINT ( 'NONE', #2901 ) ;
#2136 = CARTESIAN_POINT ( 'NONE',  ( -7.620000000000000107, 2.177422008883992879E-16, -0.8890000000000013447 ) ) ;
#2137 = PLANE ( 'NONE',  #4214 ) ;
#2138 = ORIENTED_EDGE ( 'NONE', *, *, #164, .T. ) ;
#2139 = CARTESIAN_POINT ( 'NONE',  ( -12.69999999999999929, 0.000000000000000000, 0.000000000000000000 ) ) ;
#2140 = ADVANCED_FACE ( 'NONE', ( #1315 ), #9531, .F. ) ;
#2141 = ORIENTED_EDGE ( 'NONE', *, *, #2089, .T. ) ;
#2142 = AXIS2_PLACEMENT_3D ( 'NONE', #5711, #4728, #7702 ) ;
#2143 = ORIENTED_EDGE ( 'NONE', *, *, #2230, .F. ) ;
#2144 = EDGE_CURVE ( 'NONE', #8183, #6235, #2177, .T. ) ;
#2145 = DIRECTION ( 'NONE',  ( 0.000000000000000000, 0.000000000000000000, 1.000000000000000000 ) ) ;
#2146 = CARTESIAN_POINT ( 'NONE',  ( -2.540000000000000480, 0.5080000000000000071, 0.7528818102449925664 ) ) ;
#2147 = DIRECTION ( 'NONE',  ( -0.000000000000000000, 1.000000000000000000, 2.449293598294710852E-16 ) ) ;
#2148 = CARTESIAN_POINT ( 'NONE',  ( -1.650999999999999801, 8.064500000000000668, 0.3809999999999953979 ) ) ;
#2149 = VECTOR ( 'NONE', #2933, 1000.000000000000000 ) ;
#2150 = CARTESIAN_POINT ( 'NONE',  ( 7.620000000000001883, 2.177422008883992879E-16, -0.8890000000000013447 ) ) ;
#2151 = ORIENTED_EDGE ( 'NONE', *, *, #8037, .F. ) ;
#2152 = LINE ( 'NONE', #7347, #3550 ) ;
#2153 = LINE ( 'NONE', #1471, #2370 ) ;
#2154 = ORIENTED_EDGE ( 'NONE', *, *, #3415, .F. ) ;
#2155 = DIRECTION ( 'NONE',  ( 0.000000000000000000, 2.548365665731588345E-16, -1.000000000000000000 ) ) ;
#2156 = ADVANCED_FACE ( 'NONE', ( #8108 ), #5101, .F. ) ;
#2157 = DIRECTION ( 'NONE',  ( -0.000000000000000000, 1.000000000000000000, 1.733406087350420004E-16 ) ) ;
#2158 = FACE_OUTER_BOUND ( 'NONE', #5636, .T. ) ;
#2159 = LINE ( 'NONE', #6378, #5373 ) ;
#2160 = CARTESIAN_POINT ( 'NONE',  ( -20.32000000000000028, 0.5080000000000002292, -0.7528818102449945648 ) ) ;
#2161 = ORIENTED_EDGE ( 'NONE', *, *, #7230, .T. ) ;
#2162 = VERTEX_POINT ( 'NONE', #7232 ) ;
#2163 = CARTESIAN_POINT ( 'NONE',  ( -9.270999999999999019, 7.239000000000000767, 0.3809999999999953979 ) ) ;
#2164 = ORIENTED_EDGE ( 'NONE', *, *, #7092, .T. ) ;
#2165 =( REPRESENTATION_RELATIONSHIP ('NONE','NONE', #9002, #746 ) REPRESENTATION_RELATIONSHIP_WITH_TRANSFORMATION ( #9522 )SHAPE_REPRESENTATION_RELATIONSHIP( ) );
#2166 = CARTESIAN_POINT ( 'NONE',  ( -7.620000000000000107, 0.5080000000000000071, 0.7528818102449925664 ) ) ;
#2167 = PLANE ( 'NONE',  #6472 ) ;
#2168 = UNCERTAINTY_MEASURE_WITH_UNIT (LENGTH_MEASURE( 1.000000000000000082E-05 ), #1083, 'distance_accuracy_value', 'NONE');
#2169 = ADVANCED_BREP_SHAPE_REPRESENTATION ( '', ( #4950, #4388 ), #7022 ) ;
#2170 = ORIENTED_EDGE ( 'NONE', *, *, #6866, .T. ) ;
#2171 = FACE_OUTER_BOUND ( 'NONE', #4825, .T. ) ;
#2172 = EDGE_LOOP ( 'NONE', ( #9415, #2117, #324, #3945 ) ) ;
#2173 = CARTESIAN_POINT ( 'NONE',  ( -2.540000000000000480, 3.110602869834277161E-16, -1.270000000000001128 ) ) ;
#2174 = VECTOR ( 'NONE', #6189, 1000.000000000000000 ) ;
#2175 = DIRECTION ( 'NONE',  ( 0.000000000000000000, 1.733406087350420004E-16, -1.000000000000000000 ) ) ;
#2176 = DIRECTION ( 'NONE',  ( 0.000000000000000000, 1.000000000000000000, 0.000000000000000000 ) ) ;
#2177 = LINE ( 'NONE', #7281, #2865 ) ;
#2178 = ORIENTED_EDGE ( 'NONE', *, *, #4276, .F. ) ;
#2179 = VECTOR ( 'NONE', #60, 1000.000000000000000 ) ;
#2180 = LINE ( 'NONE', #7378, #7564 ) ;
#2181 = EDGE_CURVE ( 'NONE', #2931, #1124, #3552, .T. ) ;
#2182 = CARTESIAN_POINT ( 'NONE',  ( 20.57400000000000162, 8.509000000000000341, 1.270000000000001128 ) ) ;
#2183 = VERTEX_POINT ( 'NONE', #7328 ) ;
#2184 = LINE ( 'NONE', #781, #8205 ) ;
#2185 = EDGE_CURVE ( 'NONE', #3159, #7915, #4317, .T. ) ;
#2186 = ORIENTED_EDGE ( 'NONE', *, *, #6154, .T. ) ;
#2187 = EDGE_CURVE ( 'NONE', #8522, #7582, #2805, .T. ) ;
#2188 = VERTEX_POINT ( 'NONE', #2088 ) ;
#2189 = DIRECTION ( 'NONE',  ( 0.000000000000000000, 0.000000000000000000, 1.000000000000000000 ) ) ;
#2190 = DIRECTION ( 'NONE',  ( 0.000000000000000000, 0.000000000000000000, 1.000000000000000000 ) ) ;
#2191 = ADVANCED_FACE ( 'NONE', ( #6554 ), #7500, .F. ) ;
#2192 = FACE_OUTER_BOUND ( 'NONE', #3866, .T. ) ;
#2193 = CARTESIAN_POINT ( 'NONE',  ( -15.24000000000000021, -1.925929944387235853E-31, 0.8889999999999991243 ) ) ;
#2194 = DIRECTION ( 'NONE',  ( 1.000000000000000000, 0.000000000000000000, 0.000000000000000000 ) ) ;
#2195 = VECTOR ( 'NONE', #325, 1000.000000000000000 ) ;
#2196 = ADVANCED_FACE ( 'NONE', ( #294 ), #8331, .F. ) ;
#2197 = FACE_OUTER_BOUND ( 'NONE', #1925, .T. ) ;
#2198 = ORIENTED_EDGE ( 'NONE', *, *, #2998, .F. ) ;
#2199 = ORIENTED_EDGE ( 'NONE', *, *, #9381, .T. ) ;
#2200 = DIRECTION ( 'NONE',  ( -0.7071067811865475727, -0.7071067811865475727, 0.000000000000000000 ) ) ;
#2201 = COLOUR_RGB ( '',0.2509803921568627416, 0.2509803921568627416, 0.2509803921568627416 ) ;
#2202 = PLANE ( 'NONE',  #6555 ) ;
#2203 = EDGE_LOOP ( 'NONE', ( #9006, #9562, #273, #423 ) ) ;
#2204 = CARTESIAN_POINT ( 'NONE',  ( 3.683000000000002050, 7.810500000000000220, -0.1270000000000029716 ) ) ;
#2205 = CARTESIAN_POINT ( 'NONE',  ( -2.540000000000000480, 2.177422008883992879E-16, -0.8890000000000013447 ) ) ;
#2206 = LINE ( 'NONE', #3621, #9406 ) ;
#2207 = DIRECTION ( 'NONE',  ( 0.000000000000000000, 0.9659258262890699775, 0.2588190451025145222 ) ) ;
#2208 = DIRECTION ( 'NONE',  ( 0.000000000000000000, -1.000000000000000000, -1.733406087350420004E-16 ) ) ;
#2209 = VECTOR ( 'NONE', #3, 1000.000000000000000 ) ;
#2210 = EDGE_CURVE ( 'NONE', #8912, #8135, #8282, .T. ) ;
#2211 = ADVANCED_FACE ( 'NONE', ( #6767 ), #3164, .T. ) ;
#2212 = EDGE_LOOP ( 'NONE', ( #7082, #9363, #3639, #4741 ) ) ;
#2213 = ORIENTED_EDGE ( 'NONE', *, *, #1444, .F. ) ;
#2214 = DIRECTION ( 'NONE',  ( -0.000000000000000000, 1.000000000000000000, 2.449293598294710852E-16 ) ) ;
#2215 = CARTESIAN_POINT ( 'NONE',  ( 0.000000000000000000, 0.000000000000000000, 1.269999999999998908 ) ) ;
#2216 = ORIENTED_EDGE ( 'NONE', *, *, #1015, .T. ) ;
#2217 = AXIS2_PLACEMENT_3D ( 'NONE', #2599, #4934, #7068 ) ;
#2218 = AXIS2_PLACEMENT_3D ( 'NONE', #4321, #9580, #7379 ) ;
#2219 = DIRECTION ( 'NONE',  ( 0.000000000000000000, -1.000000000000000000, 0.000000000000000000 ) ) ;
#2220 = DIRECTION ( 'NONE',  ( 1.000000000000000000, 0.000000000000000000, -0.000000000000000000 ) ) ;
#2221 = MECHANICAL_DESIGN_GEOMETRIC_PRESENTATION_REPRESENTATION (  '', ( #6095 ), #4847 ) ;
#2222 = EDGE_LOOP ( 'NONE', ( #1200, #493, #7309, #6241 ) ) ;
#2223 = VECTOR ( 'NONE', #9389, 1000.000000000000000 ) ;
#2224 = CARTESIAN_POINT ( 'NONE',  ( 0.000000000000000000, 8.509000000000000341, -1.270000000000001128 ) ) ;
#2225 = ORIENTED_EDGE ( 'NONE', *, *, #3377, .F. ) ;
#2226 = CARTESIAN_POINT ( 'NONE',  ( -2.540000000000000480, 8.509000000000000341, -1.270000000000001128 ) ) ;
#2227 = CARTESIAN_POINT ( 'NONE',  ( 20.32000000000000028, 0.000000000000000000, 1.269999999999998908 ) ) ;
#2228 = LINE ( 'NONE', #1452, #4138 ) ;
#2229 = VECTOR ( 'NONE', #1087, 1000.000000000000114 ) ;
#2230 = EDGE_CURVE ( 'NONE', #5544, #849, #5405, .T. ) ;
#2231 = ORIENTED_EDGE ( 'NONE', *, *, #3927, .T. ) ;
#2232 = DIRECTION ( 'NONE',  ( -1.000000000000000000, -0.000000000000000000, -0.000000000000000000 ) ) ;
#2233 = LINE ( 'NONE', #638, #7637 ) ;
#2234 = ORIENTED_EDGE ( 'NONE', *, *, #6926, .F. ) ;
#2235 = LINE ( 'NONE', #3049, #2606 ) ;
#2236 = ORIENTED_EDGE ( 'NONE', *, *, #1193, .F. ) ;
#2237 = VERTEX_POINT ( 'NONE', #2485 ) ;
#2238 = DIRECTION ( 'NONE',  ( 0.000000000000000000, -1.000000000000000000, 0.000000000000000000 ) ) ;
#2239 = CARTESIAN_POINT ( 'NONE',  ( -13.58900000000000041, 7.239000000000000767, 0.3809999999999953979 ) ) ;
#2240 = DIRECTION ( 'NONE',  ( 0.000000000000000000, -1.000000000000000000, 0.000000000000000000 ) ) ;
#2241 = CARTESIAN_POINT ( 'NONE',  ( 7.620000000000001883, 0.000000000000000000, 0.000000000000000000 ) ) ;
#2242 = DIRECTION ( 'NONE',  ( 0.000000000000000000, 2.449293598294710852E-16, -1.000000000000000000 ) ) ;
#2243 = SURFACE_STYLE_USAGE ( .BOTH. , #8909 ) ;
#2244 = ADVANCED_FACE ( 'NONE', ( #154 ), #7685, .F. ) ;
#2245 = ADVANCED_FACE ( 'NONE', ( #3899 ), #2533, .F. ) ;
#2246 = LINE ( 'NONE', #5210, #2055 ) ;
#2247 = ORIENTED_EDGE ( 'NONE', *, *, #5504, .T. ) ;
#2248 = CARTESIAN_POINT ( 'NONE',  ( -11.30300000000000260, 7.810500000000000220, -0.1270000000000029716 ) ) ;
#2249 = DIRECTION ( 'NONE',  ( -0.000000000000000000, 1.000000000000000000, 2.449293598294710852E-16 ) ) ;
#2250 = ORIENTED_EDGE ( 'NONE', *, *, #3325, .T. ) ;
#2251 = LINE ( 'NONE', #8084, #8542 ) ;
#2252 = CARTESIAN_POINT ( 'NONE',  ( 1.650999999999999801, 7.239000000000000767, 0.3809999999999953979 ) ) ;
#2253 = PLANE ( 'NONE',  #1791 ) ;
#2254 = ORIENTED_EDGE ( 'NONE', *, *, #1082, .F. ) ;
#2255 = CARTESIAN_POINT ( 'NONE',  ( -0.3810000000000000053, -2.692399999999995686, -0.2032000000000001028 ) ) ;
#2256 = DIRECTION ( 'NONE',  ( -1.000000000000000000, -0.000000000000000000, -0.000000000000000000 ) ) ;
#2257 = VECTOR ( 'NONE', #7528, 1000.000000000000000 ) ;
#2258 = VERTEX_POINT ( 'NONE', #2442 ) ;
#2259 = ORIENTED_EDGE ( 'NONE', *, *, #5863, .F. ) ;
#2260 = DIRECTION ( 'NONE',  ( -0.000000000000000000, 1.000000000000000000, 1.733406087350420004E-16 ) ) ;
#2261 = EDGE_LOOP ( 'NONE', ( #6700, #8372, #9314, #7759 ) ) ;
#2262 = VECTOR ( 'NONE', #1275, 1000.000000000000000 ) ;
#2263 = VECTOR ( 'NONE', #7352, 1000.000000000000000 ) ;
#2264 = EDGE_CURVE ( 'NONE', #8527, #774, #3116, .T. ) ;
#2265 = ADVANCED_FACE ( 'NONE', ( #5494 ), #3947, .F. ) ;
#2266 = CARTESIAN_POINT ( 'NONE',  ( -9.270999999999999019, 7.239000000000000767, 0.3809999999999953979 ) ) ;
#2267 = AXIS2_PLACEMENT_3D ( 'NONE', #937, #1752, #9241 ) ;
#2268 = VERTEX_POINT ( 'NONE', #5450 ) ;
#2269 = DIRECTION ( 'NONE',  ( 0.000000000000000000, -0.7071067811865482389, 0.7071067811865469066 ) ) ;
#2270 = AXIS2_PLACEMENT_3D ( 'NONE', #2731, #614, #4341 ) ;
#2271 = ORIENTED_EDGE ( 'NONE', *, *, #5328, .T. ) ;
#2272 = EDGE_CURVE ( 'NONE', #59, #8756, #6177, .T. ) ;
#2273 = FILL_AREA_STYLE ('',( #4316 ) ) ;
#2274 = AXIS2_PLACEMENT_3D ( 'NONE', #3151, #1119, #9046 ) ;
#2275 = ORIENTED_EDGE ( 'NONE', *, *, #5935, .T. ) ;
#2276 = CARTESIAN_POINT ( 'NONE',  ( 12.69999999999999929, 3.110602869834277161E-16, -1.270000000000001128 ) ) ;
#2277 =( NAMED_UNIT ( * ) PLANE_ANGLE_UNIT ( ) SI_UNIT ( $, .RADIAN. ) );
#2278 = CARTESIAN_POINT ( 'NONE',  ( -15.24000000000000021, 0.5080000000000002292, -0.7528818102449945648 ) ) ;
#2279 = VERTEX_POINT ( 'NONE', #9150 ) ;
#2280 = FACE_OUTER_BOUND ( 'NONE', #4534, .T. ) ;
#2281 = EDGE_LOOP ( 'NONE', ( #8943, #7725, #5842, #5588 ) ) ;
#2282 = ADVANCED_FACE ( 'NONE', ( #2352 ), #9061, .F. ) ;
#2283 = VERTEX_POINT ( 'NONE', #3263 ) ;
#2284 = CARTESIAN_POINT ( 'NONE',  ( -2.540000000000000480, 3.110602869834277161E-16, -1.270000000000001128 ) ) ;
#2285 = FACE_OUTER_BOUND ( 'NONE', #9060, .T. ) ;
#2286 = CARTESIAN_POINT ( 'NONE',  ( -2.540000000000000480, 3.110602869834277161E-16, -1.270000000000001128 ) ) ;
#2287 = AXIS2_PLACEMENT_3D ( 'NONE', #4550, #9127, #4642 ) ;
#2288 = LINE ( 'NONE', #1834, #9405 ) ;
#2289 = VECTOR ( 'NONE', #8340, 1000.000000000000000 ) ;
#2290 = DIRECTION ( 'NONE',  ( 0.000000000000000000, -2.449293598294710852E-16, 1.000000000000000000 ) ) ;
#2291 = CARTESIAN_POINT ( 'NONE',  ( -11.81099999999999994, 7.239000000000000767, 0.3809999999999953979 ) ) ;
#2292 = LINE ( 'NONE', #747, #7785 ) ;
#2293 = AXIS2_PLACEMENT_3D ( 'NONE', #7205, #5748, #3421 ) ;
#2294 = VERTEX_POINT ( 'NONE', #6219 ) ;
#2295 = VERTEX_POINT ( 'NONE', #6085 ) ;
#2296 = CARTESIAN_POINT ( 'NONE',  ( -5.079999999999999183, 8.509000000000000341, -1.270000000000001128 ) ) ;
#2297 = PLANE ( 'NONE',  #5318 ) ;
#2298 = VERTEX_POINT ( 'NONE', #850 ) ;
#2299 = LINE ( 'NONE', #3111, #5437 ) ;
#2300 = DIRECTION ( 'NONE',  ( -1.000000000000000000, 0.000000000000000000, 0.000000000000000000 ) ) ;
#2301 = EDGE_CURVE ( 'NONE', #1402, #5331, #8461, .T. ) ;
#2302 = CARTESIAN_POINT ( 'NONE',  ( 5.080000000000000959, 0.000000000000000000, 1.269999999999998908 ) ) ;
#2303 = ORIENTED_EDGE ( 'NONE', *, *, #9496, .F. ) ;
#2304 = EDGE_CURVE ( 'NONE', #1048, #1840, #1612, .T. ) ;
#2305 = LINE ( 'NONE', #4485, #1496 ) ;
#2306 = PLANE ( 'NONE',  #7504 ) ;
#2307 = VECTOR ( 'NONE', #2260, 1000.000000000000000 ) ;
#2308 = ORIENTED_EDGE ( 'NONE', *, *, #7650, .F. ) ;
#2309 = ORIENTED_EDGE ( 'NONE', *, *, #6517, .F. ) ;
#2310 = CARTESIAN_POINT ( 'NONE',  ( 0.8890000000000009006, 7.239000000000000767, -0.3810000000000033915 ) ) ;
#2311 = VECTOR ( 'NONE', #2856, 1000.000000000000000 ) ;
#2312 = EDGE_CURVE ( 'NONE', #5755, #3197, #5314, .T. ) ;
#2313 = ORIENTED_EDGE ( 'NONE', *, *, #4333, .F. ) ;
#2314 = EDGE_CURVE ( 'NONE', #9581, #5201, #895, .T. ) ;
#2315 = EDGE_CURVE ( 'NONE', #8093, #6376, #8561, .T. ) ;
#2316 = DIRECTION ( 'NONE',  ( -1.000000000000000000, -0.000000000000000000, -0.000000000000000000 ) ) ;
#2317 = EDGE_CURVE ( 'NONE', #2268, #2466, #8712, .T. ) ;
#2318 = EDGE_CURVE ( 'NONE', #9320, #2279, #3364, .T. ) ;
#2319 = ORIENTED_EDGE ( 'NONE', *, *, #3415, .T. ) ;
#2320 = DIRECTION ( 'NONE',  ( 0.000000000000000000, 0.2588190451025145222, -0.9659258262890699775 ) ) ;
#2321 = VERTEX_POINT ( 'NONE', #7197 ) ;
#2322 = DIRECTION ( 'NONE',  ( -0.000000000000000000, 0.2588190451025140781, 0.9659258262890700886 ) ) ;
#2323 = CARTESIAN_POINT ( 'NONE',  ( 10.16000000000000192, 8.509000000000000341, 1.270000000000001128 ) ) ;
#2324 = CLOSED_SHELL ( 'NONE', ( #9593, #9254, #7854, #5302, #820, #7579, #5458, #3124, #8682, #2462, #5741, #6147, #5756, #1240, #8809, #7521, #8200, #7598, #6834 ) ) ;
#2325 = EDGE_CURVE ( 'NONE', #4700, #7455, #1856, .T. ) ;
#2326 = ORIENTED_EDGE ( 'NONE', *, *, #8266, .F. ) ;
#2327 = DIRECTION ( 'NONE',  ( 0.000000000000000000, 0.000000000000000000, 1.000000000000000000 ) ) ;
#2328 = LINE ( 'NONE', #6791, #7009 ) ;
#2329 = VERTEX_POINT ( 'NONE', #7099 ) ;
#2330 = LINE ( 'NONE', #3005, #2920 ) ;
#2331 = VECTOR ( 'NONE', #3280, 1000.000000000000000 ) ;
#2332 = ORIENTED_EDGE ( 'NONE', *, *, #8661, .T. ) ;
#2333 = ORIENTED_EDGE ( 'NONE', *, *, #5632, .T. ) ;
#2334 = DIRECTION ( 'NONE',  ( 0.000000000000000000, 2.449293598294710852E-16, -1.000000000000000000 ) ) ;
#2335 = CARTESIAN_POINT ( 'NONE',  ( -6.730999999999998984, 8.064500000000000668, 0.3809999999999955644 ) ) ;
#2336 = EDGE_LOOP ( 'NONE', ( #1792, #4013, #8717, #8789, #5757, #532, #5645, #5710 ) ) ;
#2337 = DIRECTION ( 'NONE',  ( 0.000000000000000000, 2.338910953479677683E-16, -1.000000000000000000 ) ) ;
#2338 = PLANE ( 'NONE',  #6922 ) ;
#2339 = CARTESIAN_POINT ( 'NONE',  ( 2.540000000000000480, 3.110602869834277161E-16, -1.270000000000001128 ) ) ;
#2340 = VECTOR ( 'NONE', #753, 1000.000000000000000 ) ;
#2341 = LINE ( 'NONE', #5353, #1727 ) ;
#2342 = VERTEX_POINT ( 'NONE', #2004 ) ;
#2343 = ORIENTED_EDGE ( 'NONE', *, *, #8451, .T. ) ;
#2344 = CARTESIAN_POINT ( 'NONE',  ( -12.69999999999999929, 0.5080000000000002292, -0.7528818102449945648 ) ) ;
#2345 = DIRECTION ( 'NONE',  ( 0.000000000000000000, 5.054934237236841843E-31, 1.000000000000000000 ) ) ;
#2346 = ORIENTED_EDGE ( 'NONE', *, *, #99, .F. ) ;
#2347 = CARTESIAN_POINT ( 'NONE',  ( -5.080000000000000959, 2.177422008883992879E-16, -0.8890000000000013447 ) ) ;
#2348 = LINE ( 'NONE', #6720, #512 ) ;
#2349 = VECTOR ( 'NONE', #5927, 1000.000000000000000 ) ;
#2350 = DIRECTION ( 'NONE',  ( 1.000000000000000000, 0.000000000000000000, -0.000000000000000000 ) ) ;
#2351 = EDGE_LOOP ( 'NONE', ( #20, #4262, #1500, #4930 ) ) ;
#2352 = FACE_OUTER_BOUND ( 'NONE', #6534, .T. ) ;
#2353 = CARTESIAN_POINT ( 'NONE',  ( -20.32000000000000028, 8.509000000000000341, -1.270000000000001128 ) ) ;
#2354 = LINE ( 'NONE', #6998, #990 ) ;
#2355 = EDGE_CURVE ( 'NONE', #6619, #3293, #498, .T. ) ;
#2356 = VECTOR ( 'NONE', #8519, 1000.000000000000114 ) ;
#2357 = ORIENTED_EDGE ( 'NONE', *, *, #944, .T. ) ;
#2358 = EDGE_LOOP ( 'NONE', ( #5659, #8543, #7163, #8846 ) ) ;
#2359 = CARTESIAN_POINT ( 'NONE',  ( 20.32000000000000028, 0.000000000000000000, 1.269999999999998908 ) ) ;
#2360 = ORIENTED_EDGE ( 'NONE', *, *, #6456, .F. ) ;
#2361 = LINE ( 'NONE', #3595, #5542 ) ;
#2362 = VECTOR ( 'NONE', #5795, 999.9999999999998863 ) ;
#2363 = CARTESIAN_POINT ( 'NONE',  ( -4.635500000000000398, 8.509000000000000341, -0.8255000000000044524 ) ) ;
#2364 = ADVANCED_FACE ( 'NONE', ( #8610 ), #9342, .F. ) ;
#2365 = EDGE_CURVE ( 'NONE', #1455, #5671, #2765, .T. ) ;
#2366 = EDGE_CURVE ( 'NONE', #6288, #1829, #4764, .T. ) ;
#2367 = VERTEX_POINT ( 'NONE', #4861 ) ;
#2368 = AXIS2_PLACEMENT_3D ( 'NONE', #470, #6435, #8685 ) ;
#2369 = CARTESIAN_POINT ( 'NONE',  ( -20.32000000000000028, 3.110602869834277161E-16, -1.270000000000001128 ) ) ;
#2370 = VECTOR ( 'NONE', #5214, 1000.000000000000000 ) ;
#2371 = EDGE_LOOP ( 'NONE', ( #9475, #1070, #5447, #7518, #6360, #2834, #7426, #5092 ) ) ;
#2372 = CARTESIAN_POINT ( 'NONE',  ( -10.16000000000000014, 8.509000000000000341, -1.270000000000001128 ) ) ;
#2373 = PLANE ( 'NONE',  #6629 ) ;
#2374 = AXIS2_PLACEMENT_3D ( 'NONE', #3046, #8939, #7335 ) ;
#2375 = VECTOR ( 'NONE', #4090, 1000.000000000000000 ) ;
#2376 = ORIENTED_EDGE ( 'NONE', *, *, #760, .F. ) ;
#2377 = LINE ( 'NONE', #872, #1729 ) ;
#2378 = ORIENTED_EDGE ( 'NONE', *, *, #2963, .T. ) ;
#2379 = CARTESIAN_POINT ( 'NONE',  ( 5.080000000000000959, 0.5080000000000002292, -0.7528818102449945648 ) ) ;
#2380 = VERTEX_POINT ( 'NONE', #2671 ) ;
#2381 = CARTESIAN_POINT ( 'NONE',  ( 10.16000000000000192, 0.5080000000000002292, -0.7528818102449945648 ) ) ;
#2382 = DIRECTION ( 'NONE',  ( 1.000000000000000000, -0.000000000000000000, -0.000000000000000000 ) ) ;
#2383 = VECTOR ( 'NONE', #2930, 1000.000000000000000 ) ;
#2384 = ORIENTED_EDGE ( 'NONE', *, *, #6590, .F. ) ;
#2385 = EDGE_CURVE ( 'NONE', #8851, #2880, #4044, .T. ) ;
#2386 = CARTESIAN_POINT ( 'NONE',  ( -7.620000000000000107, 0.5080000000000002292, -0.7528818102449945648 ) ) ;
#2387 = CARTESIAN_POINT ( 'NONE',  ( -2.540000000000000480, 0.5080000000000000071, 0.7528818102449925664 ) ) ;
#2388 = LINE ( 'NONE', #6028, #7830 ) ;
#2389 = DIRECTION ( 'NONE',  ( 1.000000000000000000, 0.000000000000000000, 0.000000000000000000 ) ) ;
#2390 = ORIENTED_EDGE ( 'NONE', *, *, #7424, .F. ) ;
#2391 = ORIENTED_EDGE ( 'NONE', *, *, #486, .T. ) ;
#2392 = LINE ( 'NONE', #750, #2451 ) ;
#2393 = FACE_OUTER_BOUND ( 'NONE', #2203, .T. ) ;
#2394 = ORIENTED_EDGE ( 'NONE', *, *, #680, .T. ) ;
#2395 = LINE ( 'NONE', #1607, #6368 ) ;
#2396 = DIRECTION ( 'NONE',  ( -1.000000000000000000, -0.000000000000000000, -0.000000000000000000 ) ) ;
#2397 = PLANE ( 'NONE',  #1956 ) ;
#2398 = ORIENTED_EDGE ( 'NONE', *, *, #5439, .T. ) ;
#2399 = DIRECTION ( 'NONE',  ( -1.000000000000000000, 0.000000000000000000, 0.000000000000000000 ) ) ;
#2400 = EDGE_CURVE ( 'NONE', #9156, #7994, #6996, .T. ) ;
#2401 = CARTESIAN_POINT ( 'NONE',  ( -2.540000000000000480, 8.509000000000000341, -1.270000000000001128 ) ) ;
#2402 = DIRECTION ( 'NONE',  ( -1.000000000000000000, -0.000000000000000000, -0.000000000000000000 ) ) ;
#2403 = EDGE_LOOP ( 'NONE', ( #2740, #6215, #3544, #8520 ) ) ;
#2404 = LINE ( 'NONE', #2310, #2307 ) ;
#2405 = ORIENTED_EDGE ( 'NONE', *, *, #66, .F. ) ;
#2406 = VECTOR ( 'NONE', #4609, 1000.000000000000000 ) ;
#2407 = LINE ( 'NONE', #5774, #7558 ) ;
#2408 = LINE ( 'NONE', #6232, #5630 ) ;
#2409 = AXIS2_PLACEMENT_3D ( 'NONE', #2552, #7071, #1880 ) ;
#2410 = ORIENTED_EDGE ( 'NONE', *, *, #9308, .T. ) ;
#2411 = LINE ( 'NONE', #5513, #3737 ) ;
#2412 = ADVANCED_FACE ( 'NONE', ( #8516 ), #4907, .F. ) ;
#2413 = EDGE_LOOP ( 'NONE', ( #3747, #4535, #9138, #5019 ) ) ;
#2414 = FILL_AREA_STYLE ('',( #3736 ) ) ;
#2415 = EDGE_CURVE ( 'NONE', #3590, #8236, #4139, .T. ) ;
#2416 = LINE ( 'NONE', #3241, #2127 ) ;
#2417 = ORIENTED_EDGE ( 'NONE', *, *, #300, .T. ) ;
#2418 = MECHANICAL_DESIGN_GEOMETRIC_PRESENTATION_REPRESENTATION (  '', ( #3674 ), #1961 ) ;
#2419 = FACE_OUTER_BOUND ( 'NONE', #6458, .T. ) ;
#2420 = PLANE ( 'NONE',  #4626 ) ;
#2421 = ORIENTED_EDGE ( 'NONE', *, *, #7641, .F. ) ;
#2422 = LINE ( 'NONE', #6837, #5140 ) ;
#2423 = VERTEX_POINT ( 'NONE', #2624 ) ;
#2424 = PLANE ( 'NONE',  #6783 ) ;
#2425 = FACE_OUTER_BOUND ( 'NONE', #68, .T. ) ;
#2426 = CARTESIAN_POINT ( 'NONE',  ( -12.69999999999999929, 2.177422008883992879E-16, -0.8890000000000013447 ) ) ;
#2427 = VECTOR ( 'NONE', #1358, 1000.000000000000000 ) ;
#2428 = ADVANCED_FACE ( 'NONE', ( #1230 ), #4810, .F. ) ;
#2429 = CARTESIAN_POINT ( 'NONE',  ( -19.87550000000000239, 8.509000000000000341, -1.270000000000001128 ) ) ;
#2430 = ADVANCED_FACE ( 'NONE', ( #5692 ), #4094, .F. ) ;
#2431 = EDGE_LOOP ( 'NONE', ( #3130, #2771, #5211, #44 ) ) ;
#2432 = EDGE_LOOP ( 'NONE', ( #7681, #6394, #7004, #7910 ) ) ;
#2433 = FACE_OUTER_BOUND ( 'NONE', #5367, .T. ) ;
#2434 = LINE ( 'NONE', #1747, #6240 ) ;
#2435 = PRESENTATION_LAYER_ASSIGNMENT (  '', '', ( #8031 ) ) ;
#2436 = VERTEX_POINT ( 'NONE', #5740 ) ;
#2437 = CARTESIAN_POINT ( 'NONE',  ( -2.540000000000000480, 8.509000000000000341, -1.270000000000001128 ) ) ;
#2438 = VECTOR ( 'NONE', #1216, 1000.000000000000114 ) ;
#2439 = DIRECTION ( 'NONE',  ( 0.000000000000000000, 1.440069553722777130E-16, -1.000000000000000000 ) ) ;
#2440 = CARTESIAN_POINT ( 'NONE',  ( 9.271000000000000796, 7.239000000000000767, -0.3810000000000033915 ) ) ;
#2441 = ORIENTED_EDGE ( 'NONE', *, *, #8539, .T. ) ;
#2442 = CARTESIAN_POINT ( 'NONE',  ( 9.715500000000002245, 8.509000000000000341, 0.8254999999999967919 ) ) ;
#2443 = CARTESIAN_POINT ( 'NONE',  ( -10.16000000000000014, 8.509000000000000341, 1.270000000000001128 ) ) ;
#2444 = LINE ( 'NONE', #3901, #683 ) ;
#2445 = VECTOR ( 'NONE', #5083, 1000.000000000000000 ) ;
#2446 = EDGE_CURVE ( 'NONE', #7349, #3695, #3515, .T. ) ;
#2447 = VERTEX_POINT ( 'NONE', #7044 ) ;
#2448 = VERTEX_POINT ( 'NONE', #393 ) ;
#2449 = CARTESIAN_POINT ( 'NONE',  ( 16.12900000000000134, 7.239000000000000767, -0.3810000000000033915 ) ) ;
#2450 = VERTEX_POINT ( 'NONE', #3565 ) ;
#2451 = VECTOR ( 'NONE', #4616, 1000.000000000000000 ) ;
#2452 = DIRECTION ( 'NONE',  ( 1.000000000000000000, 0.000000000000000000, -0.000000000000000000 ) ) ;
#2453 = CARTESIAN_POINT ( 'NONE',  ( -14.35099999999999909, 8.064500000000000668, 0.3809999999999953979 ) ) ;
#2454 = VECTOR ( 'NONE', #5526, 1000.000000000000000 ) ;
#2455 = ORIENTED_EDGE ( 'NONE', *, *, #7787, .T. ) ;
#2456 = VERTEX_POINT ( 'NONE', #2146 ) ;
#2457 = CARTESIAN_POINT ( 'NONE',  ( 20.32000000000000028, 2.177422008883992879E-16, -0.8890000000000013447 ) ) ;
#2458 = LINE ( 'NONE', #1102, #2486 ) ;
#2459 = ORIENTED_EDGE ( 'NONE', *, *, #5535, .T. ) ;
#2460 = LINE ( 'NONE', #6925, #2565 ) ;
#2461 = DIRECTION ( 'NONE',  ( -1.000000000000000000, 0.000000000000000000, 0.000000000000000000 ) ) ;
#2462 = ADVANCED_FACE ( 'NONE', ( #6613 ), #5887, .F. ) ;
#2463 = ORIENTED_EDGE ( 'NONE', *, *, #9161, .T. ) ;
#2464 = DIRECTION ( 'NONE',  ( 0.000000000000000000, 2.449293598294710852E-16, -1.000000000000000000 ) ) ;
#2465 = CARTESIAN_POINT ( 'NONE',  ( 13.58900000000000041, 8.064500000000000668, -0.3810000000000032250 ) ) ;
#2466 = VERTEX_POINT ( 'NONE', #5113 ) ;
#2467 = CARTESIAN_POINT ( 'NONE',  ( 10.16000000000000192, 8.509000000000000341, 1.270000000000001128 ) ) ;
#2468 = ORIENTED_EDGE ( 'NONE', *, *, #6928, .F. ) ;
#2469 = FACE_OUTER_BOUND ( 'NONE', #1408, .T. ) ;
#2470 =( REPRESENTATION_RELATIONSHIP ('NONE','NONE', #9002, #746 ) REPRESENTATION_RELATIONSHIP_WITH_TRANSFORMATION ( #5867 )SHAPE_REPRESENTATION_RELATIONSHIP( ) );
#2471 = CARTESIAN_POINT ( 'NONE',  ( -2.540000000000000480, 0.5080000000000000071, 0.7528818102449925664 ) ) ;
#2472 = CLOSED_SHELL ( 'NONE', ( #5985, #3338, #5116, #6867, #997, #4250, #8300, #233, #1764, #2412, #3132, #775, #2265, #1812, #7370, #5438, #2191, #8755, #2851 ) ) ;
#2473 = DIRECTION ( 'NONE',  ( -1.000000000000000000, -0.000000000000000000, -0.000000000000000000 ) ) ;
#2474 = EDGE_CURVE ( 'NONE', #6135, #4832, #2816, .T. ) ;
#2475 = ADVANCED_FACE ( 'NONE', ( #3011 ), #8026, .F. ) ;
#2476 = EDGE_LOOP ( 'NONE', ( #8631, #4480, #5421, #9235 ) ) ;
#2477 = ADVANCED_FACE ( 'NONE', ( #646 ), #4372, .F. ) ;
#2478 = ORIENTED_EDGE ( 'NONE', *, *, #1149, .F. ) ;
#2479 = LINE ( 'NONE', #5442, #7274 ) ;
#2480 = FACE_OUTER_BOUND ( 'NONE', #7346, .T. ) ;
#2481 = VERTEX_POINT ( 'NONE', #9491 ) ;
#2482 = SHAPE_REPRESENTATION_RELATIONSHIP ( 'NONE' , 'NONE' ,  #5025, #5066 ) ;
#2483 = VERTEX_POINT ( 'NONE', #2193 ) ;
#2484 = DIRECTION ( 'NONE',  ( 0.000000000000000000, 1.000000000000000000, 0.000000000000000000 ) ) ;
#2485 = CARTESIAN_POINT ( 'NONE',  ( 7.620000000000001883, 0.5080000000000000071, 0.7528818102449925664 ) ) ;
#2486 = VECTOR ( 'NONE', #172, 1000.000000000000000 ) ;
#2487 = CARTESIAN_POINT ( 'NONE',  ( 10.16000000000000192, -1.925929944387235853E-31, 0.8889999999999991243 ) ) ;
#2488 = LINE ( 'NONE', #4863, #6541 ) ;
#2489 = ORIENTED_EDGE ( 'NONE', *, *, #8127, .F. ) ;
#2490 = CARTESIAN_POINT ( 'NONE',  ( 2.540000000000000480, 8.509000000000000341, 1.270000000000001128 ) ) ;
#2491 = COLOUR_RGB ( '',0.2509803921568627416, 0.2509803921568627416, 0.2509803921568627416 ) ;
#2492 = ORIENTED_EDGE ( 'NONE', *, *, #2828, .F. ) ;
#2493 = CARTESIAN_POINT ( 'NONE',  ( -16.12900000000000134, 7.239000000000000767, 0.3809999999999953979 ) ) ;
#2494 = ADVANCED_FACE ( 'NONE', ( #5931 ), #7341, .F. ) ;
#2495 = CARTESIAN_POINT ( 'NONE',  ( -15.24000000000000021, 0.5080000000000000071, 0.7528818102449925664 ) ) ;
#2496 = EDGE_CURVE ( 'NONE', #90, #1580, #7388, .T. ) ;
#2497 = ADVANCED_FACE ( 'NONE', ( #2052 ), #695, .F. ) ;
#2498 = VECTOR ( 'NONE', #3146, 1000.000000000000000 ) ;
#2499 = EDGE_LOOP ( 'NONE', ( #4618, #2925, #7202, #8023 ) ) ;
#2500 = VERTEX_POINT ( 'NONE', #9589 ) ;
#2501 = FACE_OUTER_BOUND ( 'NONE', #4528, .T. ) ;
#2502 = DIRECTION ( 'NONE',  ( -0.000000000000000000, 1.000000000000000000, 1.733406087350420004E-16 ) ) ;
#2503 = VECTOR ( 'NONE', #1929, 1000.000000000000000 ) ;
#2504 = ORIENTED_EDGE ( 'NONE', *, *, #4547, .F. ) ;
#2505 = DIRECTION ( 'NONE',  ( 1.000000000000000000, 0.000000000000000000, 0.000000000000000000 ) ) ;
#2506 = DIRECTION ( 'NONE',  ( 0.000000000000000000, 1.733406087350420004E-16, -1.000000000000000000 ) ) ;
#2507 = ADVANCED_FACE ( 'NONE', ( #8811 ), #8765, .F. ) ;
#2508 = FACE_OUTER_BOUND ( 'NONE', #7823, .T. ) ;
#2509 = VECTOR ( 'NONE', #1205, 1000.000000000000000 ) ;
#2510 = VERTEX_POINT ( 'NONE', #3707 ) ;
#2511 = VECTOR ( 'NONE', #8770, 1000.000000000000000 ) ;
#2512 = CARTESIAN_POINT ( 'NONE',  ( -4.191000000000000725, 7.239000000000000767, 0.3809999999999953979 ) ) ;
#2513 = FACE_OUTER_BOUND ( 'NONE', #1718, .T. ) ;
#2514 = ORIENTED_EDGE ( 'NONE', *, *, #3787, .T. ) ;
#2515 = CARTESIAN_POINT ( 'NONE',  ( -17.78000000000000114, 0.000000000000000000, 0.000000000000000000 ) ) ;
#2516 = ORIENTED_EDGE ( 'NONE', *, *, #1236, .T. ) ;
#2517 = VECTOR ( 'NONE', #7933, 1000.000000000000000 ) ;
#2518 = DIRECTION ( 'NONE',  ( -1.000000000000000000, 0.000000000000000000, -0.000000000000000000 ) ) ;
#2519 = EDGE_CURVE ( 'NONE', #7994, #3494, #2916, .T. ) ;
#2520 = FACE_OUTER_BOUND ( 'NONE', #2736, .T. ) ;
#2521 = AXIS2_PLACEMENT_3D ( 'NONE', #2587, #4296, #6427 ) ;
#2522 = CARTESIAN_POINT ( 'NONE',  ( -10.16000000000000014, 0.000000000000000000, 1.269999999999998908 ) ) ;
#2523 = ORIENTED_EDGE ( 'NONE', *, *, #8506, .F. ) ;
#2524 = DIRECTION ( 'NONE',  ( 0.000000000000000000, 0.000000000000000000, -1.000000000000000000 ) ) ;
#2525 = EDGE_LOOP ( 'NONE', ( #1221, #390, #3167, #4395 ) ) ;
#2526 = ORIENTED_EDGE ( 'NONE', *, *, #3909, .F. ) ;
#2527 = LINE ( 'NONE', #6455, #6179 ) ;
#2528 = PLANE ( 'NONE',  #3140 ) ;
#2529 = EDGE_LOOP ( 'NONE', ( #2675, #2871, #4365, #5129 ) ) ;
#2530 = DIRECTION ( 'NONE',  ( 1.000000000000000000, 0.000000000000000000, 0.000000000000000000 ) ) ;
#2531 = LINE ( 'NONE', #893, #7380 ) ;
#2532 = EDGE_CURVE ( 'NONE', #2456, #7959, #6662, .T. ) ;
#2533 = PLANE ( 'NONE',  #7221 ) ;
#2534 = CARTESIAN_POINT ( 'NONE',  ( -17.78000000000000114, 8.509000000000000341, 1.270000000000001128 ) ) ;
#2535 = LINE ( 'NONE', #252, #836 ) ;
#2536 = EDGE_CURVE ( 'NONE', #3880, #8522, #8855, .T. ) ;
#2537 = PLANE ( 'NONE',  #4824 ) ;
#2538 = ORIENTED_EDGE ( 'NONE', *, *, #1293, .F. ) ;
#2539 = DIRECTION ( 'NONE',  ( 0.000000000000000000, 0.000000000000000000, 1.000000000000000000 ) ) ;
#2540 = VERTEX_POINT ( 'NONE', #674 ) ;
#2541 = CARTESIAN_POINT ( 'NONE',  ( 5.080000000000000959, 0.5080000000000002292, -0.7528818102449945648 ) ) ;
#2542 = FACE_OUTER_BOUND ( 'NONE', #3432, .T. ) ;
#2543 = CARTESIAN_POINT ( 'NONE',  ( -20.57400000000000162, 2.177422008883992879E-16, -0.8890000000000013447 ) ) ;
#2544 = VERTEX_POINT ( 'NONE', #2099 ) ;
#2545 = VERTEX_POINT ( 'NONE', #4330 ) ;
#2546 = DIRECTION ( 'NONE',  ( 0.000000000000000000, 0.000000000000000000, 1.000000000000000000 ) ) ;
#2547 = ORIENTED_EDGE ( 'NONE', *, *, #8492, .F. ) ;
#2548 = LINE ( 'NONE', #1773, #790 ) ;
#2549 = ORIENTED_EDGE ( 'NONE', *, *, #2446, .T. ) ;
#2550 = CARTESIAN_POINT ( 'NONE',  ( 5.080000000000000959, -1.925929944387235853E-31, 0.8889999999999991243 ) ) ;
#2551 = PRESENTATION_STYLE_ASSIGNMENT (( #1007 ) ) ;
#2552 = CARTESIAN_POINT ( 'NONE',  ( 5.080000000000000959, 3.110602869834277161E-16, -1.270000000000001128 ) ) ;
#2553 = EDGE_LOOP ( 'NONE', ( #8237, #5279, #9229, #4037 ) ) ;
#2554 = DIRECTION ( 'NONE',  ( -0.000000000000000000, -0.7071067811865482389, -0.7071067811865467956 ) ) ;
#2555 = EDGE_CURVE ( 'NONE', #6031, #945, #7293, .T. ) ;
#2556 = DIRECTION ( 'NONE',  ( -0.7071067811865475727, -0.7071067811865475727, 0.000000000000000000 ) ) ;
#2557 = ORIENTED_EDGE ( 'NONE', *, *, #9380, .T. ) ;
#2558 = CARTESIAN_POINT ( 'NONE',  ( 16.12900000000000134, 8.064500000000000668, 0.3809999999999955644 ) ) ;
#2559 = VECTOR ( 'NONE', #9196, 1000.000000000000000 ) ;
#2560 = EDGE_LOOP ( 'NONE', ( #2441, #2391, #5972, #582 ) ) ;
#2561 = LINE ( 'NONE', #3349, #587 ) ;
#2562 = CARTESIAN_POINT ( 'NONE',  ( -7.620000000000000107, 8.509000000000000341, -1.270000000000001128 ) ) ;
#2563 = DIRECTION ( 'NONE',  ( -0.000000000000000000, 0.000000000000000000, -1.000000000000000000 ) ) ;
#2564 = VECTOR ( 'NONE', #1668, 1000.000000000000000 ) ;
#2565 = VECTOR ( 'NONE', #8396, 1000.000000000000000 ) ;
#2566 = ORIENTED_EDGE ( 'NONE', *, *, #9297, .T. ) ;
#2567 = ORIENTED_EDGE ( 'NONE', *, *, #9470, .F. ) ;
#2568 = CARTESIAN_POINT ( 'NONE',  ( 13.58900000000000041, 7.239000000000000767, 0.3809999999999953979 ) ) ;
#2569 = CARTESIAN_POINT ( 'NONE',  ( -5.080000000000000959, 3.110602869834277161E-16, -1.270000000000001128 ) ) ;
#2570 = VERTEX_POINT ( 'NONE', #5836 ) ;
#2571 = DIRECTION ( 'NONE',  ( 1.000000000000000000, 0.000000000000000000, 0.000000000000000000 ) ) ;
#2572 = CARTESIAN_POINT ( 'NONE',  ( 0.000000000000000000, 0.000000000000000000, 0.000000000000000000 ) ) ;
#2573 = FACE_OUTER_BOUND ( 'NONE', #6158, .T. ) ;
#2574 = AXIS2_PLACEMENT_3D ( 'NONE', #3671, #8284, #6723 ) ;
#2575 = DIRECTION ( 'NONE',  ( -0.000000000000000000, 1.000000000000000000, 1.733406087350420004E-16 ) ) ;
#2576 = CARTESIAN_POINT ( 'NONE',  ( 10.16000000000000192, 8.509000000000000341, 1.270000000000001128 ) ) ;
#2577 = CARTESIAN_POINT ( 'NONE',  ( 8.064500000000002444, 8.509000000000000341, 0.8254999999999967919 ) ) ;
#2578 = CARTESIAN_POINT ( 'NONE',  ( -20.32000000000000028, 8.509000000000000341, 1.270000000000001128 ) ) ;
#2579 = EDGE_CURVE ( 'NONE', #6453, #403, #2960, .T. ) ;
#2580 = VECTOR ( 'NONE', #9543, 1000.000000000000000 ) ;
#2581 = ORIENTED_EDGE ( 'NONE', *, *, #8021, .T. ) ;
#2582 = CARTESIAN_POINT ( 'NONE',  ( -7.620000000000000107, 0.5080000000000000071, 0.7528818102449925664 ) ) ;
#2583 = ADVANCED_FACE ( 'NONE', ( #3655 ), #3752, .F. ) ;
#2584 = ORIENTED_EDGE ( 'NONE', *, *, #1724, .T. ) ;
#2585 = DIRECTION ( 'NONE',  ( 0.000000000000000000, -1.000000000000000000, 0.000000000000000000 ) ) ;
#2586 = DIRECTION ( 'NONE',  ( 0.000000000000000000, 0.000000000000000000, 1.000000000000000000 ) ) ;
#2587 = CARTESIAN_POINT ( 'NONE',  ( -9.270999999999999019, 7.239000000000000767, -0.3810000000000033915 ) ) ;
#2588 =( GEOMETRIC_REPRESENTATION_CONTEXT ( 3 ) GLOBAL_UNCERTAINTY_ASSIGNED_CONTEXT ( ( #432 ) ) GLOBAL_UNIT_ASSIGNED_CONTEXT ( ( #1540, #1498, #4459 ) ) REPRESENTATION_CONTEXT ( 'NONE', 'WORKASPACE' ) );
#2589 = VECTOR ( 'NONE', #4004, 1000.000000000000000 ) ;
#2590 = ORIENTED_EDGE ( 'NONE', *, *, #7938, .F. ) ;
#2591 = EDGE_LOOP ( 'NONE', ( #7398, #9399, #7651, #9213 ) ) ;
#2592 = CARTESIAN_POINT ( 'NONE',  ( 3.429000000000001602, 8.064500000000000668, -0.3810000000000032250 ) ) ;
#2593 = ADVANCED_FACE ( 'NONE', ( #3184 ), #6291, .F. ) ;
#2594 = VECTOR ( 'NONE', #410, 1000.000000000000000 ) ;
#2595 = EDGE_CURVE ( 'NONE', #7959, #1412, #8490, .T. ) ;
#2596 = ORIENTED_EDGE ( 'NONE', *, *, #8, .T. ) ;
#2597 = LINE ( 'NONE', #5565, #6823 ) ;
#2598 = EDGE_LOOP ( 'NONE', ( #5768, #622, #9309, #3973 ) ) ;
#2599 = CARTESIAN_POINT ( 'NONE',  ( 10.16000000000000192, 2.177422008883992879E-16, -0.8890000000000013447 ) ) ;
#2600 = CARTESIAN_POINT ( 'NONE',  ( -12.69999999999999929, 8.509000000000000341, -0.8255000000000044524 ) ) ;
#2601 = DIRECTION ( 'NONE',  ( 0.000000000000000000, -1.000000000000000000, 0.000000000000000000 ) ) ;
#2602 = AXIS2_PLACEMENT_3D ( 'NONE', #4536, #9248, #4188 ) ;
#2603 = EDGE_CURVE ( 'NONE', #2510, #7349, #2288, .T. ) ;
#2604 = EDGE_LOOP ( 'NONE', ( #438, #2526, #9569, #8433 ) ) ;
#2605 = PLANE ( 'NONE',  #9611 ) ;
#2606 = VECTOR ( 'NONE', #5199, 1000.000000000000000 ) ;
#2607 = EDGE_LOOP ( 'NONE', ( #1080, #6236, #4000, #1611 ) ) ;
#2608 = CARTESIAN_POINT ( 'NONE',  ( 2.540000000000000480, 3.110602869834277161E-16, -1.270000000000001128 ) ) ;
#2609 = VERTEX_POINT ( 'NONE', #5423 ) ;
#2610 = CARTESIAN_POINT ( 'NONE',  ( 15.24000000000000021, 3.110602869834277161E-16, -1.270000000000001128 ) ) ;
#2611 = CARTESIAN_POINT ( 'NONE',  ( 10.15999999999999837, 8.509000000000000341, 1.270000000000001128 ) ) ;
#2612 = LINE ( 'NONE', #4127, #710 ) ;
#2613 = ADVANCED_FACE ( 'NONE', ( #3968 ), #4785, .F. ) ;
#2614 = EDGE_CURVE ( 'NONE', #6315, #3168, #7708, .T. ) ;
#2615 = DIRECTION ( 'NONE',  ( 0.000000000000000000, 0.000000000000000000, 1.000000000000000000 ) ) ;
#2616 = ORIENTED_EDGE ( 'NONE', *, *, #5150, .F. ) ;
#2617 = ORIENTED_EDGE ( 'NONE', *, *, #898, .F. ) ;
#2618 = DIRECTION ( 'NONE',  ( 0.000000000000000000, -1.440069553722777130E-16, 1.000000000000000000 ) ) ;
#2619 = PLANE ( 'NONE',  #8275 ) ;
#2620 = ORIENTED_EDGE ( 'NONE', *, *, #8078, .T. ) ;
#2621 = FILL_AREA_STYLE_COLOUR ( '', #7147 ) ;
#2622 = DIRECTION ( 'NONE',  ( 0.5773502691896253980, 0.5773502691896253980, -0.5773502691896266192 ) ) ;
#2623 = LINE ( 'NONE', #1953, #6305 ) ;
#2624 = CARTESIAN_POINT ( 'NONE',  ( -10.16000000000000014, 0.5080000000000000071, 0.7528818102449925664 ) ) ;
#2625 = CARTESIAN_POINT ( 'NONE',  ( 5.969000000000002082, 7.239000000000000767, -0.3810000000000033915 ) ) ;
#2626 = DIRECTION ( 'NONE',  ( -0.5773502691896253980, 0.5773502691896253980, -0.5773502691896266192 ) ) ;
#2627 = PLANE ( 'NONE',  #2806 ) ;
#2628 = VERTEX_POINT ( 'NONE', #5257 ) ;
#2629 = CARTESIAN_POINT ( 'NONE',  ( 0.1961031209927693864, -3.200400000000000134, 0.2032000000000001583 ) ) ;
#2630 = PLANE ( 'NONE',  #1516 ) ;
#2631 = VERTEX_POINT ( 'NONE', #1056 ) ;
#2632 = DIRECTION ( 'NONE',  ( 0.000000000000000000, -0.000000000000000000, -1.000000000000000000 ) ) ;
#2633 = VECTOR ( 'NONE', #3545, 999.9999999999998863 ) ;
#2634 = DIRECTION ( 'NONE',  ( -1.000000000000000000, -0.000000000000000000, -0.000000000000000000 ) ) ;
#2635 = CARTESIAN_POINT ( 'NONE',  ( -2.984500000000001041, 8.509000000000000341, -0.8255000000000044524 ) ) ;
#2636 = ADVANCED_FACE ( 'NONE', ( #6244 ), #7755, .F. ) ;
#2637 = ORIENTED_EDGE ( 'NONE', *, *, #1378, .F. ) ;
#2638 = ORIENTED_EDGE ( 'NONE', *, *, #4624, .F. ) ;
#2639 = CARTESIAN_POINT ( 'NONE',  ( 2.540000000000000480, 8.509000000000000341, 1.270000000000001128 ) ) ;
#2640 = VERTEX_POINT ( 'NONE', #317 ) ;
#2641 = FACE_OUTER_BOUND ( 'NONE', #552, .T. ) ;
#2642 = ORIENTED_EDGE ( 'NONE', *, *, #4752, .F. ) ;
#2643 = LINE ( 'NONE', #2693, #8742 ) ;
#2644 = CARTESIAN_POINT ( 'NONE',  ( 15.24000000000000021, 8.509000000000000341, -1.270000000000001128 ) ) ;
#2645 = VECTOR ( 'NONE', #374, 1000.000000000000000 ) ;
#2646 = DIRECTION ( 'NONE',  ( 0.000000000000000000, 0.000000000000000000, 1.000000000000000000 ) ) ;
#2647 = EDGE_CURVE ( 'NONE', #2895, #5396, #3285, .T. ) ;
#2648 = CARTESIAN_POINT ( 'NONE',  ( -4.191000000000000725, 8.064500000000000668, -0.3810000000000032250 ) ) ;
#2649 = ADVANCED_FACE ( 'NONE', ( #3922 ), #8219, .F. ) ;
#2650 = ORIENTED_EDGE ( 'NONE', *, *, #4529, .T. ) ;
#2651 = MECHANICAL_DESIGN_GEOMETRIC_PRESENTATION_REPRESENTATION (  '', ( #5147 ), #5453 ) ;
#2652 = LINE ( 'NONE', #6442, #2944 ) ;
#2653 = ORIENTED_EDGE ( 'NONE', *, *, #8982, .F. ) ;
#2654 = CARTESIAN_POINT ( 'NONE',  ( 5.080000000000000959, 0.5080000000000000071, 0.7528818102449925664 ) ) ;
#2655 = ORIENTED_EDGE ( 'NONE', *, *, #3247, .F. ) ;
#2656 = CARTESIAN_POINT ( 'NONE',  ( -15.24000000000000021, 3.110602869834277161E-16, -1.270000000000001128 ) ) ;
#2657 = UNCERTAINTY_MEASURE_WITH_UNIT (LENGTH_MEASURE( 1.000000000000000082E-05 ), #3566, 'distance_accuracy_value', 'NONE');
#2658 = CARTESIAN_POINT ( 'NONE',  ( -20.32000000000000028, 0.000000000000000000, 0.000000000000000000 ) ) ;
#2659 = VECTOR ( 'NONE', #9348, 1000.000000000000000 ) ;
#2660 = CARTESIAN_POINT ( 'NONE',  ( -15.24000000000000021, -1.925929944387235853E-31, 0.8889999999999991243 ) ) ;
#2661 = CARTESIAN_POINT ( 'NONE',  ( 0.000000000000000000, 8.509000000000000341, 1.270000000000001128 ) ) ;
#2662 = VERTEX_POINT ( 'NONE', #222 ) ;
#2663 = CARTESIAN_POINT ( 'NONE',  ( -17.78000000000000114, 0.000000000000000000, 1.269999999999998908 ) ) ;
#2664 = VECTOR ( 'NONE', #7156, 1000.000000000000000 ) ;
#2665 = ADVANCED_FACE ( 'NONE', ( #3391 ), #7611, .F. ) ;
#2666 = DIRECTION ( 'NONE',  ( 0.000000000000000000, 1.733406087350420004E-16, -1.000000000000000000 ) ) ;
#2667 = ORIENTED_EDGE ( 'NONE', *, *, #5338, .T. ) ;
#2668 = EDGE_CURVE ( 'NONE', #7984, #3661, #8535, .T. ) ;
#2669 = AXIS2_PLACEMENT_3D ( 'NONE', #2106, #5070, #1187 ) ;
#2670 = DIRECTION ( 'NONE',  ( 0.000000000000000000, 0.000000000000000000, -1.000000000000000000 ) ) ;
#2671 = CARTESIAN_POINT ( 'NONE',  ( 2.984500000000001041, 8.509000000000000341, -0.8255000000000044524 ) ) ;
#2672 = FILL_AREA_STYLE_COLOUR ( '', #3970 ) ;
#2673 = CARTESIAN_POINT ( 'NONE',  ( -17.78000000000000114, 0.5080000000000000071, 0.7528818102449925664 ) ) ;
#2674 = AXIS2_PLACEMENT_3D ( 'NONE', #1029, #3985, #1801 ) ;
#2675 = ORIENTED_EDGE ( 'NONE', *, *, #8481, .T. ) ;
#2676 = CARTESIAN_POINT ( 'NONE',  ( -5.079999999999999183, 8.509000000000000341, -1.270000000000001128 ) ) ;
#2677 = ORIENTED_EDGE ( 'NONE', *, *, #3529, .F. ) ;
#2678 = CARTESIAN_POINT ( 'NONE',  ( 12.69999999999999929, 8.509000000000000341, -1.270000000000001128 ) ) ;
#2679 = DIRECTION ( 'NONE',  ( -0.000000000000000000, 0.2588190451025140781, 0.9659258262890700886 ) ) ;
#2680 = ORIENTED_EDGE ( 'NONE', *, *, #4912, .T. ) ;
#2681 = EDGE_CURVE ( 'NONE', #7616, #5501, #5570, .T. ) ;
#2682 = CARTESIAN_POINT ( 'NONE',  ( -12.69999999999999929, 0.5080000000000000071, 0.7528818102449925664 ) ) ;
#2683 = FACE_OUTER_BOUND ( 'NONE', #6045, .T. ) ;
#2684 = LINE ( 'NONE', #3576, #8817 ) ;
#2685 = VECTOR ( 'NONE', #6582, 1000.000000000000000 ) ;
#2686 = CARTESIAN_POINT ( 'NONE',  ( -3.429000000000001602, 8.064500000000000668, 0.3809999999999953979 ) ) ;
#2687 = ORIENTED_EDGE ( 'NONE', *, *, #8243, .T. ) ;
#2688 = ORIENTED_EDGE ( 'NONE', *, *, #7750, .F. ) ;
#2689 = DIRECTION ( 'NONE',  ( -1.000000000000000000, -0.000000000000000000, -0.000000000000000000 ) ) ;
#2690 = ORIENTED_EDGE ( 'NONE', *, *, #449, .T. ) ;
#2691 = DIRECTION ( 'NONE',  ( 0.000000000000000000, -1.000000000000000000, 0.000000000000000000 ) ) ;
#2692 = ORIENTED_EDGE ( 'NONE', *, *, #4540, .T. ) ;
#2693 = CARTESIAN_POINT ( 'NONE',  ( 0.000000000000000000, 0.000000000000000000, 1.269999999999998908 ) ) ;
#2694 = LINE ( 'NONE', #2644, #7315 ) ;
#2695 = LINE ( 'NONE', #1930, #4123 ) ;
#2696 = CARTESIAN_POINT ( 'NONE',  ( -19.43100000000000094, 8.064500000000000668, -0.3810000000000032250 ) ) ;
#2697 = EDGE_LOOP ( 'NONE', ( #4279, #4957, #8343, #8985, #4254, #3099, #3784, #4887 ) ) ;
#2698 = ADVANCED_FACE ( 'NONE', ( #419, #9126 ), #7020, .F. ) ;
#2699 = CARTESIAN_POINT ( 'NONE',  ( -13.58900000000000041, 7.239000000000000767, -0.3810000000000033915 ) ) ;
#2700 = EDGE_CURVE ( 'NONE', #8678, #5733, #2460, .T. ) ;
#2701 = EDGE_CURVE ( 'NONE', #2540, #3348, #1008, .T. ) ;
#2702 = ORIENTED_EDGE ( 'NONE', *, *, #1601, .F. ) ;
#2703 = CARTESIAN_POINT ( 'NONE',  ( 17.78000000000000114, 0.5080000000000002292, -0.7528818102449945648 ) ) ;
#2704 = ORIENTED_EDGE ( 'NONE', *, *, #8207, .F. ) ;
#2705 = LINE ( 'NONE', #8646, #114 ) ;
#2706 = VECTOR ( 'NONE', #3104, 1000.000000000000000 ) ;
#2707 = CARTESIAN_POINT ( 'NONE',  ( -5.524499999999999744, 8.509000000000000341, 0.8254999999999967919 ) ) ;
#2708 = LINE ( 'NONE', #5679, #8929 ) ;
#2709 = CARTESIAN_POINT ( 'NONE',  ( 17.78000000000000114, 3.110602869834277161E-16, -1.270000000000001128 ) ) ;
#2710 = AXIS2_PLACEMENT_3D ( 'NONE', #8949, #2506, #3339 ) ;
#2711 = ORIENTED_EDGE ( 'NONE', *, *, #6968, .F. ) ;
#2712 = ORIENTED_EDGE ( 'NONE', *, *, #8051, .F. ) ;
#2713 = DIRECTION ( 'NONE',  ( 0.000000000000000000, 0.000000000000000000, -1.000000000000000000 ) ) ;
#2714 = CARTESIAN_POINT ( 'NONE',  ( 2.540000000000000480, 0.000000000000000000, 1.269999999999998908 ) ) ;
#2715 = VERTEX_POINT ( 'NONE', #6192 ) ;
#2716 = FACE_OUTER_BOUND ( 'NONE', #5444, .T. ) ;
#2717 = DIRECTION ( 'NONE',  ( 1.000000000000000000, 0.000000000000000000, 0.000000000000000000 ) ) ;
#2718 = CARTESIAN_POINT ( 'NONE',  ( 11.04899999999999949, 7.239000000000000767, -0.3810000000000033915 ) ) ;
#2719 = CARTESIAN_POINT ( 'NONE',  ( 7.620000000000001883, 0.000000000000000000, 1.269999999999998908 ) ) ;
#2720 = PLANE ( 'NONE',  #724 ) ;
#2721 = VECTOR ( 'NONE', #7588, 1000.000000000000000 ) ;
#2722 = EDGE_CURVE ( 'NONE', #8246, #6960, #9469, .T. ) ;
#2723 = ADVANCED_FACE ( 'NONE', ( #624 ), #8047, .F. ) ;
#2724 = FACE_OUTER_BOUND ( 'NONE', #3938, .T. ) ;
#2725 = ORIENTED_EDGE ( 'NONE', *, *, #8243, .F. ) ;
#2726 = CARTESIAN_POINT ( 'NONE',  ( 0.000000000000000000, 8.509000000000000341, -1.270000000000001128 ) ) ;
#2727 = VECTOR ( 'NONE', #1703, 1000.000000000000000 ) ;
#2728 = CARTESIAN_POINT ( 'NONE',  ( -12.69999999999999929, -1.925929944387235853E-31, 0.8889999999999991243 ) ) ;
#2729 = ORIENTED_EDGE ( 'NONE', *, *, #5559, .T. ) ;
#2730 = CARTESIAN_POINT ( 'NONE',  ( -19.43100000000000094, 7.239000000000000767, -0.3810000000000033915 ) ) ;
#2731 = CARTESIAN_POINT ( 'NONE',  ( 17.78000000000000114, -1.925929944387235853E-31, 0.8889999999999991243 ) ) ;
#2732 = VECTOR ( 'NONE', #7721, 1000.000000000000000 ) ;
#2733 = EDGE_CURVE ( 'NONE', #5309, #5121, #5615, .T. ) ;
#2734 = AXIS2_PLACEMENT_3D ( 'NONE', #391, #1229, #6513 ) ;
#2735 = VERTEX_POINT ( 'NONE', #4208 ) ;
#2736 = EDGE_LOOP ( 'NONE', ( #3078, #3824, #9498, #5215 ) ) ;
#2737 = DIRECTION ( 'NONE',  ( 0.000000000000000000, 0.000000000000000000, 1.000000000000000000 ) ) ;
#2738 = CARTESIAN_POINT ( 'NONE',  ( 12.69999999999999929, 0.000000000000000000, 1.269999999999998908 ) ) ;
#2739 = ORIENTED_EDGE ( 'NONE', *, *, #9410, .T. ) ;
#2740 = ORIENTED_EDGE ( 'NONE', *, *, #8065, .T. ) ;
#2741 = LINE ( 'NONE', #416, #1120 ) ;
#2742 = DIRECTION ( 'NONE',  ( 0.000000000000000000, 1.000000000000000000, 2.548365665731588345E-16 ) ) ;
#2743 = VECTOR ( 'NONE', #2634, 1000.000000000000000 ) ;
#2744 = CARTESIAN_POINT ( 'NONE',  ( -20.57400000000000162, 0.5080000000000002292, -0.7528818102449945648 ) ) ;
#2745 = SURFACE_SIDE_STYLE ('',( #9420 ) ) ;
#2746 = VECTOR ( 'NONE', #454, 1000.000000000000114 ) ;
#2747 = ORIENTED_EDGE ( 'NONE', *, *, #602, .F. ) ;
#2748 = LINE ( 'NONE', #6396, #2029 ) ;
#2749 = VERTEX_POINT ( 'NONE', #525 ) ;
#2750 = CARTESIAN_POINT ( 'NONE',  ( -2.540000000000000480, 8.509000000000000341, 0.8254999999999967919 ) ) ;
#2751 = EDGE_LOOP ( 'NONE', ( #2161, #8840, #6261, #264 ) ) ;
#2752 = DIRECTION ( 'NONE',  ( 0.000000000000000000, 1.000000000000000000, 2.548365665731588345E-16 ) ) ;
#2753 = VECTOR ( 'NONE', #4146, 1000.000000000000000 ) ;
#2754 = CARTESIAN_POINT ( 'NONE',  ( -3.429000000000001602, 7.239000000000000767, 0.3809999999999953979 ) ) ;
#2755 = PLANE ( 'NONE',  #224 ) ;
#2756 = EDGE_CURVE ( 'NONE', #2295, #8135, #6542, .T. ) ;
#2757 = AXIS2_PLACEMENT_3D ( 'NONE', #3745, #39, #735 ) ;
#2758 = VERTEX_POINT ( 'NONE', #5814 ) ;
#2759 = VERTEX_POINT ( 'NONE', #7123 ) ;
#2760 = PLANE ( 'NONE',  #436 ) ;
#2761 = DIRECTION ( 'NONE',  ( 0.000000000000000000, 1.000000000000000000, 1.733406087350420004E-16 ) ) ;
#2762 = ORIENTED_EDGE ( 'NONE', *, *, #5148, .F. ) ;
#2763 =( LENGTH_UNIT ( ) NAMED_UNIT ( * ) SI_UNIT ( .MILLI., .METRE. ) );
#2764 = LINE ( 'NONE', #9393, #7246 ) ;
#2765 = LINE ( 'NONE', #7828, #8308 ) ;
#2766 = CARTESIAN_POINT ( 'NONE',  ( 5.080000000000000959, 8.509000000000000341, 1.270000000000001128 ) ) ;
#2767 = LINE ( 'NONE', #2673, #4109 ) ;
#2768 = EDGE_CURVE ( 'NONE', #6294, #3305, #9517, .T. ) ;
#2769 = EDGE_CURVE ( 'NONE', #375, #7394, #3440, .T. ) ;
#2770 = DIRECTION ( 'NONE',  ( 0.000000000000000000, 0.000000000000000000, -1.000000000000000000 ) ) ;
#2771 = ORIENTED_EDGE ( 'NONE', *, *, #4615, .F. ) ;
#2772 = DIRECTION ( 'NONE',  ( 0.7071067811865475727, -0.7071067811865475727, 0.000000000000000000 ) ) ;
#2773 = CLOSED_SHELL ( 'NONE', ( #9154, #6461, #5186, #9436, #4487, #3235, #617, #2801, #6591, #2245, #5472, #4683, #4910, #6152, #6734, #7229, #2777, #1061, #5174 ) ) ;
#2774 = DIRECTION ( 'NONE',  ( -0.000000000000000000, 1.000000000000000000, 1.440069553722777130E-16 ) ) ;
#2775 = PLANE ( 'NONE',  #8816 ) ;
#2776 = VERTEX_POINT ( 'NONE', #9317 ) ;
#2777 = ADVANCED_FACE ( 'NONE', ( #1396 ), #4937, .F. ) ;
#2778 = LINE ( 'NONE', #6625, #7014 ) ;
#2779 = FACE_OUTER_BOUND ( 'NONE', #1171, .T. ) ;
#2780 = CARTESIAN_POINT ( 'NONE',  ( 11.81099999999999817, 8.064500000000000668, -0.3810000000000032250 ) ) ;
#2781 = VERTEX_POINT ( 'NONE', #3586 ) ;
#2782 = ORIENTED_EDGE ( 'NONE', *, *, #271, .F. ) ;
#2783 = CARTESIAN_POINT ( 'NONE',  ( -2.540000000000000480, 2.177422008883992879E-16, -0.8890000000000013447 ) ) ;
#2784 = AXIS2_PLACEMENT_3D ( 'NONE', #7223, #7178, #6496 ) ;
#2785 = LINE ( 'NONE', #714, #6090 ) ;
#2786 = ORIENTED_EDGE ( 'NONE', *, *, #5230, .T. ) ;
#2787 = EDGE_CURVE ( 'NONE', #9272, #8527, #2695, .T. ) ;
#2788 = EDGE_LOOP ( 'NONE', ( #977, #3569, #3907, #3558 ) ) ;
#2789 = CARTESIAN_POINT ( 'NONE',  ( -18.66900000000000048, 7.239000000000000767, 0.3809999999999953979 ) ) ;
#2790 = PLANE ( 'NONE',  #2969 ) ;
#2791 = EDGE_CURVE ( 'NONE', #1769, #3494, #472, .T. ) ;
#2792 = LINE ( 'NONE', #8783, #2875 ) ;
#2793 = DIRECTION ( 'NONE',  ( -0.7071067811865475727, -0.7071067811865475727, 0.000000000000000000 ) ) ;
#2794 =( GEOMETRIC_REPRESENTATION_CONTEXT ( 3 ) GLOBAL_UNCERTAINTY_ASSIGNED_CONTEXT ( ( #8197 ) ) GLOBAL_UNIT_ASSIGNED_CONTEXT ( ( #2763, #9585, #6510 ) ) REPRESENTATION_CONTEXT ( 'NONE', 'WORKASPACE' ) );
#2795 = ORIENTED_EDGE ( 'NONE', *, *, #7643, .F. ) ;
#2796 = PRODUCT_RELATED_PRODUCT_CATEGORY ( 'part', '', ( #8363 ) ) ;
#2797 = PLANE ( 'NONE',  #3254 ) ;
#2798 = VECTOR ( 'NONE', #629, 1000.000000000000000 ) ;
#2799 = ORIENTED_EDGE ( 'NONE', *, *, #4142, .T. ) ;
#2800 = CARTESIAN_POINT ( 'NONE',  ( 12.69999999999999929, 2.177422008883992879E-16, -0.8890000000000013447 ) ) ;
#2801 = ADVANCED_FACE ( 'NONE', ( #4881 ), #6390, .F. ) ;
#2802 = ORIENTED_EDGE ( 'NONE', *, *, #6755, .T. ) ;
#2803 = DIRECTION ( 'NONE',  ( 0.000000000000000000, -0.7071067811865482389, 0.7071067811865469066 ) ) ;
#2804 = DIRECTION ( 'NONE',  ( -0.3420201433256659929, 0.9396926207859094271, 1.098928681830094149E-16 ) ) ;
#2805 = LINE ( 'NONE', #5777, #8464 ) ;
#2806 = AXIS2_PLACEMENT_3D ( 'NONE', #3223, #9203, #5551 ) ;
#2807 = ORIENTED_EDGE ( 'NONE', *, *, #8966, .F. ) ;
#2808 = ORIENTED_EDGE ( 'NONE', *, *, #7699, .T. ) ;
#2809 = DIRECTION ( 'NONE',  ( 0.000000000000000000, 1.440069553722777130E-16, -1.000000000000000000 ) ) ;
#2810 = DIRECTION ( 'NONE',  ( 1.000000000000000000, 0.000000000000000000, 0.000000000000000000 ) ) ;
#2811 = EDGE_CURVE ( 'NONE', #8231, #7565, #2792, .T. ) ;
#2812 = ORIENTED_EDGE ( 'NONE', *, *, #8292, .F. ) ;
#2813 = CARTESIAN_POINT ( 'NONE',  ( -20.32000000000000028, 0.5080000000000000071, 0.7528818102449925664 ) ) ;
#2814 = VECTOR ( 'NONE', #3750, 1000.000000000000000 ) ;
#2815 = PLANE ( 'NONE',  #1809 ) ;
#2816 = LINE ( 'NONE', #7245, #1019 ) ;
#2817 = CARTESIAN_POINT ( 'NONE',  ( 8.509000000000002117, 8.064500000000000668, 0.3809999999999955644 ) ) ;
#2818 = AXIS2_PLACEMENT_3D ( 'NONE', #3848, #100, #7532 ) ;
#2819 = CARTESIAN_POINT ( 'NONE',  ( 7.620000000000001883, 8.509000000000000341, -1.270000000000001128 ) ) ;
#2820 = ORIENTED_EDGE ( 'NONE', *, *, #853, .F. ) ;
#2821 = DIRECTION ( 'NONE',  ( 0.000000000000000000, -1.000000000000000000, -1.733406087350420004E-16 ) ) ;
#2822 = VECTOR ( 'NONE', #5021, 1000.000000000000000 ) ;
#2823 = LINE ( 'NONE', #1916, #2511 ) ;
#2824 = ADVANCED_FACE ( 'NONE', ( #7172 ), #3487, .F. ) ;
#2825 = LINE ( 'NONE', #7108, #2746 ) ;
#2826 = ORIENTED_EDGE ( 'NONE', *, *, #4739, .T. ) ;
#2827 = FACE_OUTER_BOUND ( 'NONE', #1802, .T. ) ;
#2828 = EDGE_CURVE ( 'NONE', #8653, #7062, #9418, .T. ) ;
#2829 = LINE ( 'NONE', #2876, #9596 ) ;
#2830 = AXIS2_PLACEMENT_3D ( 'NONE', #9252, #2585, #2632 ) ;
#2831 = CARTESIAN_POINT ( 'NONE',  ( 8.509000000000002117, 7.239000000000000767, 0.3809999999999953979 ) ) ;
#2832 = VECTOR ( 'NONE', #9256, 1000.000000000000000 ) ;
#2833 = ORIENTED_EDGE ( 'NONE', *, *, #8882, .F. ) ;
#2834 = ORIENTED_EDGE ( 'NONE', *, *, #4597, .T. ) ;
#2835 = CARTESIAN_POINT ( 'NONE',  ( -2.540000000000000480, 8.509000000000000341, -0.8255000000000044524 ) ) ;
#2836 = AXIS2_PLACEMENT_3D ( 'NONE', #3653, #5834, #7242 ) ;
#2837 = ORIENTED_EDGE ( 'NONE', *, *, #3822, .F. ) ;
#2838 = CARTESIAN_POINT ( 'NONE',  ( 15.24000000000000021, 8.509000000000000341, 1.270000000000001128 ) ) ;
#2839 = CARTESIAN_POINT ( 'NONE',  ( 17.78000000000000114, 3.110602869834277161E-16, -1.270000000000001128 ) ) ;
#2840 = FACE_OUTER_BOUND ( 'NONE', #9558, .T. ) ;
#2841 = EDGE_CURVE ( 'NONE', #4497, #9164, #8689, .T. ) ;
#2842 = ADVANCED_FACE ( 'NONE', ( #6492 ), #5766, .F. ) ;
#2843 = ORIENTED_EDGE ( 'NONE', *, *, #5230, .F. ) ;
#2844 = CARTESIAN_POINT ( 'NONE',  ( -8.064500000000000668, 8.509000000000000341, -0.8255000000000044524 ) ) ;
#2845 = VERTEX_POINT ( 'NONE', #4350 ) ;
#2846 = LINE ( 'NONE', #2703, #6987 ) ;
#2847 = CARTESIAN_POINT ( 'NONE',  ( -12.69999999999999929, 8.509000000000000341, 0.8254999999999967919 ) ) ;
#2848 = PLANE ( 'NONE',  #7858 ) ;
#2849 = LINE ( 'NONE', #8058, #9088 ) ;
#2850 = DIRECTION ( 'NONE',  ( 0.000000000000000000, 0.000000000000000000, 1.000000000000000000 ) ) ;
#2851 = ADVANCED_FACE ( 'NONE', ( #7316 ), #1138, .F. ) ;
#2852 = ORIENTED_EDGE ( 'NONE', *, *, #9398, .F. ) ;
#2853 = FACE_OUTER_BOUND ( 'NONE', #6817, .T. ) ;
#2854 = DIRECTION ( 'NONE',  ( -1.000000000000000000, -0.000000000000000000, -0.000000000000000000 ) ) ;
#2855 = ORIENTED_EDGE ( 'NONE', *, *, #8536, .T. ) ;
#2856 = DIRECTION ( 'NONE',  ( -0.000000000000000000, -0.000000000000000000, 1.000000000000000000 ) ) ;
#2857 = ORIENTED_EDGE ( 'NONE', *, *, #8004, .F. ) ;
#2858 = ORIENTED_EDGE ( 'NONE', *, *, #5706, .F. ) ;
#2859 = DIRECTION ( 'NONE',  ( 1.000000000000000000, 0.000000000000000000, 0.000000000000000000 ) ) ;
#2860 = ORIENTED_EDGE ( 'NONE', *, *, #8787, .F. ) ;
#2861 = LINE ( 'NONE', #6026, #5693 ) ;
#2862 = DIRECTION ( 'NONE',  ( 0.000000000000000000, -5.054934237236841843E-31, -1.000000000000000000 ) ) ;
#2863 = PLANE ( 'NONE',  #6781 ) ;
#2864 = CARTESIAN_POINT ( 'NONE',  ( -12.69999999999999929, 8.509000000000000341, 1.270000000000001128 ) ) ;
#2865 = VECTOR ( 'NONE', #1359, 1000.000000000000000 ) ;
#2866 = LINE ( 'NONE', #9396, #4676 ) ;
#2867 = ORIENTED_EDGE ( 'NONE', *, *, #7750, .T. ) ;
#2868 = CARTESIAN_POINT ( 'NONE',  ( 20.32000000000000028, 0.5080000000000002292, -0.7528818102449945648 ) ) ;
#2869 = CARTESIAN_POINT ( 'NONE',  ( 18.66900000000000048, 7.239000000000000767, -0.3810000000000033915 ) ) ;
#2870 = CARTESIAN_POINT ( 'NONE',  ( 8.509000000000002117, 8.064500000000000668, 0.3809999999999953979 ) ) ;
#2871 = ORIENTED_EDGE ( 'NONE', *, *, #8198, .F. ) ;
#2872 = PLANE ( 'NONE',  #4973 ) ;
#2873 = CARTESIAN_POINT ( 'NONE',  ( 15.24000000000000021, 0.000000000000000000, 1.269999999999998908 ) ) ;
#2874 = CARTESIAN_POINT ( 'NONE',  ( -7.620000000000000107, 3.110602869834277161E-16, -1.270000000000001128 ) ) ;
#2875 = VECTOR ( 'NONE', #4988, 1000.000000000000000 ) ;
#2876 = CARTESIAN_POINT ( 'NONE',  ( 0.000000000000000000, 8.509000000000000341, -1.270000000000001128 ) ) ;
#2877 = FACE_OUTER_BOUND ( 'NONE', #69, .T. ) ;
#2878 = ADVANCED_FACE ( 'NONE', ( #2947 ), #5825, .F. ) ;
#2879 = EDGE_CURVE ( 'NONE', #1694, #5368, #6761, .T. ) ;
#2880 = VERTEX_POINT ( 'NONE', #8771 ) ;
#2881 = ORIENTED_EDGE ( 'NONE', *, *, #6885, .F. ) ;
#2882 = LINE ( 'NONE', #3532, #2149 ) ;
#2883 = ORIENTED_EDGE ( 'NONE', *, *, #7424, .T. ) ;
#2884 = DIRECTION ( 'NONE',  ( 0.000000000000000000, -0.7071067811865482389, 0.7071067811865469066 ) ) ;
#2885 = VECTOR ( 'NONE', #3785, 1000.000000000000000 ) ;
#2886 = AXIS2_PLACEMENT_3D ( 'NONE', #1700, #247, #6365 ) ;
#2887 = DIRECTION ( 'NONE',  ( 0.000000000000000000, -0.9659258262890700886, 0.2588190451025140781 ) ) ;
#2888 = EDGE_CURVE ( 'NONE', #2735, #3939, #2107, .T. ) ;
#2889 = ADVANCED_FACE ( 'NONE', ( #657 ), #6575, .F. ) ;
#2890 = ORIENTED_EDGE ( 'NONE', *, *, #7181, .T. ) ;
#2891 = STYLED_ITEM ( 'NONE', ( #5720 ), #5104 ) ;
#2892 = CONTEXT_DEPENDENT_SHAPE_REPRESENTATION ( #1983, #8361 ) ;
#2893 = VECTOR ( 'NONE', #3705, 1000.000000000000000 ) ;
#2894 = DIRECTION ( 'NONE',  ( 0.000000000000000000, 2.548365665731588345E-16, -1.000000000000000000 ) ) ;
#2895 = VERTEX_POINT ( 'NONE', #1774 ) ;
#2896 = CARTESIAN_POINT ( 'NONE',  ( -11.55700000000000038, 7.810500000000000220, -0.1270000000000029716 ) ) ;
#2897 = EDGE_CURVE ( 'NONE', #5015, #667, #5076, .T. ) ;
#2898 = ADVANCED_FACE ( 'NONE', ( #2683 ), #4340, .F. ) ;
#2899 = CARTESIAN_POINT ( 'NONE',  ( 8.509000000000002117, 8.064500000000000668, -0.3810000000000032250 ) ) ;
#2900 = SURFACE_STYLE_USAGE ( .BOTH. , #9529 ) ;
#2901 = CARTESIAN_POINT ( 'NONE',  ( 19.43100000000000094, 7.239000000000000767, -0.3810000000000033915 ) ) ;
#2902 = VECTOR ( 'NONE', #1004, 1000.000000000000000 ) ;
#2903 = AXIS2_PLACEMENT_3D ( 'NONE', #3272, #6229, #4774 ) ;
#2904 = CARTESIAN_POINT ( 'NONE',  ( 11.04899999999999949, 8.064500000000000668, 0.3809999999999953979 ) ) ;
#2905 = ORIENTED_EDGE ( 'NONE', *, *, #5337, .T. ) ;
#2906 = DIRECTION ( 'NONE',  ( 0.000000000000000000, 0.000000000000000000, 1.000000000000000000 ) ) ;
#2907 = CARTESIAN_POINT ( 'NONE',  ( -16.89099999999999824, 8.064500000000000668, 0.3809999999999953979 ) ) ;
#2908 = ORIENTED_EDGE ( 'NONE', *, *, #8146, .F. ) ;
#2909 = DIRECTION ( 'NONE',  ( -0.000000000000000000, 0.2588190451025140781, 0.9659258262890700886 ) ) ;
#2910 = EDGE_LOOP ( 'NONE', ( #7330, #8306, #7701, #6938 ) ) ;
#2911 = AXIS2_PLACEMENT_3D ( 'NONE', #7299, #6524, #2821 ) ;
#2912 = ORIENTED_EDGE ( 'NONE', *, *, #3542, .T. ) ;
#2913 = PRESENTATION_STYLE_ASSIGNMENT (( #9443 ) ) ;
#2914 =( LENGTH_UNIT ( ) NAMED_UNIT ( * ) SI_UNIT ( .MILLI., .METRE. ) );
#2915 = DIRECTION ( 'NONE',  ( 0.000000000000000000, 2.449293598294710852E-16, -1.000000000000000000 ) ) ;
#2916 = LINE ( 'NONE', #6566, #4273 ) ;
#2917 = EDGE_CURVE ( 'NONE', #7138, #1211, #5655, .T. ) ;
#2918 = LINE ( 'NONE', #3012, #7397 ) ;
#2919 = DIRECTION ( 'NONE',  ( 1.000000000000000000, 0.000000000000000000, 0.000000000000000000 ) ) ;
#2920 = VECTOR ( 'NONE', #8899, 1000.000000000000000 ) ;
#2921 = CARTESIAN_POINT ( 'NONE',  ( -15.24000000000000021, 2.177422008883992879E-16, -0.8890000000000013447 ) ) ;
#2922 = ORIENTED_EDGE ( 'NONE', *, *, #99, .T. ) ;
#2923 = DIRECTION ( 'NONE',  ( 0.000000000000000000, -1.440069553722777130E-16, 1.000000000000000000 ) ) ;
#2924 = CARTESIAN_POINT ( 'NONE',  ( -20.32000000000000028, 3.110602869834277161E-16, -1.270000000000001128 ) ) ;
#2925 = ORIENTED_EDGE ( 'NONE', *, *, #2087, .F. ) ;
#2926 = LINE ( 'NONE', #7065, #2340 ) ;
#2927 = LINE ( 'NONE', #4293, #1441 ) ;
#2928 = DIRECTION ( 'NONE',  ( 0.000000000000000000, 0.9659258262890699775, 0.2588190451025145222 ) ) ;
#2929 = FACE_OUTER_BOUND ( 'NONE', #2788, .T. ) ;
#2930 = DIRECTION ( 'NONE',  ( 1.000000000000000000, 0.000000000000000000, 0.000000000000000000 ) ) ;
#2931 = VERTEX_POINT ( 'NONE', #5945 ) ;
#2932 = ORIENTED_EDGE ( 'NONE', *, *, #7453, .F. ) ;
#2933 = DIRECTION ( 'NONE',  ( -1.000000000000000000, -0.000000000000000000, -0.000000000000000000 ) ) ;
#2934 = DIRECTION ( 'NONE',  ( 0.000000000000000000, -0.9659258262890699775, -0.2588190451025145222 ) ) ;
#2935 = ORIENTED_EDGE ( 'NONE', *, *, #7439, .T. ) ;
#2936 = ADVANCED_FACE ( 'NONE', ( #9553 ), #1431, .F. ) ;
#2937 = PRODUCT ( 'NPPC161LFBN-RC', 'NPPC161LFBN-RC', '', ( #1632 ) ) ;
#2938 = CARTESIAN_POINT ( 'NONE',  ( 15.24000000000000021, 8.509000000000000341, -1.270000000000001128 ) ) ;
#2939 = CARTESIAN_POINT ( 'NONE',  ( 0.3810000000000000053, -2.692399999999995686, 0.2032000000000002693 ) ) ;
#2940 = ORIENTED_EDGE ( 'NONE', *, *, #1574, .F. ) ;
#2941 = DIRECTION ( 'NONE',  ( 0.000000000000000000, -5.054934237236841843E-31, -1.000000000000000000 ) ) ;
#2942 = ADVANCED_FACE ( 'NONE', ( #800 ), #2253, .F. ) ;
#2943 = ORIENTED_EDGE ( 'NONE', *, *, #5151, .T. ) ;
#2944 = VECTOR ( 'NONE', #9425, 1000.000000000000000 ) ;
#2945 = EDGE_CURVE ( 'NONE', #1958, #6655, #2206, .T. ) ;
#2946 = FILL_AREA_STYLE ('',( #8057 ) ) ;
#2947 = FACE_OUTER_BOUND ( 'NONE', #5263, .T. ) ;
#2948 = VERTEX_POINT ( 'NONE', #6579 ) ;
#2949 = VECTOR ( 'NONE', #6081, 1000.000000000000000 ) ;
#2950 = EDGE_CURVE ( 'NONE', #2880, #782, #3807, .T. ) ;
#2951 = DIRECTION ( 'NONE',  ( 1.000000000000000000, 0.000000000000000000, 0.000000000000000000 ) ) ;
#2952 = DIRECTION ( 'NONE',  ( 0.5773502691896253980, 0.5773502691896253980, -0.5773502691896266192 ) ) ;
#2953 = ORIENTED_EDGE ( 'NONE', *, *, #9253, .F. ) ;
#2954 = DIRECTION ( 'NONE',  ( 0.000000000000000000, 1.733406087350420004E-16, -1.000000000000000000 ) ) ;
#2955 = ORIENTED_EDGE ( 'NONE', *, *, #3791, .T. ) ;
#2956 = ORIENTED_EDGE ( 'NONE', *, *, #1410, .F. ) ;
#2957 = CARTESIAN_POINT ( 'NONE',  ( 6.731000000000000760, 7.239000000000000767, 0.3809999999999953979 ) ) ;
#2958 = LINE ( 'NONE', #1462, #1892 ) ;
#2959 = CARTESIAN_POINT ( 'NONE',  ( 1.650999999999999801, 8.064500000000000668, -0.3810000000000032250 ) ) ;
#2960 = LINE ( 'NONE', #8168, #3505 ) ;
#2961 = DIRECTION ( 'NONE',  ( -0.000000000000000000, 1.000000000000000000, 1.733406087350420004E-16 ) ) ;
#2962 = MECHANICAL_DESIGN_GEOMETRIC_PRESENTATION_REPRESENTATION (  '', ( #7466 ), #7308 ) ;
#2963 = EDGE_CURVE ( 'NONE', #7565, #5996, #6673, .T. ) ;
#2964 = PLANE ( 'NONE',  #6230 ) ;
#2965 =( REPRESENTATION_RELATIONSHIP ('NONE','NONE', #9002, #746 ) REPRESENTATION_RELATIONSHIP_WITH_TRANSFORMATION ( #1400 )SHAPE_REPRESENTATION_RELATIONSHIP( ) );
#2966 = ADVANCED_FACE ( 'NONE', ( #5173 ), #755, .F. ) ;
#2967 = ORIENTED_EDGE ( 'NONE', *, *, #8053, .F. ) ;
#2968 = CARTESIAN_POINT ( 'NONE',  ( 20.32000000000000028, 3.110602869834277161E-16, -1.270000000000001128 ) ) ;
#2969 = AXIS2_PLACEMENT_3D ( 'NONE', #6539, #9468, #2742 ) ;
#2970 = PLANE ( 'NONE',  #6395 ) ;
#2971 = ORIENTED_EDGE ( 'NONE', *, *, #7470, .F. ) ;
#2972 = DIRECTION ( 'NONE',  ( 0.000000000000000000, 1.440069553722777130E-16, -1.000000000000000000 ) ) ;
#2973 = LINE ( 'NONE', #5311, #3612 ) ;
#2974 = VECTOR ( 'NONE', #5829, 1000.000000000000000 ) ;
#2975 = CARTESIAN_POINT ( 'NONE',  ( -12.70000000000000107, 0.000000000000000000, 0.000000000000000000 ) ) ;
#2976 = ORIENTED_EDGE ( 'NONE', *, *, #7756, .F. ) ;
#2977 = DIRECTION ( 'NONE',  ( 0.000000000000000000, -1.000000000000000000, -2.548365665731588345E-16 ) ) ;
#2978 = CARTESIAN_POINT ( 'NONE',  ( -5.080000000000000959, 0.5080000000000002292, -0.7528818102449945648 ) ) ;
#2979 = AXIS2_PLACEMENT_3D ( 'NONE', #5928, #8904, #8946 ) ;
#2980 = VECTOR ( 'NONE', #8144, 1000.000000000000000 ) ;
#2981 = EDGE_CURVE ( 'NONE', #12, #945, #3069, .T. ) ;
#2982 = EDGE_LOOP ( 'NONE', ( #2826, #6477, #2326, #6382 ) ) ;
#2983 = ORIENTED_EDGE ( 'NONE', *, *, #8743, .T. ) ;
#2984 = DIRECTION ( 'NONE',  ( 1.000000000000000000, 0.000000000000000000, 0.000000000000000000 ) ) ;
#2985 = ORIENTED_EDGE ( 'NONE', *, *, #7476, .T. ) ;
#2986 = AXIS2_PLACEMENT_3D ( 'NONE', #7901, #7169, #5716 ) ;
#2987 = AXIS2_PLACEMENT_3D ( 'NONE', #4677, #8475, #909 ) ;
#2988 = LINE ( 'NONE', #8241, #32 ) ;
#2989 = CARTESIAN_POINT ( 'NONE',  ( 2.984500000000001041, 8.509000000000000341, 0.8254999999999967919 ) ) ;
#2990 = AXIS2_PLACEMENT_3D ( 'NONE', #5919, #3834, #6695 ) ;
#2991 = ADVANCED_FACE ( 'NONE', ( #2158 ), #9604, .F. ) ;
#2992 = ORIENTED_EDGE ( 'NONE', *, *, #6334, .F. ) ;
#2993 = AXIS2_PLACEMENT_3D ( 'NONE', #1614, #296, #1658 ) ;
#2994 = PLANE ( 'NONE',  #3424 ) ;
#2995 = ORIENTED_EDGE ( 'NONE', *, *, #6100, .T. ) ;
#2996 = FACE_OUTER_BOUND ( 'NONE', #1128, .T. ) ;
#2997 = LINE ( 'NONE', #2323, #9577 ) ;
#2998 = EDGE_CURVE ( 'NONE', #3395, #7336, #7448, .T. ) ;
#2999 = ORIENTED_EDGE ( 'NONE', *, *, #1643, .F. ) ;
#3000 = EDGE_CURVE ( 'NONE', #3680, #3155, #6765, .T. ) ;
#3001 = DIRECTION ( 'NONE',  ( -0.000000000000000000, 0.000000000000000000, 1.000000000000000000 ) ) ;
#3002 = EDGE_CURVE ( 'NONE', #5649, #7012, #7498, .T. ) ;
#3003 = PLANE ( 'NONE',  #2218 ) ;
#3004 = VERTEX_POINT ( 'NONE', #5218 ) ;
#3005 = CARTESIAN_POINT ( 'NONE',  ( 2.540000000000000480, -1.925929944387235853E-31, 0.8889999999999991243 ) ) ;
#3006 = ORIENTED_EDGE ( 'NONE', *, *, #4936, .T. ) ;
#3007 = ORIENTED_EDGE ( 'NONE', *, *, #8834, .T. ) ;
#3008 = DIRECTION ( 'NONE',  ( -0.000000000000000000, 1.000000000000000000, 2.449293598294710852E-16 ) ) ;
#3009 = DIRECTION ( 'NONE',  ( -0.5773502691896253980, 0.5773502691896253980, -0.5773502691896266192 ) ) ;
#3010 = LINE ( 'NONE', #9541, #3044 ) ;
#3011 = FACE_OUTER_BOUND ( 'NONE', #731, .T. ) ;
#3012 = CARTESIAN_POINT ( 'NONE',  ( -12.70000000000000107, 8.509000000000000341, 1.270000000000001128 ) ) ;
#3013 = UNCERTAINTY_MEASURE_WITH_UNIT (LENGTH_MEASURE( 1.000000000000000082E-05 ), #1336, 'distance_accuracy_value', 'NONE');
#3014 = EDGE_CURVE ( 'NONE', #9583, #1636, #6039, .T. ) ;
#3015 = CARTESIAN_POINT ( 'NONE',  ( -10.16000000000000014, 2.177422008883992879E-16, -0.8890000000000013447 ) ) ;
#3016 = ORIENTED_EDGE ( 'NONE', *, *, #9617, .T. ) ;
#3017 = ADVANCED_FACE ( 'NONE', ( #706 ), #3668, .F. ) ;
#3018 = ORIENTED_EDGE ( 'NONE', *, *, #3227, .T. ) ;
#3019 = DIRECTION ( 'NONE',  ( 0.000000000000000000, -0.000000000000000000, -1.000000000000000000 ) ) ;
#3020 = ORIENTED_EDGE ( 'NONE', *, *, #5918, .F. ) ;
#3021 = CARTESIAN_POINT ( 'NONE',  ( -10.16000000000000014, 0.5080000000000002292, -0.7528818102449945648 ) ) ;
#3022 = DIRECTION ( 'NONE',  ( 0.000000000000000000, -1.000000000000000000, -2.548365665731588345E-16 ) ) ;
#3023 = CARTESIAN_POINT ( 'NONE',  ( -2.540000000000000480, 8.509000000000000341, 1.270000000000001128 ) ) ;
#3024 = VERTEX_POINT ( 'NONE', #6721 ) ;
#3025 = EDGE_CURVE ( 'NONE', #8132, #1204, #62, .T. ) ;
#3026 = CARTESIAN_POINT ( 'NONE',  ( 20.57400000000000162, 0.5080000000000002292, -0.7528818102449945648 ) ) ;
#3027 = LINE ( 'NONE', #8922, #1453 ) ;
#3028 = VECTOR ( 'NONE', #8563, 1000.000000000000000 ) ;
#3029 = VERTEX_POINT ( 'NONE', #2302 ) ;
#3030 = ORIENTED_EDGE ( 'NONE', *, *, #5561, .F. ) ;
#3031 = DIRECTION ( 'NONE',  ( 0.5773502691896255090, -0.5773502691896253980, -0.5773502691896263972 ) ) ;
#3032 = ORIENTED_EDGE ( 'NONE', *, *, #1477, .F. ) ;
#3033 = AXIS2_PLACEMENT_3D ( 'NONE', #6953, #7590, #2399 ) ;
#3034 = CARTESIAN_POINT ( 'NONE',  ( -14.35099999999999909, 8.064500000000000668, 0.3809999999999955644 ) ) ;
#3035 = EDGE_CURVE ( 'NONE', #6408, #4779, #5269, .T. ) ;
#3036 = PRODUCT_DEFINITION_CONTEXT ( 'detailed design', #8313, 'design' ) ;
#3037 = ORIENTED_EDGE ( 'NONE', *, *, #2733, .T. ) ;
#3038 = CARTESIAN_POINT ( 'NONE',  ( 8.509000000000002117, 7.239000000000000767, -0.3810000000000033915 ) ) ;
#3039 = VERTEX_POINT ( 'NONE', #8869 ) ;
#3040 = LINE ( 'NONE', #8986, #1106 ) ;
#3041 = VECTOR ( 'NONE', #9341, 1000.000000000000000 ) ;
#3042 = LINE ( 'NONE', #776, #4590 ) ;
#3043 = VECTOR ( 'NONE', #8449, 1000.000000000000000 ) ;
#3044 = VECTOR ( 'NONE', #2145, 1000.000000000000000 ) ;
#3045 = ORIENTED_EDGE ( 'NONE', *, *, #6168, .F. ) ;
#3046 = CARTESIAN_POINT ( 'NONE',  ( 6.350000000000001421, 0.000000000000000000, 0.000000000000000000 ) ) ;
#3047 = DIRECTION ( 'NONE',  ( 1.000000000000000000, 0.000000000000000000, -0.000000000000000000 ) ) ;
#3048 = ORIENTED_EDGE ( 'NONE', *, *, #6356, .F. ) ;
#3049 = CARTESIAN_POINT ( 'NONE',  ( 17.78000000000000114, 2.177422008883992879E-16, -0.8890000000000013447 ) ) ;
#3050 = VERTEX_POINT ( 'NONE', #8460 ) ;
#3051 = VERTEX_POINT ( 'NONE', #2440 ) ;
#3052 = CARTESIAN_POINT ( 'NONE',  ( -19.43100000000000094, 8.064500000000000668, 0.3809999999999955644 ) ) ;
#3053 = PLANE ( 'NONE',  #4221 ) ;
#3054 = CARTESIAN_POINT ( 'NONE',  ( -17.78000000000000114, 2.177422008883992879E-16, -0.8890000000000013447 ) ) ;
#3055 = EDGE_CURVE ( 'NONE', #7394, #777, #4763, .T. ) ;
#3056 = VECTOR ( 'NONE', #4174, 999.9999999999998863 ) ;
#3057 = CARTESIAN_POINT ( 'NONE',  ( -2.540000000000000480, 3.110602869834277161E-16, -1.270000000000001128 ) ) ;
#3058 = LINE ( 'NONE', #9092, #2103 ) ;
#3059 = DIRECTION ( 'NONE',  ( -0.000000000000000000, 0.000000000000000000, -1.000000000000000000 ) ) ;
#3060 = VECTOR ( 'NONE', #3523, 1000.000000000000000 ) ;
#3061 = EDGE_LOOP ( 'NONE', ( #1869, #2795, #8487, #7238 ) ) ;
#3062 = ORIENTED_EDGE ( 'NONE', *, *, #9024, .F. ) ;
#3063 = LINE ( 'NONE', #5355, #603 ) ;
#3064 = DIRECTION ( 'NONE',  ( 0.000000000000000000, -2.449293598294710852E-16, 1.000000000000000000 ) ) ;
#3065 = DIRECTION ( 'NONE',  ( 0.5773502691896255090, -0.5773502691896253980, -0.5773502691896263972 ) ) ;
#3066 = ORIENTED_EDGE ( 'NONE', *, *, #910, .T. ) ;
#3067 = LINE ( 'NONE', #5216, #3105 ) ;
#3068 = FACE_OUTER_BOUND ( 'NONE', #3713, .T. ) ;
#3069 = LINE ( 'NONE', #4527, #231 ) ;
#3070 = ORIENTED_EDGE ( 'NONE', *, *, #8482, .F. ) ;
#3071 = EDGE_CURVE ( 'NONE', #2481, #8166, #7731, .T. ) ;
#3072 = DIRECTION ( 'NONE',  ( -0.000000000000000000, 1.000000000000000000, 1.733406087350420004E-16 ) ) ;
#3073 = CARTESIAN_POINT ( 'NONE',  ( 0.000000000000000000, -1.925929944387235853E-31, 0.8889999999999991243 ) ) ;
#3074 = EDGE_CURVE ( 'NONE', #8972, #2237, #9149, .T. ) ;
#3075 = CARTESIAN_POINT ( 'NONE',  ( 10.16000000000000192, 0.5080000000000002292, -0.7528818102449945648 ) ) ;
#3076 = AXIS2_PLACEMENT_3D ( 'NONE', #7151, #3372, #2539 ) ;
#3077 = ORIENTED_EDGE ( 'NONE', *, *, #4324, .F. ) ;
#3078 = ORIENTED_EDGE ( 'NONE', *, *, #7055, .T. ) ;
#3079 = LINE ( 'NONE', #8338, #6794 ) ;
#3080 = ADVANCED_FACE ( 'NONE', ( #5545 ), #8416, .F. ) ;
#3081 = VECTOR ( 'NONE', #7288, 1000.000000000000000 ) ;
#3082 = ORIENTED_EDGE ( 'NONE', *, *, #9186, .T. ) ;
#3083 = CARTESIAN_POINT ( 'NONE',  ( -5.079999999999999183, 3.110602869834277161E-16, -1.270000000000001128 ) ) ;
#3084 = LINE ( 'NONE', #2166, #6564 ) ;
#3085 = ORIENTED_EDGE ( 'NONE', *, *, #7496, .T. ) ;
#3086 = ADVANCED_FACE ( 'NONE', ( #3897 ), #2397, .F. ) ;
#3087 = EDGE_CURVE ( 'NONE', #4779, #6031, #2531, .T. ) ;
#3088 = CARTESIAN_POINT ( 'NONE',  ( -15.24000000000000021, 0.5080000000000002292, -0.7528818102449945648 ) ) ;
#3089 = EDGE_LOOP ( 'NONE', ( #2398, #2024, #8479, #6080 ) ) ;
#3090 = SURFACE_STYLE_USAGE ( .BOTH. , #8250 ) ;
#3091 = CARTESIAN_POINT ( 'NONE',  ( -12.70000000000000107, -1.925929944387235853E-31, 0.8889999999999991243 ) ) ;
#3092 = ORIENTED_EDGE ( 'NONE', *, *, #6482, .T. ) ;
#3093 =( NAMED_UNIT ( * ) SI_UNIT ( $, .STERADIAN. ) SOLID_ANGLE_UNIT ( ) );
#3094 = DIRECTION ( 'NONE',  ( 0.7071067811865475727, -0.7071067811865475727, 0.000000000000000000 ) ) ;
#3095 = EDGE_CURVE ( 'NONE', #8680, #3110, #5361, .T. ) ;
#3096 = ORIENTED_EDGE ( 'NONE', *, *, #449, .F. ) ;
#3097 = LINE ( 'NONE', #6656, #1220 ) ;
#3098 = VECTOR ( 'NONE', #5868, 1000.000000000000000 ) ;
#3099 = ORIENTED_EDGE ( 'NONE', *, *, #4261, .F. ) ;
#3100 = LINE ( 'NONE', #2381, #2498 ) ;
#3101 = CARTESIAN_POINT ( 'NONE',  ( 11.30300000000000082, 7.810500000000000220, -0.1270000000000029716 ) ) ;
#3102 = PLANE ( 'NONE',  #1652 ) ;
#3103 = CARTESIAN_POINT ( 'NONE',  ( 11.81099999999999817, 7.239000000000000767, 0.3809999999999953979 ) ) ;
#3104 = DIRECTION ( 'NONE',  ( 0.000000000000000000, -1.000000000000000000, -2.548365665731588345E-16 ) ) ;
#3105 = VECTOR ( 'NONE', #6123, 1000.000000000000000 ) ;
#3106 = FACE_OUTER_BOUND ( 'NONE', #2261, .T. ) ;
#3107 = EDGE_CURVE ( 'NONE', #209, #2544, #9059, .T. ) ;
#3108 = ORIENTED_EDGE ( 'NONE', *, *, #3035, .F. ) ;
#3109 = CARTESIAN_POINT ( 'NONE',  ( -1.650999999999999801, 7.239000000000000767, -0.3810000000000033915 ) ) ;
#3110 = VERTEX_POINT ( 'NONE', #343 ) ;
#3111 = CARTESIAN_POINT ( 'NONE',  ( 5.080000000000000959, 8.509000000000000341, -1.270000000000001128 ) ) ;
#3112 = LINE ( 'NONE', #8961, #5317 ) ;
#3113 = VECTOR ( 'NONE', #2048, 1000.000000000000000 ) ;
#3114 = CARTESIAN_POINT ( 'NONE',  ( -0.3810000000000000053, 0.000000000000000000, 0.000000000000000000 ) ) ;
#3115 = ORIENTED_EDGE ( 'NONE', *, *, #4739, .F. ) ;
#3116 = LINE ( 'NONE', #8378, #3176 ) ;
#3117 = DIRECTION ( 'NONE',  ( 0.000000000000000000, -5.054934237236841843E-31, -1.000000000000000000 ) ) ;
#3118 = PLANE ( 'NONE',  #9065 ) ;
#3119 = VECTOR ( 'NONE', #4687, 1000.000000000000000 ) ;
#3120 = ADVANCED_FACE ( 'NONE', ( #3314 ), #6267, .F. ) ;
#3121 = ORIENTED_EDGE ( 'NONE', *, *, #2603, .T. ) ;
#3122 = EDGE_LOOP ( 'NONE', ( #3331, #4548, #5266, #4680, #9068, #5441, #6816, #3702 ) ) ;
#3123 = DIRECTION ( 'NONE',  ( 0.000000000000000000, 1.000000000000000000, 2.548365665731588345E-16 ) ) ;
#3124 = ADVANCED_FACE ( 'NONE', ( #6809 ), #6952, .F. ) ;
#3125 = ORIENTED_EDGE ( 'NONE', *, *, #2446, .F. ) ;
#3126 = CARTESIAN_POINT ( 'NONE',  ( -7.620000000000000107, 0.5080000000000000071, 0.7528818102449925664 ) ) ;
#3127 = AXIS2_PLACEMENT_3D ( 'NONE', #6750, #924, #8217 ) ;
#3128 = CARTESIAN_POINT ( 'NONE',  ( 7.620000000000001883, 8.509000000000000341, 1.270000000000001128 ) ) ;
#3129 = VECTOR ( 'NONE', #2952, 1000.000000000000000 ) ;
#3130 = ORIENTED_EDGE ( 'NONE', *, *, #4451, .T. ) ;
#3131 = AXIS2_PLACEMENT_3D ( 'NONE', #2076, #5763, #8736 ) ;
#3132 = ADVANCED_FACE ( 'NONE', ( #2573 ), #202, .F. ) ;
#3133 = LINE ( 'NONE', #6970, #7914 ) ;
#3134 = VECTOR ( 'NONE', #7153, 1000.000000000000000 ) ;
#3135 = ORIENTED_EDGE ( 'NONE', *, *, #9573, .T. ) ;
#3136 = LINE ( 'NONE', #7373, #3443 ) ;
#3137 = EDGE_CURVE ( 'NONE', #8291, #8432, #152, .T. ) ;
#3138 = VERTEX_POINT ( 'NONE', #7042 ) ;
#3139 = EDGE_CURVE ( 'NONE', #7432, #610, #5403, .T. ) ;
#3140 = AXIS2_PLACEMENT_3D ( 'NONE', #7727, #1079, #6079 ) ;
#3141 = ORIENTED_EDGE ( 'NONE', *, *, #1767, .F. ) ;
#3142 = DIRECTION ( 'NONE',  ( 0.000000000000000000, 0.000000000000000000, 1.000000000000000000 ) ) ;
#3143 = LINE ( 'NONE', #3192, #5168 ) ;
#3144 = DIRECTION ( 'NONE',  ( 1.000000000000000000, 0.000000000000000000, -0.000000000000000000 ) ) ;
#3145 = ORIENTED_EDGE ( 'NONE', *, *, #6061, .F. ) ;
#3146 = DIRECTION ( 'NONE',  ( 0.000000000000000000, -0.9659258262890699775, -0.2588190451025145222 ) ) ;
#3147 = MECHANICAL_DESIGN_GEOMETRIC_PRESENTATION_REPRESENTATION (  '', ( #5958 ), #7965 ) ;
#3148 = ORIENTED_EDGE ( 'NONE', *, *, #5739, .F. ) ;
#3149 = LINE ( 'NONE', #6114, #3056 ) ;
#3150 =( REPRESENTATION_RELATIONSHIP ('NONE','NONE', #9002, #746 ) REPRESENTATION_RELATIONSHIP_WITH_TRANSFORMATION ( #6546 )SHAPE_REPRESENTATION_RELATIONSHIP( ) );
#3151 = CARTESIAN_POINT ( 'NONE',  ( 2.540000000000000036, 7.239000000000000767, -2.201425730935033664E-16 ) ) ;
#3152 = CARTESIAN_POINT ( 'NONE',  ( -20.32000000000000028, 0.000000000000000000, 1.269999999999998908 ) ) ;
#3153 = ADVANCED_FACE ( 'NONE', ( #8515 ), #5493, .F. ) ;
#3154 = CARTESIAN_POINT ( 'NONE',  ( 6.731000000000000760, 7.239000000000000767, -0.3810000000000033915 ) ) ;
#3155 = VERTEX_POINT ( 'NONE', #6904 ) ;
#3156 = EDGE_LOOP ( 'NONE', ( #5289, #4156, #2762, #7254 ) ) ;
#3157 = DIRECTION ( 'NONE',  ( -1.000000000000000000, -0.000000000000000000, -0.000000000000000000 ) ) ;
#3158 = DIRECTION ( 'NONE',  ( -0.5773502691896253980, 0.5773502691896253980, -0.5773502691896266192 ) ) ;
#3159 = VERTEX_POINT ( 'NONE', #6083 ) ;
#3160 = CARTESIAN_POINT ( 'NONE',  ( 2.095500000000000362, 8.509000000000000341, 0.8254999999999967919 ) ) ;
#3161 = DIRECTION ( 'NONE',  ( -0.000000000000000000, -0.000000000000000000, 1.000000000000000000 ) ) ;
#3162 = FACE_OUTER_BOUND ( 'NONE', #2281, .T. ) ;
#3163 = ORIENTED_EDGE ( 'NONE', *, *, #9200, .F. ) ;
#3164 = PLANE ( 'NONE',  #1945 ) ;
#3165 = PLANE ( 'NONE',  #9419 ) ;
#3166 = CARTESIAN_POINT ( 'NONE',  ( -19.43100000000000094, 7.239000000000000767, -0.3810000000000033915 ) ) ;
#3167 = ORIENTED_EDGE ( 'NONE', *, *, #7282, .F. ) ;
#3168 = VERTEX_POINT ( 'NONE', #8328 ) ;
#3169 = FACE_OUTER_BOUND ( 'NONE', #1650, .T. ) ;
#3170 = EDGE_LOOP ( 'NONE', ( #1238, #2303, #4874, #4173 ) ) ;
#3171 = AXIS2_PLACEMENT_3D ( 'NONE', #9232, #6355, #1219 ) ;
#3172 = PLANE ( 'NONE',  #1361 ) ;
#3173 = CARTESIAN_POINT ( 'NONE',  ( -2.540000000000000480, 0.000000000000000000, 1.269999999999998908 ) ) ;
#3174 = ADVANCED_FACE ( 'NONE', ( #3162 ), #9101, .F. ) ;
#3175 = EDGE_CURVE ( 'NONE', #556, #6774, #5591, .T. ) ;
#3176 = VECTOR ( 'NONE', #249, 1000.000000000000000 ) ;
#3177 = AXIS2_PLACEMENT_3D ( 'NONE', #5120, #3664, #9600 ) ;
#3178 = ORIENTED_EDGE ( 'NONE', *, *, #3275, .F. ) ;
#3179 = EDGE_LOOP ( 'NONE', ( #9025, #842, #7402, #5153 ) ) ;
#3180 = PLANE ( 'NONE',  #6940 ) ;
#3181 = PLANE ( 'NONE',  #4193 ) ;
#3182 = ORIENTED_EDGE ( 'NONE', *, *, #911, .T. ) ;
#3183 = DIRECTION ( 'NONE',  ( 0.5773502691896255090, -0.5773502691896253980, -0.5773502691896263972 ) ) ;
#3184 = FACE_OUTER_BOUND ( 'NONE', #2081, .T. ) ;
#3185 = EDGE_CURVE ( 'NONE', #9234, #1455, #3514, .T. ) ;
#3186 = CARTESIAN_POINT ( 'NONE',  ( 6.731000000000000760, 7.239000000000000767, 0.3809999999999953979 ) ) ;
#3187 = ADVANCED_FACE ( 'NONE', ( #6316 ), #2815, .F. ) ;
#3188 = EDGE_CURVE ( 'NONE', #8410, #2758, #9489, .T. ) ;
#3189 = EDGE_CURVE ( 'NONE', #3880, #7407, #6416, .T. ) ;
#3190 = EDGE_LOOP ( 'NONE', ( #6400, #4795, #562, #9538 ) ) ;
#3191 = ITEM_DEFINED_TRANSFORMATION ( 'NONE', 'NONE', #7962,  #4388 ) ;
#3192 = CARTESIAN_POINT ( 'NONE',  ( -9.016999999999999460, 7.810500000000000220, -0.1270000000000029716 ) ) ;
#3193 = VECTOR ( 'NONE', #8764, 1000.000000000000000 ) ;
#3194 = EDGE_CURVE ( 'NONE', #5785, #4392, #497, .T. ) ;
#3195 = DIRECTION ( 'NONE',  ( -0.000000000000000000, 1.000000000000000000, 2.449293598294710852E-16 ) ) ;
#3196 = EDGE_CURVE ( 'NONE', #8189, #3915, #8711, .T. ) ;
#3197 = VERTEX_POINT ( 'NONE', #4236 ) ;
#3198 = EDGE_LOOP ( 'NONE', ( #6746, #5661, #1568, #3475 ) ) ;
#3199 = CARTESIAN_POINT ( 'NONE',  ( -1.650999999999999801, 7.239000000000000767, 0.3809999999999953979 ) ) ;
#3200 = ORIENTED_EDGE ( 'NONE', *, *, #9200, .T. ) ;
#3201 = PLANE ( 'NONE',  #3370 ) ;
#3202 = DIRECTION ( 'NONE',  ( 0.000000000000000000, 0.000000000000000000, 1.000000000000000000 ) ) ;
#3203 = CARTESIAN_POINT ( 'NONE',  ( 1.650999999999999801, 8.064500000000000668, 0.3809999999999955644 ) ) ;
#3204 = VECTOR ( 'NONE', #8700, 1000.000000000000000 ) ;
#3205 = VECTOR ( 'NONE', #4329, 1000.000000000000000 ) ;
#3206 = FACE_OUTER_BOUND ( 'NONE', #1344, .T. ) ;
#3207 = EDGE_LOOP ( 'NONE', ( #2378, #8160, #7988, #1436 ) ) ;
#3208 = VERTEX_POINT ( 'NONE', #7877 ) ;
#3209 = CARTESIAN_POINT ( 'NONE',  ( -5.079999999999999183, 0.000000000000000000, 1.269999999999998908 ) ) ;
#3210 = CARTESIAN_POINT ( 'NONE',  ( -7.620000000000000107, 0.5080000000000000071, 0.7528818102449925664 ) ) ;
#3211 =( GEOMETRIC_REPRESENTATION_CONTEXT ( 3 ) GLOBAL_UNCERTAINTY_ASSIGNED_CONTEXT ( ( #5962 ) ) GLOBAL_UNIT_ASSIGNED_CONTEXT ( ( #7124, #1108, #1981 ) ) REPRESENTATION_CONTEXT ( 'NONE', 'WORKASPACE' ) );
#3212 = ORIENTED_EDGE ( 'NONE', *, *, #1059, .T. ) ;
#3213 = CARTESIAN_POINT ( 'NONE',  ( 10.16000000000000192, 0.5080000000000000071, 0.7528818102449925664 ) ) ;
#3214 = EDGE_CURVE ( 'NONE', #158, #7984, #2098, .T. ) ;
#3215 = AXIS2_PLACEMENT_3D ( 'NONE', #9378, #4796, #376 ) ;
#3216 =( NAMED_UNIT ( * ) SI_UNIT ( $, .STERADIAN. ) SOLID_ANGLE_UNIT ( ) );
#3217 = ORIENTED_EDGE ( 'NONE', *, *, #5001, .F. ) ;
#3218 = DIRECTION ( 'NONE',  ( 0.000000000000000000, 0.000000000000000000, 1.000000000000000000 ) ) ;
#3219 = DIRECTION ( 'NONE',  ( -0.000000000000000000, 0.000000000000000000, 1.000000000000000000 ) ) ;
#3220 = DIRECTION ( 'NONE',  ( 0.000000000000000000, 5.054934237236841843E-31, 1.000000000000000000 ) ) ;
#3221 = CARTESIAN_POINT ( 'NONE',  ( -5.079999999999999183, -1.925929944387235853E-31, 0.8889999999999991243 ) ) ;
#3222 = AXIS2_PLACEMENT_3D ( 'NONE', #9385, #4272, #8703 ) ;
#3223 = CARTESIAN_POINT ( 'NONE',  ( 10.16000000000000192, 8.509000000000000341, -1.270000000000001128 ) ) ;
#3224 = ORIENTED_EDGE ( 'NONE', *, *, #1168, .F. ) ;
#3225 = CARTESIAN_POINT ( 'NONE',  ( 12.69999999999999929, 8.509000000000000341, 1.270000000000001128 ) ) ;
#3226 = ORIENTED_EDGE ( 'NONE', *, *, #4893, .T. ) ;
#3227 = EDGE_CURVE ( 'NONE', #8865, #7182, #546, .T. ) ;
#3228 = VECTOR ( 'NONE', #337, 1000.000000000000000 ) ;
#3229 = DIRECTION ( 'NONE',  ( 0.000000000000000000, 2.548365665731588345E-16, -1.000000000000000000 ) ) ;
#3230 = FACE_OUTER_BOUND ( 'NONE', #6678, .T. ) ;
#3231 = VECTOR ( 'NONE', #4707, 1000.000000000000000 ) ;
#3232 = ORIENTED_EDGE ( 'NONE', *, *, #5809, .T. ) ;
#3233 = VERTEX_POINT ( 'NONE', #4905 ) ;
#3234 = CARTESIAN_POINT ( 'NONE',  ( -2.540000000000000480, -1.925929944387235853E-31, 0.8889999999999991243 ) ) ;
#3235 = ADVANCED_FACE ( 'NONE', ( #2002 ), #3362, .F. ) ;
#3236 = CARTESIAN_POINT ( 'NONE',  ( -11.81099999999999994, 8.064500000000000668, 0.3809999999999953979 ) ) ;
#3237 = PRODUCT_DEFINITION_SHAPE ( 'NONE', 'NONE',  #9635 ) ;
#3238 = VERTEX_POINT ( 'NONE', #444 ) ;
#3239 = DIRECTION ( 'NONE',  ( 0.000000000000000000, 0.9659258262890700886, -0.2588190451025140781 ) ) ;
#3240 = DIRECTION ( 'NONE',  ( 0.000000000000000000, 0.000000000000000000, 1.000000000000000000 ) ) ;
#3241 = CARTESIAN_POINT ( 'NONE',  ( -15.68449999999999989, 8.509000000000000341, -1.270000000000001128 ) ) ;
#3242 = ORIENTED_EDGE ( 'NONE', *, *, #258, .F. ) ;
#3243 = EDGE_CURVE ( 'NONE', #964, #6307, #7921, .T. ) ;
#3244 = CONTEXT_DEPENDENT_SHAPE_REPRESENTATION ( #297, #4948 ) ;
#3245 = CARTESIAN_POINT ( 'NONE',  ( -5.079999999999999183, 8.509000000000000341, -0.8255000000000044524 ) ) ;
#3246 = DIRECTION ( 'NONE',  ( 0.000000000000000000, 0.000000000000000000, 1.000000000000000000 ) ) ;
#3247 = EDGE_CURVE ( 'NONE', #6301, #7714, #2764, .T. ) ;
#3248 = EDGE_LOOP ( 'NONE', ( #3409, #441, #8173, #4727 ) ) ;
#3249 = DIRECTION ( 'NONE',  ( -0.000000000000000000, 1.000000000000000000, 1.733406087350420004E-16 ) ) ;
#3250 = EDGE_LOOP ( 'NONE', ( #2704, #5714, #1593, #8427 ) ) ;
#3251 = CARTESIAN_POINT ( 'NONE',  ( 18.66900000000000048, 8.064500000000000668, 0.3809999999999953979 ) ) ;
#3252 = PLANE ( 'NONE',  #5845 ) ;
#3253 = FACE_OUTER_BOUND ( 'NONE', #9089, .T. ) ;
#3254 = AXIS2_PLACEMENT_3D ( 'NONE', #7128, #6547, #1935 ) ;
#3255 = CARTESIAN_POINT ( 'NONE',  ( 16.89099999999999824, 7.239000000000000767, 0.3809999999999953979 ) ) ;
#3256 = VERTEX_POINT ( 'NONE', #7978 ) ;
#3257 = VERTEX_POINT ( 'NONE', #599 ) ;
#3258 = PLANE ( 'NONE',  #5260 ) ;
#3259 = PLANE ( 'NONE',  #7338 ) ;
#3260 = EDGE_LOOP ( 'NONE', ( #7168, #2075, #1936, #9377 ) ) ;
#3261 = DIRECTION ( 'NONE',  ( 0.000000000000000000, -0.9659258262890699775, -0.2588190451025145222 ) ) ;
#3262 = CARTESIAN_POINT ( 'NONE',  ( -7.620000000000000107, 3.110602869834277161E-16, -1.270000000000001128 ) ) ;
#3263 = CARTESIAN_POINT ( 'NONE',  ( -20.32000000000000028, 8.509000000000000341, -1.270000000000001128 ) ) ;
#3264 = CARTESIAN_POINT ( 'NONE',  ( -8.509000000000000341, 8.064500000000000668, 0.3809999999999953979 ) ) ;
#3265 = CARTESIAN_POINT ( 'NONE',  ( 20.57400000000000162, 0.000000000000000000, 1.269999999999998908 ) ) ;
#3266 = DIRECTION ( 'NONE',  ( 0.000000000000000000, 2.449293598294710852E-16, -1.000000000000000000 ) ) ;
#3267 = ORIENTED_EDGE ( 'NONE', *, *, #2897, .T. ) ;
#3268 = PLANE ( 'NONE',  #1527 ) ;
#3269 = AXIS2_PLACEMENT_3D ( 'NONE', #4384, #2691, #1973 ) ;
#3270 = ORIENTED_EDGE ( 'NONE', *, *, #5549, .T. ) ;
#3271 = DIRECTION ( 'NONE',  ( 0.000000000000000000, 0.000000000000000000, -1.000000000000000000 ) ) ;
#3272 = CARTESIAN_POINT ( 'NONE',  ( 4.191000000000000725, 7.239000000000000767, 0.3809999999999953979 ) ) ;
#3273 = CARTESIAN_POINT ( 'NONE',  ( 0.000000000000000000, 8.509000000000000341, 1.270000000000001128 ) ) ;
#3274 = PRESENTATION_LAYER_ASSIGNMENT (  '', '', ( #7466 ) ) ;
#3275 = EDGE_CURVE ( 'NONE', #3155, #641, #4093, .T. ) ;
#3276 = ORIENTED_EDGE ( 'NONE', *, *, #7035, .F. ) ;
#3277 = ORIENTED_EDGE ( 'NONE', *, *, #1763, .F. ) ;
#3278 = CARTESIAN_POINT ( 'NONE',  ( -9.715500000000000469, 8.509000000000000341, -0.8255000000000044524 ) ) ;
#3279 = ORIENTED_EDGE ( 'NONE', *, *, #4913, .F. ) ;
#3280 = DIRECTION ( 'NONE',  ( -0.000000000000000000, 1.000000000000000000, 1.733406087350420004E-16 ) ) ;
#3281 = VECTOR ( 'NONE', #1250, 1000.000000000000000 ) ;
#3282 = ORIENTED_EDGE ( 'NONE', *, *, #2722, .F. ) ;
#3283 = PLANE ( 'NONE',  #6999 ) ;
#3284 = FACE_OUTER_BOUND ( 'NONE', #9075, .T. ) ;
#3285 = LINE ( 'NONE', #1107, #6598 ) ;
#3286 =( LENGTH_UNIT ( ) NAMED_UNIT ( * ) SI_UNIT ( .MILLI., .METRE. ) );
#3287 = ADVANCED_FACE ( 'NONE', ( #4282 ), #7243, .F. ) ;
#3288 = VECTOR ( 'NONE', #2389, 1000.000000000000000 ) ;
#3289 = EDGE_LOOP ( 'NONE', ( #5295, #1645, #5640, #8528 ) ) ;
#3290 = AXIS2_PLACEMENT_3D ( 'NONE', #8082, #7444, #8914 ) ;
#3291 = DIRECTION ( 'NONE',  ( 0.000000000000000000, 5.054934237236841843E-31, 1.000000000000000000 ) ) ;
#3292 = CARTESIAN_POINT ( 'NONE',  ( -10.16000000000000014, 2.177422008883992879E-16, -0.8890000000000013447 ) ) ;
#3293 = VERTEX_POINT ( 'NONE', #9293 ) ;
#3294 = DIRECTION ( 'NONE',  ( 0.000000000000000000, 1.000000000000000000, 1.733406087350420004E-16 ) ) ;
#3295 = ORIENTED_EDGE ( 'NONE', *, *, #1398, .T. ) ;
#3296 = VECTOR ( 'NONE', #7631, 1000.000000000000000 ) ;
#3297 = PLANE ( 'NONE',  #5380 ) ;
#3298 = PLANE ( 'NONE',  #8958 ) ;
#3299 = VECTOR ( 'NONE', #951, 999.9999999999998863 ) ;
#3300 = DIRECTION ( 'NONE',  ( 1.000000000000000000, 0.000000000000000000, -0.000000000000000000 ) ) ;
#3301 = EDGE_CURVE ( 'NONE', #556, #3208, #2623, .T. ) ;
#3302 = EDGE_CURVE ( 'NONE', #2295, #6101, #7827, .T. ) ;
#3303 = ADVANCED_FACE ( 'NONE', ( #3411 ), #8609, .F. ) ;
#3304 = VECTOR ( 'NONE', #2622, 1000.000000000000000 ) ;
#3305 = VERTEX_POINT ( 'NONE', #5256 ) ;
#3306 = EDGE_LOOP ( 'NONE', ( #3371, #7700, #6001, #4076 ) ) ;
#3307 = LINE ( 'NONE', #7679, #4006 ) ;
#3308 = PRESENTATION_LAYER_ASSIGNMENT (  '', '', ( #5958 ) ) ;
#3309 = CARTESIAN_POINT ( 'NONE',  ( -16.12900000000000134, 7.239000000000000767, 0.3809999999999953979 ) ) ;
#3310 = VERTEX_POINT ( 'NONE', #2959 ) ;
#3311 = FILL_AREA_STYLE_COLOUR ( '', #2491 ) ;
#3312 = CARTESIAN_POINT ( 'NONE',  ( -13.58900000000000041, 8.064500000000000668, 0.3809999999999955644 ) ) ;
#3313 = ORIENTED_EDGE ( 'NONE', *, *, #6928, .T. ) ;
#3314 = FACE_OUTER_BOUND ( 'NONE', #913, .T. ) ;
#3315 = CARTESIAN_POINT ( 'NONE',  ( 12.69999999999999929, 2.177422008883992879E-16, -0.8890000000000013447 ) ) ;
#3316 = CARTESIAN_POINT ( 'NONE',  ( 10.15999999999999837, 3.110602869834277161E-16, -1.270000000000001128 ) ) ;
#3317 = CARTESIAN_POINT ( 'NONE',  ( 19.87550000000000239, 8.509000000000000341, 0.8254999999999967919 ) ) ;
#3318 = ADVANCED_FACE ( 'NONE', ( #4514 ), #5886, .F. ) ;
#3319 = EDGE_CURVE ( 'NONE', #1211, #1012, #1418, .T. ) ;
#3320 = EDGE_CURVE ( 'NONE', #8883, #6910, #8167, .T. ) ;
#3321 = CARTESIAN_POINT ( 'NONE',  ( 0.000000000000000000, 0.5080000000000002292, -0.7528818102449945648 ) ) ;
#3322 = ORIENTED_EDGE ( 'NONE', *, *, #6482, .F. ) ;
#3323 = DIRECTION ( 'NONE',  ( 0.000000000000000000, 1.440069553722777130E-16, -1.000000000000000000 ) ) ;
#3324 = VERTEX_POINT ( 'NONE', #2286 ) ;
#3325 = EDGE_CURVE ( 'NONE', #6091, #8246, #6751, .T. ) ;
#3326 = DIRECTION ( 'NONE',  ( 0.000000000000000000, 2.548365665731588345E-16, -1.000000000000000000 ) ) ;
#3327 = EDGE_CURVE ( 'NONE', #3257, #2447, #8218, .T. ) ;
#3328 = DIRECTION ( 'NONE',  ( 0.000000000000000000, 1.000000000000000000, 2.548365665731588345E-16 ) ) ;
#3329 = LINE ( 'NONE', #9072, #1290 ) ;
#3330 = EDGE_LOOP ( 'NONE', ( #8131, #2581, #8006, #3096 ) ) ;
#3331 = ORIENTED_EDGE ( 'NONE', *, *, #2317, .F. ) ;
#3332 = FACE_OUTER_BOUND ( 'NONE', #3931, .T. ) ;
#3333 = ORIENTED_EDGE ( 'NONE', *, *, #1782, .F. ) ;
#3334 = CARTESIAN_POINT ( 'NONE',  ( 12.25549999999999962, 8.509000000000000341, -0.8255000000000044524 ) ) ;
#3335 = VERTEX_POINT ( 'NONE', #8122 ) ;
#3336 = DIRECTION ( 'NONE',  ( 0.000000000000000000, 0.000000000000000000, -1.000000000000000000 ) ) ;
#3337 = LINE ( 'NONE', #6879, #8559 ) ;
#3338 = ADVANCED_FACE ( 'NONE', ( #7292 ), #7435, .F. ) ;
#3339 = DIRECTION ( 'NONE',  ( 0.000000000000000000, 1.000000000000000000, 1.733406087350420004E-16 ) ) ;
#3340 = LINE ( 'NONE', #6293, #113 ) ;
#3341 = AXIS2_PLACEMENT_3D ( 'NONE', #9495, #6708, #5162 ) ;
#3342 = ORIENTED_EDGE ( 'NONE', *, *, #5225, .F. ) ;
#3343 = DIRECTION ( 'NONE',  ( 0.000000000000000000, 0.000000000000000000, -1.000000000000000000 ) ) ;
#3344 = CARTESIAN_POINT ( 'NONE',  ( 12.69999999999999929, -1.925929944387235853E-31, 0.8889999999999991243 ) ) ;
#3345 = ORIENTED_EDGE ( 'NONE', *, *, #7343, .T. ) ;
#3346 = CARTESIAN_POINT ( 'NONE',  ( 3.429000000000001602, 7.239000000000000767, 0.3809999999999953979 ) ) ;
#3347 = VECTOR ( 'NONE', #3645, 1000.000000000000000 ) ;
#3348 = VERTEX_POINT ( 'NONE', #3795 ) ;
#3349 = CARTESIAN_POINT ( 'NONE',  ( -9.715500000000000469, 8.509000000000000341, -1.270000000000001128 ) ) ;
#3350 = UNCERTAINTY_MEASURE_WITH_UNIT (LENGTH_MEASURE( 1.000000000000000082E-05 ), #3286, 'distance_accuracy_value', 'NONE');
#3351 = DIRECTION ( 'NONE',  ( 0.000000000000000000, 0.000000000000000000, 1.000000000000000000 ) ) ;
#3352 = LINE ( 'NONE', #6304, #1622 ) ;
#3353 = COLOUR_RGB ( '',0.2509803921568627416, 0.2509803921568627416, 0.2509803921568627416 ) ;
#3354 = EDGE_LOOP ( 'NONE', ( #3889, #6227, #3048, #3085 ) ) ;
#3355 = EDGE_LOOP ( 'NONE', ( #6092, #7475, #3032, #4692 ) ) ;
#3356 = LINE ( 'NONE', #3984, #7422 ) ;
#3357 = DIRECTION ( 'NONE',  ( -0.000000000000000000, 0.000000000000000000, -1.000000000000000000 ) ) ;
#3358 = EDGE_CURVE ( 'NONE', #2749, #4779, #3010, .T. ) ;
#3359 = VERTEX_POINT ( 'NONE', #3054 ) ;
#3360 =( NAMED_UNIT ( * ) PLANE_ANGLE_UNIT ( ) SI_UNIT ( $, .RADIAN. ) );
#3361 = CARTESIAN_POINT ( 'NONE',  ( 16.63700000000000045, 7.810500000000000220, -0.1270000000000029716 ) ) ;
#3362 = PLANE ( 'NONE',  #9105 ) ;
#3363 = AXIS2_PLACEMENT_3D ( 'NONE', #3401, #8936, #7280 ) ;
#3364 = LINE ( 'NONE', #9394, #4423 ) ;
#3365 = VECTOR ( 'NONE', #2670, 1000.000000000000000 ) ;
#3366 = DIRECTION ( 'NONE',  ( -1.000000000000000000, -0.000000000000000000, -0.000000000000000000 ) ) ;
#3367 = FACE_OUTER_BOUND ( 'NONE', #8915, .T. ) ;
#3368 = FACE_OUTER_BOUND ( 'NONE', #5702, .T. ) ;
#3369 = AXIS2_PLACEMENT_3D ( 'NONE', #5135, #2079, #3684 ) ;
#3370 = AXIS2_PLACEMENT_3D ( 'NONE', #3977, #327, #5482 ) ;
#3371 = ORIENTED_EDGE ( 'NONE', *, *, #286, .T. ) ;
#3372 = DIRECTION ( 'NONE',  ( -0.7071067811865475727, -0.7071067811865475727, 0.000000000000000000 ) ) ;
#3373 = ADVANCED_FACE ( 'NONE', ( #1463, #2192 ), #94, .F. ) ;
#3374 = CARTESIAN_POINT ( 'NONE',  ( -7.620000000000000107, -1.925929944387235853E-31, 0.8889999999999991243 ) ) ;
#3375 = ORIENTED_EDGE ( 'NONE', *, *, #5288, .T. ) ;
#3376 = DIRECTION ( 'NONE',  ( 0.000000000000000000, 1.000000000000000000, 2.548365665731588345E-16 ) ) ;
#3377 = EDGE_CURVE ( 'NONE', #1927, #2662, #6612, .T. ) ;
#3378 = DIRECTION ( 'NONE',  ( -1.000000000000000000, -0.000000000000000000, -0.000000000000000000 ) ) ;
#3379 = DIRECTION ( 'NONE',  ( 0.7071067811865475727, -0.7071067811865475727, 0.000000000000000000 ) ) ;
#3380 = VECTOR ( 'NONE', #6422, 1000.000000000000000 ) ;
#3381 = VECTOR ( 'NONE', #2586, 1000.000000000000000 ) ;
#3382 = ORIENTED_EDGE ( 'NONE', *, *, #9074, .T. ) ;
#3383 = ORIENTED_EDGE ( 'NONE', *, *, #2841, .F. ) ;
#3384 = CARTESIAN_POINT ( 'NONE',  ( 0.000000000000000000, 8.509000000000000341, -1.270000000000001128 ) ) ;
#3385 = AXIS2_PLACEMENT_3D ( 'NONE', #9463, #1484, #3724 ) ;
#3386 = ORIENTED_EDGE ( 'NONE', *, *, #956, .F. ) ;
#3387 = LINE ( 'NONE', #7848, #4196 ) ;
#3388 = ORIENTED_EDGE ( 'NONE', *, *, #1767, .T. ) ;
#3389 = CARTESIAN_POINT ( 'NONE',  ( 14.35099999999999909, 7.239000000000000767, 0.3809999999999953979 ) ) ;
#3390 =( LENGTH_UNIT ( ) NAMED_UNIT ( * ) SI_UNIT ( .MILLI., .METRE. ) );
#3391 = FACE_OUTER_BOUND ( 'NONE', #6182, .T. ) ;
#3392 = FACE_OUTER_BOUND ( 'NONE', #949, .T. ) ;
#3393 = AXIS2_PLACEMENT_3D ( 'NONE', #3864, #9112, #5229 ) ;
#3394 = EDGE_CURVE ( 'NONE', #725, #7150, #740, .T. ) ;
#3395 = VERTEX_POINT ( 'NONE', #8999 ) ;
#3396 = DIRECTION ( 'NONE',  ( -0.000000000000000000, 0.000000000000000000, -1.000000000000000000 ) ) ;
#3397 = EDGE_LOOP ( 'NONE', ( #5969, #9390, #9411, #1318 ) ) ;
#3398 = DIRECTION ( 'NONE',  ( -0.000000000000000000, 1.000000000000000000, 1.733406087350420004E-16 ) ) ;
#3399 = VERTEX_POINT ( 'NONE', #7387 ) ;
#3400 = CARTESIAN_POINT ( 'NONE',  ( -12.69999999999999929, 3.110602869834277161E-16, -1.270000000000001128 ) ) ;
#3401 = CARTESIAN_POINT ( 'NONE',  ( 5.969000000000002082, 8.064500000000000668, 0.3809999999999955644 ) ) ;
#3402 = DIRECTION ( 'NONE',  ( 1.000000000000000000, 0.000000000000000000, 0.000000000000000000 ) ) ;
#3403 = EDGE_CURVE ( 'NONE', #1124, #1887, #2861, .T. ) ;
#3404 = CARTESIAN_POINT ( 'NONE',  ( 11.81099999999999817, 8.064500000000000668, 0.3809999999999953979 ) ) ;
#3405 = ORIENTED_EDGE ( 'NONE', *, *, #7944, .T. ) ;
#3406 = ORIENTED_EDGE ( 'NONE', *, *, #2125, .F. ) ;
#3407 = CARTESIAN_POINT ( 'NONE',  ( -1.650999999999999801, 8.064500000000000668, -0.3810000000000032250 ) ) ;
#3408 = CARTESIAN_POINT ( 'NONE',  ( 10.16000000000000192, 0.000000000000000000, 1.269999999999998908 ) ) ;
#3409 = ORIENTED_EDGE ( 'NONE', *, *, #6424, .T. ) ;
#3410 =( NAMED_UNIT ( * ) PLANE_ANGLE_UNIT ( ) SI_UNIT ( $, .RADIAN. ) );
#3411 = FACE_OUTER_BOUND ( 'NONE', #7779, .T. ) ;
#3412 = CARTESIAN_POINT ( 'NONE',  ( -15.24000000000000021, 8.509000000000000341, -1.270000000000001128 ) ) ;
#3413 = PLANE ( 'NONE',  #3980 ) ;
#3414 =( NAMED_UNIT ( * ) SI_UNIT ( $, .STERADIAN. ) SOLID_ANGLE_UNIT ( ) );
#3415 = EDGE_CURVE ( 'NONE', #667, #8391, #6704, .T. ) ;
#3416 = ORIENTED_EDGE ( 'NONE', *, *, #2722, .T. ) ;
#3417 = CARTESIAN_POINT ( 'NONE',  ( -4.191000000000000725, 8.064500000000000668, 0.3809999999999953979 ) ) ;
#3418 = ORIENTED_EDGE ( 'NONE', *, *, #6062, .F. ) ;
#3419 = CARTESIAN_POINT ( 'NONE',  ( 12.69999999999999929, 0.000000000000000000, 1.269999999999998908 ) ) ;
#3420 = FACE_OUTER_BOUND ( 'NONE', #5052, .T. ) ;
#3421 = DIRECTION ( 'NONE',  ( 0.000000000000000000, 5.054934237236841843E-31, 1.000000000000000000 ) ) ;
#3422 = ORIENTED_EDGE ( 'NONE', *, *, #4492, .T. ) ;
#3423 = CARTESIAN_POINT ( 'NONE',  ( -20.32000000000000028, 2.177422008883992879E-16, -0.8890000000000013447 ) ) ;
#3424 = AXIS2_PLACEMENT_3D ( 'NONE', #8838, #2269, #8931 ) ;
#3425 = CARTESIAN_POINT ( 'NONE',  ( -5.079999999999999183, 0.5080000000000002292, -0.7528818102449945648 ) ) ;
#3426 = CARTESIAN_POINT ( 'NONE',  ( -16.12900000000000134, 8.064500000000000668, 0.3809999999999953979 ) ) ;
#3427 = EDGE_CURVE ( 'NONE', #4989, #3614, #6661, .T. ) ;
#3428 = COLOUR_RGB ( '',0.2509803921568627416, 0.2509803921568627416, 0.2509803921568627416 ) ;
#3429 = ADVANCED_FACE ( 'NONE', ( #5060 ), #8024, .F. ) ;
#3430 = EDGE_CURVE ( 'NONE', #6101, #8912, #7339, .T. ) ;
#3431 = VERTEX_POINT ( 'NONE', #1793 ) ;
#3432 = EDGE_LOOP ( 'NONE', ( #5605, #8337, #5465, #4162 ) ) ;
#3433 = DIRECTION ( 'NONE',  ( 0.000000000000000000, 0.9659258262890700886, -0.2588190451025140781 ) ) ;
#3434 = ORIENTED_EDGE ( 'NONE', *, *, #3914, .F. ) ;
#3435 = DIRECTION ( 'NONE',  ( 0.000000000000000000, -1.000000000000000000, -2.548365665731588345E-16 ) ) ;
#3436 = ORIENTED_EDGE ( 'NONE', *, *, #966, .T. ) ;
#3437 = CARTESIAN_POINT ( 'NONE',  ( -20.32000000000000028, 3.110602869834277161E-16, -1.270000000000001128 ) ) ;
#3438 = CARTESIAN_POINT ( 'NONE',  ( -3.683000000000002050, 7.810500000000000220, -0.1270000000000029716 ) ) ;
#3439 = VECTOR ( 'NONE', #3398, 1000.000000000000000 ) ;
#3440 = LINE ( 'NONE', #1304, #871 ) ;
#3441 = CARTESIAN_POINT ( 'NONE',  ( -17.78000000000000114, 2.177422008883992879E-16, -0.8890000000000013447 ) ) ;
#3442 = ORIENTED_EDGE ( 'NONE', *, *, #927, .T. ) ;
#3443 = VECTOR ( 'NONE', #726, 1000.000000000000000 ) ;
#3444 = CARTESIAN_POINT ( 'NONE',  ( 11.04899999999999949, 8.064500000000000668, -0.3810000000000032250 ) ) ;
#3445 = ORIENTED_EDGE ( 'NONE', *, *, #4624, .T. ) ;
#3446 = LINE ( 'NONE', #6446, #4051 ) ;
#3447 = ORIENTED_EDGE ( 'NONE', *, *, #526, .F. ) ;
#3448 = ADVANCED_FACE ( 'NONE', ( #282 ), #7619, .F. ) ;
#3449 = CARTESIAN_POINT ( 'NONE',  ( -13.14450000000000074, 8.509000000000000341, -0.8255000000000044524 ) ) ;
#3450 = CARTESIAN_POINT ( 'NONE',  ( -10.16000000000000014, 8.509000000000000341, 1.270000000000001128 ) ) ;
#3451 = VECTOR ( 'NONE', #8030, 1000.000000000000000 ) ;
#3452 = FACE_OUTER_BOUND ( 'NONE', #8615, .T. ) ;
#3453 = CARTESIAN_POINT ( 'NONE',  ( -3.429000000000001602, 7.239000000000000767, -0.3810000000000033915 ) ) ;
#3454 = ORIENTED_EDGE ( 'NONE', *, *, #7555, .T. ) ;
#3455 = VERTEX_POINT ( 'NONE', #8359 ) ;
#3456 = FACE_OUTER_BOUND ( 'NONE', #9204, .T. ) ;
#3457 = VECTOR ( 'NONE', #9207, 1000.000000000000000 ) ;
#3458 = LINE ( 'NONE', #2094, #348 ) ;
#3459 = ORIENTED_EDGE ( 'NONE', *, *, #486, .F. ) ;
#3460 = LINE ( 'NONE', #7142, #6206 ) ;
#3461 = DIRECTION ( 'NONE',  ( 1.000000000000000000, 0.000000000000000000, 0.000000000000000000 ) ) ;
#3462 = VECTOR ( 'NONE', #8256, 1000.000000000000000 ) ;
#3463 = CARTESIAN_POINT ( 'NONE',  ( -12.69999999999999929, 0.5080000000000002292, -0.7528818102449945648 ) ) ;
#3464 = CARTESIAN_POINT ( 'NONE',  ( 10.15999999999999837, 0.000000000000000000, 0.000000000000000000 ) ) ;
#3465 = EDGE_CURVE ( 'NONE', #6831, #8733, #6890, .T. ) ;
#3466 = FACE_OUTER_BOUND ( 'NONE', #3179, .T. ) ;
#3467 = CARTESIAN_POINT ( 'NONE',  ( -5.079999999999999183, 3.110602869834277161E-16, -1.270000000000001128 ) ) ;
#3468 = AXIS2_PLACEMENT_3D ( 'NONE', #6563, #4959, #2859 ) ;
#3469 = VECTOR ( 'NONE', #5008, 1000.000000000000000 ) ;
#3470 = CARTESIAN_POINT ( 'NONE',  ( -5.079999999999999183, 0.000000000000000000, 1.269999999999998908 ) ) ;
#3471 = EDGE_LOOP ( 'NONE', ( #8272, #5992, #6714, #5212 ) ) ;
#3472 = CARTESIAN_POINT ( 'NONE',  ( -9.715500000000000469, 8.509000000000000341, 0.8254999999999967919 ) ) ;
#3473 = PLANE ( 'NONE',  #5778 ) ;
#3474 = CARTESIAN_POINT ( 'NONE',  ( 16.89099999999999824, 7.239000000000000767, -0.3810000000000033915 ) ) ;
#3475 = ORIENTED_EDGE ( 'NONE', *, *, #1494, .T. ) ;
#3476 = CARTESIAN_POINT ( 'NONE',  ( 12.69999999999999929, 8.509000000000000341, -1.270000000000001128 ) ) ;
#3477 = DIRECTION ( 'NONE',  ( 0.000000000000000000, 0.9659258262890700886, -0.2588190451025140781 ) ) ;
#3478 = FILL_AREA_STYLE ('',( #5707 ) ) ;
#3479 = ORIENTED_EDGE ( 'NONE', *, *, #5348, .F. ) ;
#3480 = VERTEX_POINT ( 'NONE', #6939 ) ;
#3481 = CARTESIAN_POINT ( 'NONE',  ( 0.8890000000000009006, 8.064500000000000668, 0.3809999999999953979 ) ) ;
#3482 = VERTEX_POINT ( 'NONE', #9139 ) ;
#3483 = ADVANCED_FACE ( 'NONE', ( #6203 ), #2424, .F. ) ;
#3484 = ORIENTED_EDGE ( 'NONE', *, *, #1064, .F. ) ;
#3485 = DIRECTION ( 'NONE',  ( 0.000000000000000000, 0.000000000000000000, -1.000000000000000000 ) ) ;
#3486 = LINE ( 'NONE', #5036, #5915 ) ;
#3487 = PLANE ( 'NONE',  #5675 ) ;
#3488 = LINE ( 'NONE', #7904, #4454 ) ;
#3489 = VERTEX_POINT ( 'NONE', #234 ) ;
#3490 = LINE ( 'NONE', #7907, #7296 ) ;
#3491 = ADVANCED_FACE ( 'NONE', ( #6071 ), #3297, .F. ) ;
#3492 = ORIENTED_EDGE ( 'NONE', *, *, #4820, .T. ) ;
#3493 = CARTESIAN_POINT ( 'NONE',  ( 11.04899999999999949, 8.064500000000000668, -0.3810000000000032250 ) ) ;
#3494 = VERTEX_POINT ( 'NONE', #4027 ) ;
#3495 = DIRECTION ( 'NONE',  ( 0.000000000000000000, -0.000000000000000000, -1.000000000000000000 ) ) ;
#3496 = ADVANCED_FACE ( 'NONE', ( #2469 ), #3201, .F. ) ;
#3497 = ADVANCED_FACE ( 'NONE', ( #1598 ), #3102, .F. ) ;
#3498 = AXIS2_PLACEMENT_3D ( 'NONE', #9383, #7866, #7085 ) ;
#3499 = EDGE_CURVE ( 'NONE', #4631, #2759, #5351, .T. ) ;
#3500 = CARTESIAN_POINT ( 'NONE',  ( -11.04900000000000126, 8.064500000000000668, 0.3809999999999955644 ) ) ;
#3501 = PLANE ( 'NONE',  #4269 ) ;
#3502 = EDGE_CURVE ( 'NONE', #8733, #3039, #8448, .T. ) ;
#3503 = EDGE_CURVE ( 'NONE', #610, #7724, #9090, .T. ) ;
#3504 = CARTESIAN_POINT ( 'NONE',  ( -1.650999999999999801, 7.239000000000000767, 0.3809999999999953979 ) ) ;
#3505 = VECTOR ( 'NONE', #786, 1000.000000000000000 ) ;
#3506 = LINE ( 'NONE', #4178, #1859 ) ;
#3507 = VECTOR ( 'NONE', #1383, 1000.000000000000000 ) ;
#3508 = ORIENTED_EDGE ( 'NONE', *, *, #6041, .F. ) ;
#3509 = CARTESIAN_POINT ( 'NONE',  ( -9.270999999999999019, 8.064500000000000668, -0.3810000000000032250 ) ) ;
#3510 = CARTESIAN_POINT ( 'NONE',  ( -11.81099999999999994, 8.064500000000000668, 0.3809999999999955644 ) ) ;
#3511 = VERTEX_POINT ( 'NONE', #1738 ) ;
#3512 = DIRECTION ( 'NONE',  ( 0.000000000000000000, -0.9659258262890700886, 0.2588190451025140781 ) ) ;
#3513 = DIRECTION ( 'NONE',  ( 0.000000000000000000, 0.000000000000000000, 1.000000000000000000 ) ) ;
#3514 = LINE ( 'NONE', #5642, #8953 ) ;
#3515 = LINE ( 'NONE', #5592, #7058 ) ;
#3516 = SURFACE_STYLE_USAGE ( .BOTH. , #548 ) ;
#3517 = VECTOR ( 'NONE', #3766, 1000.000000000000000 ) ;
#3518 = EDGE_CURVE ( 'NONE', #6655, #3004, #4701, .T. ) ;
#3519 = CARTESIAN_POINT ( 'NONE',  ( 16.89099999999999824, 8.064500000000000668, 0.3809999999999953979 ) ) ;
#3520 = ADVANCED_FACE ( 'NONE', ( #4560 ), #1071, .F. ) ;
#3521 = EDGE_LOOP ( 'NONE', ( #2333, #3386, #2642, #8643 ) ) ;
#3522 = DIRECTION ( 'NONE',  ( 0.000000000000000000, 0.000000000000000000, -1.000000000000000000 ) ) ;
#3523 = DIRECTION ( 'NONE',  ( 0.000000000000000000, 0.000000000000000000, -1.000000000000000000 ) ) ;
#3524 = ORIENTED_EDGE ( 'NONE', *, *, #3214, .F. ) ;
#3525 = CARTESIAN_POINT ( 'NONE',  ( 14.79549999999999876, 8.509000000000000341, -1.270000000000001128 ) ) ;
#3526 = PLANE ( 'NONE',  #2270 ) ;
#3527 = VECTOR ( 'NONE', #3351, 1000.000000000000000 ) ;
#3528 = VECTOR ( 'NONE', #7098, 1000.000000000000000 ) ;
#3529 = EDGE_CURVE ( 'NONE', #3618, #228, #879, .T. ) ;
#3530 = ORIENTED_EDGE ( 'NONE', *, *, #787, .T. ) ;
#3531 = EDGE_LOOP ( 'NONE', ( #5749, #6483, #1052, #7067, #3295, #288, #2855, #4754 ) ) ;
#3532 = CARTESIAN_POINT ( 'NONE',  ( -9.270999999999999019, 7.239000000000000767, -0.3810000000000033915 ) ) ;
#3533 = CARTESIAN_POINT ( 'NONE',  ( -6.730999999999998984, 8.064500000000000668, -0.3810000000000032250 ) ) ;
#3534 = ORIENTED_EDGE ( 'NONE', *, *, #8526, .T. ) ;
#3535 = MECHANICAL_DESIGN_GEOMETRIC_PRESENTATION_REPRESENTATION (  '', ( #8031 ), #414 ) ;
#3536 = ORIENTED_EDGE ( 'NONE', *, *, #1659, .F. ) ;
#3537 = DIRECTION ( 'NONE',  ( 1.000000000000000000, 0.000000000000000000, 0.000000000000000000 ) ) ;
#3538 = CARTESIAN_POINT ( 'NONE',  ( 15.24000000000000021, 3.110602869834277161E-16, -1.270000000000001128 ) ) ;
#3539 = AXIS2_PLACEMENT_3D ( 'NONE', #1261, #9429, #2752 ) ;
#3540 = DIRECTION ( 'NONE',  ( -0.5773502691896253980, 0.5773502691896253980, -0.5773502691896266192 ) ) ;
#3541 = PLANE ( 'NONE',  #4594 ) ;
#3542 = EDGE_CURVE ( 'NONE', #7798, #7888, #4605, .T. ) ;
#3543 = VECTOR ( 'NONE', #7791, 1000.000000000000000 ) ;
#3544 = ORIENTED_EDGE ( 'NONE', *, *, #8264, .F. ) ;
#3545 = DIRECTION ( 'NONE',  ( -0.5773502691896253980, -0.5773502691896255090, -0.5773502691896263972 ) ) ;
#3546 = ORIENTED_EDGE ( 'NONE', *, *, #9238, .F. ) ;
#3547 = DIRECTION ( 'NONE',  ( 1.000000000000000000, 0.000000000000000000, 0.000000000000000000 ) ) ;
#3548 = EDGE_LOOP ( 'NONE', ( #1395, #2807, #9367, #5058 ) ) ;
#3549 = FACE_OUTER_BOUND ( 'NONE', #6658, .T. ) ;
#3550 = VECTOR ( 'NONE', #5892, 1000.000000000000000 ) ;
#3551 = DIRECTION ( 'NONE',  ( 0.000000000000000000, -1.000000000000000000, -2.338910953479677683E-16 ) ) ;
#3552 = LINE ( 'NONE', #4359, #3347 ) ;
#3553 = DIRECTION ( 'NONE',  ( -0.7071067811865475727, -0.7071067811865475727, 0.000000000000000000 ) ) ;
#3554 = EDGE_CURVE ( 'NONE', #5166, #2715, #3884, .T. ) ;
#3555 = DIRECTION ( 'NONE',  ( 0.7071067811865475727, -0.7071067811865475727, 0.000000000000000000 ) ) ;
#3556 = AXIS2_PLACEMENT_3D ( 'NONE', #7334, #6607, #491 ) ;
#3557 = EDGE_CURVE ( 'NONE', #4490, #580, #3149, .T. ) ;
#3558 = ORIENTED_EDGE ( 'NONE', *, *, #4103, .T. ) ;
#3559 = ORIENTED_EDGE ( 'NONE', *, *, #7215, .F. ) ;
#3560 = CARTESIAN_POINT ( 'NONE',  ( -16.12900000000000134, 7.239000000000000767, 0.3809999999999953979 ) ) ;
#3561 = FACE_OUTER_BOUND ( 'NONE', #2083, .T. ) ;
#3562 = EDGE_LOOP ( 'NONE', ( #6839, #5382, #4544, #3698 ) ) ;
#3563 = LINE ( 'NONE', #2813, #9482 ) ;
#3564 = DIRECTION ( 'NONE',  ( -1.000000000000000000, -0.000000000000000000, -0.000000000000000000 ) ) ;
#3565 = CARTESIAN_POINT ( 'NONE',  ( -16.12900000000000134, 8.064500000000000668, 0.3809999999999955644 ) ) ;
#3566 =( LENGTH_UNIT ( ) NAMED_UNIT ( * ) SI_UNIT ( .MILLI., .METRE. ) );
#3567 = SURFACE_STYLE_FILL_AREA ( #4909 ) ;
#3568 = CARTESIAN_POINT ( 'NONE',  ( -13.84300000000000175, 7.810500000000001108, 0.1269999999999957552 ) ) ;
#3569 = ORIENTED_EDGE ( 'NONE', *, *, #2315, .F. ) ;
#3570 = DIRECTION ( 'NONE',  ( 0.000000000000000000, 1.733406087350420004E-16, -1.000000000000000000 ) ) ;
#3571 = LINE ( 'NONE', #3617, #4839 ) ;
#3572 = LINE ( 'NONE', #7257, #3849 ) ;
#3573 = ORIENTED_EDGE ( 'NONE', *, *, #9434, .F. ) ;
#3574 = LINE ( 'NONE', #660, #4539 ) ;
#3575 = EDGE_CURVE ( 'NONE', #5733, #2268, #7228, .T. ) ;
#3576 = CARTESIAN_POINT ( 'NONE',  ( 4.191000000000000725, 8.064500000000000668, 0.3809999999999953979 ) ) ;
#3577 = ADVANCED_FACE ( 'NONE', ( #6402 ), #1989, .F. ) ;
#3578 = DIRECTION ( 'NONE',  ( 0.000000000000000000, -1.733406087350420004E-16, 1.000000000000000000 ) ) ;
#3579 = ORIENTED_EDGE ( 'NONE', *, *, #8526, .F. ) ;
#3580 = ORIENTED_EDGE ( 'NONE', *, *, #7125, .F. ) ;
#3581 = FACE_OUTER_BOUND ( 'NONE', #3355, .T. ) ;
#3582 = VECTOR ( 'NONE', #1985, 1000.000000000000000 ) ;
#3583 = LINE ( 'NONE', #6296, #7485 ) ;
#3584 = ORIENTED_EDGE ( 'NONE', *, *, #6640, .T. ) ;
#3585 = FACE_OUTER_BOUND ( 'NONE', #2697, .T. ) ;
#3586 = CARTESIAN_POINT ( 'NONE',  ( -5.969000000000000306, 7.239000000000000767, -0.3810000000000033915 ) ) ;
#3587 = EDGE_CURVE ( 'NONE', #2609, #7849, #430, .T. ) ;
#3588 = DIRECTION ( 'NONE',  ( -1.000000000000000000, -0.000000000000000000, -0.000000000000000000 ) ) ;
#3589 = VECTOR ( 'NONE', #8179, 1000.000000000000000 ) ;
#3590 = VERTEX_POINT ( 'NONE', #1164 ) ;
#3591 = CARTESIAN_POINT ( 'NONE',  ( -10.16000000000000014, 0.000000000000000000, 1.269999999999998908 ) ) ;
#3592 = VECTOR ( 'NONE', #1735, 1000.000000000000000 ) ;
#3593 = ORIENTED_EDGE ( 'NONE', *, *, #5860, .F. ) ;
#3594 = LINE ( 'NONE', #2173, #4207 ) ;
#3595 = CARTESIAN_POINT ( 'NONE',  ( -9.270999999999999019, 7.239000000000000767, 0.3809999999999953979 ) ) ;
#3596 = LINE ( 'NONE', #8798, #2427 ) ;
#3597 = DIRECTION ( 'NONE',  ( 0.000000000000000000, 1.440069553722777130E-16, -1.000000000000000000 ) ) ;
#3598 = VECTOR ( 'NONE', #3239, 1000.000000000000114 ) ;
#3599 = ORIENTED_EDGE ( 'NONE', *, *, #9494, .F. ) ;
#3600 = DIRECTION ( 'NONE',  ( -0.000000000000000000, -0.000000000000000000, 1.000000000000000000 ) ) ;
#3601 = CARTESIAN_POINT ( 'NONE',  ( 8.509000000000002117, 7.239000000000000767, 0.3809999999999953979 ) ) ;
#3602 = EDGE_LOOP ( 'NONE', ( #320, #3242, #5818, #5228 ) ) ;
#3603 = LINE ( 'NONE', #8706, #8518 ) ;
#3604 = ORIENTED_EDGE ( 'NONE', *, *, #9269, .T. ) ;
#3605 = DIRECTION ( 'NONE',  ( 0.000000000000000000, -0.9659258262890699775, -0.2588190451025145222 ) ) ;
#3606 = AXIS2_PLACEMENT_3D ( 'NONE', #6844, #4565, #9003 ) ;
#3607 = DIRECTION ( 'NONE',  ( 0.000000000000000000, 0.000000000000000000, -1.000000000000000000 ) ) ;
#3608 = EDGE_CURVE ( 'NONE', #7813, #5562, #5727, .T. ) ;
#3609 = DIRECTION ( 'NONE',  ( -0.000000000000000000, 0.000000000000000000, -1.000000000000000000 ) ) ;
#3610 = CARTESIAN_POINT ( 'NONE',  ( -16.89099999999999824, 8.064500000000000668, -0.3810000000000032250 ) ) ;
#3611 = EDGE_CURVE ( 'NONE', #5370, #8401, #7911, .T. ) ;
#3612 = VECTOR ( 'NONE', #6082, 1000.000000000000000 ) ;
#3613 = DIRECTION ( 'NONE',  ( 1.000000000000000000, 0.000000000000000000, -0.000000000000000000 ) ) ;
#3614 = VERTEX_POINT ( 'NONE', #3449 ) ;
#3615 = PLANE ( 'NONE',  #124 ) ;
#3616 = AXIS2_PLACEMENT_3D ( 'NONE', #3929, #4694, #1063 ) ;
#3617 = CARTESIAN_POINT ( 'NONE',  ( -20.57400000000000162, 0.5080000000000000071, 0.7528818102449925664 ) ) ;
#3618 = VERTEX_POINT ( 'NONE', #8699 ) ;
#3619 = FACE_OUTER_BOUND ( 'NONE', #3190, .T. ) ;
#3620 = LINE ( 'NONE', #8724, #8107 ) ;
#3621 = CARTESIAN_POINT ( 'NONE',  ( -17.78000000000000114, 0.000000000000000000, 1.269999999999998908 ) ) ;
#3622 = CARTESIAN_POINT ( 'NONE',  ( 12.69999999999999929, 0.5080000000000002292, -0.7528818102449945648 ) ) ;
#3623 = COLOUR_RGB ( '',1.000000000000000000, 0.8117647058823529438, 0.5019607843137254832 ) ;
#3624 = EDGE_CURVE ( 'NONE', #2845, #8183, #1888, .T. ) ;
#3625 = DIRECTION ( 'NONE',  ( 0.000000000000000000, -1.000000000000000000, -1.733406087350420004E-16 ) ) ;
#3626 = EDGE_CURVE ( 'NONE', #1506, #9462, #2705, .T. ) ;
#3627 = VECTOR ( 'NONE', #4724, 1000.000000000000000 ) ;
#3628 = VERTEX_POINT ( 'NONE', #9230 ) ;
#3629 = EDGE_CURVE ( 'NONE', #1280, #6453, #1118, .T. ) ;
#3630 = ORIENTED_EDGE ( 'NONE', *, *, #6335, .T. ) ;
#3631 = LINE ( 'NONE', #6585, #9122 ) ;
#3632 = EDGE_CURVE ( 'NONE', #6920, #2776, #1939, .T. ) ;
#3633 = DIRECTION ( 'NONE',  ( -1.000000000000000000, 0.000000000000000000, 0.000000000000000000 ) ) ;
#3634 = VERTEX_POINT ( 'NONE', #535 ) ;
#3635 = EDGE_CURVE ( 'NONE', #1185, #88, #7083, .T. ) ;
#3636 = VECTOR ( 'NONE', #6087, 1000.000000000000000 ) ;
#3637 = DIRECTION ( 'NONE',  ( 0.000000000000000000, -1.440069553722777130E-16, 1.000000000000000000 ) ) ;
#3638 = CARTESIAN_POINT ( 'NONE',  ( -17.78000000000000114, 3.110602869834277161E-16, -1.270000000000001128 ) ) ;
#3639 = ORIENTED_EDGE ( 'NONE', *, *, #7992, .F. ) ;
#3640 = ADVANCED_FACE ( 'NONE', ( #3549 ), #8501, .F. ) ;
#3641 = CARTESIAN_POINT ( 'NONE',  ( 2.984500000000001041, 8.509000000000000341, -1.270000000000001128 ) ) ;
#3642 = ORIENTED_EDGE ( 'NONE', *, *, #4912, .F. ) ;
#3643 = CARTESIAN_POINT ( 'NONE',  ( 20.57400000000000162, 0.5080000000000000071, 0.7528818102449925664 ) ) ;
#3644 = LINE ( 'NONE', #2899, #8651 ) ;
#3645 = DIRECTION ( 'NONE',  ( -0.000000000000000000, 1.000000000000000000, 1.733406087350420004E-16 ) ) ;
#3646 = ORIENTED_EDGE ( 'NONE', *, *, #9185, .F. ) ;
#3647 = FACE_BOUND ( 'NONE', #2591, .T. ) ;
#3648 = EDGE_LOOP ( 'NONE', ( #9077, #9312, #6873, #8009 ) ) ;
#3649 = LINE ( 'NONE', #6507, #3865 ) ;
#3650 = ORIENTED_EDGE ( 'NONE', *, *, #345, .T. ) ;
#3651 = EDGE_LOOP ( 'NONE', ( #7928, #9093, #4291, #7290, #2976, #1003, #1848, #2504 ) ) ;
#3652 = VECTOR ( 'NONE', #3845, 1000.000000000000000 ) ;
#3653 = CARTESIAN_POINT ( 'NONE',  ( -19.05000000000000071, 0.000000000000000000, 0.000000000000000000 ) ) ;
#3654 = CARTESIAN_POINT ( 'NONE',  ( -13.84300000000000175, 7.810500000000000220, -0.1270000000000029716 ) ) ;
#3655 = FACE_OUTER_BOUND ( 'NONE', #6971, .T. ) ;
#3656 = LINE ( 'NONE', #8267, #8025 ) ;
#3657 = CARTESIAN_POINT ( 'NONE',  ( 0.000000000000000000, 8.509000000000000341, 1.270000000000001128 ) ) ;
#3658 = VECTOR ( 'NONE', #6600, 1000.000000000000000 ) ;
#3659 = CARTESIAN_POINT ( 'NONE',  ( 9.017000000000001236, 7.810500000000000220, -0.1270000000000029716 ) ) ;
#3660 = EDGE_CURVE ( 'NONE', #6101, #5698, #2561, .T. ) ;
#3661 = VERTEX_POINT ( 'NONE', #7963 ) ;
#3662 = DIRECTION ( 'NONE',  ( -1.000000000000000000, 0.000000000000000000, 0.000000000000000000 ) ) ;
#3663 = DIRECTION ( 'NONE',  ( 0.000000000000000000, 0.000000000000000000, -1.000000000000000000 ) ) ;
#3664 = DIRECTION ( 'NONE',  ( -0.000000000000000000, -0.7071067811865482389, -0.7071067811865467956 ) ) ;
#3665 = ORIENTED_EDGE ( 'NONE', *, *, #9185, .T. ) ;
#3666 = DIRECTION ( 'NONE',  ( 0.000000000000000000, 0.000000000000000000, 1.000000000000000000 ) ) ;
#3667 = CARTESIAN_POINT ( 'NONE',  ( 5.080000000000000959, 8.509000000000000341, -1.270000000000001128 ) ) ;
#3668 = PLANE ( 'NONE',  #5065 ) ;
#3669 = VECTOR ( 'NONE', #4688, 1000.000000000000000 ) ;
#3670 = VECTOR ( 'NONE', #5312, 1000.000000000000000 ) ;
#3671 = CARTESIAN_POINT ( 'NONE',  ( -19.43100000000000094, 8.064500000000000668, 0.3809999999999953979 ) ) ;
#3672 = DIRECTION ( 'NONE',  ( 0.000000000000000000, 0.000000000000000000, 1.000000000000000000 ) ) ;
#3673 = EDGE_CURVE ( 'NONE', #8236, #2237, #1313, .T. ) ;
#3674 = STYLED_ITEM ( 'NONE', ( #7980 ), #4403 ) ;
#3675 = ORIENTED_EDGE ( 'NONE', *, *, #319, .T. ) ;
#3676 = ORIENTED_EDGE ( 'NONE', *, *, #9343, .F. ) ;
#3677 = PLANE ( 'NONE',  #1210 ) ;
#3678 = DIRECTION ( 'NONE',  ( 1.000000000000000000, 0.000000000000000000, 0.000000000000000000 ) ) ;
#3679 = ADVANCED_FACE ( 'NONE', ( #5530 ), #7132, .T. ) ;
#3680 = VERTEX_POINT ( 'NONE', #4078 ) ;
#3681 = FACE_OUTER_BOUND ( 'NONE', #6063, .T. ) ;
#3682 = VECTOR ( 'NONE', #5914, 1000.000000000000000 ) ;
#3683 = AXIS2_PLACEMENT_3D ( 'NONE', #4420, #2240, #5930 ) ;
#3684 = DIRECTION ( 'NONE',  ( 0.000000000000000000, 5.054934237236841843E-31, 1.000000000000000000 ) ) ;
#3685 = VERTEX_POINT ( 'NONE', #6302 ) ;
#3686 = VECTOR ( 'NONE', #4502, 1000.000000000000000 ) ;
#3687 = VECTOR ( 'NONE', #7599, 1000.000000000000114 ) ;
#3688 = DIRECTION ( 'NONE',  ( 0.000000000000000000, -1.000000000000000000, 0.000000000000000000 ) ) ;
#3689 = ORIENTED_EDGE ( 'NONE', *, *, #5236, .F. ) ;
#3690 = FACE_OUTER_BOUND ( 'NONE', #6728, .T. ) ;
#3691 = DIRECTION ( 'NONE',  ( 0.000000000000000000, 1.000000000000000000, 0.000000000000000000 ) ) ;
#3692 = DIRECTION ( 'NONE',  ( 1.000000000000000000, -0.000000000000000000, -0.000000000000000000 ) ) ;
#3693 = EDGE_CURVE ( 'NONE', #59, #8203, #9278, .T. ) ;
#3694 = AXIS2_PLACEMENT_3D ( 'NONE', #1771, #218, #6694 ) ;
#3695 = VERTEX_POINT ( 'NONE', #4848 ) ;
#3696 = CARTESIAN_POINT ( 'NONE',  ( -7.620000000000000107, 3.110602869834277161E-16, -1.270000000000001128 ) ) ;
#3697 = CARTESIAN_POINT ( 'NONE',  ( 7.175500000000001322, 8.509000000000000341, -0.8255000000000044524 ) ) ;
#3698 = ORIENTED_EDGE ( 'NONE', *, *, #7821, .F. ) ;
#3699 = DIRECTION ( 'NONE',  ( 0.000000000000000000, 0.000000000000000000, 1.000000000000000000 ) ) ;
#3700 = EDGE_LOOP ( 'NONE', ( #4355, #8339, #4070, #9326, #8735, #6000, #9005, #5034 ) ) ;
#3701 = VECTOR ( 'NONE', #6805, 1000.000000000000000 ) ;
#3702 = ORIENTED_EDGE ( 'NONE', *, *, #1932, .F. ) ;
#3703 = FILL_AREA_STYLE_COLOUR ( '', #7761 ) ;
#3704 = FACE_OUTER_BOUND ( 'NONE', #4581, .T. ) ;
#3705 = DIRECTION ( 'NONE',  ( 0.000000000000000000, 1.000000000000000000, 0.000000000000000000 ) ) ;
#3706 = PRODUCT_DEFINITION ( 'UNKNOWN', '', #40, #3036 ) ;
#3707 = CARTESIAN_POINT ( 'NONE',  ( 5.080000000000000959, 3.110602869834277161E-16, -1.270000000000001128 ) ) ;
#3708 = CARTESIAN_POINT ( 'NONE',  ( 13.14450000000000074, 8.509000000000000341, 0.8254999999999967919 ) ) ;
#3709 = FILL_AREA_STYLE_COLOUR ( '', #6592 ) ;
#3710 = EDGE_CURVE ( 'NONE', #1068, #3628, #482, .T. ) ;
#3711 = AXIS2_PLACEMENT_3D ( 'NONE', #2465, #1016, #4842 ) ;
#3712 = CARTESIAN_POINT ( 'NONE',  ( 13.84300000000000175, 7.810500000000000220, -0.1270000000000029716 ) ) ;
#3713 = EDGE_LOOP ( 'NONE', ( #1664, #6023, #2259, #6976 ) ) ;
#3714 = LINE ( 'NONE', #6032, #4773 ) ;
#3715 = ORIENTED_EDGE ( 'NONE', *, *, #9087, .F. ) ;
#3716 = DIRECTION ( 'NONE',  ( -0.5773502691896253980, 0.5773502691896253980, -0.5773502691896266192 ) ) ;
#3717 = LINE ( 'NONE', #7400, #347 ) ;
#3718 = DIRECTION ( 'NONE',  ( 0.000000000000000000, 1.440069553722777130E-16, -1.000000000000000000 ) ) ;
#3719 = ORIENTED_EDGE ( 'NONE', *, *, #2125, .T. ) ;
#3720 = DIRECTION ( 'NONE',  ( 0.000000000000000000, 5.054934237236841843E-31, 1.000000000000000000 ) ) ;
#3721 = CARTESIAN_POINT ( 'NONE',  ( 10.16000000000000192, 2.177422008883992879E-16, -0.8890000000000013447 ) ) ;
#3722 = ORIENTED_EDGE ( 'NONE', *, *, #9496, .T. ) ;
#3723 = ORIENTED_EDGE ( 'NONE', *, *, #4219, .F. ) ;
#3724 = DIRECTION ( 'NONE',  ( -0.000000000000000000, 0.000000000000000000, 1.000000000000000000 ) ) ;
#3725 = PLANE ( 'NONE',  #6707 ) ;
#3726 = VERTEX_POINT ( 'NONE', #8105 ) ;
#3727 = CLOSED_SHELL ( 'NONE', ( #6181, #4729, #5704, #5343, #2140, #5329, #4513, #7357, #3679, #3017, #2016, #1363, #6233, #2636, #2196, #3120, #3187, #3846, #2430 ) ) ;
#3728 = CARTESIAN_POINT ( 'NONE',  ( -0.3810000000000000053, 0.5079999999999998961, -0.2031999999999997419 ) ) ;
#3729 = EDGE_CURVE ( 'NONE', #5745, #1840, #3644, .T. ) ;
#3730 = CARTESIAN_POINT ( 'NONE',  ( -1.650999999999999801, 8.064500000000000668, 0.3809999999999955644 ) ) ;
#3731 = EDGE_CURVE ( 'NONE', #3238, #5410, #1451, .T. ) ;
#3732 = UNCERTAINTY_MEASURE_WITH_UNIT (LENGTH_MEASURE( 1.000000000000000082E-05 ), #2914, 'distance_accuracy_value', 'NONE');
#3733 = ORIENTED_EDGE ( 'NONE', *, *, #4635, .F. ) ;
#3734 = DIRECTION ( 'NONE',  ( 0.000000000000000000, 0.000000000000000000, -1.000000000000000000 ) ) ;
#3735 = ORIENTED_EDGE ( 'NONE', *, *, #7754, .T. ) ;
#3736 = FILL_AREA_STYLE_COLOUR ( '', #1567 ) ;
#3737 = VECTOR ( 'NONE', #313, 1000.000000000000000 ) ;
#3738 = DIRECTION ( 'NONE',  ( 0.000000000000000000, -1.000000000000000000, -2.548365665731588345E-16 ) ) ;
#3739 = EDGE_CURVE ( 'NONE', #3310, #2631, #4585, .T. ) ;
#3740 = VERTEX_POINT ( 'NONE', #727 ) ;
#3741 = VECTOR ( 'NONE', #983, 1000.000000000000000 ) ;
#3742 = LINE ( 'NONE', #1502, #8568 ) ;
#3743 = EDGE_LOOP ( 'NONE', ( #8639, #1049, #691, #9111 ) ) ;
#3744 = EDGE_CURVE ( 'NONE', #4710, #7849, #5871, .T. ) ;
#3745 = CARTESIAN_POINT ( 'NONE',  ( 13.58900000000000041, 7.239000000000000767, -0.3810000000000033915 ) ) ;
#3746 = ORIENTED_EDGE ( 'NONE', *, *, #6100, .F. ) ;
#3747 = ORIENTED_EDGE ( 'NONE', *, *, #4515, .T. ) ;
#3748 = DIRECTION ( 'NONE',  ( 0.000000000000000000, 1.440069553722777130E-16, -1.000000000000000000 ) ) ;
#3749 = EDGE_CURVE ( 'NONE', #3293, #8453, #7279, .T. ) ;
#3750 = DIRECTION ( 'NONE',  ( 0.000000000000000000, 1.440069553722777130E-16, -1.000000000000000000 ) ) ;
#3751 = DIRECTION ( 'NONE',  ( -0.5773502691896253980, 0.5773502691896253980, -0.5773502691896266192 ) ) ;
#3752 = PLANE ( 'NONE',  #2710 ) ;
#3753 = LINE ( 'NONE', #8856, #3831 ) ;
#3754 = AXIS2_PLACEMENT_3D ( 'NONE', #5623, #3974, #6937 ) ;
#3755 = PRESENTATION_STYLE_ASSIGNMENT (( #1467 ) ) ;
#3756 = EDGE_CURVE ( 'NONE', #1481, #664, #6500, .T. ) ;
#3757 = FACE_OUTER_BOUND ( 'NONE', #540, .T. ) ;
#3758 = ORIENTED_EDGE ( 'NONE', *, *, #8470, .F. ) ;
#3759 = FACE_BOUND ( 'NONE', #5475, .T. ) ;
#3760 = VECTOR ( 'NONE', #9369, 1000.000000000000114 ) ;
#3761 = DIRECTION ( 'NONE',  ( 0.000000000000000000, -0.9659258262890699775, -0.2588190451025145222 ) ) ;
#3762 = EDGE_LOOP ( 'NONE', ( #4755, #7064, #6747, #246 ) ) ;
#3763 = LINE ( 'NONE', #8373, #1257 ) ;
#3764 = EDGE_CURVE ( 'NONE', #4631, #925, #2407, .T. ) ;
#3765 = CARTESIAN_POINT ( 'NONE',  ( 12.69999999999999929, 0.000000000000000000, 1.269999999999998908 ) ) ;
#3766 = DIRECTION ( 'NONE',  ( -0.000000000000000000, -0.000000000000000000, 1.000000000000000000 ) ) ;
#3767 = ORIENTED_EDGE ( 'NONE', *, *, #7649, .F. ) ;
#3768 = LINE ( 'NONE', #5315, #8008 ) ;
#3769 = LINE ( 'NONE', #5851, #4396 ) ;
#3770 = VECTOR ( 'NONE', #8223, 1000.000000000000000 ) ;
#3771 = VECTOR ( 'NONE', #9351, 1000.000000000000000 ) ;
#3772 = ORIENTED_EDGE ( 'NONE', *, *, #6574, .T. ) ;
#3773 = ORIENTED_EDGE ( 'NONE', *, *, #6050, .T. ) ;
#3774 = DIRECTION ( 'NONE',  ( 0.000000000000000000, 0.000000000000000000, 1.000000000000000000 ) ) ;
#3775 = ORIENTED_EDGE ( 'NONE', *, *, #2963, .F. ) ;
#3776 = AXIS2_PLACEMENT_3D ( 'NONE', #8673, #2014, #1286 ) ;
#3777 = VECTOR ( 'NONE', #7778, 1000.000000000000000 ) ;
#3778 = CARTESIAN_POINT ( 'NONE',  ( -10.16000000000000014, 8.509000000000000341, -1.270000000000001128 ) ) ;
#3779 = CARTESIAN_POINT ( 'NONE',  ( -6.730999999999998984, 7.239000000000000767, -0.3810000000000033915 ) ) ;
#3780 = VERTEX_POINT ( 'NONE', #1355 ) ;
#3781 = COLOUR_RGB ( '',0.2509803921568627416, 0.2509803921568627416, 0.2509803921568627416 ) ;
#3782 = ADVANCED_FACE ( 'NONE', ( #4357 ), #9572, .F. ) ;
#3783 = FACE_BOUND ( 'NONE', #7162, .T. ) ;
#3784 = ORIENTED_EDGE ( 'NONE', *, *, #465, .F. ) ;
#3785 = DIRECTION ( 'NONE',  ( -0.5773502691896253980, 0.5773502691896253980, -0.5773502691896266192 ) ) ;
#3786 = VERTEX_POINT ( 'NONE', #3126 ) ;
#3787 = EDGE_CURVE ( 'NONE', #2329, #1295, #5143, .T. ) ;
#3788 = FACE_OUTER_BOUND ( 'NONE', #7054, .T. ) ;
#3789 = EDGE_LOOP ( 'NONE', ( #5251, #3838, #8590, #3077 ) ) ;
#3790 = PLANE ( 'NONE',  #8049 ) ;
#3791 = EDGE_CURVE ( 'NONE', #1017, #3628, #122, .T. ) ;
#3792 = EDGE_LOOP ( 'NONE', ( #1260, #6562, #3580, #3375 ) ) ;
#3793 = PLANE ( 'NONE',  #8549 ) ;
#3794 = CARTESIAN_POINT ( 'NONE',  ( 16.12900000000000134, 8.064500000000000668, 0.3809999999999955644 ) ) ;
#3795 = CARTESIAN_POINT ( 'NONE',  ( -10.60450000000000159, 8.509000000000000341, 0.8254999999999967919 ) ) ;
#3796 = LINE ( 'NONE', #501, #1350 ) ;
#3797 = LINE ( 'NONE', #6892, #7676 ) ;
#3798 = EDGE_CURVE ( 'NONE', #8166, #6778, #8751, .T. ) ;
#3799 = PLANE ( 'NONE',  #3606 ) ;
#3800 = EDGE_LOOP ( 'NONE', ( #4662, #303, #931, #2332 ) ) ;
#3801 = ORIENTED_EDGE ( 'NONE', *, *, #8612, .F. ) ;
#3802 = CARTESIAN_POINT ( 'NONE',  ( -11.81099999999999994, 7.239000000000000767, 0.3809999999999953979 ) ) ;
#3803 = DIRECTION ( 'NONE',  ( 0.000000000000000000, -1.000000000000000000, 0.000000000000000000 ) ) ;
#3804 = ORIENTED_EDGE ( 'NONE', *, *, #2415, .T. ) ;
#3805 = LINE ( 'NONE', #5358, #5594 ) ;
#3806 = CARTESIAN_POINT ( 'NONE',  ( 9.271000000000000796, 8.064500000000000668, 0.3809999999999955644 ) ) ;
#3807 = LINE ( 'NONE', #8918, #6599 ) ;
#3808 = VERTEX_POINT ( 'NONE', #6051 ) ;
#3809 = DIRECTION ( 'NONE',  ( 0.000000000000000000, -0.9659258262890699775, -0.2588190451025145222 ) ) ;
#3810 = DIRECTION ( 'NONE',  ( -1.000000000000000000, -0.000000000000000000, -0.000000000000000000 ) ) ;
#3811 = DIRECTION ( 'NONE',  ( 0.000000000000000000, 0.000000000000000000, -1.000000000000000000 ) ) ;
#3812 = VECTOR ( 'NONE', #6205, 1000.000000000000000 ) ;
#3813 = EDGE_CURVE ( 'NONE', #5194, #5249, #2361, .T. ) ;
#3814 = EDGE_CURVE ( 'NONE', #209, #1481, #8293, .T. ) ;
#3815 = VERTEX_POINT ( 'NONE', #6820 ) ;
#3816 = ORIENTED_EDGE ( 'NONE', *, *, #7107, .T. ) ;
#3817 = DIRECTION ( 'NONE',  ( -1.000000000000000000, -0.000000000000000000, -0.000000000000000000 ) ) ;
#3818 = VERTEX_POINT ( 'NONE', #6096 ) ;
#3819 = VECTOR ( 'NONE', #445, 1000.000000000000000 ) ;
#3820 = DIRECTION ( 'NONE',  ( 0.000000000000000000, 0.9659258262890700886, -0.2588190451025140781 ) ) ;
#3821 = VECTOR ( 'NONE', #897, 1000.000000000000000 ) ;
#3822 = EDGE_CURVE ( 'NONE', #7193, #1402, #165, .T. ) ;
#3823 = VECTOR ( 'NONE', #4573, 1000.000000000000000 ) ;
#3824 = ORIENTED_EDGE ( 'NONE', *, *, #377, .F. ) ;
#3825 = DIRECTION ( 'NONE',  ( 0.000000000000000000, 1.440069553722777130E-16, -1.000000000000000000 ) ) ;
#3826 = COLOUR_RGB ( '',0.2509803921568627416, 0.2509803921568627416, 0.2509803921568627416 ) ;
#3827 = ORIENTED_EDGE ( 'NONE', *, *, #2888, .F. ) ;
#3828 =( LENGTH_UNIT ( ) NAMED_UNIT ( * ) SI_UNIT ( .MILLI., .METRE. ) );
#3829 = AXIS2_PLACEMENT_3D ( 'NONE', #293, #4711, #3856 ) ;
#3830 =( NAMED_UNIT ( * ) SI_UNIT ( $, .STERADIAN. ) SOLID_ANGLE_UNIT ( ) );
#3831 = VECTOR ( 'NONE', #2242, 1000.000000000000000 ) ;
#3832 = VECTOR ( 'NONE', #9045, 1000.000000000000000 ) ;
#3833 = ORIENTED_EDGE ( 'NONE', *, *, #5278, .F. ) ;
#3834 = DIRECTION ( 'NONE',  ( 0.000000000000000000, 0.000000000000000000, 1.000000000000000000 ) ) ;
#3835 = CARTESIAN_POINT ( 'NONE',  ( -0.8890000000000009006, 8.064500000000000668, 0.3809999999999955644 ) ) ;
#3836 = ORIENTED_EDGE ( 'NONE', *, *, #2787, .F. ) ;
#3837 = PLANE ( 'NONE',  #4939 ) ;
#3838 = ORIENTED_EDGE ( 'NONE', *, *, #3958, .F. ) ;
#3839 = CARTESIAN_POINT ( 'NONE',  ( 5.969000000000002082, 7.239000000000000767, 0.3809999999999953979 ) ) ;
#3840 = LINE ( 'NONE', #5349, #1435 ) ;
#3841 = DIRECTION ( 'NONE',  ( -0.000000000000000000, 1.000000000000000000, 1.733406087350420004E-16 ) ) ;
#3842 = VECTOR ( 'NONE', #1931, 1000.000000000000000 ) ;
#3843 = VECTOR ( 'NONE', #7645, 1000.000000000000000 ) ;
#3844 = CARTESIAN_POINT ( 'NONE',  ( -20.57400000000000162, 0.000000000000000000, 1.269999999999998908 ) ) ;
#3845 = DIRECTION ( 'NONE',  ( 0.000000000000000000, -5.054934237236841843E-31, -1.000000000000000000 ) ) ;
#3846 = ADVANCED_FACE ( 'NONE', ( #9528 ), #950, .F. ) ;
#3847 = EDGE_CURVE ( 'NONE', #782, #5544, #2085, .T. ) ;
#3848 = CARTESIAN_POINT ( 'NONE',  ( 2.540000000000000480, 8.509000000000000341, 1.270000000000001128 ) ) ;
#3849 = VECTOR ( 'NONE', #1143, 1000.000000000000000 ) ;
#3850 = ORIENTED_EDGE ( 'NONE', *, *, #9458, .T. ) ;
#3851 = CARTESIAN_POINT ( 'NONE',  ( 0.8890000000000009006, 7.239000000000000767, 0.3809999999999953979 ) ) ;
#3852 = LINE ( 'NONE', #8175, #4381 ) ;
#3853 = ORIENTED_EDGE ( 'NONE', *, *, #6926, .T. ) ;
#3854 = DIRECTION ( 'NONE',  ( 0.7071067811865475727, -0.7071067811865475727, 0.000000000000000000 ) ) ;
#3855 = CARTESIAN_POINT ( 'NONE',  ( 20.32000000000000028, 2.177422008883992879E-16, -0.8890000000000013447 ) ) ;
#3856 = DIRECTION ( 'NONE',  ( 0.000000000000000000, 0.000000000000000000, -1.000000000000000000 ) ) ;
#3857 = ORIENTED_EDGE ( 'NONE', *, *, #485, .T. ) ;
#3858 = DIRECTION ( 'NONE',  ( 1.000000000000000000, 0.000000000000000000, -0.000000000000000000 ) ) ;
#3859 = LINE ( 'NONE', #6813, #4289 ) ;
#3860 = DIRECTION ( 'NONE',  ( 0.000000000000000000, -0.9659258262890699775, -0.2588190451025145222 ) ) ;
#3861 = VECTOR ( 'NONE', #302, 1000.000000000000000 ) ;
#3862 = VERTEX_POINT ( 'NONE', #8796 ) ;
#3863 = ORIENTED_EDGE ( 'NONE', *, *, #4635, .T. ) ;
#3864 = CARTESIAN_POINT ( 'NONE',  ( 2.540000000000000480, 0.000000000000000000, 0.000000000000000000 ) ) ;
#3865 = VECTOR ( 'NONE', #5831, 1000.000000000000000 ) ;
#3866 = EDGE_LOOP ( 'NONE', ( #5296, #915, #4556, #6912 ) ) ;
#3867 = ADVANCED_FACE ( 'NONE', ( #2131 ), #5097, .F. ) ;
#3868 = DIRECTION ( 'NONE',  ( 0.000000000000000000, -1.000000000000000000, 0.000000000000000000 ) ) ;
#3869 = LINE ( 'NONE', #5415, #676 ) ;
#3870 = ORIENTED_EDGE ( 'NONE', *, *, #1193, .T. ) ;
#3871 = CARTESIAN_POINT ( 'NONE',  ( -10.16000000000000014, 0.5080000000000002292, -0.7528818102449945648 ) ) ;
#3872 = EDGE_LOOP ( 'NONE', ( #7061, #8347, #257, #8225 ) ) ;
#3873 = ADVANCED_FACE ( 'NONE', ( #2542 ), #3172, .F. ) ;
#3874 = DIRECTION ( 'NONE',  ( 0.7071067811865475727, -0.7071067811865475727, 0.000000000000000000 ) ) ;
#3875 = ORIENTED_EDGE ( 'NONE', *, *, #8894, .F. ) ;
#3876 = CARTESIAN_POINT ( 'NONE',  ( 8.890000000000002345, 0.000000000000000000, 0.000000000000000000 ) ) ;
#3877 = LINE ( 'NONE', #6197, #1579 ) ;
#3878 = CARTESIAN_POINT ( 'NONE',  ( 5.080000000000000959, 0.000000000000000000, 1.269999999999998908 ) ) ;
#3879 = VECTOR ( 'NONE', #4639, 1000.000000000000000 ) ;
#3880 = VERTEX_POINT ( 'NONE', #5414 ) ;
#3881 = CARTESIAN_POINT ( 'NONE',  ( 7.620000000000001883, 8.509000000000000341, 1.270000000000001128 ) ) ;
#3882 = DIRECTION ( 'NONE',  ( 1.000000000000000000, 0.000000000000000000, -0.000000000000000000 ) ) ;
#3883 = EDGE_LOOP ( 'NONE', ( #9102, #8887, #6210, #4838 ) ) ;
#3884 = LINE ( 'NONE', #6840, #8494 ) ;
#3885 = CARTESIAN_POINT ( 'NONE',  ( 12.69999999999999929, -1.925929944387235853E-31, 0.8889999999999991243 ) ) ;
#3886 = VECTOR ( 'NONE', #2571, 1000.000000000000000 ) ;
#3887 = CARTESIAN_POINT ( 'NONE',  ( 0.000000000000000000, 8.509000000000000341, 1.270000000000001128 ) ) ;
#3888 = VERTEX_POINT ( 'NONE', #8429 ) ;
#3889 = ORIENTED_EDGE ( 'NONE', *, *, #9258, .T. ) ;
#3890 = CARTESIAN_POINT ( 'NONE',  ( -7.620000000000000107, -1.925929944387235853E-31, 0.8889999999999991243 ) ) ;
#3891 = LINE ( 'NONE', #6850, #7956 ) ;
#3892 = ADVANCED_FACE ( 'NONE', ( #405 ), #1044, .F. ) ;
#3893 = ORIENTED_EDGE ( 'NONE', *, *, #3611, .T. ) ;
#3894 = DIRECTION ( 'NONE',  ( 1.000000000000000000, -0.000000000000000000, -0.000000000000000000 ) ) ;
#3895 = LINE ( 'NONE', #107, #7636 ) ;
#3896 = VECTOR ( 'NONE', #6110, 1000.000000000000000 ) ;
#3897 = FACE_OUTER_BOUND ( 'NONE', #6632, .T. ) ;
#3898 = ORIENTED_EDGE ( 'NONE', *, *, #3430, .F. ) ;
#3899 = FACE_OUTER_BOUND ( 'NONE', #3122, .T. ) ;
#3900 = LINE ( 'NONE', #2576, #1631 ) ;
#3901 = CARTESIAN_POINT ( 'NONE',  ( 5.080000000000000959, 0.5080000000000002292, -0.7528818102449945648 ) ) ;
#3902 = VECTOR ( 'NONE', #4405, 1000.000000000000000 ) ;
#3903 = EDGE_LOOP ( 'NONE', ( #6076, #184, #340, #2019 ) ) ;
#3904 = ORIENTED_EDGE ( 'NONE', *, *, #3976, .T. ) ;
#3905 = CARTESIAN_POINT ( 'NONE',  ( 17.78000000000000114, 8.509000000000000341, 1.270000000000001128 ) ) ;
#3906 = EDGE_CURVE ( 'NONE', #4446, #6778, #306, .T. ) ;
#3907 = ORIENTED_EDGE ( 'NONE', *, *, #3976, .F. ) ;
#3908 = ADVANCED_FACE ( 'NONE', ( #212 ), #1714, .F. ) ;
#3909 = EDGE_CURVE ( 'NONE', #4520, #6633, #6914, .T. ) ;
#3910 = DIRECTION ( 'NONE',  ( 0.7071067811865475727, -0.7071067811865475727, 0.000000000000000000 ) ) ;
#3911 = AXIS2_PLACEMENT_3D ( 'NONE', #3519, #2104, #2770 ) ;
#3912 = LINE ( 'NONE', #6964, #3627 ) ;
#3913 = ADVANCED_FACE ( 'NONE', ( #1765 ), #6963, .F. ) ;
#3914 = EDGE_CURVE ( 'NONE', #8955, #2329, #1866, .T. ) ;
#3915 = VERTEX_POINT ( 'NONE', #6329 ) ;
#3916 = ORIENTED_EDGE ( 'NONE', *, *, #720, .F. ) ;
#3917 = AXIS2_PLACEMENT_3D ( 'NONE', #6037, #892, #1130 ) ;
#3918 = DIRECTION ( 'NONE',  ( 0.5773502691896253980, 0.5773502691896253980, -0.5773502691896266192 ) ) ;
#3919 = AXIS2_PLACEMENT_3D ( 'NONE', #8276, #6621, #2345 ) ;
#3920 = ORIENTED_EDGE ( 'NONE', *, *, #4017, .F. ) ;
#3921 = PLANE ( 'NONE',  #5765 ) ;
#3922 = FACE_OUTER_BOUND ( 'NONE', #3198, .T. ) ;
#3923 = FILL_AREA_STYLE ('',( #8252 ) ) ;
#3924 = AXIS2_PLACEMENT_3D ( 'NONE', #828, #5196, #919 ) ;
#3925 = VECTOR ( 'NONE', #717, 1000.000000000000000 ) ;
#3926 = EDGE_CURVE ( 'NONE', #8391, #1030, #9210, .T. ) ;
#3927 = EDGE_CURVE ( 'NONE', #3480, #8733, #1000, .T. ) ;
#3928 = ORIENTED_EDGE ( 'NONE', *, *, #6640, .F. ) ;
#3929 = CARTESIAN_POINT ( 'NONE',  ( 33.02000000000000313, 7.239000000000000767, -2.201425730935033664E-16 ) ) ;
#3930 = CARTESIAN_POINT ( 'NONE',  ( -5.079999999999999183, 0.5080000000000000071, 0.7528818102449925664 ) ) ;
#3931 = EDGE_LOOP ( 'NONE', ( #5085, #772, #5430, #2047 ) ) ;
#3932 = DIRECTION ( 'NONE',  ( 1.000000000000000000, 0.000000000000000000, 0.000000000000000000 ) ) ;
#3933 = VECTOR ( 'NONE', #458, 1000.000000000000000 ) ;
#3934 = ORIENTED_EDGE ( 'NONE', *, *, #2314, .T. ) ;
#3935 = DIRECTION ( 'NONE',  ( -0.000000000000000000, 0.000000000000000000, 1.000000000000000000 ) ) ;
#3936 = DIRECTION ( 'NONE',  ( -0.5773502691896253980, 0.5773502691896253980, -0.5773502691896266192 ) ) ;
#3937 = LINE ( 'NONE', #1797, #7626 ) ;
#3938 = EDGE_LOOP ( 'NONE', ( #370, #5722, #6084, #8178, #7815, #1655, #8377, #3650 ) ) ;
#3939 = VERTEX_POINT ( 'NONE', #1095 ) ;
#3940 = LINE ( 'NONE', #2568, #1671 ) ;
#3941 = DIRECTION ( 'NONE',  ( -1.000000000000000000, -0.000000000000000000, -0.000000000000000000 ) ) ;
#3942 = ORIENTED_EDGE ( 'NONE', *, *, #8350, .F. ) ;
#3943 = PLANE ( 'NONE',  #799 ) ;
#3944 = CARTESIAN_POINT ( 'NONE',  ( 2.540000000000000480, 8.509000000000000341, 0.8254999999999967919 ) ) ;
#3945 = ORIENTED_EDGE ( 'NONE', *, *, #6334, .T. ) ;
#3946 = CARTESIAN_POINT ( 'NONE',  ( -7.620000000000000107, 0.5080000000000000071, 0.7528818102449925664 ) ) ;
#3947 = PLANE ( 'NONE',  #716 ) ;
#3948 = PLANE ( 'NONE',  #7698 ) ;
#3949 = FACE_OUTER_BOUND ( 'NONE', #9442, .T. ) ;
#3950 = EDGE_CURVE ( 'NONE', #725, #2450, #9304, .T. ) ;
#3951 = LINE ( 'NONE', #5497, #1883 ) ;
#3952 = ORIENTED_EDGE ( 'NONE', *, *, #4704, .F. ) ;
#3953 = CARTESIAN_POINT ( 'NONE',  ( 6.477000000000000313, 7.810500000000000220, -0.1270000000000029716 ) ) ;
#3954 = ORIENTED_EDGE ( 'NONE', *, *, #8, .F. ) ;
#3955 = COLOUR_RGB ( '',0.2509803921568627416, 0.2509803921568627416, 0.2509803921568627416 ) ;
#3956 = CARTESIAN_POINT ( 'NONE',  ( 15.24000000000000021, 3.110602869834277161E-16, -1.270000000000001128 ) ) ;
#3957 = LINE ( 'NONE', #2543, #6716 ) ;
#3958 = EDGE_CURVE ( 'NONE', #6958, #2295, #7006, .T. ) ;
#3959 = ADVANCED_FACE ( 'NONE', ( #7794 ), #4870, .F. ) ;
#3960 = VECTOR ( 'NONE', #961, 1000.000000000000000 ) ;
#3961 = ORIENTED_EDGE ( 'NONE', *, *, #3137, .T. ) ;
#3962 = ORIENTED_EDGE ( 'NONE', *, *, #4311, .F. ) ;
#3963 = LINE ( 'NONE', #4410, #8195 ) ;
#3964 = APPLICATION_CONTEXT ( 'automotive_design' ) ;
#3965 = CARTESIAN_POINT ( 'NONE',  ( -13.58900000000000041, 8.064500000000000668, 0.3809999999999953979 ) ) ;
#3966 = ORIENTED_EDGE ( 'NONE', *, *, #4309, .T. ) ;
#3967 = CARTESIAN_POINT ( 'NONE',  ( -15.24000000000000021, 0.5080000000000000071, 0.7528818102449925664 ) ) ;
#3968 = FACE_OUTER_BOUND ( 'NONE', #7870, .T. ) ;
#3969 = VERTEX_POINT ( 'NONE', #354 ) ;
#3970 = COLOUR_RGB ( '',0.2509803921568627416, 0.2509803921568627416, 0.2509803921568627416 ) ;
#3971 = LINE ( 'NONE', #6159, #1131 ) ;
#3972 = DIRECTION ( 'NONE',  ( -0.000000000000000000, -2.667820306312751888E-16, 1.000000000000000000 ) ) ;
#3973 = ORIENTED_EDGE ( 'NONE', *, *, #369, .T. ) ;
#3974 = DIRECTION ( 'NONE',  ( 0.000000000000000000, 0.2588190451025145222, -0.9659258262890699775 ) ) ;
#3975 = EDGE_LOOP ( 'NONE', ( #8667, #6868, #2492, #845 ) ) ;
#3976 = EDGE_CURVE ( 'NONE', #3208, #8093, #6279, .T. ) ;
#3977 = CARTESIAN_POINT ( 'NONE',  ( 27.94000000000000128, 7.239000000000000767, -2.201425730935033664E-16 ) ) ;
#3978 = PLANE ( 'NONE',  #2274 ) ;
#3979 = CARTESIAN_POINT ( 'NONE',  ( 20.57400000000000162, 8.509000000000000341, -1.270000000000001128 ) ) ;
#3980 = AXIS2_PLACEMENT_3D ( 'NONE', #4140, #7100, #4908 ) ;
#3981 = DIRECTION ( 'NONE',  ( -0.7071067811865475727, -0.7071067811865475727, 0.000000000000000000 ) ) ;
#3982 = ORIENTED_EDGE ( 'NONE', *, *, #6893, .F. ) ;
#3983 = ORIENTED_EDGE ( 'NONE', *, *, #1494, .F. ) ;
#3984 = CARTESIAN_POINT ( 'NONE',  ( -8.509000000000000341, 7.239000000000000767, -0.3810000000000033915 ) ) ;
#3985 = DIRECTION ( 'NONE',  ( 0.000000000000000000, 2.548365665731588345E-16, -1.000000000000000000 ) ) ;
#3986 = VECTOR ( 'NONE', #3588, 1000.000000000000000 ) ;
#3987 = ORIENTED_EDGE ( 'NONE', *, *, #5805, .T. ) ;
#3988 = SURFACE_STYLE_FILL_AREA ( #1853 ) ;
#3989 = AXIS2_PLACEMENT_3D ( 'NONE', #9459, #9407, #1965 ) ;
#3990 =( NAMED_UNIT ( * ) PLANE_ANGLE_UNIT ( ) SI_UNIT ( $, .RADIAN. ) );
#3991 = CARTESIAN_POINT ( 'NONE',  ( -7.620000000000000107, 3.110602869834277161E-16, -1.270000000000001128 ) ) ;
#3992 = DIRECTION ( 'NONE',  ( 0.000000000000000000, 5.054934237236841843E-31, 1.000000000000000000 ) ) ;
#3993 = EDGE_CURVE ( 'NONE', #4392, #6920, #5460, .T. ) ;
#3994 = LINE ( 'NONE', #9197, #8014 ) ;
#3995 = DIRECTION ( 'NONE',  ( -1.000000000000000000, -0.000000000000000000, -0.000000000000000000 ) ) ;
#3996 = VECTOR ( 'NONE', #8209, 1000.000000000000000 ) ;
#3997 = LINE ( 'NONE', #3321, #1572 ) ;
#3998 = ORIENTED_EDGE ( 'NONE', *, *, #4012, .T. ) ;
#3999 = FACE_OUTER_BOUND ( 'NONE', #1615, .T. ) ;
#4000 = ORIENTED_EDGE ( 'NONE', *, *, #6574, .F. ) ;
#4001 = LINE ( 'NONE', #6962, #825 ) ;
#4002 = EDGE_CURVE ( 'NONE', #2342, #5924, #7695, .T. ) ;
#4003 = VECTOR ( 'NONE', #1041, 1000.000000000000000 ) ;
#4004 = DIRECTION ( 'NONE',  ( -1.000000000000000000, -0.000000000000000000, -0.000000000000000000 ) ) ;
#4005 = DIRECTION ( 'NONE',  ( -1.000000000000000000, -0.000000000000000000, -0.000000000000000000 ) ) ;
#4006 = VECTOR ( 'NONE', #1897, 999.9999999999998863 ) ;
#4007 = EDGE_LOOP ( 'NONE', ( #3121, #2999, #2881, #9275 ) ) ;
#4008 = ORIENTED_EDGE ( 'NONE', *, *, #8948, .T. ) ;
#4009 = ORIENTED_EDGE ( 'NONE', *, *, #1407, .T. ) ;
#4010 = CARTESIAN_POINT ( 'NONE',  ( -12.70000000000000107, 2.177422008883992879E-16, -0.8890000000000013447 ) ) ;
#4011 = PRODUCT_DEFINITION_SHAPE ( 'NONE', 'NONE',  #9636 ) ;
#4012 = EDGE_CURVE ( 'NONE', #1301, #5826, #5557, .T. ) ;
#4013 = ORIENTED_EDGE ( 'NONE', *, *, #7772, .F. ) ;
#4014 = CARTESIAN_POINT ( 'NONE',  ( 7.620000000000001883, 0.5080000000000000071, 0.7528818102449925664 ) ) ;
#4015 = ADVANCED_FACE ( 'NONE', ( #2779 ), #4923, .F. ) ;
#4016 = CARTESIAN_POINT ( 'NONE',  ( -11.81099999999999994, 7.239000000000000767, -0.3810000000000033915 ) ) ;
#4017 = EDGE_CURVE ( 'NONE', #7849, #7813, #2684, .T. ) ;
#4018 = DIRECTION ( 'NONE',  ( 0.000000000000000000, 0.9659258262890700886, -0.2588190451025140781 ) ) ;
#4019 = VERTEX_POINT ( 'NONE', #5803 ) ;
#4020 = ITEM_DEFINED_TRANSFORMATION ( 'NONE', 'NONE', #5948,  #4388 ) ;
#4021 = PLANE ( 'NONE',  #8886 ) ;
#4022 = DIRECTION ( 'NONE',  ( 0.000000000000000000, -1.440069553722777130E-16, 1.000000000000000000 ) ) ;
#4023 = ADVANCED_FACE ( 'NONE', ( #511 ), #1388, .F. ) ;
#4024 = ORIENTED_EDGE ( 'NONE', *, *, #3214, .T. ) ;
#4025 = PLANE ( 'NONE',  #4987 ) ;
#4026 = EDGE_LOOP ( 'NONE', ( #2943, #2357, #6282, #7738 ) ) ;
#4027 = CARTESIAN_POINT ( 'NONE',  ( 5.969000000000002082, 8.064500000000000668, 0.3809999999999955644 ) ) ;
#4028 = ADVANCED_FACE ( 'NONE', ( #8774, #8623 ), #7891, .F. ) ;
#4029 = EDGE_CURVE ( 'NONE', #6184, #1117, #2829, .T. ) ;
#4030 = LINE ( 'NONE', #3103, #2732 ) ;
#4031 = CLOSED_SHELL ( 'NONE', ( #840, #1875, #8896, #6759, #235, #2824, #2613, #1630, #8662, #3959 ) ) ;
#4032 = DIRECTION ( 'NONE',  ( -1.000000000000000000, 0.000000000000000000, 0.000000000000000000 ) ) ;
#4033 = EDGE_CURVE ( 'NONE', #6408, #3780, #6581, .T. ) ;
#4034 = VECTOR ( 'NONE', #6934, 1000.000000000000000 ) ;
#4035 = ADVANCED_FACE ( 'NONE', ( #5125 ), #9554, .F. ) ;
#4036 = EDGE_LOOP ( 'NONE', ( #9586, #5854, #8603, #9488 ) ) ;
#4037 = ORIENTED_EDGE ( 'NONE', *, *, #1482, .F. ) ;
#4038 = LINE ( 'NONE', #7090, #3231 ) ;
#4039 = CARTESIAN_POINT ( 'NONE',  ( 18.92300000000000182, 7.810500000000000220, -0.1270000000000029716 ) ) ;
#4040 = ORIENTED_EDGE ( 'NONE', *, *, #5752, .F. ) ;
#4041 = SURFACE_STYLE_FILL_AREA ( #1951 ) ;
#4042 = CARTESIAN_POINT ( 'NONE',  ( -17.78000000000000114, 2.177422008883992879E-16, -0.8890000000000013447 ) ) ;
#4043 = DIRECTION ( 'NONE',  ( 0.000000000000000000, -1.000000000000000000, -2.548365665731588345E-16 ) ) ;
#4044 = LINE ( 'NONE', #5643, #6131 ) ;
#4045 = VECTOR ( 'NONE', #3605, 1000.000000000000000 ) ;
#4046 = DIRECTION ( 'NONE',  ( 0.000000000000000000, -1.000000000000000000, -2.548365665731588345E-16 ) ) ;
#4047 = CARTESIAN_POINT ( 'NONE',  ( -16.89099999999999824, 8.064500000000000668, 0.3809999999999953979 ) ) ;
#4048 = ADVANCED_FACE ( 'NONE', ( #7990 ), #7113, .F. ) ;
#4049 = ORIENTED_EDGE ( 'NONE', *, *, #7774, .T. ) ;
#4050 = PLANE ( 'NONE',  #5556 ) ;
#4051 = VECTOR ( 'NONE', #5819, 1000.000000000000000 ) ;
#4052 = VERTEX_POINT ( 'NONE', #7208 ) ;
#4053 = PLANE ( 'NONE',  #8422 ) ;
#4054 = CARTESIAN_POINT ( 'NONE',  ( -8.064500000000000668, 8.509000000000000341, -1.270000000000001128 ) ) ;
#4055 = PLANE ( 'NONE',  #2521 ) ;
#4056 = STYLED_ITEM ( 'NONE', ( #128 ), #8155 ) ;
#4057 = ORIENTED_EDGE ( 'NONE', *, *, #1378, .T. ) ;
#4058 = ORIENTED_EDGE ( 'NONE', *, *, #9078, .F. ) ;
#4059 = FACE_OUTER_BOUND ( 'NONE', #530, .T. ) ;
#4060 = ORIENTED_EDGE ( 'NONE', *, *, #3095, .T. ) ;
#4061 = LINE ( 'NONE', #914, #2331 ) ;
#4062 = VECTOR ( 'NONE', #7392, 1000.000000000000000 ) ;
#4063 = ORIENTED_EDGE ( 'NONE', *, *, #465, .T. ) ;
#4064 = PLANE ( 'NONE',  #7174 ) ;
#4065 = DIRECTION ( 'NONE',  ( -0.000000000000000000, 1.000000000000000000, 1.733406087350420004E-16 ) ) ;
#4066 = DIRECTION ( 'NONE',  ( -1.000000000000000000, -0.000000000000000000, -0.000000000000000000 ) ) ;
#4067 = DIRECTION ( 'NONE',  ( -0.000000000000000000, 0.000000000000000000, 1.000000000000000000 ) ) ;
#4068 = VECTOR ( 'NONE', #8038, 1000.000000000000000 ) ;
#4069 = EDGE_CURVE ( 'NONE', #860, #6878, #7157, .T. ) ;
#4070 = ORIENTED_EDGE ( 'NONE', *, *, #6780, .T. ) ;
#4071 = VECTOR ( 'NONE', #322, 1000.000000000000000 ) ;
#4072 = DIRECTION ( 'NONE',  ( 0.000000000000000000, 1.000000000000000000, 0.000000000000000000 ) ) ;
#4073 = FACE_OUTER_BOUND ( 'NONE', #1576, .T. ) ;
#4074 = VERTEX_POINT ( 'NONE', #6426 ) ;
#4075 = CARTESIAN_POINT ( 'NONE',  ( -2.540000000000000480, 0.5080000000000002292, -0.7528818102449945648 ) ) ;
#4076 = ORIENTED_EDGE ( 'NONE', *, *, #8839, .T. ) ;
#4077 = VECTOR ( 'NONE', #7741, 1000.000000000000000 ) ;
#4078 = CARTESIAN_POINT ( 'NONE',  ( 4.191000000000000725, 7.239000000000000767, 0.3809999999999953979 ) ) ;
#4079 = DIRECTION ( 'NONE',  ( 0.000000000000000000, 0.000000000000000000, 1.000000000000000000 ) ) ;
#4080 = AXIS2_PLACEMENT_3D ( 'NONE', #5905, #2219, #5185 ) ;
#4081 = CARTESIAN_POINT ( 'NONE',  ( 7.620000000000001883, 8.509000000000000341, -0.8255000000000044524 ) ) ;
#4082 = ADVANCED_FACE ( 'NONE', ( #1335 ), #3526, .F. ) ;
#4083 = AXIS2_PLACEMENT_3D ( 'NONE', #5340, #6106, #4505 ) ;
#4084 = EDGE_CURVE ( 'NONE', #5921, #6586, #7305, .T. ) ;
#4085 = EDGE_CURVE ( 'NONE', #2258, #9438, #661, .T. ) ;
#4086 = VERTEX_POINT ( 'NONE', #1194 ) ;
#4087 = ORIENTED_EDGE ( 'NONE', *, *, #7235, .T. ) ;
#4088 = DIRECTION ( 'NONE',  ( 0.000000000000000000, 5.054934237236841843E-31, 1.000000000000000000 ) ) ;
#4089 = AXIS2_PLACEMENT_3D ( 'NONE', #9244, #7829, #1232 ) ;
#4090 = DIRECTION ( 'NONE',  ( 0.000000000000000000, -5.054934237236841843E-31, -1.000000000000000000 ) ) ;
#4091 = ORIENTED_EDGE ( 'NONE', *, *, #3729, .F. ) ;
#4092 = DIRECTION ( 'NONE',  ( 0.5773502691896253980, 0.5773502691896253980, -0.5773502691896266192 ) ) ;
#4093 = LINE ( 'NONE', #7043, #4753 ) ;
#4094 = PLANE ( 'NONE',  #382 ) ;
#4095 = DIRECTION ( 'NONE',  ( -0.000000000000000000, -0.7071067811865482389, -0.7071067811865467956 ) ) ;
#4096 = DIRECTION ( 'NONE',  ( 0.000000000000000000, -0.9659258262890699775, -0.2588190451025145222 ) ) ;
#4097 = ORIENTED_EDGE ( 'NONE', *, *, #3749, .F. ) ;
#4098 = DIRECTION ( 'NONE',  ( 0.000000000000000000, 1.000000000000000000, 0.000000000000000000 ) ) ;
#4099 = PLANE ( 'NONE',  #1828 ) ;
#4100 = ORIENTED_EDGE ( 'NONE', *, *, #6268, .T. ) ;
#4101 = DIRECTION ( 'NONE',  ( 0.000000000000000000, -1.000000000000000000, 0.000000000000000000 ) ) ;
#4102 = DIRECTION ( 'NONE',  ( 0.000000000000000000, 1.000000000000000000, 1.733406087350420004E-16 ) ) ;
#4103 = EDGE_CURVE ( 'NONE', #3208, #7706, #4151, .T. ) ;
#4104 = LINE ( 'NONE', #9357, #8753 ) ;
#4105 = EDGE_LOOP ( 'NONE', ( #7489, #3893, #5285, #4942 ) ) ;
#4106 = VERTEX_POINT ( 'NONE', #5850 ) ;
#4107 = CARTESIAN_POINT ( 'NONE',  ( 20.32000000000000028, 0.5080000000000000071, 0.7528818102449925664 ) ) ;
#4108 = ORIENTED_EDGE ( 'NONE', *, *, #8492, .T. ) ;
#4109 = VECTOR ( 'NONE', #8517, 1000.000000000000000 ) ;
#4110 = DIRECTION ( 'NONE',  ( 1.000000000000000000, 0.000000000000000000, 0.000000000000000000 ) ) ;
#4111 = EDGE_LOOP ( 'NONE', ( #72, #4940, #4524, #7165 ) ) ;
#4112 = LINE ( 'NONE', #5665, #7487 ) ;
#4113 = LINE ( 'NONE', #417, #3598 ) ;
#4114 = DIRECTION ( 'NONE',  ( 0.000000000000000000, -0.000000000000000000, -1.000000000000000000 ) ) ;
#4115 = EDGE_CURVE ( 'NONE', #9164, #610, #6479, .T. ) ;
#4116 = FACE_OUTER_BOUND ( 'NONE', #6608, .T. ) ;
#4117 = AXIS2_PLACEMENT_3D ( 'NONE', #9542, #5061, #5160 ) ;
#4118 = ORIENTED_EDGE ( 'NONE', *, *, #565, .F. ) ;
#4119 = APPLICATION_PROTOCOL_DEFINITION ( 'draft international standard', 'automotive_design', 1998, #8130 ) ;
#4120 = CARTESIAN_POINT ( 'NONE',  ( 15.24000000000000021, 8.509000000000000341, -1.270000000000001128 ) ) ;
#4121 = ORIENTED_EDGE ( 'NONE', *, *, #6053, .F. ) ;
#4122 = CARTESIAN_POINT ( 'NONE',  ( 3.936999999999999389, 7.810500000000000220, -0.1270000000000029716 ) ) ;
#4123 = VECTOR ( 'NONE', #9370, 1000.000000000000000 ) ;
#4124 = ORIENTED_EDGE ( 'NONE', *, *, #4843, .T. ) ;
#4125 = CARTESIAN_POINT ( 'NONE',  ( -0.3810000000000000053, 0.5079999999999997851, 0.2032000000000010465 ) ) ;
#4126 = CARTESIAN_POINT ( 'NONE',  ( 16.89099999999999824, 8.064500000000000668, 0.3809999999999953979 ) ) ;
#4127 = CARTESIAN_POINT ( 'NONE',  ( 7.620000000000001883, 0.5080000000000000071, 0.7528818102449925664 ) ) ;
#4128 = VECTOR ( 'NONE', #6675, 1000.000000000000114 ) ;
#4129 = LINE ( 'NONE', #1847, #9191 ) ;
#4130 = CARTESIAN_POINT ( 'NONE',  ( -20.57400000000000162, 0.000000000000000000, 0.000000000000000000 ) ) ;
#4131 = ORIENTED_EDGE ( 'NONE', *, *, #4017, .T. ) ;
#4132 = CARTESIAN_POINT ( 'NONE',  ( 0.000000000000000000, 0.000000000000000000, 1.269999999999998908 ) ) ;
#4133 = PLANE ( 'NONE',  #521 ) ;
#4134 = VERTEX_POINT ( 'NONE', #8825 ) ;
#4135 = LINE ( 'NONE', #4369, #4045 ) ;
#4136 = DIRECTION ( 'NONE',  ( 0.000000000000000000, -0.9659258262890699775, -0.2588190451025145222 ) ) ;
#4137 = EDGE_CURVE ( 'NONE', #3399, #2776, #2159, .T. ) ;
#4138 = VECTOR ( 'NONE', #2176, 1000.000000000000000 ) ;
#4139 = LINE ( 'NONE', #2719, #5669 ) ;
#4140 = CARTESIAN_POINT ( 'NONE',  ( 0.3810000000000000053, -2.692399999999995686, 0.000000000000000000 ) ) ;
#4141 = EDGE_CURVE ( 'NONE', #6284, #2483, #5271, .T. ) ;
#4142 = EDGE_CURVE ( 'NONE', #2283, #8447, #8139, .T. ) ;
#4143 = LINE ( 'NONE', #4768, #1577 ) ;
#4144 = AXIS2_PLACEMENT_3D ( 'NONE', #7952, #573, #1305 ) ;
#4145 = ORIENTED_EDGE ( 'NONE', *, *, #9434, .T. ) ;
#4146 = DIRECTION ( 'NONE',  ( -1.000000000000000000, -0.000000000000000000, -0.000000000000000000 ) ) ;
#4147 = DIRECTION ( 'NONE',  ( 0.000000000000000000, -1.000000000000000000, -1.733406087350420004E-16 ) ) ;
#4148 = DIRECTION ( 'NONE',  ( 0.000000000000000000, -0.9659258262890700886, 0.2588190451025140781 ) ) ;
#4149 = EDGE_LOOP ( 'NONE', ( #4204, #4917, #6729, #5350 ) ) ;
#4150 = CARTESIAN_POINT ( 'NONE',  ( 7.620000000000001883, 8.509000000000000341, -1.270000000000001128 ) ) ;
#4151 = LINE ( 'NONE', #3622, #8330 ) ;
#4152 = LINE ( 'NONE', #9305, #4240 ) ;
#4153 = AXIS2_PLACEMENT_3D ( 'NONE', #8781, #2984, #4981 ) ;
#4154 =( REPRESENTATION_RELATIONSHIP ('NONE','NONE', #9002, #746 ) REPRESENTATION_RELATIONSHIP_WITH_TRANSFORMATION ( #9131 )SHAPE_REPRESENTATION_RELATIONSHIP( ) );
#4155 = AXIS2_PLACEMENT_3D ( 'NONE', #2112, #5656, #8676 ) ;
#4156 = ORIENTED_EDGE ( 'NONE', *, *, #2210, .T. ) ;
#4157 = EDGE_LOOP ( 'NONE', ( #2013, #6055, #8015, #263, #1006, #6432, #8393, #4604 ) ) ;
#4158 = DIRECTION ( 'NONE',  ( 0.000000000000000000, -5.054934237236841843E-31, -1.000000000000000000 ) ) ;
#4159 = AXIS2_PLACEMENT_3D ( 'NONE', #2449, #996, #1617 ) ;
#4160 = ORIENTED_EDGE ( 'NONE', *, *, #2945, .F. ) ;
#4161 = CARTESIAN_POINT ( 'NONE',  ( 16.89099999999999824, 8.064500000000000668, 0.3809999999999955644 ) ) ;
#4162 = ORIENTED_EDGE ( 'NONE', *, *, #8365, .T. ) ;
#4163 = DIRECTION ( 'NONE',  ( 0.000000000000000000, 0.000000000000000000, 1.000000000000000000 ) ) ;
#4164 = CARTESIAN_POINT ( 'NONE',  ( 2.540000000000000480, 2.177422008883992879E-16, -0.8890000000000013447 ) ) ;
#4165 = DIRECTION ( 'NONE',  ( 0.000000000000000000, 0.9659258262890700886, -0.2588190451025140781 ) ) ;
#4166 = DIRECTION ( 'NONE',  ( -1.000000000000000000, 0.000000000000000000, 0.000000000000000000 ) ) ;
#4167 = AXIS2_PLACEMENT_3D ( 'NONE', #5782, #592, #5056 ) ;
#4168 = ORIENTED_EDGE ( 'NONE', *, *, #8795, .T. ) ;
#4169 = ADVANCED_FACE ( 'NONE', ( #9605 ), #757, .F. ) ;
#4170 = CARTESIAN_POINT ( 'NONE',  ( 1.650999999999999801, 8.064500000000000668, 0.3809999999999953979 ) ) ;
#4171 = EDGE_LOOP ( 'NONE', ( #7613, #199, #3836, #6021 ) ) ;
#4172 = CARTESIAN_POINT ( 'NONE',  ( -0.8890000000000009006, 7.239000000000000767, -0.3810000000000033915 ) ) ;
#4173 = ORIENTED_EDGE ( 'NONE', *, *, #4115, .T. ) ;
#4174 = DIRECTION ( 'NONE',  ( 0.5773502691896255090, -0.5773502691896253980, -0.5773502691896263972 ) ) ;
#4175 = LINE ( 'NONE', #5629, #9423 ) ;
#4176 = PLANE ( 'NONE',  #7214 ) ;
#4177 = CARTESIAN_POINT ( 'NONE',  ( 17.78000000000000114, 0.5080000000000002292, -0.7528818102449945648 ) ) ;
#4178 = CARTESIAN_POINT ( 'NONE',  ( -14.35099999999999909, 8.064500000000000668, 0.3809999999999953979 ) ) ;
#4179 = ORIENTED_EDGE ( 'NONE', *, *, #6727, .T. ) ;
#4180 = DIRECTION ( 'NONE',  ( -0.000000000000000000, 0.000000000000000000, -1.000000000000000000 ) ) ;
#4181 = LINE ( 'NONE', #8022, #4541 ) ;
#4182 = ORIENTED_EDGE ( 'NONE', *, *, #4956, .F. ) ;
#4183 = DIRECTION ( 'NONE',  ( 1.000000000000000000, 0.000000000000000000, 0.000000000000000000 ) ) ;
#4184 = CARTESIAN_POINT ( 'NONE',  ( -11.81099999999999994, 8.064500000000000668, -0.3810000000000032250 ) ) ;
#4185 = CARTESIAN_POINT ( 'NONE',  ( -5.079999999999999183, 0.000000000000000000, 1.269999999999998908 ) ) ;
#4186 = LINE ( 'NONE', #2819, #9346 ) ;
#4187 = ORIENTED_EDGE ( 'NONE', *, *, #8928, .F. ) ;
#4188 = DIRECTION ( 'NONE',  ( -1.000000000000000000, 0.000000000000000000, 0.000000000000000000 ) ) ;
#4189 = PLANE ( 'NONE',  #6234 ) ;
#4190 = DIRECTION ( 'NONE',  ( 0.000000000000000000, -0.9659258262890700886, 0.2588190451025140781 ) ) ;
#4191 = ORIENTED_EDGE ( 'NONE', *, *, #966, .F. ) ;
#4192 = CARTESIAN_POINT ( 'NONE',  ( 2.540000000000000480, 8.509000000000000341, -1.270000000000001128 ) ) ;
#4193 = AXIS2_PLACEMENT_3D ( 'NONE', #6287, #267, #4684 ) ;
#4194 = CARTESIAN_POINT ( 'NONE',  ( 0.000000000000000000, 7.239000000000000767, -2.201425730935033664E-16 ) ) ;
#4195 = CARTESIAN_POINT ( 'NONE',  ( 7.620000000000001883, 8.509000000000000341, 1.270000000000001128 ) ) ;
#4196 = VECTOR ( 'NONE', #1201, 1000.000000000000000 ) ;
#4197 = EDGE_CURVE ( 'NONE', #7762, #8532, #803, .T. ) ;
#4198 = EDGE_LOOP ( 'NONE', ( #4733, #1707, #6118, #7109 ) ) ;
#4199 = EDGE_LOOP ( 'NONE', ( #2394, #2523, #195, #1571 ) ) ;
#4200 = DIRECTION ( 'NONE',  ( -0.000000000000000000, -0.7071067811865482389, -0.7071067811865467956 ) ) ;
#4201 = EDGE_CURVE ( 'NONE', #4255, #6989, #6043, .T. ) ;
#4202 = VERTEX_POINT ( 'NONE', #4530 ) ;
#4203 = LINE ( 'NONE', #8581, #5282 ) ;
#4204 = ORIENTED_EDGE ( 'NONE', *, *, #3247, .T. ) ;
#4205 = DIRECTION ( 'NONE',  ( -1.000000000000000000, -0.000000000000000000, -0.000000000000000000 ) ) ;
#4206 = CARTESIAN_POINT ( 'NONE',  ( 7.620000000000001883, 3.110602869834277161E-16, -1.270000000000001128 ) ) ;
#4207 = VECTOR ( 'NONE', #9427, 1000.000000000000000 ) ;
#4208 = CARTESIAN_POINT ( 'NONE',  ( 14.35099999999999909, 7.239000000000000767, -0.3810000000000033915 ) ) ;
#4209 = PLANE ( 'NONE',  #4144 ) ;
#4210 = EDGE_CURVE ( 'NONE', #6019, #6495, #2305, .T. ) ;
#4211 = EDGE_CURVE ( 'NONE', #4338, #8447, #4576, .T. ) ;
#4212 = ORIENTED_EDGE ( 'NONE', *, *, #5327, .F. ) ;
#4213 = LINE ( 'NONE', #4170, #7457 ) ;
#4214 = AXIS2_PLACEMENT_3D ( 'NONE', #1365, #6604, #733 ) ;
#4215 = VERTEX_POINT ( 'NONE', #7450 ) ;
#4216 = LINE ( 'NONE', #4172, #487 ) ;
#4217 = VERTEX_POINT ( 'NONE', #708 ) ;
#4218 = DIRECTION ( 'NONE',  ( -0.5773502691896253980, -0.5773502691896255090, -0.5773502691896263972 ) ) ;
#4219 = EDGE_CURVE ( 'NONE', #4086, #832, #341, .T. ) ;
#4220 = DIRECTION ( 'NONE',  ( -0.000000000000000000, 0.000000000000000000, -1.000000000000000000 ) ) ;
#4221 = AXIS2_PLACEMENT_3D ( 'NONE', #739, #5203, #3882 ) ;
#4222 = EDGE_CURVE ( 'NONE', #4457, #6351, #5175, .T. ) ;
#4223 = DIRECTION ( 'NONE',  ( -1.000000000000000000, 0.000000000000000000, -0.000000000000000000 ) ) ;
#4224 = ADVANCED_FACE ( 'NONE', ( #8088 ), #9062, .F. ) ;
#4225 = EDGE_CURVE ( 'NONE', #9260, #7222, #111, .T. ) ;
#4226 = AXIS2_PLACEMENT_3D ( 'NONE', #1330, #7256, #4147 ) ;
#4227 = FACE_OUTER_BOUND ( 'NONE', #7885, .T. ) ;
#4228 = ORIENTED_EDGE ( 'NONE', *, *, #5236, .T. ) ;
#4229 = ORIENTED_EDGE ( 'NONE', *, *, #8674, .F. ) ;
#4230 = LINE ( 'NONE', #1319, #1839 ) ;
#4231 = VECTOR ( 'NONE', #5802, 1000.000000000000000 ) ;
#4232 = DIRECTION ( 'NONE',  ( 1.000000000000000000, 0.000000000000000000, -0.000000000000000000 ) ) ;
#4233 = VERTEX_POINT ( 'NONE', #7543 ) ;
#4234 =( NAMED_UNIT ( * ) SI_UNIT ( $, .STERADIAN. ) SOLID_ANGLE_UNIT ( ) );
#4235 = VECTOR ( 'NONE', #9212, 1000.000000000000000 ) ;
#4236 = CARTESIAN_POINT ( 'NONE',  ( 11.81099999999999817, 8.064500000000000668, 0.3809999999999955644 ) ) ;
#4237 = DIRECTION ( 'NONE',  ( 0.000000000000000000, 2.449293598294710852E-16, -1.000000000000000000 ) ) ;
#4238 = LINE ( 'NONE', #5695, #1011 ) ;
#4239 = EDGE_CURVE ( 'NONE', #3511, #8570, #3768, .T. ) ;
#4240 = VECTOR ( 'NONE', #1195, 1000.000000000000000 ) ;
#4241 = LINE ( 'NONE', #7201, #4062 ) ;
#4242 = ORIENTED_EDGE ( 'NONE', *, *, #3502, .F. ) ;
#4243 = FACE_OUTER_BOUND ( 'NONE', #7418, .T. ) ;
#4244 = LINE ( 'NONE', #5844, #9194 ) ;
#4245 = CARTESIAN_POINT ( 'NONE',  ( 14.35099999999999909, 7.239000000000000767, 0.3809999999999953979 ) ) ;
#4246 = ORIENTED_EDGE ( 'NONE', *, *, #2701, .F. ) ;
#4247 = CARTESIAN_POINT ( 'NONE',  ( 35.56000000000000227, 7.239000000000000767, -2.201425730935033664E-16 ) ) ;
#4248 = DIRECTION ( 'NONE',  ( 0.000000000000000000, -1.000000000000000000, 0.000000000000000000 ) ) ;
#4249 = FACE_OUTER_BOUND ( 'NONE', #7940, .T. ) ;
#4250 = ADVANCED_FACE ( 'NONE', ( #2929 ), #5898, .F. ) ;
#4251 = ORIENTED_EDGE ( 'NONE', *, *, #6755, .F. ) ;
#4252 = EDGE_LOOP ( 'NONE', ( #8068, #1415, #9265, #3217 ) ) ;
#4253 = LINE ( 'NONE', #6634, #7873 ) ;
#4254 = ORIENTED_EDGE ( 'NONE', *, *, #8797, .F. ) ;
#4255 = VERTEX_POINT ( 'NONE', #1564 ) ;
#4256 = FACE_OUTER_BOUND ( 'NONE', #3648, .T. ) ;
#4257 = PLANE ( 'NONE',  #6692 ) ;
#4258 = CARTESIAN_POINT ( 'NONE',  ( -8.763000000000001677, 7.810500000000001108, 0.1269999999999957552 ) ) ;
#4259 = ADVANCED_FACE ( 'NONE', ( #1476 ), #8185, .F. ) ;
#4260 = LINE ( 'NONE', #7220, #1821 ) ;
#4261 = EDGE_CURVE ( 'NONE', #5030, #1825, #7501, .T. ) ;
#4262 = ORIENTED_EDGE ( 'NONE', *, *, #5952, .F. ) ;
#4263 = CONTEXT_DEPENDENT_SHAPE_REPRESENTATION ( #171, #4011 ) ;
#4264 = LINE ( 'NONE', #477, #2633 ) ;
#4265 = ORIENTED_EDGE ( 'NONE', *, *, #900, .F. ) ;
#4266 = LINE ( 'NONE', #1403, #15 ) ;
#4267 = ORIENTED_EDGE ( 'NONE', *, *, #8470, .T. ) ;
#4268 = CARTESIAN_POINT ( 'NONE',  ( 7.620000000000001883, -1.925929944387235853E-31, 0.8889999999999991243 ) ) ;
#4269 = AXIS2_PLACEMENT_3D ( 'NONE', #7033, #5582, #6451 ) ;
#4270 = CARTESIAN_POINT ( 'NONE',  ( 1.396999999999998909, 7.810500000000001108, 0.1269999999999957552 ) ) ;
#4271 = DIRECTION ( 'NONE',  ( -0.000000000000000000, 1.000000000000000000, 2.449293598294710852E-16 ) ) ;
#4272 = DIRECTION ( 'NONE',  ( 0.000000000000000000, 0.2588190451025145222, -0.9659258262890699775 ) ) ;
#4273 = VECTOR ( 'NONE', #1511, 1000.000000000000000 ) ;
#4274 = DIRECTION ( 'NONE',  ( -1.000000000000000000, 0.000000000000000000, 0.000000000000000000 ) ) ;
#4275 = VERTEX_POINT ( 'NONE', #155 ) ;
#4276 = EDGE_CURVE ( 'NONE', #9437, #1137, #5947, .T. ) ;
#4277 = DIRECTION ( 'NONE',  ( 0.000000000000000000, 0.000000000000000000, -1.000000000000000000 ) ) ;
#4278 = LINE ( 'NONE', #4856, #8582 ) ;
#4279 = ORIENTED_EDGE ( 'NONE', *, *, #4029, .F. ) ;
#4280 = FACE_OUTER_BOUND ( 'NONE', #2001, .T. ) ;
#4281 = DIRECTION ( 'NONE',  ( 0.000000000000000000, 0.000000000000000000, 1.000000000000000000 ) ) ;
#4282 = FACE_OUTER_BOUND ( 'NONE', #5832, .T. ) ;
#4283 = DIRECTION ( 'NONE',  ( -1.000000000000000000, -0.000000000000000000, -0.000000000000000000 ) ) ;
#4284 = SURFACE_STYLE_USAGE ( .BOTH. , #5595 ) ;
#4285 = DIRECTION ( 'NONE',  ( 0.000000000000000000, 0.000000000000000000, -1.000000000000000000 ) ) ;
#4286 = ORIENTED_EDGE ( 'NONE', *, *, #8505, .T. ) ;
#4287 = CARTESIAN_POINT ( 'NONE',  ( -10.16000000000000014, 2.177422008883992879E-16, -0.8890000000000013447 ) ) ;
#4288 = DIRECTION ( 'NONE',  ( 0.000000000000000000, -0.9659258262890700886, 0.2588190451025140781 ) ) ;
#4289 = VECTOR ( 'NONE', #8921, 1000.000000000000000 ) ;
#4290 = DIRECTION ( 'NONE',  ( -1.000000000000000000, -0.000000000000000000, -0.000000000000000000 ) ) ;
#4291 = ORIENTED_EDGE ( 'NONE', *, *, #286, .F. ) ;
#4292 = EDGE_CURVE ( 'NONE', #9216, #1927, #3859, .T. ) ;
#4293 = CARTESIAN_POINT ( 'NONE',  ( -11.81099999999999994, 7.239000000000000767, 0.3809999999999953979 ) ) ;
#4294 = CARTESIAN_POINT ( 'NONE',  ( 5.080000000000000959, 0.000000000000000000, 1.269999999999998908 ) ) ;
#4295 = DIRECTION ( 'NONE',  ( -0.5773502691896253980, -0.5773502691896255090, -0.5773502691896263972 ) ) ;
#4296 = DIRECTION ( 'NONE',  ( 0.000000000000000000, 1.733406087350420004E-16, -1.000000000000000000 ) ) ;
#4297 = VECTOR ( 'NONE', #5982, 1000.000000000000000 ) ;
#4298 = EDGE_LOOP ( 'NONE', ( #3630, #2940, #2489, #8036 ) ) ;
#4299 = ORIENTED_EDGE ( 'NONE', *, *, #6038, .T. ) ;
#4300 = DIRECTION ( 'NONE',  ( -1.000000000000000000, -0.000000000000000000, -0.000000000000000000 ) ) ;
#4301 = LINE ( 'NONE', #9512, #7950 ) ;
#4302 = VERTEX_POINT ( 'NONE', #2255 ) ;
#4303 = STYLED_ITEM ( 'NONE', ( #1677 ), #4950 ) ;
#4304 = CARTESIAN_POINT ( 'NONE',  ( -15.24000000000000021, 0.5080000000000002292, -0.7528818102449945648 ) ) ;
#4305 = DIRECTION ( 'NONE',  ( 1.000000000000000000, 0.000000000000000000, -0.000000000000000000 ) ) ;
#4306 = PLANE ( 'NONE',  #3369 ) ;
#4307 = AXIS2_PLACEMENT_3D ( 'NONE', #3234, #8158, #5466 ) ;
#4308 = ORIENTED_EDGE ( 'NONE', *, *, #4564, .F. ) ;
#4309 = EDGE_CURVE ( 'NONE', #4745, #5874, #5221, .T. ) ;
#4310 = CARTESIAN_POINT ( 'NONE',  ( -6.730999999999998984, 7.239000000000000767, 0.3809999999999953979 ) ) ;
#4311 = EDGE_CURVE ( 'NONE', #301, #2749, #5451, .T. ) ;
#4312 = ORIENTED_EDGE ( 'NONE', *, *, #4429, .F. ) ;
#4313 = DIRECTION ( 'NONE',  ( -0.000000000000000000, 1.000000000000000000, 1.733406087350420004E-16 ) ) ;
#4314 = CARTESIAN_POINT ( 'NONE',  ( -10.16000000000000014, 8.509000000000000341, -1.270000000000001128 ) ) ;
#4315 = VECTOR ( 'NONE', #1186, 1000.000000000000000 ) ;
#4316 = FILL_AREA_STYLE_COLOUR ( '', #9108 ) ;
#4317 = LINE ( 'NONE', #684, #7375 ) ;
#4318 = ORIENTED_EDGE ( 'NONE', *, *, #1202, .T. ) ;
#4319 = DIRECTION ( 'NONE',  ( 1.000000000000000000, 0.000000000000000000, 0.000000000000000000 ) ) ;
#4320 = AXIS2_PLACEMENT_3D ( 'NONE', #2139, #5108, #4180 ) ;
#4321 = CARTESIAN_POINT ( 'NONE',  ( -6.730999999999998984, 8.064500000000000668, 0.3809999999999953979 ) ) ;
#4322 = ORIENTED_EDGE ( 'NONE', *, *, #3847, .F. ) ;
#4323 = PLANE ( 'NONE',  #4320 ) ;
#4324 = EDGE_CURVE ( 'NONE', #8135, #619, #4667, .T. ) ;
#4325 = CARTESIAN_POINT ( 'NONE',  ( 15.24000000000000021, -1.925929944387235853E-31, 0.8889999999999991243 ) ) ;
#4326 = ADVANCED_FACE ( 'NONE', ( #6270 ), #8419, .F. ) ;
#4327 = VERTEX_POINT ( 'NONE', #2443 ) ;
#4328 =( NAMED_UNIT ( * ) PLANE_ANGLE_UNIT ( ) SI_UNIT ( $, .RADIAN. ) );
#4329 = DIRECTION ( 'NONE',  ( 0.5773502691896253980, 0.5773502691896253980, -0.5773502691896266192 ) ) ;
#4330 = CARTESIAN_POINT ( 'NONE',  ( -7.620000000000000107, 2.177422008883992879E-16, -0.8890000000000013447 ) ) ;
#4331 = CARTESIAN_POINT ( 'NONE',  ( 6.477000000000000313, 7.810500000000001108, 0.1269999999999957552 ) ) ;
#4332 = DIRECTION ( 'NONE',  ( 1.000000000000000000, 0.000000000000000000, -0.000000000000000000 ) ) ;
#4333 = EDGE_CURVE ( 'NONE', #9272, #4327, #6858, .T. ) ;
#4334 = LINE ( 'NONE', #5744, #3451 ) ;
#4335 = ORIENTED_EDGE ( 'NONE', *, *, #8002, .F. ) ;
#4336 = DIRECTION ( 'NONE',  ( 0.000000000000000000, 2.449293598294710852E-16, -1.000000000000000000 ) ) ;
#4337 = DIRECTION ( 'NONE',  ( 0.000000000000000000, 0.9659258262890699775, 0.2588190451025145222 ) ) ;
#4338 = VERTEX_POINT ( 'NONE', #2534 ) ;
#4339 = CARTESIAN_POINT ( 'NONE',  ( 9.271000000000000796, 7.239000000000000767, 0.3809999999999953979 ) ) ;
#4340 = PLANE ( 'NONE',  #8309 ) ;
#4341 = DIRECTION ( 'NONE',  ( 0.000000000000000000, -0.9659258262890700886, 0.2588190451025140781 ) ) ;
#4342 = CARTESIAN_POINT ( 'NONE',  ( 15.24000000000000021, 0.5080000000000000071, 0.7528818102449925664 ) ) ;
#4343 = VECTOR ( 'NONE', #4274, 1000.000000000000000 ) ;
#4344 = ADVANCED_FACE ( 'NONE', ( #7686 ), #3948, .F. ) ;
#4345 = VERTEX_POINT ( 'NONE', #6997 ) ;
#4346 = ORIENTED_EDGE ( 'NONE', *, *, #2769, .F. ) ;
#4347 = LINE ( 'NONE', #9610, #9595 ) ;
#4348 = VECTOR ( 'NONE', #6921, 1000.000000000000000 ) ;
#4349 = ORIENTED_EDGE ( 'NONE', *, *, #2981, .T. ) ;
#4350 = CARTESIAN_POINT ( 'NONE',  ( -7.620000000000000107, 8.509000000000000341, 1.270000000000001128 ) ) ;
#4351 = CARTESIAN_POINT ( 'NONE',  ( 10.15999999999999837, 2.177422008883992879E-16, -0.8890000000000013447 ) ) ;
#4352 = VECTOR ( 'NONE', #4431, 1000.000000000000000 ) ;
#4353 = EDGE_LOOP ( 'NONE', ( #8289, #7947, #8633, #2516, #3037, #3857, #1234, #7536 ) ) ;
#4354 = CARTESIAN_POINT ( 'NONE',  ( 16.12900000000000134, 7.239000000000000767, -0.3810000000000033915 ) ) ;
#4355 = ORIENTED_EDGE ( 'NONE', *, *, #4225, .T. ) ;
#4356 = DIRECTION ( 'NONE',  ( -0.000000000000000000, 1.000000000000000000, 1.440069553722777130E-16 ) ) ;
#4357 = FACE_OUTER_BOUND ( 'NONE', #2403, .T. ) ;
#4358 = FACE_OUTER_BOUND ( 'NONE', #5597, .T. ) ;
#4359 = CARTESIAN_POINT ( 'NONE',  ( -6.730999999999998984, 7.239000000000000767, -0.3810000000000033915 ) ) ;
#4360 = EDGE_CURVE ( 'NONE', #5511, #301, #6221, .T. ) ;
#4361 = VECTOR ( 'NONE', #4880, 1000.000000000000000 ) ;
#4362 = VERTEX_POINT ( 'NONE', #1036 ) ;
#4363 = FACE_OUTER_BOUND ( 'NONE', #1970, .T. ) ;
#4364 = DIRECTION ( 'NONE',  ( -0.000000000000000000, 0.000000000000000000, -1.000000000000000000 ) ) ;
#4365 = ORIENTED_EDGE ( 'NONE', *, *, #2185, .F. ) ;
#4366 = CARTESIAN_POINT ( 'NONE',  ( -5.079999999999999183, 2.177422008883992879E-16, -0.8890000000000013447 ) ) ;
#4367 = ORIENTED_EDGE ( 'NONE', *, *, #4936, .F. ) ;
#4368 = ORIENTED_EDGE ( 'NONE', *, *, #1064, .T. ) ;
#4369 = CARTESIAN_POINT ( 'NONE',  ( 7.620000000000001883, 0.5080000000000002292, -0.7528818102449945648 ) ) ;
#4370 = VECTOR ( 'NONE', #652, 1000.000000000000000 ) ;
#4371 = DIRECTION ( 'NONE',  ( 0.000000000000000000, -0.9659258262890699775, -0.2588190451025145222 ) ) ;
#4372 = PLANE ( 'NONE',  #9245 ) ;
#4373 = CARTESIAN_POINT ( 'NONE',  ( -2.095500000000000362, 8.509000000000000341, -0.8255000000000044524 ) ) ;
#4374 = LINE ( 'NONE', #8766, #4722 ) ;
#4375 = EDGE_CURVE ( 'NONE', #8837, #6453, #3994, .T. ) ;
#4376 = EDGE_CURVE ( 'NONE', #1150, #7728, #3900, .T. ) ;
#4377 = VECTOR ( 'NONE', #9012, 1000.000000000000000 ) ;
#4378 = CARTESIAN_POINT ( 'NONE',  ( 20.57400000000000162, 8.509000000000000341, 1.270000000000001128 ) ) ;
#4379 = ORIENTED_EDGE ( 'NONE', *, *, #4492, .F. ) ;
#4380 = DIRECTION ( 'NONE',  ( -1.000000000000000000, 0.000000000000000000, 0.000000000000000000 ) ) ;
#4381 = VECTOR ( 'NONE', #6263, 1000.000000000000000 ) ;
#4382 = DIRECTION ( 'NONE',  ( -0.000000000000000000, 1.000000000000000000, 1.733406087350420004E-16 ) ) ;
#4383 = ORIENTED_EDGE ( 'NONE', *, *, #8176, .T. ) ;
#4384 = CARTESIAN_POINT ( 'NONE',  ( 30.48000000000000043, 7.239000000000000767, -2.201425730935033664E-16 ) ) ;
#4385 = PLANE ( 'NONE',  #6237 ) ;
#4386 = CARTESIAN_POINT ( 'NONE',  ( 14.35099999999999909, 7.239000000000000767, 0.3809999999999953979 ) ) ;
#4387 = DIRECTION ( 'NONE',  ( 0.000000000000000000, -1.440069553722777130E-16, 1.000000000000000000 ) ) ;
#4388 = AXIS2_PLACEMENT_3D ( 'NONE', #2572, #9339, #6993 ) ;
#4389 = DIRECTION ( 'NONE',  ( -0.7071067811865475727, -0.7071067811865475727, 0.000000000000000000 ) ) ;
#4390 = VECTOR ( 'NONE', #8880, 1000.000000000000000 ) ;
#4391 = MANIFOLD_SOLID_BREP ( 'Chamfer1', #8691 ) ;
#4392 = VERTEX_POINT ( 'NONE', #394 ) ;
#4393 = EDGE_LOOP ( 'NONE', ( #309, #3276, #1837, #1002 ) ) ;
#4394 = DIRECTION ( 'NONE',  ( 0.000000000000000000, 5.054934237236841843E-31, 1.000000000000000000 ) ) ;
#4395 = ORIENTED_EDGE ( 'NONE', *, *, #5647, .F. ) ;
#4396 = VECTOR ( 'NONE', #1478, 1000.000000000000000 ) ;
#4397 = ADVANCED_FACE ( 'NONE', ( #4811 ), #7784, .F. ) ;
#4398 = CARTESIAN_POINT ( 'NONE',  ( 0.000000000000000000, 3.110602869834277161E-16, -1.270000000000001128 ) ) ;
#4399 = CARTESIAN_POINT ( 'NONE',  ( 5.080000000000000959, 8.509000000000000341, -1.270000000000001128 ) ) ;
#4400 = UNCERTAINTY_MEASURE_WITH_UNIT (LENGTH_MEASURE( 1.000000000000000082E-05 ), #1175, 'distance_accuracy_value', 'NONE');
#4401 = VERTEX_POINT ( 'NONE', #8332 ) ;
#4402 = DIRECTION ( 'NONE',  ( -1.000000000000000000, -0.000000000000000000, -0.000000000000000000 ) ) ;
#4403 = MANIFOLD_SOLID_BREP ( 'Mirror1', #4031 ) ;
#4404 = EDGE_LOOP ( 'NONE', ( #4826, #2178, #5554, #8390 ) ) ;
#4405 = DIRECTION ( 'NONE',  ( 0.000000000000000000, 1.440069553722777130E-16, -1.000000000000000000 ) ) ;
#4406 = ADVANCED_FACE ( 'NONE', ( #1231 ), #3165, .F. ) ;
#4407 = DIRECTION ( 'NONE',  ( 0.000000000000000000, 1.000000000000000000, 1.733406087350420004E-16 ) ) ;
#4408 = CARTESIAN_POINT ( 'NONE',  ( 17.78000000000000114, 8.509000000000000341, 0.8254999999999967919 ) ) ;
#4409 = ORIENTED_EDGE ( 'NONE', *, *, #5224, .F. ) ;
#4410 = CARTESIAN_POINT ( 'NONE',  ( 2.540000000000000480, 0.5080000000000002292, -0.7528818102449945648 ) ) ;
#4411 = CARTESIAN_POINT ( 'NONE',  ( 5.969000000000002082, 8.064500000000000668, -0.3810000000000032250 ) ) ;
#4412 = VERTEX_POINT ( 'NONE', #6367 ) ;
#4413 = CARTESIAN_POINT ( 'NONE',  ( -6.730999999999998984, 7.239000000000000767, 0.3809999999999953979 ) ) ;
#4414 = ORIENTED_EDGE ( 'NONE', *, *, #3557, .F. ) ;
#4415 = ORIENTED_EDGE ( 'NONE', *, *, #3731, .T. ) ;
#4416 = DIRECTION ( 'NONE',  ( 0.000000000000000000, -1.440069553722777130E-16, 1.000000000000000000 ) ) ;
#4417 = AXIS2_PLACEMENT_3D ( 'NONE', #1263, #7187, #9330 ) ;
#4418 = CARTESIAN_POINT ( 'NONE',  ( -0.3810000000000000053, 0.5079999999999998961, -0.2031999999999997419 ) ) ;
#4419 = VERTEX_POINT ( 'NONE', #4963 ) ;
#4420 = CARTESIAN_POINT ( 'NONE',  ( 15.24000000000000021, 8.509000000000000341, -1.270000000000001128 ) ) ;
#4421 = DIRECTION ( 'NONE',  ( 0.000000000000000000, -0.9659258262890700886, 0.2588190451025140781 ) ) ;
#4422 = LINE ( 'NONE', #95, #9264 ) ;
#4423 = VECTOR ( 'NONE', #6366, 1000.000000000000000 ) ;
#4424 = LINE ( 'NONE', #9050, #3770 ) ;
#4425 = ORIENTED_EDGE ( 'NONE', *, *, #7938, .T. ) ;
#4426 = EDGE_LOOP ( 'NONE', ( #127, #2567, #1040, #2138 ) ) ;
#4427 = FACE_OUTER_BOUND ( 'NONE', #3156, .T. ) ;
#4428 = CARTESIAN_POINT ( 'NONE',  ( -6.730999999999998984, 8.064500000000000668, 0.3809999999999955644 ) ) ;
#4429 = EDGE_CURVE ( 'NONE', #8829, #9156, #6567, .T. ) ;
#4430 = ORIENTED_EDGE ( 'NONE', *, *, #3139, .F. ) ;
#4431 = DIRECTION ( 'NONE',  ( 0.000000000000000000, 0.000000000000000000, -1.000000000000000000 ) ) ;
#4432 = FACE_OUTER_BOUND ( 'NONE', #7102, .T. ) ;
#4433 = EDGE_CURVE ( 'NONE', #3695, #3335, #2053, .T. ) ;
#4434 = DIRECTION ( 'NONE',  ( 0.000000000000000000, 1.000000000000000000, 0.000000000000000000 ) ) ;
#4435 = ORIENTED_EDGE ( 'NONE', *, *, #7644, .T. ) ;
#4436 = ADVANCED_FACE ( 'NONE', ( #6515 ), #2720, .F. ) ;
#4437 = VECTOR ( 'NONE', #7903, 1000.000000000000000 ) ;
#4438 = CARTESIAN_POINT ( 'NONE',  ( 15.24000000000000021, 0.000000000000000000, 1.269999999999998908 ) ) ;
#4439 = DIRECTION ( 'NONE',  ( 0.000000000000000000, 1.440069553722777130E-16, -1.000000000000000000 ) ) ;
#4440 = MANIFOLD_SOLID_BREP ( 'LPattern1[10]', #298 ) ;
#4441 = VECTOR ( 'NONE', #7294, 999.9999999999998863 ) ;
#4442 = ORIENTED_EDGE ( 'NONE', *, *, #8469, .T. ) ;
#4443 = ORIENTED_EDGE ( 'NONE', *, *, #6893, .T. ) ;
#4444 = CARTESIAN_POINT ( 'NONE',  ( 0.000000000000000000, 8.509000000000000341, -1.270000000000001128 ) ) ;
#4445 = CARTESIAN_POINT ( 'NONE',  ( -2.540000000000000480, 8.509000000000000341, 1.270000000000001128 ) ) ;
#4446 = VERTEX_POINT ( 'NONE', #7247 ) ;
#4447 = CARTESIAN_POINT ( 'NONE',  ( 10.15999999999999837, -1.925929944387235853E-31, 0.8889999999999991243 ) ) ;
#4448 = VECTOR ( 'NONE', #1022, 1000.000000000000000 ) ;
#4449 = AXIS2_PLACEMENT_3D ( 'NONE', #6164, #7671, #140 ) ;
#4450 = CARTESIAN_POINT ( 'NONE',  ( 16.12900000000000134, 7.239000000000000767, 0.3809999999999953979 ) ) ;
#4451 = EDGE_CURVE ( 'NONE', #7984, #8189, #7923, .T. ) ;
#4452 = EDGE_CURVE ( 'NONE', #4086, #8653, #647, .T. ) ;
#4453 = ORIENTED_EDGE ( 'NONE', *, *, #1136, .F. ) ;
#4454 = VECTOR ( 'NONE', #5571, 1000.000000000000000 ) ;
#4455 = VECTOR ( 'NONE', #1920, 1000.000000000000000 ) ;
#4456 = PLANE ( 'NONE',  #8698 ) ;
#4457 = VERTEX_POINT ( 'NONE', #8611 ) ;
#4458 =( NAMED_UNIT ( * ) SI_UNIT ( $, .STERADIAN. ) SOLID_ANGLE_UNIT ( ) );
#4459 =( NAMED_UNIT ( * ) SI_UNIT ( $, .STERADIAN. ) SOLID_ANGLE_UNIT ( ) );
#4460 = VECTOR ( 'NONE', #3600, 1000.000000000000000 ) ;
#4461 = ADVANCED_FACE ( 'NONE', ( #1907 ), #3413, .T. ) ;
#4462 = ORIENTED_EDGE ( 'NONE', *, *, #2073, .T. ) ;
#4463 = CARTESIAN_POINT ( 'NONE',  ( -19.43100000000000094, 8.064500000000000668, 0.3809999999999955644 ) ) ;
#4464 = DIRECTION ( 'NONE',  ( -0.000000000000000000, -0.7071067811865482389, -0.7071067811865467956 ) ) ;
#4465 = ORIENTED_EDGE ( 'NONE', *, *, #6397, .F. ) ;
#4466 = CARTESIAN_POINT ( 'NONE',  ( 1.650999999999999801, 7.239000000000000767, 0.3809999999999953979 ) ) ;
#4467 = VECTOR ( 'NONE', #5650, 1000.000000000000000 ) ;
#4468 = ORIENTED_EDGE ( 'NONE', *, *, #1890, .F. ) ;
#4469 = PLANE ( 'NONE',  #1264 ) ;
#4470 = DIRECTION ( 'NONE',  ( -0.000000000000000000, 0.2588190451025140781, 0.9659258262890700886 ) ) ;
#4471 = CARTESIAN_POINT ( 'NONE',  ( 2.540000000000000480, 0.5080000000000002292, -0.7528818102449945648 ) ) ;
#4472 = DIRECTION ( 'NONE',  ( 1.000000000000000000, 0.000000000000000000, -0.000000000000000000 ) ) ;
#4473 = FACE_OUTER_BOUND ( 'NONE', #1693, .T. ) ;
#4474 = PLANE ( 'NONE',  #9556 ) ;
#4475 = VECTOR ( 'NONE', #241, 1000.000000000000000 ) ;
#4476 = PLANE ( 'NONE',  #2818 ) ;
#4477 = EDGE_LOOP ( 'NONE', ( #7955, #2992, #3599, #7206 ) ) ;
#4478 = ORIENTED_EDGE ( 'NONE', *, *, #3196, .F. ) ;
#4479 = LINE ( 'NONE', #6848, #9284 ) ;
#4480 = ORIENTED_EDGE ( 'NONE', *, *, #5809, .F. ) ;
#4481 = CARTESIAN_POINT ( 'NONE',  ( -19.43100000000000094, 7.239000000000000767, 0.3809999999999953979 ) ) ;
#4482 = DIRECTION ( 'NONE',  ( -0.000000000000000000, 0.2588190451025140781, 0.9659258262890700886 ) ) ;
#4483 = CARTESIAN_POINT ( 'NONE',  ( 4.191000000000000725, 7.239000000000000767, 0.3809999999999953979 ) ) ;
#4484 = VERTEX_POINT ( 'NONE', #7880 ) ;
#4485 = CARTESIAN_POINT ( 'NONE',  ( 0.3810000000000000053, -3.200400000000000134, 0.2032000000000001583 ) ) ;
#4486 = LINE ( 'NONE', #8234, #355 ) ;
#4487 = ADVANCED_FACE ( 'NONE', ( #3466 ), #2338, .F. ) ;
#4488 = ORIENTED_EDGE ( 'NONE', *, *, #770, .F. ) ;
#4489 = VERTEX_POINT ( 'NONE', #3844 ) ;
#4490 = VERTEX_POINT ( 'NONE', #3708 ) ;
#4491 = DIRECTION ( 'NONE',  ( -0.000000000000000000, 1.000000000000000000, 1.440069553722777130E-16 ) ) ;
#4492 = EDGE_CURVE ( 'NONE', #7832, #5404, #5258, .T. ) ;
#4493 = VECTOR ( 'NONE', #9076, 1000.000000000000000 ) ;
#4494 = EDGE_CURVE ( 'NONE', #8806, #5946, #3796, .T. ) ;
#4495 = EDGE_CURVE ( 'NONE', #8995, #734, #7342, .T. ) ;
#4496 = ADVANCED_FACE ( 'NONE', ( #4473 ), #6027, .F. ) ;
#4497 = VERTEX_POINT ( 'NONE', #8950 ) ;
#4498 = CARTESIAN_POINT ( 'NONE',  ( -11.81099999999999994, 7.239000000000000767, -0.3810000000000033915 ) ) ;
#4499 = VERTEX_POINT ( 'NONE', #9000 ) ;
#4500 = EDGE_CURVE ( 'NONE', #3431, #4202, #7437, .T. ) ;
#4501 = PRESENTATION_LAYER_ASSIGNMENT (  '', '', ( #9023 ) ) ;
#4502 = DIRECTION ( 'NONE',  ( 0.000000000000000000, 2.449293598294710852E-16, -1.000000000000000000 ) ) ;
#4503 = EDGE_LOOP ( 'NONE', ( #8780, #3279, #9597, #2308, #7175, #7478, #9472, #3689 ) ) ;
#4504 = VECTOR ( 'NONE', #92, 1000.000000000000000 ) ;
#4505 = DIRECTION ( 'NONE',  ( 1.000000000000000000, 0.000000000000000000, 0.000000000000000000 ) ) ;
#4506 = FACE_OUTER_BOUND ( 'NONE', #2499, .T. ) ;
#4507 = ORIENTED_EDGE ( 'NONE', *, *, #3107, .F. ) ;
#4508 = DIRECTION ( 'NONE',  ( -0.000000000000000000, 1.000000000000000000, 1.733406087350420004E-16 ) ) ;
#4509 = ORIENTED_EDGE ( 'NONE', *, *, #5878, .T. ) ;
#4510 = ORIENTED_EDGE ( 'NONE', *, *, #1724, .F. ) ;
#4511 = CARTESIAN_POINT ( 'NONE',  ( 20.57400000000000162, 0.5080000000000002292, -0.7528818102449945648 ) ) ;
#4512 = DIRECTION ( 'NONE',  ( 0.000000000000000000, 0.000000000000000000, 1.000000000000000000 ) ) ;
#4513 = ADVANCED_FACE ( 'NONE', ( #744 ), #2863, .F. ) ;
#4514 = FACE_OUTER_BOUND ( 'NONE', #239, .T. ) ;
#4515 = EDGE_CURVE ( 'NONE', #5370, #5320, #51, .T. ) ;
#4516 = CARTESIAN_POINT ( 'NONE',  ( -3.429000000000001602, 7.239000000000000767, -0.3810000000000033915 ) ) ;
#4517 = VECTOR ( 'NONE', #7324, 1000.000000000000000 ) ;
#4518 = CARTESIAN_POINT ( 'NONE',  ( 0.000000000000000000, 0.5080000000000000071, 0.7528818102449925664 ) ) ;
#4519 = ORIENTED_EDGE ( 'NONE', *, *, #6380, .F. ) ;
#4520 = VERTEX_POINT ( 'NONE', #696 ) ;
#4521 = LINE ( 'NONE', #196, #1060 ) ;
#4522 = VECTOR ( 'NONE', #6180, 1000.000000000000000 ) ;
#4523 = PRODUCT_RELATED_PRODUCT_CATEGORY ( 'part', '', ( #8688 ) ) ;
#4524 = ORIENTED_EDGE ( 'NONE', *, *, #1780, .F. ) ;
#4525 = DIRECTION ( 'NONE',  ( 0.000000000000000000, -1.440069553722777130E-16, 1.000000000000000000 ) ) ;
#4526 = LINE ( 'NONE', #9100, #5007 ) ;
#4527 = CARTESIAN_POINT ( 'NONE',  ( 12.69999999999999929, -1.925929944387235853E-31, 0.8889999999999991243 ) ) ;
#4528 = EDGE_LOOP ( 'NONE', ( #2343, #5235, #6474, #854 ) ) ;
#4529 = EDGE_CURVE ( 'NONE', #8629, #6499, #7484, .T. ) ;
#4530 = CARTESIAN_POINT ( 'NONE',  ( -17.78000000000000114, 3.110602869834277161E-16, -1.270000000000001128 ) ) ;
#4531 = LINE ( 'NONE', #7503, #9371 ) ;
#4532 = VECTOR ( 'NONE', #1644, 1000.000000000000000 ) ;
#4533 = VECTOR ( 'NONE', #4382, 1000.000000000000000 ) ;
#4534 = EDGE_LOOP ( 'NONE', ( #2250, #3954, #6326, #8249 ) ) ;
#4535 = ORIENTED_EDGE ( 'NONE', *, *, #6113, .T. ) ;
#4536 = CARTESIAN_POINT ( 'NONE',  ( -1.650999999999999801, 8.064500000000000668, -0.3810000000000032250 ) ) ;
#4537 = DIRECTION ( 'NONE',  ( 0.000000000000000000, 1.000000000000000000, 0.000000000000000000 ) ) ;
#4538 = ORIENTED_EDGE ( 'NONE', *, *, #9019, .T. ) ;
#4539 = VECTOR ( 'NONE', #5123, 1000.000000000000114 ) ;
#4540 = EDGE_CURVE ( 'NONE', #2483, #8260, #3656, .T. ) ;
#4541 = VECTOR ( 'NONE', #7140, 1000.000000000000000 ) ;
#4542 = DIRECTION ( 'NONE',  ( -0.5773502691896253980, -0.5773502691896255090, -0.5773502691896263972 ) ) ;
#4543 =( GEOMETRIC_REPRESENTATION_CONTEXT ( 3 ) GLOBAL_UNCERTAINTY_ASSIGNED_CONTEXT ( ( #814 ) ) GLOBAL_UNIT_ASSIGNED_CONTEXT ( ( #1751, #3410, #3216 ) ) REPRESENTATION_CONTEXT ( 'NONE', 'WORKASPACE' ) );
#4544 = ORIENTED_EDGE ( 'NONE', *, *, #616, .F. ) ;
#4545 = VECTOR ( 'NONE', #8040, 1000.000000000000000 ) ;
#4546 = LINE ( 'NONE', #1449, #9478 ) ;
#4547 = EDGE_CURVE ( 'NONE', #4878, #2116, #2918, .T. ) ;
#4548 = ORIENTED_EDGE ( 'NONE', *, *, #3575, .F. ) ;
#4549 = ADVANCED_FACE ( 'NONE', ( #1599 ), #7527, .F. ) ;
#4550 = CARTESIAN_POINT ( 'NONE',  ( 18.66900000000000048, 8.064500000000000668, -0.3810000000000032250 ) ) ;
#4551 = EDGE_LOOP ( 'NONE', ( #5219, #9375, #3723, #217 ) ) ;
#4552 = CARTESIAN_POINT ( 'NONE',  ( 16.51000000000000156, 0.000000000000000000, 0.000000000000000000 ) ) ;
#4553 = FACE_OUTER_BOUND ( 'NONE', #5183, .T. ) ;
#4554 = ORIENTED_EDGE ( 'NONE', *, *, #6601, .T. ) ;
#4555 = CARTESIAN_POINT ( 'NONE',  ( 5.080000000000000071, 7.239000000000000767, -2.201425730935033664E-16 ) ) ;
#4556 = ORIENTED_EDGE ( 'NONE', *, *, #1515, .F. ) ;
#4557 = EDGE_LOOP ( 'NONE', ( #4868, #5313, #685, #6331, #1972, #6200, #6488, #23 ) ) ;
#4558 = LINE ( 'NONE', #8164, #8719 ) ;
#4559 = PLANE ( 'NONE',  #3127 ) ;
#4560 = FACE_OUTER_BOUND ( 'NONE', #3170, .T. ) ;
#4561 = CARTESIAN_POINT ( 'NONE',  ( -4.191000000000000725, 8.064500000000000668, 0.3809999999999955644 ) ) ;
#4562 = LINE ( 'NONE', #9001, #2257 ) ;
#4563 = ADVANCED_FACE ( 'NONE', ( #1466 ), #788, .F. ) ;
#4564 = EDGE_CURVE ( 'NONE', #5921, #2781, #4422, .T. ) ;
#4565 = DIRECTION ( 'NONE',  ( 0.000000000000000000, -0.7071067811865482389, 0.7071067811865469066 ) ) ;
#4566 = STYLED_ITEM ( 'NONE', ( #3755 ), #1768 ) ;
#4567 = ORIENTED_EDGE ( 'NONE', *, *, #6194, .T. ) ;
#4568 = DIRECTION ( 'NONE',  ( -1.000000000000000000, 0.000000000000000000, 0.000000000000000000 ) ) ;
#4569 = DIRECTION ( 'NONE',  ( 0.000000000000000000, -0.7071067811865482389, 0.7071067811865469066 ) ) ;
#4570 = VERTEX_POINT ( 'NONE', #4373 ) ;
#4571 = PLANE ( 'NONE',  #161 ) ;
#4572 = CARTESIAN_POINT ( 'NONE',  ( -12.69999999999999929, -1.925929944387235853E-31, 0.8889999999999991243 ) ) ;
#4573 = DIRECTION ( 'NONE',  ( -1.000000000000000000, -0.000000000000000000, -0.000000000000000000 ) ) ;
#4574 = ORIENTED_EDGE ( 'NONE', *, *, #9172, .F. ) ;
#4575 = CARTESIAN_POINT ( 'NONE',  ( 11.55699999999999861, 7.810500000000001108, 0.1269999999999957552 ) ) ;
#4576 = LINE ( 'NONE', #9016, #7541 ) ;
#4577 = CARTESIAN_POINT ( 'NONE',  ( 15.24000000000000021, 8.509000000000000341, -1.270000000000001128 ) ) ;
#4578 = AXIS2_PLACEMENT_3D ( 'NONE', #839, #2101, #8029 ) ;
#4579 = EDGE_CURVE ( 'NONE', #1829, #1185, #3753, .T. ) ;
#4580 = ORIENTED_EDGE ( 'NONE', *, *, #5039, .T. ) ;
#4581 = EDGE_LOOP ( 'NONE', ( #3082, #5274, #3479, #827 ) ) ;
#4582 = CARTESIAN_POINT ( 'NONE',  ( -19.43100000000000094, 8.064500000000000668, 0.3809999999999953979 ) ) ;
#4583 = ORIENTED_EDGE ( 'NONE', *, *, #8982, .T. ) ;
#4584 = VECTOR ( 'NONE', #7145, 1000.000000000000000 ) ;
#4585 = LINE ( 'NONE', #8011, #9433 ) ;
#4586 = DIRECTION ( 'NONE',  ( -0.000000000000000000, 1.000000000000000000, 1.733406087350420004E-16 ) ) ;
#4587 = VECTOR ( 'NONE', #7261, 1000.000000000000000 ) ;
#4588 = ORIENTED_EDGE ( 'NONE', *, *, #6061, .T. ) ;
#4589 = DIRECTION ( 'NONE',  ( 0.000000000000000000, -0.000000000000000000, -1.000000000000000000 ) ) ;
#4590 = VECTOR ( 'NONE', #7326, 999.9999999999998863 ) ;
#4591 = ORIENTED_EDGE ( 'NONE', *, *, #3814, .F. ) ;
#4592 = LINE ( 'NONE', #9171, #9116 ) ;
#4593 = EDGE_CURVE ( 'NONE', #7001, #2631, #7389, .T. ) ;
#4594 = AXIS2_PLACEMENT_3D ( 'NONE', #5616, #473, #6438 ) ;
#4595 = VECTOR ( 'NONE', #4650, 999.9999999999998863 ) ;
#4596 = ORIENTED_EDGE ( 'NONE', *, *, #6927, .T. ) ;
#4597 = EDGE_CURVE ( 'NONE', #7582, #6149, #1513, .T. ) ;
#4598 = CARTESIAN_POINT ( 'NONE',  ( 11.42999999999999972, 0.000000000000000000, 0.000000000000000000 ) ) ;
#4599 = CARTESIAN_POINT ( 'NONE',  ( 20.57400000000000162, 0.5080000000000002292, -0.7528818102449945648 ) ) ;
#4600 = PLANE ( 'NONE',  #6802 ) ;
#4601 = ORIENTED_EDGE ( 'NONE', *, *, #2917, .T. ) ;
#4602 = CARTESIAN_POINT ( 'NONE',  ( -20.57400000000000162, -1.925929944387235853E-31, 0.8889999999999991243 ) ) ;
#4603 = CARTESIAN_POINT ( 'NONE',  ( 10.16000000000000192, 0.5080000000000000071, 0.7528818102449925664 ) ) ;
#4604 = ORIENTED_EDGE ( 'NONE', *, *, #7010, .F. ) ;
#4605 = LINE ( 'NONE', #7574, #6630 ) ;
#4606 = AXIS2_PLACEMENT_3D ( 'NONE', #3384, #7117, #1152 ) ;
#4607 = AXIS2_PLACEMENT_3D ( 'NONE', #1241, #2065, #9504 ) ;
#4608 = CARTESIAN_POINT ( 'NONE',  ( 0.000000000000000000, 0.5080000000000002292, -0.7528818102449945648 ) ) ;
#4609 = DIRECTION ( 'NONE',  ( 0.000000000000000000, -2.449293598294710852E-16, 1.000000000000000000 ) ) ;
#4610 = EDGE_CURVE ( 'NONE', #2298, #4412, #4749, .T. ) ;
#4611 = FACE_OUTER_BOUND ( 'NONE', #4643, .T. ) ;
#4612 = VECTOR ( 'NONE', #3031, 999.9999999999998863 ) ;
#4613 = ADVANCED_FACE ( 'NONE', ( #6841 ), #3978, .F. ) ;
#4614 = ORIENTED_EDGE ( 'NONE', *, *, #7306, .F. ) ;
#4615 = EDGE_CURVE ( 'NONE', #3494, #8189, #141, .T. ) ;
#4616 = DIRECTION ( 'NONE',  ( 0.000000000000000000, 0.000000000000000000, -1.000000000000000000 ) ) ;
#4617 = CARTESIAN_POINT ( 'NONE',  ( 20.32000000000000028, 0.5080000000000002292, -0.7528818102449945648 ) ) ;
#4618 = ORIENTED_EDGE ( 'NONE', *, *, #5925, .T. ) ;
#4619 = CARTESIAN_POINT ( 'NONE',  ( -18.66900000000000048, 8.064500000000000668, -0.3810000000000032250 ) ) ;
#4620 = CARTESIAN_POINT ( 'NONE',  ( -14.35099999999999909, 7.239000000000000767, -0.3810000000000033915 ) ) ;
#4621 = CARTESIAN_POINT ( 'NONE',  ( 12.69999999999999929, 0.000000000000000000, 0.000000000000000000 ) ) ;
#4622 = ORIENTED_EDGE ( 'NONE', *, *, #2888, .T. ) ;
#4623 = DIRECTION ( 'NONE',  ( -0.000000000000000000, 0.000000000000000000, -1.000000000000000000 ) ) ;
#4624 = EDGE_CURVE ( 'NONE', #1840, #6170, #328, .T. ) ;
#4625 = DIRECTION ( 'NONE',  ( 0.000000000000000000, 2.548365665731588345E-16, -1.000000000000000000 ) ) ;
#4626 = AXIS2_PLACEMENT_3D ( 'NONE', #9274, #7713, #7079 ) ;
#4627 = EDGE_CURVE ( 'NONE', #2456, #9537, #7672, .T. ) ;
#4628 = ORIENTED_EDGE ( 'NONE', *, *, #1356, .F. ) ;
#4629 = ORIENTED_EDGE ( 'NONE', *, *, #4515, .F. ) ;
#4630 = DIRECTION ( 'NONE',  ( 0.5773502691896253980, 0.5773502691896253980, -0.5773502691896266192 ) ) ;
#4631 = VERTEX_POINT ( 'NONE', #6072 ) ;
#4632 = CARTESIAN_POINT ( 'NONE',  ( -20.57400000000000162, 3.110602869834277161E-16, -1.270000000000001128 ) ) ;
#4633 = CARTESIAN_POINT ( 'NONE',  ( 17.78000000000000114, -1.925929944387235853E-31, 0.8889999999999991243 ) ) ;
#4634 = EDGE_CURVE ( 'NONE', #5676, #5170, #6258, .T. ) ;
#4635 = EDGE_CURVE ( 'NONE', #162, #5785, #4030, .T. ) ;
#4636 = ORIENTED_EDGE ( 'NONE', *, *, #3002, .F. ) ;
#4637 = ORIENTED_EDGE ( 'NONE', *, *, #2791, .T. ) ;
#4638 =( REPRESENTATION_RELATIONSHIP ('NONE','NONE', #9002, #746 ) REPRESENTATION_RELATIONSHIP_WITH_TRANSFORMATION ( #4020 )SHAPE_REPRESENTATION_RELATIONSHIP( ) );
#4639 = DIRECTION ( 'NONE',  ( 1.000000000000000000, 0.000000000000000000, 0.000000000000000000 ) ) ;
#4640 = ORIENTED_EDGE ( 'NONE', *, *, #8314, .T. ) ;
#4641 = DIRECTION ( 'NONE',  ( 0.000000000000000000, -5.054934237236841843E-31, -1.000000000000000000 ) ) ;
#4642 = DIRECTION ( 'NONE',  ( -1.000000000000000000, 0.000000000000000000, 0.000000000000000000 ) ) ;
#4643 = EDGE_LOOP ( 'NONE', ( #8445, #3987, #4846, #1399 ) ) ;
#4644 = LINE ( 'NONE', #5292, #8110 ) ;
#4645 = DIRECTION ( 'NONE',  ( 0.000000000000000000, -5.054934237236841843E-31, -1.000000000000000000 ) ) ;
#4646 = VECTOR ( 'NONE', #2941, 1000.000000000000000 ) ;
#4647 = ORIENTED_EDGE ( 'NONE', *, *, #2945, .T. ) ;
#4648 = CARTESIAN_POINT ( 'NONE',  ( -15.24000000000000021, 0.5080000000000000071, 0.7528818102449925664 ) ) ;
#4649 = VERTEX_POINT ( 'NONE', #3885 ) ;
#4650 = DIRECTION ( 'NONE',  ( 0.5773502691896255090, -0.5773502691896253980, -0.5773502691896263972 ) ) ;
#4651 = EDGE_CURVE ( 'NONE', #3661, #7445, #8360, .T. ) ;
#4652 = DIRECTION ( 'NONE',  ( 1.000000000000000000, 0.000000000000000000, -0.000000000000000000 ) ) ;
#4653 = LINE ( 'NONE', #7621, #3652 ) ;
#4654 = DIRECTION ( 'NONE',  ( 0.000000000000000000, -1.000000000000000000, 0.000000000000000000 ) ) ;
#4655 = VERTEX_POINT ( 'NONE', #284 ) ;
#4656 = VERTEX_POINT ( 'NONE', #2387 ) ;
#4657 = CARTESIAN_POINT ( 'NONE',  ( -14.35099999999999909, 7.239000000000000767, -0.3810000000000033915 ) ) ;
#4658 = LINE ( 'NONE', #7627, #2375 ) ;
#4659 = VERTEX_POINT ( 'NONE', #6985 ) ;
#4660 = DIRECTION ( 'NONE',  ( -0.000000000000000000, 1.000000000000000000, 1.440069553722777130E-16 ) ) ;
#4661 = DIRECTION ( 'NONE',  ( -1.000000000000000000, -0.000000000000000000, -0.000000000000000000 ) ) ;
#4662 = ORIENTED_EDGE ( 'NONE', *, *, #2144, .T. ) ;
#4663 = VECTOR ( 'NONE', #5096, 1000.000000000000000 ) ;
#4664 = DIRECTION ( 'NONE',  ( 0.000000000000000000, 0.2588190451025145222, -0.9659258262890699775 ) ) ;
#4665 = EDGE_CURVE ( 'NONE', #2380, #6784, #8315, .T. ) ;
#4666 = DIRECTION ( 'NONE',  ( 1.000000000000000000, 0.000000000000000000, -0.000000000000000000 ) ) ;
#4667 = LINE ( 'NONE', #3264, #2727 ) ;
#4668 = LINE ( 'NONE', #2487, #1300 ) ;
#4669 = ADVANCED_FACE ( 'NONE', ( #2520 ), #3298, .F. ) ;
#4670 = PRESENTATION_LAYER_ASSIGNMENT (  '', '', ( #4056 ) ) ;
#4671 = LINE ( 'NONE', #4047, #8248 ) ;
#4672 = VERTEX_POINT ( 'NONE', #6166 ) ;
#4673 = LINE ( 'NONE', #160, #5098 ) ;
#4674 = ORIENTED_EDGE ( 'NONE', *, *, #8481, .F. ) ;
#4675 = CARTESIAN_POINT ( 'NONE',  ( -12.70000000000000107, 3.110602869834277161E-16, -1.270000000000001128 ) ) ;
#4676 = VECTOR ( 'NONE', #4285, 1000.000000000000000 ) ;
#4677 = CARTESIAN_POINT ( 'NONE',  ( 20.32000000000000028, 8.509000000000000341, -1.270000000000001128 ) ) ;
#4678 = VECTOR ( 'NONE', #5341, 1000.000000000000000 ) ;
#4679 = ORIENTED_EDGE ( 'NONE', *, *, #283, .T. ) ;
#4680 = ORIENTED_EDGE ( 'NONE', *, *, #464, .F. ) ;
#4681 = LINE ( 'NONE', #8112, #2133 ) ;
#4682 = VECTOR ( 'NONE', #4972, 1000.000000000000000 ) ;
#4683 = ADVANCED_FACE ( 'NONE', ( #5434 ), #3252, .F. ) ;
#4684 = DIRECTION ( 'NONE',  ( 0.000000000000000000, -1.000000000000000000, -1.169455476739838842E-16 ) ) ;
#4685 = VECTOR ( 'NONE', #3343, 1000.000000000000000 ) ;
#4686 = VERTEX_POINT ( 'NONE', #4608 ) ;
#4687 = DIRECTION ( 'NONE',  ( -0.000000000000000000, 1.000000000000000000, 1.733406087350420004E-16 ) ) ;
#4688 = DIRECTION ( 'NONE',  ( 0.000000000000000000, -0.9659258262890699775, -0.2588190451025145222 ) ) ;
#4689 = DIRECTION ( 'NONE',  ( 0.000000000000000000, 0.000000000000000000, 1.000000000000000000 ) ) ;
#4690 = COLOUR_RGB ( '',0.2509803921568627416, 0.2509803921568627416, 0.2509803921568627416 ) ;
#4691 = VECTOR ( 'NONE', #9336, 1000.000000000000000 ) ;
#4692 = ORIENTED_EDGE ( 'NONE', *, *, #9172, .T. ) ;
#4693 = ITEM_DEFINED_TRANSFORMATION ( 'NONE', 'NONE', #7183,  #4388 ) ;
#4694 = DIRECTION ( 'NONE',  ( 0.000000000000000000, -1.000000000000000000, 0.000000000000000000 ) ) ;
#4695 = ADVANCED_FACE ( 'NONE', ( #7575 ), #190, .F. ) ;
#4696 = CARTESIAN_POINT ( 'NONE',  ( 18.22450000000000259, 8.509000000000000341, 0.8254999999999967919 ) ) ;
#4697 = ORIENTED_EDGE ( 'NONE', *, *, #543, .F. ) ;
#4698 = CARTESIAN_POINT ( 'NONE',  ( 7.620000000000001883, 0.5080000000000000071, 0.7528818102449925664 ) ) ;
#4699 = VECTOR ( 'NONE', #1289, 1000.000000000000000 ) ;
#4700 = VERTEX_POINT ( 'NONE', #9231 ) ;
#4701 = LINE ( 'NONE', #1021, #5234 ) ;
#4702 = CARTESIAN_POINT ( 'NONE',  ( -10.16000000000000014, 0.5080000000000002292, -0.7528818102449945648 ) ) ;
#4703 = PRODUCT_DEFINITION_SHAPE ( 'NONE', 'NONE',  #9626 ) ;
#4704 = EDGE_CURVE ( 'NONE', #3110, #2845, #9140, .T. ) ;
#4705 = ORIENTED_EDGE ( 'NONE', *, *, #5503, .F. ) ;
#4706 = ORIENTED_EDGE ( 'NONE', *, *, #9153, .T. ) ;
#4707 = DIRECTION ( 'NONE',  ( 0.000000000000000000, 1.000000000000000000, 0.000000000000000000 ) ) ;
#4708 = PLANE ( 'NONE',  #6404 ) ;
#4709 = ORIENTED_EDGE ( 'NONE', *, *, #9509, .F. ) ;
#4710 = VERTEX_POINT ( 'NONE', #1845 ) ;
#4711 = DIRECTION ( 'NONE',  ( 1.000000000000000000, 0.000000000000000000, 0.000000000000000000 ) ) ;
#4712 = CARTESIAN_POINT ( 'NONE',  ( -19.43100000000000094, 7.239000000000000767, 0.3809999999999953979 ) ) ;
#4713 = DIRECTION ( 'NONE',  ( 0.000000000000000000, -0.9659258262890700886, 0.2588190451025140781 ) ) ;
#4714 = DIRECTION ( 'NONE',  ( 0.000000000000000000, 0.000000000000000000, -1.000000000000000000 ) ) ;
#4715 = DIRECTION ( 'NONE',  ( 0.000000000000000000, 0.000000000000000000, -1.000000000000000000 ) ) ;
#4716 = ADVANCED_FACE ( 'NONE', ( #2425 ), #8406, .F. ) ;
#4717 = ORIENTED_EDGE ( 'NONE', *, *, #7463, .F. ) ;
#4718 = FACE_OUTER_BOUND ( 'NONE', #6819, .T. ) ;
#4719 = EDGE_CURVE ( 'NONE', #1017, #5165, #973, .T. ) ;
#4720 = ORIENTED_EDGE ( 'NONE', *, *, #5627, .T. ) ;
#4721 = CARTESIAN_POINT ( 'NONE',  ( -20.57400000000000162, 8.509000000000000341, 1.270000000000001128 ) ) ;
#4722 = VECTOR ( 'NONE', #9621, 1000.000000000000000 ) ;
#4723 = DIRECTION ( 'NONE',  ( -0.000000000000000000, 1.000000000000000000, 1.733406087350420004E-16 ) ) ;
#4724 = DIRECTION ( 'NONE',  ( 1.000000000000000000, 0.000000000000000000, 0.000000000000000000 ) ) ;
#4725 = AXIS2_PLACEMENT_3D ( 'NONE', #8845, #9481, #2132 ) ;
#4726 = ORIENTED_EDGE ( 'NONE', *, *, #4564, .T. ) ;
#4727 = ORIENTED_EDGE ( 'NONE', *, *, #3909, .T. ) ;
#4728 = DIRECTION ( 'NONE',  ( 0.000000000000000000, 1.733406087350420004E-16, -1.000000000000000000 ) ) ;
#4729 = ADVANCED_FACE ( 'NONE', ( #7865 ), #483, .F. ) ;
#4730 = ORIENTED_EDGE ( 'NONE', *, *, #5680, .T. ) ;
#4731 = EDGE_CURVE ( 'NONE', #9206, #159, #4175, .T. ) ;
#4732 = DIRECTION ( 'NONE',  ( 0.000000000000000000, 1.000000000000000000, 0.000000000000000000 ) ) ;
#4733 = ORIENTED_EDGE ( 'NONE', *, *, #2304, .T. ) ;
#4734 = CARTESIAN_POINT ( 'NONE',  ( 0.8890000000000009006, 8.064500000000000668, 0.3809999999999953979 ) ) ;
#4735 = CARTESIAN_POINT ( 'NONE',  ( 20.57400000000000162, -1.925929944387235853E-31, 0.8889999999999991243 ) ) ;
#4736 = VECTOR ( 'NONE', #1806, 1000.000000000000000 ) ;
#4737 = LINE ( 'NONE', #3091, #9588 ) ;
#4738 = ADVANCED_FACE ( 'NONE', ( #1262 ), #7964, .F. ) ;
#4739 = EDGE_CURVE ( 'NONE', #7547, #1798, #536, .T. ) ;
#4740 = EDGE_CURVE ( 'NONE', #3780, #6031, #6403, .T. ) ;
#4741 = ORIENTED_EDGE ( 'NONE', *, *, #9208, .F. ) ;
#4742 = VECTOR ( 'NONE', #6770, 1000.000000000000000 ) ;
#4743 = FACE_OUTER_BOUND ( 'NONE', #4945, .T. ) ;
#4744 = LINE ( 'NONE', #1113, #4034 ) ;
#4745 = VERTEX_POINT ( 'NONE', #2707 ) ;
#4746 = FACE_OUTER_BOUND ( 'NONE', #6593, .T. ) ;
#4747 = ORIENTED_EDGE ( 'NONE', *, *, #2181, .F. ) ;
#4748 = DIRECTION ( 'NONE',  ( 0.000000000000000000, -0.9659258262890699775, -0.2588190451025145222 ) ) ;
#4749 = LINE ( 'NONE', #1072, #7546 ) ;
#4750 = LINE ( 'NONE', #5435, #3812 ) ;
#4751 = AXIS2_PLACEMENT_3D ( 'NONE', #2658, #6450, #4220 ) ;
#4752 = EDGE_CURVE ( 'NONE', #2162, #3786, #4849, .T. ) ;
#4753 = VECTOR ( 'NONE', #1324, 1000.000000000000000 ) ;
#4754 = ORIENTED_EDGE ( 'NONE', *, *, #6885, .T. ) ;
#4755 = ORIENTED_EDGE ( 'NONE', *, *, #8571, .F. ) ;
#4756 = CARTESIAN_POINT ( 'NONE',  ( -15.24000000000000021, -1.925929944387235853E-31, 0.8889999999999991243 ) ) ;
#4757 = LINE ( 'NONE', #9192, #826 ) ;
#4758 = AXIS2_PLACEMENT_3D ( 'NONE', #9518, #7318, #2220 ) ;
#4759 = ORIENTED_EDGE ( 'NONE', *, *, #6645, .F. ) ;
#4760 = VECTOR ( 'NONE', #4218, 999.9999999999998863 ) ;
#4761 = DIRECTION ( 'NONE',  ( 0.000000000000000000, -1.000000000000000000, 0.000000000000000000 ) ) ;
#4762 = ORIENTED_EDGE ( 'NONE', *, *, #2879, .F. ) ;
#4763 = LINE ( 'NONE', #1654, #6138 ) ;
#4764 = LINE ( 'NONE', #547, #3819 ) ;
#4765 =( NAMED_UNIT ( * ) SI_UNIT ( $, .STERADIAN. ) SOLID_ANGLE_UNIT ( ) );
#4766 = LINE ( 'NONE', #3221, #2229 ) ;
#4767 = VECTOR ( 'NONE', #7053, 1000.000000000000114 ) ;
#4768 = CARTESIAN_POINT ( 'NONE',  ( 10.16000000000000192, 8.509000000000000341, 0.8254999999999967919 ) ) ;
#4769 = ORIENTED_EDGE ( 'NONE', *, *, #6392, .T. ) ;
#4770 = CARTESIAN_POINT ( 'NONE',  ( 5.969000000000002082, 7.239000000000000767, -0.3810000000000033915 ) ) ;
#4771 = ORIENTED_EDGE ( 'NONE', *, *, #3014, .T. ) ;
#4772 = FACE_BOUND ( 'NONE', #7718, .T. ) ;
#4773 = VECTOR ( 'NONE', #887, 1000.000000000000000 ) ;
#4774 = DIRECTION ( 'NONE',  ( 0.000000000000000000, 0.000000000000000000, -1.000000000000000000 ) ) ;
#4775 = FACE_BOUND ( 'NONE', #55, .T. ) ;
#4776 = EDGE_CURVE ( 'NONE', #774, #7589, #5729, .T. ) ;
#4777 = VECTOR ( 'NONE', #4508, 1000.000000000000000 ) ;
#4778 = ORIENTED_EDGE ( 'NONE', *, *, #5968, .F. ) ;
#4779 = VERTEX_POINT ( 'NONE', #2611 ) ;
#4780 = ORIENTED_EDGE ( 'NONE', *, *, #5521, .F. ) ;
#4781 = DIRECTION ( 'NONE',  ( -0.000000000000000000, -0.000000000000000000, 1.000000000000000000 ) ) ;
#4782 = ORIENTED_EDGE ( 'NONE', *, *, #1913, .F. ) ;
#4783 = DIRECTION ( 'NONE',  ( -1.000000000000000000, -0.000000000000000000, -0.000000000000000000 ) ) ;
#4784 = CARTESIAN_POINT ( 'NONE',  ( 3.429000000000001602, 7.239000000000000767, 0.3809999999999953979 ) ) ;
#4785 = PLANE ( 'NONE',  #5508 ) ;
#4786 = EDGE_CURVE ( 'NONE', #4106, #3324, #6354, .T. ) ;
#4787 = CARTESIAN_POINT ( 'NONE',  ( 0.000000000000000000, 3.110602869834277161E-16, -1.270000000000001128 ) ) ;
#4788 = EDGE_CURVE ( 'NONE', #2188, #8744, #7912, .T. ) ;
#4789 = EDGE_LOOP ( 'NONE', ( #3270, #5512, #9428, #3007 ) ) ;
#4790 = ITEM_DEFINED_TRANSFORMATION ( 'NONE', 'NONE', #6869,  #4388 ) ;
#4791 = DIRECTION ( 'NONE',  ( 1.000000000000000000, 0.000000000000000000, -0.000000000000000000 ) ) ;
#4792 = EDGE_CURVE ( 'NONE', #3939, #4074, #2038, .T. ) ;
#4793 = ORIENTED_EDGE ( 'NONE', *, *, #6727, .F. ) ;
#4794 = LINE ( 'NONE', #2558, #6217 ) ;
#4795 = ORIENTED_EDGE ( 'NONE', *, *, #5490, .F. ) ;
#4796 = DIRECTION ( 'NONE',  ( 1.000000000000000000, 0.000000000000000000, -0.000000000000000000 ) ) ;
#4797 = CARTESIAN_POINT ( 'NONE',  ( 5.969000000000002082, 8.064500000000000668, 0.3809999999999955644 ) ) ;
#4798 = CLOSED_SHELL ( 'NONE', ( #7057, #8368, #6470, #2031, #593, #7161, #2156, #8974, #356, #865, #6521, #1942, #4406, #3892, #4613, #1253, #2889, #7135, #5840 ) ) ;
#4799 = CARTESIAN_POINT ( 'NONE',  ( 10.16000000000000192, 0.000000000000000000, 0.000000000000000000 ) ) ;
#4800 = VECTOR ( 'NONE', #3972, 1000.000000000000000 ) ;
#4801 = VERTEX_POINT ( 'NONE', #3500 ) ;
#4802 = ORIENTED_EDGE ( 'NONE', *, *, #4634, .T. ) ;
#4803 = DIRECTION ( 'NONE',  ( 0.000000000000000000, 0.9659258262890700886, -0.2588190451025140781 ) ) ;
#4804 = EDGE_CURVE ( 'NONE', #903, #6434, #379, .T. ) ;
#4805 = CARTESIAN_POINT ( 'NONE',  ( -10.16000000000000014, 8.509000000000000341, 1.270000000000001128 ) ) ;
#4806 = ORIENTED_EDGE ( 'NONE', *, *, #4494, .T. ) ;
#4807 = EDGE_CURVE ( 'NONE', #6254, #1849, #7231, .T. ) ;
#4808 = FACE_BOUND ( 'NONE', #5736, .T. ) ;
#4809 = DIRECTION ( 'NONE',  ( 0.000000000000000000, 0.000000000000000000, -1.000000000000000000 ) ) ;
#4810 = PLANE ( 'NONE',  #7688 ) ;
#4811 = FACE_OUTER_BOUND ( 'NONE', #5607, .T. ) ;
#4812 = VECTOR ( 'NONE', #1081, 1000.000000000000000 ) ;
#4813 = PRESENTATION_STYLE_ASSIGNMENT (( #4284 ) ) ;
#4814 = DIRECTION ( 'NONE',  ( -1.000000000000000000, -0.000000000000000000, -0.000000000000000000 ) ) ;
#4815 = ORIENTED_EDGE ( 'NONE', *, *, #8127, .T. ) ;
#4816 = CARTESIAN_POINT ( 'NONE',  ( -18.22450000000000259, 8.509000000000000341, -0.8255000000000044524 ) ) ;
#4817 = AXIS2_PLACEMENT_3D ( 'NONE', #5286, #2322, #6828 ) ;
#4818 = CARTESIAN_POINT ( 'NONE',  ( 20.32000000000000028, 8.509000000000000341, -1.270000000000001128 ) ) ;
#4819 = EDGE_LOOP ( 'NONE', ( #4383, #8321, #8550, #1486 ) ) ;
#4820 = EDGE_CURVE ( 'NONE', #7455, #2298, #8752, .T. ) ;
#4821 = CARTESIAN_POINT ( 'NONE',  ( -5.079999999999999183, 0.5080000000000002292, -0.7528818102449945648 ) ) ;
#4822 = DIRECTION ( 'NONE',  ( -0.000000000000000000, 1.000000000000000000, 1.733406087350420004E-16 ) ) ;
#4823 = LINE ( 'NONE', #9160, #4235 ) ;
#4824 = AXIS2_PLACEMENT_3D ( 'NONE', #253, #9155, #1088 ) ;
#4825 = EDGE_LOOP ( 'NONE', ( #6945, #1594, #1770, #6383 ) ) ;
#4826 = ORIENTED_EDGE ( 'NONE', *, *, #6825, .T. ) ;
#4827 = CARTESIAN_POINT ( 'NONE',  ( -16.89099999999999824, 8.064500000000000668, 0.3809999999999955644 ) ) ;
#4828 = EDGE_CURVE ( 'NONE', #1618, #4302, #6501, .T. ) ;
#4829 = ORIENTED_EDGE ( 'NONE', *, *, #1890, .T. ) ;
#4830 = CARTESIAN_POINT ( 'NONE',  ( -2.540000000000000480, 8.509000000000000341, 1.270000000000001128 ) ) ;
#4831 = VECTOR ( 'NONE', #7622, 1000.000000000000000 ) ;
#4832 = VERTEX_POINT ( 'NONE', #1940 ) ;
#4833 = CARTESIAN_POINT ( 'NONE',  ( 17.78000000000000114, 0.000000000000000000, 1.269999999999998908 ) ) ;
#4834 = CARTESIAN_POINT ( 'NONE',  ( 2.540000000000000480, 2.177422008883992879E-16, -0.8890000000000013447 ) ) ;
#4835 = DIRECTION ( 'NONE',  ( 0.000000000000000000, -2.449293598294710852E-16, 1.000000000000000000 ) ) ;
#4836 = LINE ( 'NONE', #3441, #1047 ) ;
#4837 = VECTOR ( 'NONE', #2157, 1000.000000000000000 ) ;
#4838 = ORIENTED_EDGE ( 'NONE', *, *, #5770, .F. ) ;
#4839 = VECTOR ( 'NONE', #4288, 1000.000000000000114 ) ;
#4840 = EDGE_CURVE ( 'NONE', #312, #5869, #5775, .T. ) ;
#4841 = CONTEXT_DEPENDENT_SHAPE_REPRESENTATION ( #6133, #5484 ) ;
#4842 = DIRECTION ( 'NONE',  ( -1.000000000000000000, 0.000000000000000000, 0.000000000000000000 ) ) ;
#4843 = EDGE_CURVE ( 'NONE', #9609, #8132, #7084, .T. ) ;
#4844 = EDGE_LOOP ( 'NONE', ( #9426, #7916, #1817, #4852 ) ) ;
#4845 = DIRECTION ( 'NONE',  ( 1.000000000000000000, -0.000000000000000000, -0.000000000000000000 ) ) ;
#4846 = ORIENTED_EDGE ( 'NONE', *, *, #7285, .T. ) ;
#4847 =( GEOMETRIC_REPRESENTATION_CONTEXT ( 3 ) GLOBAL_UNCERTAINTY_ASSIGNED_CONTEXT ( ( #8979 ) ) GLOBAL_UNIT_ASSIGNED_CONTEXT ( ( #5059, #6511, #1372 ) ) REPRESENTATION_CONTEXT ( 'NONE', 'WORKASPACE' ) );
#4848 = CARTESIAN_POINT ( 'NONE',  ( 5.080000000000000959, 8.509000000000000341, 1.270000000000001128 ) ) ;
#4849 = LINE ( 'NONE', #9280, #1039 ) ;
#4850 = VECTOR ( 'NONE', #3941, 1000.000000000000000 ) ;
#4851 = CARTESIAN_POINT ( 'NONE',  ( 8.509000000000002117, 7.239000000000000767, 0.3809999999999953979 ) ) ;
#4852 = ORIENTED_EDGE ( 'NONE', *, *, #6411, .F. ) ;
#4853 = ORIENTED_EDGE ( 'NONE', *, *, #602, .T. ) ;
#4854 = DIRECTION ( 'NONE',  ( -0.000000000000000000, 1.000000000000000000, 1.440069553722777130E-16 ) ) ;
#4855 = VECTOR ( 'NONE', #7981, 1000.000000000000114 ) ;
#4856 = CARTESIAN_POINT ( 'NONE',  ( -10.16000000000000014, 0.5080000000000002292, -0.7528818102449945648 ) ) ;
#4857 = ORIENTED_EDGE ( 'NONE', *, *, #5935, .F. ) ;
#4858 = DIRECTION ( 'NONE',  ( 0.000000000000000000, 0.000000000000000000, 1.000000000000000000 ) ) ;
#4859 = EDGE_CURVE ( 'NONE', #1124, #8919, #6303, .T. ) ;
#4860 = CARTESIAN_POINT ( 'NONE',  ( 7.175500000000001322, 8.509000000000000341, -1.270000000000001128 ) ) ;
#4861 = CARTESIAN_POINT ( 'NONE',  ( -18.66900000000000048, 7.239000000000000767, -0.3810000000000033915 ) ) ;
#4862 = ADVANCED_FACE ( 'NONE', ( #1891 ), #433, .F. ) ;
#4863 = CARTESIAN_POINT ( 'NONE',  ( 13.58900000000000041, 8.064500000000000668, 0.3809999999999955644 ) ) ;
#4864 = ORIENTED_EDGE ( 'NONE', *, *, #5227, .F. ) ;
#4865 = DIRECTION ( 'NONE',  ( 0.000000000000000000, -0.000000000000000000, -1.000000000000000000 ) ) ;
#4866 = PLANE ( 'NONE',  #3290 ) ;
#4867 = LINE ( 'NONE', #5652, #3543 ) ;
#4868 = ORIENTED_EDGE ( 'NONE', *, *, #9374, .T. ) ;
#4869 = CARTESIAN_POINT ( 'NONE',  ( 9.715500000000002245, 8.509000000000000341, -0.8255000000000044524 ) ) ;
#4870 = PLANE ( 'NONE',  #5697 ) ;
#4871 = FACE_OUTER_BOUND ( 'NONE', #3602, .T. ) ;
#4872 = EDGE_CURVE ( 'NONE', #4412, #33, #5193, .T. ) ;
#4873 = ORIENTED_EDGE ( 'NONE', *, *, #8743, .F. ) ;
#4874 = ORIENTED_EDGE ( 'NONE', *, *, #8109, .F. ) ;
#4875 = EDGE_LOOP ( 'NONE', ( #6260, #2231, #4778, #6864 ) ) ;
#4876 = VECTOR ( 'NONE', #5631, 1000.000000000000000 ) ;
#4877 = CARTESIAN_POINT ( 'NONE',  ( -19.43100000000000094, 8.064500000000000668, 0.3809999999999955644 ) ) ;
#4878 = VERTEX_POINT ( 'NONE', #5144 ) ;
#4879 = CARTESIAN_POINT ( 'NONE',  ( 15.24000000000000021, -1.925929944387235853E-31, 0.8889999999999991243 ) ) ;
#4880 = DIRECTION ( 'NONE',  ( -1.000000000000000000, 0.000000000000000000, 0.000000000000000000 ) ) ;
#4881 = FACE_OUTER_BOUND ( 'NONE', #8193, .T. ) ;
#4882 = FILL_AREA_STYLE ('',( #7173 ) ) ;
#4883 = VECTOR ( 'NONE', #1753, 1000.000000000000000 ) ;
#4884 = VECTOR ( 'NONE', #8621, 1000.000000000000000 ) ;
#4885 = EDGE_LOOP ( 'NONE', ( #1366, #5536, #5138, #8893 ) ) ;
#4886 = LINE ( 'NONE', #7958, #2021 ) ;
#4887 = ORIENTED_EDGE ( 'NONE', *, *, #52, .F. ) ;
#4888 = FACE_OUTER_BOUND ( 'NONE', #5470, .T. ) ;
#4889 = ORIENTED_EDGE ( 'NONE', *, *, #5504, .F. ) ;
#4890 = DIRECTION ( 'NONE',  ( 0.000000000000000000, -1.000000000000000000, 0.000000000000000000 ) ) ;
#4891 = CARTESIAN_POINT ( 'NONE',  ( 13.58900000000000041, 7.239000000000000767, -0.3810000000000033915 ) ) ;
#4892 = CARTESIAN_POINT ( 'NONE',  ( 20.32000000000000028, 2.177422008883992879E-16, -0.8890000000000013447 ) ) ;
#4893 = EDGE_CURVE ( 'NONE', #5121, #1027, #7423, .T. ) ;
#4894 = EDGE_CURVE ( 'NONE', #4745, #6586, #3042, .T. ) ;
#4895 = VECTOR ( 'NONE', #6906, 1000.000000000000000 ) ;
#4896 = DIRECTION ( 'NONE',  ( 0.000000000000000000, 0.000000000000000000, -1.000000000000000000 ) ) ;
#4897 = CARTESIAN_POINT ( 'NONE',  ( 0.000000000000000000, 0.000000000000000000, 0.000000000000000000 ) ) ;
#4898 = ORIENTED_EDGE ( 'NONE', *, *, #5535, .F. ) ;
#4899 = CARTESIAN_POINT ( 'NONE',  ( 20.32000000000000028, 0.000000000000000000, 0.000000000000000000 ) ) ;
#4900 = CARTESIAN_POINT ( 'NONE',  ( -15.68449999999999989, 8.509000000000000341, -0.8255000000000044524 ) ) ;
#4901 = EDGE_LOOP ( 'NONE', ( #4435, #415, #4898, #884 ) ) ;
#4902 = SURFACE_STYLE_USAGE ( .BOTH. , #5445 ) ;
#4903 = CARTESIAN_POINT ( 'NONE',  ( 15.24000000000000021, 0.5080000000000002292, -0.7528818102449945648 ) ) ;
#4904 = ORIENTED_EDGE ( 'NONE', *, *, #7927, .T. ) ;
#4905 = CARTESIAN_POINT ( 'NONE',  ( -15.24000000000000021, 2.177422008883992879E-16, -0.8890000000000013447 ) ) ;
#4906 = STYLED_ITEM ( 'NONE', ( #7376 ), #4938 ) ;
#4907 = PLANE ( 'NONE',  #9563 ) ;
#4908 = DIRECTION ( 'NONE',  ( 0.000000000000000000, -0.000000000000000000, 1.000000000000000000 ) ) ;
#4909 = FILL_AREA_STYLE ('',( #5548 ) ) ;
#4910 = ADVANCED_FACE ( 'NONE', ( #8988 ), #6738, .F. ) ;
#4911 = EDGE_CURVE ( 'NONE', #4401, #6184, #2228, .T. ) ;
#4912 = EDGE_CURVE ( 'NONE', #1150, #6657, #2997, .T. ) ;
#4913 = EDGE_CURVE ( 'NONE', #8432, #5604, #5100, .T. ) ;
#4914 = CARTESIAN_POINT ( 'NONE',  ( -7.620000000000000107, 3.110602869834277161E-16, -1.270000000000001128 ) ) ;
#4915 = AXIS2_PLACEMENT_3D ( 'NONE', #5767, #8740, #2887 ) ;
#4916 = VECTOR ( 'NONE', #7864, 1000.000000000000000 ) ;
#4917 = ORIENTED_EDGE ( 'NONE', *, *, #5238, .T. ) ;
#4918 = DIRECTION ( 'NONE',  ( 0.000000000000000000, -5.054934237236841843E-31, -1.000000000000000000 ) ) ;
#4919 = LINE ( 'NONE', #5022, #5857 ) ;
#4920 = ORIENTED_EDGE ( 'NONE', *, *, #5150, .T. ) ;
#4921 = EDGE_CURVE ( 'NONE', #1882, #4401, #3596, .T. ) ;
#4922 = LINE ( 'NONE', #5654, #8270 ) ;
#4923 = PLANE ( 'NONE',  #3989 ) ;
#4924 = DIRECTION ( 'NONE',  ( 0.000000000000000000, -1.000000000000000000, -2.548365665731588345E-16 ) ) ;
#4925 = VECTOR ( 'NONE', #9454, 1000.000000000000000 ) ;
#4926 = EDGE_LOOP ( 'NONE', ( #2590, #63, #1783, #4829 ) ) ;
#4927 = ORIENTED_EDGE ( 'NONE', *, *, #2668, .T. ) ;
#4928 = CARTESIAN_POINT ( 'NONE',  ( -17.78000000000000114, -1.925929944387235853E-31, 0.8889999999999991243 ) ) ;
#4929 = VECTOR ( 'NONE', #1556, 999.9999999999998863 ) ;
#4930 = ORIENTED_EDGE ( 'NONE', *, *, #5880, .T. ) ;
#4931 = DIRECTION ( 'NONE',  ( 0.5773502691896255090, -0.5773502691896253980, -0.5773502691896263972 ) ) ;
#4932 = ADVANCED_FACE ( 'NONE', ( #4358 ), #2848, .T. ) ;
#4933 = EDGE_LOOP ( 'NONE', ( #4720, #3070, #4414, #7023 ) ) ;
#4934 = DIRECTION ( 'NONE',  ( -0.000000000000000000, 1.000000000000000000, 2.449293598294710852E-16 ) ) ;
#4935 = PLANE ( 'NONE',  #9183 ) ;
#4936 = EDGE_CURVE ( 'NONE', #5404, #1450, #6552, .T. ) ;
#4937 = PLANE ( 'NONE',  #9409 ) ;
#4938 = MANIFOLD_SOLID_BREP ( 'LPattern1[5]', #8059 ) ;
#4939 = AXIS2_PLACEMENT_3D ( 'NONE', #875, #3144, #6793 ) ;
#4940 = ORIENTED_EDGE ( 'NONE', *, *, #5328, .F. ) ;
#4941 = LINE ( 'NONE', #4354, #5583 ) ;
#4942 = ORIENTED_EDGE ( 'NONE', *, *, #1482, .T. ) ;
#4943 = CARTESIAN_POINT ( 'NONE',  ( 8.509000000000002117, 8.064500000000000668, 0.3809999999999955644 ) ) ;
#4944 = EDGE_CURVE ( 'NONE', #2500, #4401, #728, .T. ) ;
#4945 = EDGE_LOOP ( 'NONE', ( #2905, #4622, #8457, #1174 ) ) ;
#4946 = DIRECTION ( 'NONE',  ( -1.000000000000000000, 0.000000000000000000, 0.000000000000000000 ) ) ;
#4947 = CARTESIAN_POINT ( 'NONE',  ( 12.69999999999999929, 0.000000000000000000, 1.269999999999998908 ) ) ;
#4948 = PRODUCT_DEFINITION_SHAPE ( 'NONE', 'NONE',  #9628 ) ;
#4949 = PLANE ( 'NONE',  #3171 ) ;
#4950 = MANIFOLD_SOLID_BREP ( 'Chamfer1', #6821 ) ;
#4951 = PLANE ( 'NONE',  #748 ) ;
#4952 = LINE ( 'NONE', #1317, #4343 ) ;
#4953 = ORIENTED_EDGE ( 'NONE', *, *, #3002, .T. ) ;
#4954 = CARTESIAN_POINT ( 'NONE',  ( 10.15999999999999837, 0.5080000000000000071, 0.7528818102449925664 ) ) ;
#4955 = DIRECTION ( 'NONE',  ( -1.000000000000000000, 0.000000000000000000, 0.000000000000000000 ) ) ;
#4956 = EDGE_CURVE ( 'NONE', #9583, #4412, #30, .T. ) ;
#4957 = ORIENTED_EDGE ( 'NONE', *, *, #4911, .F. ) ;
#4958 = SURFACE_SIDE_STYLE ('',( #1371 ) ) ;
#4959 = DIRECTION ( 'NONE',  ( 0.000000000000000000, 0.000000000000000000, 1.000000000000000000 ) ) ;
#4960 = VECTOR ( 'NONE', #1995, 1000.000000000000114 ) ;
#4961 = DIRECTION ( 'NONE',  ( 0.000000000000000000, 0.2588190451025145222, -0.9659258262890699775 ) ) ;
#4962 = CARTESIAN_POINT ( 'NONE',  ( -11.81099999999999994, 8.064500000000000668, 0.3809999999999953979 ) ) ;
#4963 = CARTESIAN_POINT ( 'NONE',  ( 0.1961031209927693864, -3.200400000000000134, -0.2032000000000001583 ) ) ;
#4964 = FACE_OUTER_BOUND ( 'NONE', #1626, .T. ) ;
#4965 = DIRECTION ( 'NONE',  ( 1.000000000000000000, 0.000000000000000000, -0.000000000000000000 ) ) ;
#4966 = ORIENTED_EDGE ( 'NONE', *, *, #8283, .F. ) ;
#4967 = CARTESIAN_POINT ( 'NONE',  ( -20.32000000000000028, 0.5080000000000002292, -0.7528818102449945648 ) ) ;
#4968 = CARTESIAN_POINT ( 'NONE',  ( -6.730999999999998984, 7.239000000000000767, 0.3809999999999953979 ) ) ;
#4969 = ADVANCED_FACE ( 'NONE', ( #223 ), #2373, .F. ) ;
#4970 = DIRECTION ( 'NONE',  ( -1.000000000000000000, -0.000000000000000000, -0.000000000000000000 ) ) ;
#4971 = ORIENTED_EDGE ( 'NONE', *, *, #6283, .F. ) ;
#4972 = DIRECTION ( 'NONE',  ( 0.000000000000000000, -0.9659258262890699775, -0.2588190451025145222 ) ) ;
#4973 = AXIS2_PLACEMENT_3D ( 'NONE', #6385, #9364, #8136 ) ;
#4974 = ADVANCED_FACE ( 'NONE', ( #2508 ), #8348, .F. ) ;
#4975 = CARTESIAN_POINT ( 'NONE',  ( -5.969000000000000306, 7.239000000000000767, 0.3809999999999953979 ) ) ;
#4976 = AXIS2_PLACEMENT_3D ( 'NONE', #4130, #8704, #7137 ) ;
#4977 = DIRECTION ( 'NONE',  ( 0.000000000000000000, 0.000000000000000000, -1.000000000000000000 ) ) ;
#4978 = VECTOR ( 'NONE', #4931, 999.9999999999998863 ) ;
#4979 = ORIENTED_EDGE ( 'NONE', *, *, #3626, .F. ) ;
#4980 = ORIENTED_EDGE ( 'NONE', *, *, #4451, .F. ) ;
#4981 = DIRECTION ( 'NONE',  ( 0.000000000000000000, 0.000000000000000000, -1.000000000000000000 ) ) ;
#4982 = DIRECTION ( 'NONE',  ( -1.000000000000000000, -0.000000000000000000, -0.000000000000000000 ) ) ;
#4983 = EDGE_LOOP ( 'NONE', ( #336, #4121, #9289, #876 ) ) ;
#4984 = EDGE_LOOP ( 'NONE', ( #7560, #7029, #2747, #3018 ) ) ;
#4985 = LINE ( 'NONE', #523, #6710 ) ;
#4986 = CARTESIAN_POINT ( 'NONE',  ( -4.191000000000000725, 7.239000000000000767, 0.3809999999999953979 ) ) ;
#4987 = AXIS2_PLACEMENT_3D ( 'NONE', #1841, #8402, #3294 ) ;
#4988 = DIRECTION ( 'NONE',  ( 0.000000000000000000, 0.000000000000000000, -1.000000000000000000 ) ) ;
#4989 = VERTEX_POINT ( 'NONE', #7612 ) ;
#4990 = PRESENTATION_LAYER_ASSIGNMENT (  '', '', ( #5147 ) ) ;
#4991 = CONTEXT_DEPENDENT_SHAPE_REPRESENTATION ( #7314, #3237 ) ;
#4992 = LINE ( 'NONE', #7322, #8389 ) ;
#4993 = EDGE_LOOP ( 'NONE', ( #7386, #4265, #2390, #2126 ) ) ;
#4994 = DIRECTION ( 'NONE',  ( 0.000000000000000000, 1.440069553722777130E-16, -1.000000000000000000 ) ) ;
#4995 = EDGE_LOOP ( 'NONE', ( #5068, #8208, #3579, #4697 ) ) ;
#4996 = CARTESIAN_POINT ( 'NONE',  ( 3.936999999999999389, 7.810500000000001108, 0.1269999999999957552 ) ) ;
#4997 = CARTESIAN_POINT ( 'NONE',  ( 2.540000000000000480, 0.000000000000000000, 1.269999999999998908 ) ) ;
#4998 = AXIS2_PLACEMENT_3D ( 'NONE', #1508, #4470, #7434 ) ;
#4999 = PLANE ( 'NONE',  #550 ) ;
#5000 = VECTOR ( 'NONE', #7834, 1000.000000000000000 ) ;
#5001 = EDGE_CURVE ( 'NONE', #4672, #2640, #176, .T. ) ;
#5002 = MANIFOLD_SOLID_BREP ( 'LPattern1[14]', #5280 ) ;
#5003 = DIRECTION ( 'NONE',  ( 0.000000000000000000, -1.733406087350420004E-16, 1.000000000000000000 ) ) ;
#5004 = DIRECTION ( 'NONE',  ( 1.000000000000000000, 0.000000000000000000, -0.000000000000000000 ) ) ;
#5005 = ORIENTED_EDGE ( 'NONE', *, *, #9494, .T. ) ;
#5006 = DIRECTION ( 'NONE',  ( -1.000000000000000000, -0.000000000000000000, -0.000000000000000000 ) ) ;
#5007 = VECTOR ( 'NONE', #984, 1000.000000000000000 ) ;
#5008 = DIRECTION ( 'NONE',  ( -1.000000000000000000, -0.000000000000000000, -0.000000000000000000 ) ) ;
#5009 = ORIENTED_EDGE ( 'NONE', *, *, #9366, .F. ) ;
#5010 = CARTESIAN_POINT ( 'NONE',  ( -12.25550000000000139, 8.509000000000000341, -0.8255000000000044524 ) ) ;
#5011 = VECTOR ( 'NONE', #3158, 1000.000000000000000 ) ;
#5012 = DIRECTION ( 'NONE',  ( 0.5773502691896253980, 0.5773502691896253980, -0.5773502691896266192 ) ) ;
#5013 = DIRECTION ( 'NONE',  ( 1.000000000000000000, 0.000000000000000000, -0.000000000000000000 ) ) ;
#5014 = SURFACE_STYLE_USAGE ( .BOTH. , #2054 ) ;
#5015 = VERTEX_POINT ( 'NONE', #6266 ) ;
#5016 = EDGE_CURVE ( 'NONE', #832, #1506, #2416, .T. ) ;
#5017 = MECHANICAL_DESIGN_GEOMETRIC_PRESENTATION_REPRESENTATION (  '', ( #1147 ), #8287 ) ;
#5018 = LINE ( 'NONE', #3568, #2362 ) ;
#5019 = ORIENTED_EDGE ( 'NONE', *, *, #3611, .F. ) ;
#5020 = CARTESIAN_POINT ( 'NONE',  ( 8.509000000000002117, 8.064500000000000668, -0.3810000000000032250 ) ) ;
#5021 = DIRECTION ( 'NONE',  ( -0.000000000000000000, 1.000000000000000000, 1.733406087350420004E-16 ) ) ;
#5022 = CARTESIAN_POINT ( 'NONE',  ( -4.191000000000000725, 7.239000000000000767, 0.3809999999999953979 ) ) ;
#5023 = ORIENTED_EDGE ( 'NONE', *, *, #7340, .T. ) ;
#5024 = DIRECTION ( 'NONE',  ( 1.000000000000000000, 0.000000000000000000, 0.000000000000000000 ) ) ;
#5025 = SHAPE_REPRESENTATION ( 'PPPC021LFBN-RC_C16', ( #4388 ), #8750 ) ;
#5026 = DIRECTION ( 'NONE',  ( 0.000000000000000000, -1.000000000000000000, -2.548365665731588345E-16 ) ) ;
#5027 = CARTESIAN_POINT ( 'NONE',  ( -15.24000000000000021, 0.000000000000000000, 1.269999999999998908 ) ) ;
#5028 = EDGE_CURVE ( 'NONE', #2450, #4086, #6788, .T. ) ;
#5029 = EDGE_CURVE ( 'NONE', #7075, #999, #4592, .T. ) ;
#5030 = VERTEX_POINT ( 'NONE', #131 ) ;
#5031 = ORIENTED_EDGE ( 'NONE', *, *, #7360, .T. ) ;
#5032 = DIRECTION ( 'NONE',  ( -1.000000000000000000, -0.000000000000000000, -0.000000000000000000 ) ) ;
#5033 = ORIENTED_EDGE ( 'NONE', *, *, #1889, .F. ) ;
#5034 = ORIENTED_EDGE ( 'NONE', *, *, #6397, .T. ) ;
#5035 = PLANE ( 'NONE',  #3131 ) ;
#5036 = CARTESIAN_POINT ( 'NONE',  ( -1.650999999999999801, 8.064500000000000668, 0.3809999999999953979 ) ) ;
#5037 = DIRECTION ( 'NONE',  ( 0.000000000000000000, 0.000000000000000000, 1.000000000000000000 ) ) ;
#5038 = CARTESIAN_POINT ( 'NONE',  ( -0.4445000000000004503, 8.509000000000000341, -1.270000000000001128 ) ) ;
#5039 = EDGE_CURVE ( 'NONE', #7407, #5900, #4737, .T. ) ;
#5040 = ADVANCED_FACE ( 'NONE', ( #318 ), #6974, .F. ) ;
#5041 = ADVANCED_FACE ( 'NONE', ( #4116 ), #8537, .F. ) ;
#5042 = ORIENTED_EDGE ( 'NONE', *, *, #670, .F. ) ;
#5043 = CARTESIAN_POINT ( 'NONE',  ( -1.396999999999998909, 7.810500000000000220, -0.1270000000000029716 ) ) ;
#5044 = EDGE_LOOP ( 'NONE', ( #8828, #8677, #6, #360 ) ) ;
#5045 = CARTESIAN_POINT ( 'NONE',  ( 10.16000000000000192, 8.509000000000000341, -0.8255000000000044524 ) ) ;
#5046 = ADVANCED_FACE ( 'NONE', ( #1252 ), #6343, .F. ) ;
#5047 = CARTESIAN_POINT ( 'NONE',  ( 20.32000000000000028, 0.5080000000000002292, -0.7528818102449945648 ) ) ;
#5048 = PRESENTATION_LAYER_ASSIGNMENT (  '', '', ( #6896 ) ) ;
#5049 = CARTESIAN_POINT ( 'NONE',  ( -5.080000000000000959, 8.509000000000000341, -1.270000000000001128 ) ) ;
#5050 = CARTESIAN_POINT ( 'NONE',  ( 16.89099999999999824, 7.239000000000000767, 0.3809999999999953979 ) ) ;
#5051 = DIRECTION ( 'NONE',  ( -1.000000000000000000, 0.000000000000000000, -0.000000000000000000 ) ) ;
#5052 = EDGE_LOOP ( 'NONE', ( #8779, #8403, #1543, #3773 ) ) ;
#5053 = AXIS2_PLACEMENT_3D ( 'NONE', #4712, #9015, #5363 ) ;
#5054 = LINE ( 'NONE', #2182, #180 ) ;
#5055 = ORIENTED_EDGE ( 'NONE', *, *, #543, .T. ) ;
#5056 = DIRECTION ( 'NONE',  ( 1.000000000000000000, 0.000000000000000000, 0.000000000000000000 ) ) ;
#5057 = DIRECTION ( 'NONE',  ( 0.000000000000000000, 0.000000000000000000, -1.000000000000000000 ) ) ;
#5058 = ORIENTED_EDGE ( 'NONE', *, *, #1528, .F. ) ;
#5059 =( LENGTH_UNIT ( ) NAMED_UNIT ( * ) SI_UNIT ( .MILLI., .METRE. ) );
#5060 = FACE_OUTER_BOUND ( 'NONE', #8325, .T. ) ;
#5061 = DIRECTION ( 'NONE',  ( 0.000000000000000000, -1.000000000000000000, 0.000000000000000000 ) ) ;
#5062 = EDGE_CURVE ( 'NONE', #5501, #2758, #3488, .T. ) ;
#5063 = DIRECTION ( 'NONE',  ( -0.000000000000000000, 1.000000000000000000, 1.733406087350420004E-16 ) ) ;
#5064 = VECTOR ( 'NONE', #3366, 1000.000000000000000 ) ;
#5065 = AXIS2_PLACEMENT_3D ( 'NONE', #2975, #2350, #6626 ) ;
#5066 = ADVANCED_BREP_SHAPE_REPRESENTATION ( '', ( #4391, #5104, #4403, #7601, #7648, #8171, #8222, #4938, #7633, #1732, #1768, #8155, #4440, #1682, #1251, #1787, #5002, #7665, #4388 ), #8750 ) ;
#5067 = CARTESIAN_POINT ( 'NONE',  ( 20.32000000000000028, 8.509000000000000341, 1.270000000000001128 ) ) ;
#5068 = ORIENTED_EDGE ( 'NONE', *, *, #2181, .T. ) ;
#5069 = CARTESIAN_POINT ( 'NONE',  ( 18.66900000000000048, 7.239000000000000767, -0.3810000000000033915 ) ) ;
#5070 = DIRECTION ( 'NONE',  ( 0.000000000000000000, 0.000000000000000000, 1.000000000000000000 ) ) ;
#5071 = VECTOR ( 'NONE', #2086, 1000.000000000000000 ) ;
#5072 = CARTESIAN_POINT ( 'NONE',  ( 13.58900000000000041, 7.239000000000000767, -0.3810000000000033915 ) ) ;
#5073 = ORIENTED_EDGE ( 'NONE', *, *, #7819, .T. ) ;
#5074 = VECTOR ( 'NONE', #4136, 1000.000000000000000 ) ;
#5075 = LINE ( 'NONE', #3667, #4068 ) ;
#5076 = LINE ( 'NONE', #1386, #4884 ) ;
#5077 = DIRECTION ( 'NONE',  ( 0.000000000000000000, -1.440069553722777130E-16, 1.000000000000000000 ) ) ;
#5078 = PLANE ( 'NONE',  #6569 ) ;
#5079 = VECTOR ( 'NONE', #1218, 1000.000000000000000 ) ;
#5080 = VECTOR ( 'NONE', #7719, 1000.000000000000000 ) ;
#5081 = ORIENTED_EDGE ( 'NONE', *, *, #474, .T. ) ;
#5082 = ORIENTED_EDGE ( 'NONE', *, *, #5094, .F. ) ;
#5083 = DIRECTION ( 'NONE',  ( 0.000000000000000000, 0.000000000000000000, -1.000000000000000000 ) ) ;
#5084 = LINE ( 'NONE', #2738, #4071 ) ;
#5085 = ORIENTED_EDGE ( 'NONE', *, *, #25, .T. ) ;
#5086 = ADVANCED_FACE ( 'NONE', ( #3392 ), #3541, .T. ) ;
#5087 = AXIS2_PLACEMENT_3D ( 'NONE', #5668, #9318, #4067 ) ;
#5088 = VECTOR ( 'NONE', #9026, 1000.000000000000000 ) ;
#5089 = DIRECTION ( 'NONE',  ( 0.000000000000000000, -2.449293598294710852E-16, 1.000000000000000000 ) ) ;
#5090 = PLANE ( 'NONE',  #4758 ) ;
#5091 = VECTOR ( 'NONE', #311, 1000.000000000000000 ) ;
#5092 = ORIENTED_EDGE ( 'NONE', *, *, #3071, .T. ) ;
#5093 = LINE ( 'NONE', #8052, #6680 ) ;
#5094 = EDGE_CURVE ( 'NONE', #2735, #2321, #1881, .T. ) ;
#5095 = VERTEX_POINT ( 'NONE', #2696 ) ;
#5096 = DIRECTION ( 'NONE',  ( -0.000000000000000000, 1.000000000000000000, 1.733406087350420004E-16 ) ) ;
#5097 = PLANE ( 'NONE',  #1822 ) ;
#5098 = VECTOR ( 'NONE', #3123, 1000.000000000000000 ) ;
#5099 = EDGE_CURVE ( 'NONE', #9581, #5331, #4836, .T. ) ;
#5100 = LINE ( 'NONE', #5243, #5377 ) ;
#5101 = PLANE ( 'NONE',  #5209 ) ;
#5102 = DIRECTION ( 'NONE',  ( -0.000000000000000000, 0.000000000000000000, 1.000000000000000000 ) ) ;
#5103 = ORIENTED_EDGE ( 'NONE', *, *, #6980, .T. ) ;
#5104 = MANIFOLD_SOLID_BREP ( 'Boss-Extrude2', #6512 ) ;
#5105 = DIRECTION ( 'NONE',  ( -0.000000000000000000, 1.000000000000000000, 2.449293598294710852E-16 ) ) ;
#5106 = DIRECTION ( 'NONE',  ( -1.000000000000000000, 0.000000000000000000, 0.000000000000000000 ) ) ;
#5107 = EDGE_LOOP ( 'NONE', ( #3125, #7454, #5957, #6744, #8652, #4674, #3928, #7265 ) ) ;
#5108 = DIRECTION ( 'NONE',  ( 1.000000000000000000, 0.000000000000000000, -0.000000000000000000 ) ) ;
#5109 = ORIENTED_EDGE ( 'NONE', *, *, #8126, .T. ) ;
#5110 = EDGE_LOOP ( 'NONE', ( #8588, #1062, #7298, #5155, #6787, #6677, #8240, #7801 ) ) ;
#5111 = PLANE ( 'NONE',  #8872 ) ;
#5112 = DIRECTION ( 'NONE',  ( 0.000000000000000000, 0.000000000000000000, -1.000000000000000000 ) ) ;
#5113 = CARTESIAN_POINT ( 'NONE',  ( -15.24000000000000021, 8.509000000000000341, 1.270000000000001128 ) ) ;
#5114 = CARTESIAN_POINT ( 'NONE',  ( 20.57400000000000162, 8.509000000000000341, 1.270000000000001128 ) ) ;
#5115 = FILL_AREA_STYLE ('',( #1376 ) ) ;
#5116 = ADVANCED_FACE ( 'NONE', ( #2028 ), #4209, .F. ) ;
#5117 = DIRECTION ( 'NONE',  ( -0.000000000000000000, 0.000000000000000000, -1.000000000000000000 ) ) ;
#5118 = EDGE_LOOP ( 'NONE', ( #2319, #618, #2637, #3267 ) ) ;
#5119 = LINE ( 'NONE', #5167, #7723 ) ;
#5120 = CARTESIAN_POINT ( 'NONE',  ( -16.89099999999999824, 8.064500000000000668, -0.3810000000000032250 ) ) ;
#5121 = VERTEX_POINT ( 'NONE', #527 ) ;
#5122 = CARTESIAN_POINT ( 'NONE',  ( 7.620000000000001883, 8.509000000000000341, 1.270000000000001128 ) ) ;
#5123 = DIRECTION ( 'NONE',  ( 0.000000000000000000, 0.9659258262890700886, -0.2588190451025140781 ) ) ;
#5124 = DIRECTION ( 'NONE',  ( 0.000000000000000000, 0.000000000000000000, -1.000000000000000000 ) ) ;
#5125 = FACE_OUTER_BOUND ( 'NONE', #4819, .T. ) ;
#5126 = LINE ( 'NONE', #9606, #2685 ) ;
#5127 = EDGE_CURVE ( 'NONE', #7664, #6315, #4260, .T. ) ;
#5128 = ORIENTED_EDGE ( 'NONE', *, *, #5823, .T. ) ;
#5129 = ORIENTED_EDGE ( 'NONE', *, *, #6540, .T. ) ;
#5130 = CARTESIAN_POINT ( 'NONE',  ( -15.24000000000000021, 3.110602869834277161E-16, -1.270000000000001128 ) ) ;
#5131 = VECTOR ( 'NONE', #4402, 1000.000000000000000 ) ;
#5132 = PLANE ( 'NONE',  #9516 ) ;
#5133 = VERTEX_POINT ( 'NONE', #9471 ) ;
#5134 = CARTESIAN_POINT ( 'NONE',  ( 11.81099999999999817, 7.239000000000000767, 0.3809999999999953979 ) ) ;
#5135 = CARTESIAN_POINT ( 'NONE',  ( -12.69999999999999929, 0.000000000000000000, 1.269999999999998908 ) ) ;
#5136 = VECTOR ( 'NONE', #935, 1000.000000000000000 ) ;
#5137 = ADVANCED_FACE ( 'NONE', ( #5519 ), #8491, .F. ) ;
#5138 = ORIENTED_EDGE ( 'NONE', *, *, #7252, .F. ) ;
#5139 = DIRECTION ( 'NONE',  ( -1.000000000000000000, -0.000000000000000000, -0.000000000000000000 ) ) ;
#5140 = VECTOR ( 'NONE', #138, 1000.000000000000000 ) ;
#5141 = EDGE_LOOP ( 'NONE', ( #9618, #4453, #2468, #9535 ) ) ;
#5142 = CARTESIAN_POINT ( 'NONE',  ( 38.10000000000000142, 7.239000000000000767, -2.201425730935033664E-16 ) ) ;
#5143 = LINE ( 'NONE', #7551, #3687 ) ;
#5144 = CARTESIAN_POINT ( 'NONE',  ( -12.70000000000000107, 8.509000000000000341, 1.270000000000001128 ) ) ;
#5145 = CARTESIAN_POINT ( 'NONE',  ( 5.080000000000000959, -1.925929944387235853E-31, 0.8889999999999991243 ) ) ;
#5146 =( REPRESENTATION_RELATIONSHIP ('NONE','NONE', #9002, #746 ) REPRESENTATION_RELATIONSHIP_WITH_TRANSFORMATION ( #6196 )SHAPE_REPRESENTATION_RELATIONSHIP( ) );
#5147 = STYLED_ITEM ( 'NONE', ( #2551 ), #8222 ) ;
#5148 = EDGE_CURVE ( 'NONE', #5249, #8135, #3340, .T. ) ;
#5149 = EDGE_LOOP ( 'NONE', ( #255, #6944, #1701, #2236 ) ) ;
#5150 = EDGE_CURVE ( 'NONE', #3233, #3359, #7074, .T. ) ;
#5151 = EDGE_CURVE ( 'NONE', #1849, #3808, #7273, .T. ) ;
#5152 = DIRECTION ( 'NONE',  ( 0.000000000000000000, 2.548365665731588345E-16, -1.000000000000000000 ) ) ;
#5153 = ORIENTED_EDGE ( 'NONE', *, *, #823, .T. ) ;
#5154 = FACE_OUTER_BOUND ( 'NONE', #954, .T. ) ;
#5155 = ORIENTED_EDGE ( 'NONE', *, *, #8126, .F. ) ;
#5156 = VERTEX_POINT ( 'NONE', #4399 ) ;
#5157 = DIRECTION ( 'NONE',  ( 1.000000000000000000, 0.000000000000000000, 0.000000000000000000 ) ) ;
#5158 = VECTOR ( 'NONE', #4715, 1000.000000000000000 ) ;
#5159 = CARTESIAN_POINT ( 'NONE',  ( 17.78000000000000114, 3.110602869834277161E-16, -1.270000000000001128 ) ) ;
#5160 = DIRECTION ( 'NONE',  ( 0.000000000000000000, -0.000000000000000000, -1.000000000000000000 ) ) ;
#5161 = CARTESIAN_POINT ( 'NONE',  ( -10.16000000000000014, 2.177422008883992879E-16, -0.8890000000000013447 ) ) ;
#5162 = DIRECTION ( 'NONE',  ( 1.000000000000000000, 0.000000000000000000, -0.000000000000000000 ) ) ;
#5163 = AXIS2_PLACEMENT_3D ( 'NONE', #1952, #4761, #5446 ) ;
#5164 = DIRECTION ( 'NONE',  ( 0.000000000000000000, 2.548365665731588345E-16, -1.000000000000000000 ) ) ;
#5165 = VERTEX_POINT ( 'NONE', #2939 ) ;
#5166 = VERTEX_POINT ( 'NONE', #7366 ) ;
#5167 = CARTESIAN_POINT ( 'NONE',  ( -4.191000000000000725, 8.064500000000000668, -0.3810000000000032250 ) ) ;
#5168 = VECTOR ( 'NONE', #275, 1000.000000000000000 ) ;
#5169 = DIRECTION ( 'NONE',  ( 0.000000000000000000, 0.000000000000000000, -1.000000000000000000 ) ) ;
#5170 = VERTEX_POINT ( 'NONE', #9616 ) ;
#5171 = CARTESIAN_POINT ( 'NONE',  ( -12.70000000000000107, -1.925929944387235853E-31, 0.8889999999999991243 ) ) ;
#5172 = PLANE ( 'NONE',  #5783 ) ;
#5173 = FACE_OUTER_BOUND ( 'NONE', #9578, .T. ) ;
#5174 = ADVANCED_FACE ( 'NONE', ( #718 ), #2167, .F. ) ;
#5175 = LINE ( 'NONE', #8232, #4742 ) ;
#5176 = ADVANCED_FACE ( 'NONE', ( #625 ), #5090, .F. ) ;
#5177 = FACE_OUTER_BOUND ( 'NONE', #5618, .T. ) ;
#5178 = ADVANCED_FACE ( 'NONE', ( #22 ), #673, .F. ) ;
#5179 = VECTOR ( 'NONE', #1820, 1000.000000000000000 ) ;
#5180 = ORIENTED_EDGE ( 'NONE', *, *, #9153, .F. ) ;
#5181 = ORIENTED_EDGE ( 'NONE', *, *, #53, .T. ) ;
#5182 = DIRECTION ( 'NONE',  ( 0.000000000000000000, 0.000000000000000000, -1.000000000000000000 ) ) ;
#5183 = EDGE_LOOP ( 'NONE', ( #4980, #3524, #7652, #4478 ) ) ;
#5184 = VECTOR ( 'NONE', #7307, 1000.000000000000000 ) ;
#5185 = DIRECTION ( 'NONE',  ( 0.000000000000000000, -0.000000000000000000, -1.000000000000000000 ) ) ;
#5186 = ADVANCED_FACE ( 'NONE', ( #2840 ), #4306, .F. ) ;
#5187 = DIRECTION ( 'NONE',  ( 0.000000000000000000, -0.7071067811865482389, 0.7071067811865469066 ) ) ;
#5188 = UNCERTAINTY_MEASURE_WITH_UNIT (LENGTH_MEASURE( 1.000000000000000082E-05 ), #5737, 'distance_accuracy_value', 'NONE');
#5189 = VERTEX_POINT ( 'NONE', #8148 ) ;
#5190 = LINE ( 'NONE', #3038, #1094 ) ;
#5191 = EDGE_LOOP ( 'NONE', ( #4580, #1864, #1098, #6804 ) ) ;
#5192 = DIRECTION ( 'NONE',  ( 0.000000000000000000, -1.000000000000000000, 0.000000000000000000 ) ) ;
#5193 = LINE ( 'NONE', #824, #2885 ) ;
#5194 = VERTEX_POINT ( 'NONE', #6639 ) ;
#5195 = CARTESIAN_POINT ( 'NONE',  ( -18.22450000000000259, 8.509000000000000341, -1.270000000000001128 ) ) ;
#5196 = DIRECTION ( 'NONE',  ( 0.000000000000000000, 0.000000000000000000, 1.000000000000000000 ) ) ;
#5197 = CARTESIAN_POINT ( 'NONE',  ( 2.540000000000000480, 0.000000000000000000, 1.269999999999998908 ) ) ;
#5198 = VERTEX_POINT ( 'NONE', #2989 ) ;
#5199 = DIRECTION ( 'NONE',  ( 0.000000000000000000, 2.449293598294710852E-16, -1.000000000000000000 ) ) ;
#5200 = ORIENTED_EDGE ( 'NONE', *, *, #8971, .T. ) ;
#5201 = VERTEX_POINT ( 'NONE', #3638 ) ;
#5202 = FACE_OUTER_BOUND ( 'NONE', #6040, .T. ) ;
#5203 = DIRECTION ( 'NONE',  ( 0.000000000000000000, 0.000000000000000000, 1.000000000000000000 ) ) ;
#5204 = CARTESIAN_POINT ( 'NONE',  ( -0.8890000000000009006, 8.064500000000000668, 0.3809999999999953979 ) ) ;
#5205 = ADVANCED_FACE ( 'NONE', ( #5906 ), #8003, .F. ) ;
#5206 = DIRECTION ( 'NONE',  ( 0.000000000000000000, 0.9659258262890700886, -0.2588190451025140781 ) ) ;
#5207 = CARTESIAN_POINT ( 'NONE',  ( 2.540000000000000480, 8.509000000000000341, -0.8255000000000044524 ) ) ;
#5208 = PRESENTATION_STYLE_ASSIGNMENT (( #2243 ) ) ;
#5209 = AXIS2_PLACEMENT_3D ( 'NONE', #1406, #4271, #7967 ) ;
#5210 = CARTESIAN_POINT ( 'NONE',  ( 16.12900000000000134, 8.064500000000000668, 0.3809999999999953979 ) ) ;
#5211 = ORIENTED_EDGE ( 'NONE', *, *, #7609, .F. ) ;
#5212 = ORIENTED_EDGE ( 'NONE', *, *, #7577, .T. ) ;
#5213 = DIRECTION ( 'NONE',  ( -1.000000000000000000, 0.000000000000000000, -0.000000000000000000 ) ) ;
#5214 = DIRECTION ( 'NONE',  ( 0.000000000000000000, 0.000000000000000000, 1.000000000000000000 ) ) ;
#5215 = ORIENTED_EDGE ( 'NONE', *, *, #5680, .F. ) ;
#5216 = CARTESIAN_POINT ( 'NONE',  ( -19.43100000000000094, 8.064500000000000668, 0.3809999999999953979 ) ) ;
#5217 = DIRECTION ( 'NONE',  ( 0.000000000000000000, -5.054934237236841843E-31, -1.000000000000000000 ) ) ;
#5218 = CARTESIAN_POINT ( 'NONE',  ( -20.32000000000000028, -1.925929944387235853E-31, 0.8889999999999991243 ) ) ;
#5219 = ORIENTED_EDGE ( 'NONE', *, *, #5500, .F. ) ;
#5220 = EDGE_CURVE ( 'NONE', #1636, #4700, #5960, .T. ) ;
#5221 = LINE ( 'NONE', #8380, #6917 ) ;
#5222 = ADVANCED_FACE ( 'NONE', ( #1397 ), #767, .F. ) ;
#5223 = PLANE ( 'NONE',  #6248 ) ;
#5224 = EDGE_CURVE ( 'NONE', #6307, #4672, #8836, .T. ) ;
#5225 = EDGE_CURVE ( 'NONE', #4052, #8912, #5815, .T. ) ;
#5226 = ORIENTED_EDGE ( 'NONE', *, *, #6113, .F. ) ;
#5227 = EDGE_CURVE ( 'NONE', #6376, #301, #8048, .T. ) ;
#5228 = ORIENTED_EDGE ( 'NONE', *, *, #650, .F. ) ;
#5229 = DIRECTION ( 'NONE',  ( -0.000000000000000000, 0.000000000000000000, -1.000000000000000000 ) ) ;
#5230 = EDGE_CURVE ( 'NONE', #4, #2298, #402, .T. ) ;
#5231 = ORIENTED_EDGE ( 'NONE', *, *, #4828, .F. ) ;
#5232 = FACE_OUTER_BOUND ( 'NONE', #6387, .T. ) ;
#5233 = VECTOR ( 'NONE', #7133, 999.9999999999998863 ) ;
#5234 = VECTOR ( 'NONE', #5391, 1000.000000000000000 ) ;
#5235 = ORIENTED_EDGE ( 'NONE', *, *, #4627, .F. ) ;
#5236 = EDGE_CURVE ( 'NONE', #7728, #3590, #1962, .T. ) ;
#5237 = VECTOR ( 'NONE', #6060, 1000.000000000000000 ) ;
#5238 = EDGE_CURVE ( 'NONE', #7714, #1798, #8670, .T. ) ;
#5239 = VECTOR ( 'NONE', #583, 1000.000000000000000 ) ;
#5240 = CARTESIAN_POINT ( 'NONE',  ( -16.12900000000000134, 7.239000000000000767, -0.3810000000000033915 ) ) ;
#5241 = ORIENTED_EDGE ( 'NONE', *, *, #4197, .T. ) ;
#5242 = CARTESIAN_POINT ( 'NONE',  ( -2.540000000000000480, 8.509000000000000341, 1.270000000000001128 ) ) ;
#5243 = CARTESIAN_POINT ( 'NONE',  ( 7.620000000000001883, 3.110602869834277161E-16, -1.270000000000001128 ) ) ;
#5244 = VECTOR ( 'NONE', #5875, 1000.000000000000000 ) ;
#5245 = EDGE_LOOP ( 'NONE', ( #7406, #690, #821, #2151 ) ) ;
#5246 = FACE_OUTER_BOUND ( 'NONE', #1246, .T. ) ;
#5247 = DIRECTION ( 'NONE',  ( -1.000000000000000000, -0.000000000000000000, -0.000000000000000000 ) ) ;
#5248 = EDGE_CURVE ( 'NONE', #5165, #5916, #4867, .T. ) ;
#5249 = VERTEX_POINT ( 'NONE', #8618 ) ;
#5250 = LINE ( 'NONE', #6745, #5560 ) ;
#5251 = ORIENTED_EDGE ( 'NONE', *, *, #2756, .F. ) ;
#5252 = VECTOR ( 'NONE', #9007, 999.9999999999998863 ) ;
#5253 = ORIENTED_EDGE ( 'NONE', *, *, #7107, .F. ) ;
#5254 = LINE ( 'NONE', #8307, #5754 ) ;
#5255 = DIRECTION ( 'NONE',  ( 0.000000000000000000, 0.000000000000000000, 1.000000000000000000 ) ) ;
#5256 = CARTESIAN_POINT ( 'NONE',  ( 17.78000000000000114, 8.509000000000000341, -1.270000000000001128 ) ) ;
#5257 = CARTESIAN_POINT ( 'NONE',  ( -9.270999999999999019, 7.239000000000000767, -0.3810000000000033915 ) ) ;
#5258 = LINE ( 'NONE', #6706, #4297 ) ;
#5259 = LINE ( 'NONE', #2291, #859 ) ;
#5260 = AXIS2_PLACEMENT_3D ( 'NONE', #9236, #6899, #5538 ) ;
#5261 = LINE ( 'NONE', #5937, #7007 ) ;
#5262 = ADVANCED_FACE ( 'NONE', ( #6375 ), #5701, .F. ) ;
#5263 = EDGE_LOOP ( 'NONE', ( #5455, #2667, #4335, #4705 ) ) ;
#5264 = EDGE_LOOP ( 'NONE', ( #8342, #1775, #6969, #7533 ) ) ;
#5265 = DIRECTION ( 'NONE',  ( 0.000000000000000000, -1.000000000000000000, 0.000000000000000000 ) ) ;
#5266 = ORIENTED_EDGE ( 'NONE', *, *, #2700, .F. ) ;
#5267 = LINE ( 'NONE', #2347, #948 ) ;
#5268 = LINE ( 'NONE', #6808, #3296 ) ;
#5269 = LINE ( 'NONE', #848, #3823 ) ;
#5270 = EDGE_LOOP ( 'NONE', ( #2786, #8898, #4182, #8583 ) ) ;
#5271 = LINE ( 'NONE', #8965, #7853 ) ;
#5272 = CARTESIAN_POINT ( 'NONE',  ( -20.57400000000000162, 3.110602869834277161E-16, -1.270000000000001128 ) ) ;
#5273 = EDGE_CURVE ( 'NONE', #6019, #5165, #508, .T. ) ;
#5274 = ORIENTED_EDGE ( 'NONE', *, *, #7460, .F. ) ;
#5275 = ORIENTED_EDGE ( 'NONE', *, *, #6811, .F. ) ;
#5276 = CARTESIAN_POINT ( 'NONE',  ( 20.57400000000000162, 0.000000000000000000, 1.269999999999998908 ) ) ;
#5277 = LINE ( 'NONE', #8975, #7171 ) ;
#5278 = EDGE_CURVE ( 'NONE', #7411, #3740, #4919, .T. ) ;
#5279 = ORIENTED_EDGE ( 'NONE', *, *, #1944, .T. ) ;
#5280 = CLOSED_SHELL ( 'NONE', ( #1066, #7070, #9135, #4082, #1690, #589, #358, #4716, #721, #6245, #8873, #4015, #8920, #5862, #9307, #8595, #4397, #8892, #6034 ) ) ;
#5281 = CARTESIAN_POINT ( 'NONE',  ( -8.509000000000000341, 7.239000000000000767, 0.3809999999999953979 ) ) ;
#5282 = VECTOR ( 'NONE', #3435, 1000.000000000000000 ) ;
#5283 = ORIENTED_EDGE ( 'NONE', *, *, #7410, .T. ) ;
#5284 = DIRECTION ( 'NONE',  ( 0.000000000000000000, 0.9659258262890699775, 0.2588190451025145222 ) ) ;
#5285 = ORIENTED_EDGE ( 'NONE', *, *, #8379, .T. ) ;
#5286 = CARTESIAN_POINT ( 'NONE',  ( 5.080000000000000959, -1.925929944387235853E-31, 0.8889999999999991243 ) ) ;
#5287 = DIRECTION ( 'NONE',  ( -1.000000000000000000, 0.000000000000000000, -0.000000000000000000 ) ) ;
#5288 = EDGE_CURVE ( 'NONE', #8570, #2447, #5800, .T. ) ;
#5289 = ORIENTED_EDGE ( 'NONE', *, *, #1078, .T. ) ;
#5290 = VECTOR ( 'NONE', #8299, 1000.000000000000000 ) ;
#5291 = DIRECTION ( 'NONE',  ( 1.000000000000000000, 0.000000000000000000, 0.000000000000000000 ) ) ;
#5292 = CARTESIAN_POINT ( 'NONE',  ( 20.57400000000000162, 3.110602869834277161E-16, -1.270000000000001128 ) ) ;
#5293 = ORIENTED_EDGE ( 'NONE', *, *, #5593, .T. ) ;
#5294 = CARTESIAN_POINT ( 'NONE',  ( 10.16000000000000192, 0.000000000000000000, 1.269999999999998908 ) ) ;
#5295 = ORIENTED_EDGE ( 'NONE', *, *, #4872, .T. ) ;
#5296 = ORIENTED_EDGE ( 'NONE', *, *, #4002, .T. ) ;
#5297 = PLANE ( 'NONE',  #6532 ) ;
#5298 = DIRECTION ( 'NONE',  ( -0.000000000000000000, 1.000000000000000000, 1.169455476739838842E-16 ) ) ;
#5299 = CARTESIAN_POINT ( 'NONE',  ( 18.66900000000000048, 7.239000000000000767, 0.3809999999999953979 ) ) ;
#5300 = DIRECTION ( 'NONE',  ( -1.000000000000000000, -0.000000000000000000, -0.000000000000000000 ) ) ;
#5301 = DIRECTION ( 'NONE',  ( -1.000000000000000000, 0.000000000000000000, 0.000000000000000000 ) ) ;
#5302 = ADVANCED_FACE ( 'NONE', ( #1284 ), #2775, .F. ) ;
#5303 = DIRECTION ( 'NONE',  ( -0.000000000000000000, 1.000000000000000000, 1.733406087350420004E-16 ) ) ;
#5304 = ORIENTED_EDGE ( 'NONE', *, *, #6950, .T. ) ;
#5305 = ORIENTED_EDGE ( 'NONE', *, *, #5761, .F. ) ;
#5306 = DIRECTION ( 'NONE',  ( -0.000000000000000000, 0.000000000000000000, 1.000000000000000000 ) ) ;
#5307 = VECTOR ( 'NONE', #4163, 1000.000000000000000 ) ;
#5308 = FACE_OUTER_BOUND ( 'NONE', #3471, .T. ) ;
#5309 = VERTEX_POINT ( 'NONE', #9402 ) ;
#5310 = LINE ( 'NONE', #5401, #3589 ) ;
#5311 = CARTESIAN_POINT ( 'NONE',  ( 15.24000000000000021, 0.000000000000000000, 1.269999999999998908 ) ) ;
#5312 = DIRECTION ( 'NONE',  ( 0.000000000000000000, -1.000000000000000000, -2.548365665731588345E-16 ) ) ;
#5313 = ORIENTED_EDGE ( 'NONE', *, *, #1326, .T. ) ;
#5314 = LINE ( 'NONE', #4575, #864 ) ;
#5315 = CARTESIAN_POINT ( 'NONE',  ( 20.32000000000000028, 3.110602869834277161E-16, -1.270000000000001128 ) ) ;
#5316 = CARTESIAN_POINT ( 'NONE',  ( -2.540000000000000480, 0.5080000000000002292, -0.7528818102449945648 ) ) ;
#5317 = VECTOR ( 'NONE', #3161, 1000.000000000000000 ) ;
#5318 = AXIS2_PLACEMENT_3D ( 'NONE', #8820, #2249, #3064 ) ;
#5319 = ORIENTED_EDGE ( 'NONE', *, *, #7358, .F. ) ;
#5320 = VERTEX_POINT ( 'NONE', #7987 ) ;
#5321 = CARTESIAN_POINT ( 'NONE',  ( -7.175499999999999545, 8.509000000000000341, 0.8254999999999967919 ) ) ;
#5322 = VERTEX_POINT ( 'NONE', #2728 ) ;
#5323 = PRODUCT_DEFINITION_FORMATION_WITH_SPECIFIED_SOURCE ( 'ANY', '', #8688, .NOT_KNOWN. ) ;
#5324 = DIRECTION ( 'NONE',  ( -1.000000000000000000, -0.000000000000000000, -0.000000000000000000 ) ) ;
#5325 = VECTOR ( 'NONE', #8511, 1000.000000000000000 ) ;
#5326 = CARTESIAN_POINT ( 'NONE',  ( 0.3810000000000000053, 0.5079999999999997851, 0.2032000000000010465 ) ) ;
#5327 = EDGE_CURVE ( 'NONE', #8453, #3110, #7835, .T. ) ;
#5328 = EDGE_CURVE ( 'NONE', #5853, #6284, #3572, .T. ) ;
#5329 = ADVANCED_FACE ( 'NONE', ( #555 ), #4099, .F. ) ;
#5330 = AXIS2_PLACEMENT_3D ( 'NONE', #5384, #7428, #8255 ) ;
#5331 = VERTEX_POINT ( 'NONE', #6325 ) ;
#5332 = VECTOR ( 'NONE', #2256, 1000.000000000000000 ) ;
#5333 = PLANE ( 'NONE',  #7451 ) ;
#5334 = ORIENTED_EDGE ( 'NONE', *, *, #5984, .T. ) ;
#5335 = SURFACE_STYLE_FILL_AREA ( #822 ) ;
#5336 =( LENGTH_UNIT ( ) NAMED_UNIT ( * ) SI_UNIT ( .MILLI., .METRE. ) );
#5337 = EDGE_CURVE ( 'NONE', #5649, #2735, #8569, .T. ) ;
#5338 = EDGE_CURVE ( 'NONE', #4074, #580, #6476, .T. ) ;
#5339 = ORIENTED_EDGE ( 'NONE', *, *, #7563, .T. ) ;
#5340 = CARTESIAN_POINT ( 'NONE',  ( 19.05000000000000071, 0.000000000000000000, 0.000000000000000000 ) ) ;
#5341 = DIRECTION ( 'NONE',  ( 1.000000000000000000, 0.000000000000000000, 0.000000000000000000 ) ) ;
#5342 = ORIENTED_EDGE ( 'NONE', *, *, #3791, .F. ) ;
#5343 = ADVANCED_FACE ( 'NONE', ( #9501 ), #2630, .F. ) ;
#5344 = FACE_OUTER_BOUND ( 'NONE', #8215, .T. ) ;
#5345 = EDGE_CURVE ( 'NONE', #6657, #3590, #1331, .T. ) ;
#5346 = ORIENTED_EDGE ( 'NONE', *, *, #3626, .T. ) ;
#5347 = DIRECTION ( 'NONE',  ( 0.000000000000000000, -2.449293598294710852E-16, 1.000000000000000000 ) ) ;
#5348 = EDGE_CURVE ( 'NONE', #2948, #2183, #2825, .T. ) ;
#5349 = CARTESIAN_POINT ( 'NONE',  ( 17.78000000000000114, 8.509000000000000341, -0.8255000000000044524 ) ) ;
#5350 = ORIENTED_EDGE ( 'NONE', *, *, #730, .F. ) ;
#5351 = LINE ( 'NONE', #8404, #9424 ) ;
#5352 = CARTESIAN_POINT ( 'NONE',  ( 20.32000000000000028, 0.5080000000000000071, 0.7528818102449925664 ) ) ;
#5353 = CARTESIAN_POINT ( 'NONE',  ( 7.620000000000001883, 8.509000000000000341, -1.270000000000001128 ) ) ;
#5354 = ORIENTED_EDGE ( 'NONE', *, *, #3499, .F. ) ;
#5355 = CARTESIAN_POINT ( 'NONE',  ( 0.000000000000000000, 2.177422008883992879E-16, -0.8890000000000013447 ) ) ;
#5356 = CARTESIAN_POINT ( 'NONE',  ( 2.540000000000000480, 0.5080000000000002292, -0.7528818102449945648 ) ) ;
#5357 = EDGE_LOOP ( 'NONE', ( #2141, #4510, #1424, #3722 ) ) ;
#5358 = CARTESIAN_POINT ( 'NONE',  ( -15.24000000000000021, 8.509000000000000341, 1.270000000000001128 ) ) ;
#5359 = EDGE_CURVE ( 'NONE', #4392, #3399, #637, .T. ) ;
#5360 = CARTESIAN_POINT ( 'NONE',  ( -5.079999999999999183, 2.177422008883992879E-16, -0.8890000000000013447 ) ) ;
#5361 = LINE ( 'NONE', #3262, #6447 ) ;
#5362 = ORIENTED_EDGE ( 'NONE', *, *, #9019, .F. ) ;
#5363 = DIRECTION ( 'NONE',  ( 0.000000000000000000, -1.000000000000000000, -1.733406087350420004E-16 ) ) ;
#5364 = DIRECTION ( 'NONE',  ( -1.000000000000000000, 0.000000000000000000, 0.000000000000000000 ) ) ;
#5365 = DIRECTION ( 'NONE',  ( 0.000000000000000000, 0.9659258262890700886, -0.2588190451025140781 ) ) ;
#5366 = VECTOR ( 'NONE', #5206, 1000.000000000000114 ) ;
#5367 = EDGE_LOOP ( 'NONE', ( #1805, #2837, #314, #292 ) ) ;
#5368 = VERTEX_POINT ( 'NONE', #5731 ) ;
#5369 = CARTESIAN_POINT ( 'NONE',  ( -12.69999999999999929, 0.5080000000000000071, 0.7528818102449925664 ) ) ;
#5370 = VERTEX_POINT ( 'NONE', #3453 ) ;
#5371 = CARTESIAN_POINT ( 'NONE',  ( 0.3810000000000000053, 0.5079999999999997851, 0.2032000000000010465 ) ) ;
#5372 = CARTESIAN_POINT ( 'NONE',  ( -20.57400000000000162, 0.5080000000000002292, -0.7528818102449945648 ) ) ;
#5373 = VECTOR ( 'NONE', #9355, 1000.000000000000000 ) ;
#5374 = ORIENTED_EDGE ( 'NONE', *, *, #3107, .T. ) ;
#5375 = ADVANCED_FACE ( 'NONE', ( #4227 ), #6452, .F. ) ;
#5376 = DIRECTION ( 'NONE',  ( 0.7071067811865475727, -0.7071067811865475727, 0.000000000000000000 ) ) ;
#5377 = VECTOR ( 'NONE', #82, 1000.000000000000000 ) ;
#5378 = ORIENTED_EDGE ( 'NONE', *, *, #3587, .T. ) ;
#5379 = LINE ( 'NONE', #6972, #329 ) ;
#5380 = AXIS2_PLACEMENT_3D ( 'NONE', #5299, #2518, #3935 ) ;
#5381 = VECTOR ( 'NONE', #5112, 1000.000000000000000 ) ;
#5382 = ORIENTED_EDGE ( 'NONE', *, *, #3196, .T. ) ;
#5383 = EDGE_CURVE ( 'NONE', #5812, #2456, #1943, .T. ) ;
#5384 = CARTESIAN_POINT ( 'NONE',  ( 0.000000000000000000, 0.000000000000000000, 0.000000000000000000 ) ) ;
#5385 = LINE ( 'NONE', #6978, #3462 ) ;
#5386 = PLANE ( 'NONE',  #7111 ) ;
#5387 = EDGE_CURVE ( 'NONE', #5893, #849, #6358, .T. ) ;
#5388 = ORIENTED_EDGE ( 'NONE', *, *, #1432, .F. ) ;
#5389 = CARTESIAN_POINT ( 'NONE',  ( -17.78000000000000114, 0.5080000000000000071, 0.7528818102449925664 ) ) ;
#5390 = EDGE_LOOP ( 'NONE', ( #9227, #1744, #5109, #7745 ) ) ;
#5391 = DIRECTION ( 'NONE',  ( -1.000000000000000000, -0.000000000000000000, -0.000000000000000000 ) ) ;
#5392 = VECTOR ( 'NONE', #5902, 1000.000000000000000 ) ;
#5393 = CARTESIAN_POINT ( 'NONE',  ( 17.78000000000000114, 3.110602869834277161E-16, -1.270000000000001128 ) ) ;
#5394 = DIRECTION ( 'NONE',  ( 0.000000000000000000, 0.000000000000000000, -1.000000000000000000 ) ) ;
#5395 = AXIS2_PLACEMENT_3D ( 'NONE', #8769, #654, #8819 ) ;
#5396 = VERTEX_POINT ( 'NONE', #9435 ) ;
#5397 = ORIENTED_EDGE ( 'NONE', *, *, #3950, .F. ) ;
#5398 = PLANE ( 'NONE',  #8980 ) ;
#5399 = DIRECTION ( 'NONE',  ( -0.3420201433256659929, -0.9396926207859094271, -1.098928681830094149E-16 ) ) ;
#5400 = ORIENTED_EDGE ( 'NONE', *, *, #1078, .F. ) ;
#5401 = CARTESIAN_POINT ( 'NONE',  ( -17.78000000000000114, 8.509000000000000341, -1.270000000000001128 ) ) ;
#5402 = CARTESIAN_POINT ( 'NONE',  ( -5.080000000000000959, 0.5080000000000000071, 0.7528818102449925664 ) ) ;
#5403 = LINE ( 'NONE', #3946, #6142 ) ;
#5404 = VERTEX_POINT ( 'NONE', #9332 ) ;
#5405 = LINE ( 'NONE', #6127, #2559 ) ;
#5406 = DIRECTION ( 'NONE',  ( 0.000000000000000000, -1.000000000000000000, -2.548365665731588345E-16 ) ) ;
#5407 = LINE ( 'NONE', #8463, #3636 ) ;
#5408 = AXIS2_PLACEMENT_3D ( 'NONE', #5586, #4854, #2618 ) ;
#5409 = ADVANCED_FACE ( 'NONE', ( #1364 ), #4951, .F. ) ;
#5410 = VERTEX_POINT ( 'NONE', #1316 ) ;
#5411 = EDGE_LOOP ( 'NONE', ( #1243, #6731, #7596, #5577 ) ) ;
#5412 = LINE ( 'NONE', #7507, #272 ) ;
#5413 = ORIENTED_EDGE ( 'NONE', *, *, #6443, .F. ) ;
#5414 = CARTESIAN_POINT ( 'NONE',  ( -10.16000000000000014, -1.925929944387235853E-31, 0.8889999999999991243 ) ) ;
#5415 = CARTESIAN_POINT ( 'NONE',  ( -4.191000000000000725, 8.064500000000000668, 0.3809999999999953979 ) ) ;
#5416 = ADVANCED_FACE ( 'NONE', ( #6406 ), #488, .F. ) ;
#5417 = ORIENTED_EDGE ( 'NONE', *, *, #7966, .T. ) ;
#5418 = EDGE_LOOP ( 'NONE', ( #756, #6489, #5397, #2421 ) ) ;
#5419 = LINE ( 'NONE', #7427, #5708 ) ;
#5420 = DIRECTION ( 'NONE',  ( 1.000000000000000000, 0.000000000000000000, 0.000000000000000000 ) ) ;
#5421 = ORIENTED_EDGE ( 'NONE', *, *, #994, .F. ) ;
#5422 = CARTESIAN_POINT ( 'NONE',  ( 10.16000000000000192, 3.110602869834277161E-16, -1.270000000000001128 ) ) ;
#5423 = CARTESIAN_POINT ( 'NONE',  ( 4.635500000000000398, 8.509000000000000341, 0.8254999999999967919 ) ) ;
#5424 = EDGE_CURVE ( 'NONE', #6294, #8391, #2042, .T. ) ;
#5425 = ORIENTED_EDGE ( 'NONE', *, *, #3710, .T. ) ;
#5426 = ITEM_DEFINED_TRANSFORMATION ( 'NONE', 'NONE', #1909,  #4388 ) ;
#5427 = CARTESIAN_POINT ( 'NONE',  ( -5.080000000000000959, 8.509000000000000341, -1.270000000000001128 ) ) ;
#5428 = DIRECTION ( 'NONE',  ( 0.000000000000000000, 0.000000000000000000, 1.000000000000000000 ) ) ;
#5429 = VECTOR ( 'NONE', #6146, 1000.000000000000000 ) ;
#5430 = ORIENTED_EDGE ( 'NONE', *, *, #169, .F. ) ;
#5431 = DIRECTION ( 'NONE',  ( 0.000000000000000000, 1.000000000000000000, -5.054934237236841843E-31 ) ) ;
#5432 = ORIENTED_EDGE ( 'NONE', *, *, #5359, .T. ) ;
#5433 = DIRECTION ( 'NONE',  ( 0.000000000000000000, 1.000000000000000000, 2.338910953479677683E-16 ) ) ;
#5434 = FACE_OUTER_BOUND ( 'NONE', #4026, .T. ) ;
#5435 = CARTESIAN_POINT ( 'NONE',  ( 3.429000000000001602, 8.064500000000000668, 0.3809999999999953979 ) ) ;
#5436 = ADVANCED_FACE ( 'NONE', ( #4363 ), #7236, .F. ) ;
#5437 = VECTOR ( 'NONE', #891, 1000.000000000000000 ) ;
#5438 = ADVANCED_FACE ( 'NONE', ( #7970 ), #588, .F. ) ;
#5439 = EDGE_CURVE ( 'NONE', #9537, #1412, #8757, .T. ) ;
#5440 = ORIENTED_EDGE ( 'NONE', *, *, #3430, .T. ) ;
#5441 = ORIENTED_EDGE ( 'NONE', *, *, #4540, .F. ) ;
#5442 = CARTESIAN_POINT ( 'NONE',  ( 20.32000000000000028, 8.509000000000000341, 1.270000000000001128 ) ) ;
#5443 = CARTESIAN_POINT ( 'NONE',  ( 17.78000000000000114, 0.000000000000000000, 0.000000000000000000 ) ) ;
#5444 = EDGE_LOOP ( 'NONE', ( #194, #1115, #712, #2164 ) ) ;
#5445 = SURFACE_SIDE_STYLE ('',( #6265 ) ) ;
#5446 = DIRECTION ( 'NONE',  ( 0.000000000000000000, -0.000000000000000000, -1.000000000000000000 ) ) ;
#5447 = ORIENTED_EDGE ( 'NONE', *, *, #7047, .T. ) ;
#5448 = VECTOR ( 'NONE', #2334, 1000.000000000000000 ) ;
#5449 = CARTESIAN_POINT ( 'NONE',  ( -10.16000000000000014, 3.110602869834277161E-16, -1.270000000000001128 ) ) ;
#5450 = CARTESIAN_POINT ( 'NONE',  ( -15.24000000000000021, 8.509000000000000341, -1.270000000000001128 ) ) ;
#5451 = LINE ( 'NONE', #3316, #9250 ) ;
#5452 = DIRECTION ( 'NONE',  ( 0.000000000000000000, 0.000000000000000000, 1.000000000000000000 ) ) ;
#5453 =( GEOMETRIC_REPRESENTATION_CONTEXT ( 3 ) GLOBAL_UNCERTAINTY_ASSIGNED_CONTEXT ( ( #8786 ) ) GLOBAL_UNIT_ASSIGNED_CONTEXT ( ( #3390, #7658, #9168 ) ) REPRESENTATION_CONTEXT ( 'NONE', 'WORKASPACE' ) );
#5454 = DIRECTION ( 'NONE',  ( 0.5773502691896255090, -0.5773502691896253980, -0.5773502691896263972 ) ) ;
#5455 = ORIENTED_EDGE ( 'NONE', *, *, #4792, .T. ) ;
#5456 = DIRECTION ( 'NONE',  ( 0.000000000000000000, -1.000000000000000000, 0.000000000000000000 ) ) ;
#5457 = ORIENTED_EDGE ( 'NONE', *, *, #1024, .F. ) ;
#5458 = ADVANCED_FACE ( 'NONE', ( #2853 ), #8802, .F. ) ;
#5459 = LINE ( 'NONE', #1145, #5467 ) ;
#5460 = LINE ( 'NONE', #1146, #6314 ) ;
#5461 = AXIS2_PLACEMENT_3D ( 'NONE', #2789, #3537, #6340 ) ;
#5462 = CARTESIAN_POINT ( 'NONE',  ( 19.43100000000000094, 8.064500000000000668, -0.3810000000000032250 ) ) ;
#5463 = VECTOR ( 'NONE', #3678, 1000.000000000000000 ) ;
#5464 = VERTEX_POINT ( 'NONE', #5634 ) ;
#5465 = ORIENTED_EDGE ( 'NONE', *, *, #910, .F. ) ;
#5466 = DIRECTION ( 'NONE',  ( 0.000000000000000000, -0.9659258262890700886, 0.2588190451025140781 ) ) ;
#5467 = VECTOR ( 'NONE', #1964, 1000.000000000000000 ) ;
#5468 = DIRECTION ( 'NONE',  ( -0.000000000000000000, 1.000000000000000000, 1.733406087350420004E-16 ) ) ;
#5469 = AXIS2_PLACEMENT_3D ( 'NONE', #5372, #1715, #1001 ) ;
#5470 = EDGE_LOOP ( 'NONE', ( #7464, #8302, #7209, #6011 ) ) ;
#5471 = LINE ( 'NONE', #6924, #496 ) ;
#5472 = ADVANCED_FACE ( 'NONE', ( #7605 ), #5917, .F. ) ;
#5473 = CARTESIAN_POINT ( 'NONE',  ( -2.540000000000000480, 0.5080000000000002292, -0.7528818102449945648 ) ) ;
#5474 = VECTOR ( 'NONE', #3860, 1000.000000000000000 ) ;
#5475 = EDGE_LOOP ( 'NONE', ( #3966, #9259, #3675, #1546 ) ) ;
#5476 = ITEM_DEFINED_TRANSFORMATION ( 'NONE', 'NONE', #7502,  #4388 ) ;
#5477 = DIRECTION ( 'NONE',  ( -1.000000000000000000, -0.000000000000000000, -0.000000000000000000 ) ) ;
#5478 = PLANE ( 'NONE',  #1704 ) ;
#5479 = ORIENTED_EDGE ( 'NONE', *, *, #1782, .T. ) ;
#5480 = CARTESIAN_POINT ( 'NONE',  ( -20.57400000000000162, 8.509000000000000341, 1.270000000000001128 ) ) ;
#5481 = ORIENTED_EDGE ( 'NONE', *, *, #4840, .T. ) ;
#5482 = DIRECTION ( 'NONE',  ( 0.000000000000000000, -0.000000000000000000, -1.000000000000000000 ) ) ;
#5483 = DIRECTION ( 'NONE',  ( 0.000000000000000000, -0.9659258262890700886, 0.2588190451025140781 ) ) ;
#5484 = PRODUCT_DEFINITION_SHAPE ( 'NONE', 'NONE',  #9622 ) ;
#5485 = LINE ( 'NONE', #8450, #5977 ) ;
#5486 = ORIENTED_EDGE ( 'NONE', *, *, #2007, .F. ) ;
#5487 = ORIENTED_EDGE ( 'NONE', *, *, #1326, .F. ) ;
#5488 = LINE ( 'NONE', #6309, #613 ) ;
#5489 = CARTESIAN_POINT ( 'NONE',  ( -20.32000000000000028, 2.177422008883992879E-16, -0.8890000000000013447 ) ) ;
#5490 = EDGE_CURVE ( 'NONE', #7747, #8231, #1501, .T. ) ;
#5491 = ORIENTED_EDGE ( 'NONE', *, *, #4085, .T. ) ;
#5492 = FILL_AREA_STYLE ('',( #3311 ) ) ;
#5493 = PLANE ( 'NONE',  #7078 ) ;
#5494 = FACE_OUTER_BOUND ( 'NONE', #886, .T. ) ;
#5495 = DIRECTION ( 'NONE',  ( 0.000000000000000000, 1.000000000000000000, -5.054934237236841843E-31 ) ) ;
#5496 = LINE ( 'NONE', #1811, #5474 ) ;
#5497 = CARTESIAN_POINT ( 'NONE',  ( 0.000000000000000000, -1.925929944387235853E-31, 0.8889999999999991243 ) ) ;
#5498 = ORIENTED_EDGE ( 'NONE', *, *, #6691, .F. ) ;
#5499 = DIRECTION ( 'NONE',  ( 0.000000000000000000, 1.000000000000000000, 2.548365665731588345E-16 ) ) ;
#5500 = EDGE_CURVE ( 'NONE', #1506, #2450, #5419, .T. ) ;
#5501 = VERTEX_POINT ( 'NONE', #1456 ) ;
#5502 = CARTESIAN_POINT ( 'NONE',  ( 20.32000000000000028, 0.000000000000000000, 1.269999999999998908 ) ) ;
#5503 = EDGE_CURVE ( 'NONE', #3939, #8498, #6603, .T. ) ;
#5504 = EDGE_CURVE ( 'NONE', #8527, #2162, #778, .T. ) ;
#5505 = VECTOR ( 'NONE', #1846, 1000.000000000000000 ) ;
#5506 = CARTESIAN_POINT ( 'NONE',  ( 18.66900000000000048, 8.064500000000000668, 0.3809999999999953979 ) ) ;
#5507 = DIRECTION ( 'NONE',  ( 0.000000000000000000, 0.9659258262890699775, 0.2588190451025145222 ) ) ;
#5508 = AXIS2_PLACEMENT_3D ( 'NONE', #4735, #1726, #1777 ) ;
#5509 = VECTOR ( 'NONE', #3065, 999.9999999999998863 ) ;
#5510 = EDGE_LOOP ( 'NONE', ( #3416, #3983, #2225, #2596 ) ) ;
#5511 = VERTEX_POINT ( 'NONE', #2276 ) ;
#5512 = ORIENTED_EDGE ( 'NONE', *, *, #2647, .F. ) ;
#5513 = CARTESIAN_POINT ( 'NONE',  ( 17.78000000000000114, 0.000000000000000000, 1.269999999999998908 ) ) ;
#5514 = EDGE_LOOP ( 'NONE', ( #5522, #8425, #3508, #3961 ) ) ;
#5515 = FACE_OUTER_BOUND ( 'NONE', #4393, .T. ) ;
#5516 = CARTESIAN_POINT ( 'NONE',  ( 7.620000000000001883, -1.925929944387235853E-31, 0.8889999999999991243 ) ) ;
#5517 = DIRECTION ( 'NONE',  ( -1.000000000000000000, 0.000000000000000000, -0.000000000000000000 ) ) ;
#5518 = VECTOR ( 'NONE', #5026, 1000.000000000000000 ) ;
#5519 = FACE_OUTER_BOUND ( 'NONE', #2476, .T. ) ;
#5520 = ADVANCED_FACE ( 'NONE', ( #5246 ), #3180, .F. ) ;
#5521 = EDGE_CURVE ( 'NONE', #1312, #7336, #5970, .T. ) ;
#5522 = ORIENTED_EDGE ( 'NONE', *, *, #4913, .T. ) ;
#5523 =( GEOMETRIC_REPRESENTATION_CONTEXT ( 3 ) GLOBAL_UNCERTAINTY_ASSIGNED_CONTEXT ( ( #8600 ) ) GLOBAL_UNIT_ASSIGNED_CONTEXT ( ( #446, #1179, #8713 ) ) REPRESENTATION_CONTEXT ( 'NONE', 'WORKASPACE' ) );
#5524 = CONTEXT_DEPENDENT_SHAPE_REPRESENTATION ( #4638, #992 ) ;
#5525 = CARTESIAN_POINT ( 'NONE',  ( 18.22450000000000259, 8.509000000000000341, -0.8255000000000044524 ) ) ;
#5526 = DIRECTION ( 'NONE',  ( -0.000000000000000000, 1.000000000000000000, 1.733406087350420004E-16 ) ) ;
#5527 = ORIENTED_EDGE ( 'NONE', *, *, #4820, .F. ) ;
#5528 = DIRECTION ( 'NONE',  ( 1.000000000000000000, 0.000000000000000000, 0.000000000000000000 ) ) ;
#5529 = ORIENTED_EDGE ( 'NONE', *, *, #6469, .T. ) ;
#5530 = FACE_OUTER_BOUND ( 'NONE', #2371, .T. ) ;
#5531 = DIRECTION ( 'NONE',  ( 0.000000000000000000, -1.733406087350420004E-16, 1.000000000000000000 ) ) ;
#5532 = LINE ( 'NONE', #6986, #6117 ) ;
#5533 = VECTOR ( 'NONE', #1314, 1000.000000000000000 ) ;
#5534 = AXIS2_PLACEMENT_3D ( 'NONE', #8072, #8906, #837 ) ;
#5535 = EDGE_CURVE ( 'NONE', #4338, #1958, #4681, .T. ) ;
#5536 = ORIENTED_EDGE ( 'NONE', *, *, #9034, .T. ) ;
#5537 = ORIENTED_EDGE ( 'NONE', *, *, #1635, .T. ) ;
#5538 = DIRECTION ( 'NONE',  ( 0.000000000000000000, 1.000000000000000000, 2.548365665731588345E-16 ) ) ;
#5539 = CARTESIAN_POINT ( 'NONE',  ( -14.79549999999999876, 8.509000000000000341, -0.8255000000000044524 ) ) ;
#5540 = VERTEX_POINT ( 'NONE', #686 ) ;
#5541 = SURFACE_SIDE_STYLE ('',( #4041 ) ) ;
#5542 = VECTOR ( 'NONE', #908, 1000.000000000000000 ) ;
#5543 = CARTESIAN_POINT ( 'NONE',  ( 20.32000000000000028, -1.925929944387235853E-31, 0.8889999999999991243 ) ) ;
#5544 = VERTEX_POINT ( 'NONE', #2457 ) ;
#5545 = FACE_OUTER_BOUND ( 'NONE', #7515, .T. ) ;
#5546 = DIRECTION ( 'NONE',  ( 1.000000000000000000, 0.000000000000000000, 0.000000000000000000 ) ) ;
#5547 = FILL_AREA_STYLE_COLOUR ( '', #3826 ) ;
#5548 = FILL_AREA_STYLE_COLOUR ( '', #3781 ) ;
#5549 = EDGE_CURVE ( 'NONE', #4656, #5396, #8895, .T. ) ;
#5550 = VECTOR ( 'NONE', #7188, 1000.000000000000000 ) ;
#5551 = DIRECTION ( 'NONE',  ( 0.000000000000000000, -0.000000000000000000, -1.000000000000000000 ) ) ;
#5552 = ORIENTED_EDGE ( 'NONE', *, *, #1111, .F. ) ;
#5553 = CARTESIAN_POINT ( 'NONE',  ( -2.540000000000000480, 0.000000000000000000, 1.269999999999998908 ) ) ;
#5554 = ORIENTED_EDGE ( 'NONE', *, *, #6587, .F. ) ;
#5555 = DIRECTION ( 'NONE',  ( -1.000000000000000000, -0.000000000000000000, -0.000000000000000000 ) ) ;
#5556 = AXIS2_PLACEMENT_3D ( 'NONE', #5020, #1470, #3662 ) ;
#5557 = LINE ( 'NONE', #7059, #2743 ) ;
#5558 = PLANE ( 'NONE',  #8423 ) ;
#5559 = EDGE_CURVE ( 'NONE', #777, #4686, #3963, .T. ) ;
#5560 = VECTOR ( 'NONE', #136, 1000.000000000000000 ) ;
#5561 = EDGE_CURVE ( 'NONE', #5996, #6216, #7331, .T. ) ;
#5562 = VERTEX_POINT ( 'NONE', #265 ) ;
#5563 = ORIENTED_EDGE ( 'NONE', *, *, #8244, .F. ) ;
#5564 = EDGE_LOOP ( 'NONE', ( #780, #3277, #7089, #2557 ) ) ;
#5565 = CARTESIAN_POINT ( 'NONE',  ( 1.650999999999999801, 7.239000000000000767, -0.3810000000000033915 ) ) ;
#5566 = PRODUCT_DEFINITION_SHAPE ( 'NONE', 'NONE',  #9630 ) ;
#5567 = ORIENTED_EDGE ( 'NONE', *, *, #8794, .F. ) ;
#5568 = LINE ( 'NONE', #6388, #5307 ) ;
#5569 = SURFACE_SIDE_STYLE ('',( #1833 ) ) ;
#5570 = LINE ( 'NONE', #7807, #3669 ) ;
#5571 = DIRECTION ( 'NONE',  ( -1.000000000000000000, -0.000000000000000000, -0.000000000000000000 ) ) ;
#5572 = ORIENTED_EDGE ( 'NONE', *, *, #6519, .F. ) ;
#5573 = PLANE ( 'NONE',  #8538 ) ;
#5574 = ORIENTED_EDGE ( 'NONE', *, *, #3403, .F. ) ;
#5575 = DIRECTION ( 'NONE',  ( 0.000000000000000000, 1.000000000000000000, 0.000000000000000000 ) ) ;
#5576 = ADVANCED_FACE ( 'NONE', ( #2501 ), #8847, .F. ) ;
#5577 = ORIENTED_EDGE ( 'NONE', *, *, #7460, .T. ) ;
#5578 = EDGE_CURVE ( 'NONE', #7138, #9085, #8434, .T. ) ;
#5579 = CARTESIAN_POINT ( 'NONE',  ( -4.191000000000000725, 7.239000000000000767, -0.3810000000000033915 ) ) ;
#5580 = UNCERTAINTY_MEASURE_WITH_UNIT (LENGTH_MEASURE( 1.000000000000000082E-05 ), #1810, 'distance_accuracy_value', 'NONE');
#5581 = CARTESIAN_POINT ( 'NONE',  ( -6.730999999999998984, 8.064500000000000668, 0.3809999999999953979 ) ) ;
#5582 = DIRECTION ( 'NONE',  ( 0.000000000000000000, 0.000000000000000000, 1.000000000000000000 ) ) ;
#5583 = VECTOR ( 'NONE', #5771, 1000.000000000000000 ) ;
#5584 = CARTESIAN_POINT ( 'NONE',  ( 5.080000000000000959, 2.177422008883992879E-16, -0.8890000000000013447 ) ) ;
#5585 = EDGE_LOOP ( 'NONE', ( #2023, #6699, #6983, #678 ) ) ;
#5586 = CARTESIAN_POINT ( 'NONE',  ( 15.24000000000000021, 0.5080000000000000071, 0.7528818102449925664 ) ) ;
#5587 = CARTESIAN_POINT ( 'NONE',  ( 20.57400000000000162, 8.509000000000000341, 1.270000000000001128 ) ) ;
#5588 = ORIENTED_EDGE ( 'NONE', *, *, #9490, .F. ) ;
#5589 = CARTESIAN_POINT ( 'NONE',  ( -2.540000000000000480, -1.925929944387235853E-31, 0.8889999999999991243 ) ) ;
#5590 = ORIENTED_EDGE ( 'NONE', *, *, #3095, .F. ) ;
#5591 = LINE ( 'NONE', #8658, #9571 ) ;
#5592 = CARTESIAN_POINT ( 'NONE',  ( 5.080000000000000959, 8.509000000000000341, -1.270000000000001128 ) ) ;
#5593 = EDGE_CURVE ( 'NONE', #2545, #8792, #2180, .T. ) ;
#5594 = VECTOR ( 'NONE', #7630, 1000.000000000000000 ) ;
#5595 = SURFACE_SIDE_STYLE ('',( #3567 ) ) ;
#5596 = CARTESIAN_POINT ( 'NONE',  ( -10.16000000000000014, 0.5080000000000000071, 0.7528818102449925664 ) ) ;
#5597 = EDGE_LOOP ( 'NONE', ( #6497, #1646, #3530, #6046 ) ) ;
#5598 = CARTESIAN_POINT ( 'NONE',  ( -14.35099999999999909, 7.239000000000000767, 0.3809999999999953979 ) ) ;
#5599 = VECTOR ( 'NONE', #3748, 1000.000000000000000 ) ;
#5600 = CARTESIAN_POINT ( 'NONE',  ( 10.16000000000000192, 0.000000000000000000, 1.269999999999998908 ) ) ;
#5601 = ORIENTED_EDGE ( 'NONE', *, *, #7529, .F. ) ;
#5602 = CARTESIAN_POINT ( 'NONE',  ( 5.969000000000002082, 7.239000000000000767, -0.3810000000000033915 ) ) ;
#5603 = CARTESIAN_POINT ( 'NONE',  ( 14.35099999999999909, 8.064500000000000668, 0.3809999999999953979 ) ) ;
#5604 = VERTEX_POINT ( 'NONE', #361 ) ;
#5605 = ORIENTED_EDGE ( 'NONE', *, *, #1553, .T. ) ;
#5606 = LINE ( 'NONE', #3481, #7557 ) ;
#5607 = EDGE_LOOP ( 'NONE', ( #3016, #476, #1603, #6685 ) ) ;
#5608 = LINE ( 'NONE', #8822, #5743 ) ;
#5609 = VECTOR ( 'NONE', #791, 1000.000000000000000 ) ;
#5610 = ADVANCED_FACE ( 'NONE', ( #4059 ), #6430, .F. ) ;
#5611 = ORIENTED_EDGE ( 'NONE', *, *, #7661, .F. ) ;
#5612 = DIRECTION ( 'NONE',  ( 0.000000000000000000, -1.000000000000000000, -2.548365665731588345E-16 ) ) ;
#5613 = LINE ( 'NONE', #2026, #4361 ) ;
#5614 = ADVANCED_FACE ( 'NONE', ( #3332 ), #8480, .F. ) ;
#5615 = LINE ( 'NONE', #2744, #5997 ) ;
#5616 = CARTESIAN_POINT ( 'NONE',  ( 15.24000000000000021, 0.000000000000000000, 0.000000000000000000 ) ) ;
#5617 = VECTOR ( 'NONE', #5944, 1000.000000000000000 ) ;
#5618 = EDGE_LOOP ( 'NONE', ( #3388, #970, #3546, #8821 ) ) ;
#5619 = VECTOR ( 'NONE', #5799, 999.9999999999998863 ) ;
#5620 = CARTESIAN_POINT ( 'NONE',  ( -17.78000000000000114, 8.509000000000000341, 0.8254999999999967919 ) ) ;
#5621 = ADVANCED_FACE ( 'NONE', ( #8630, #518 ), #6285, .F. ) ;
#5622 = ORIENTED_EDGE ( 'NONE', *, *, #9379, .T. ) ;
#5623 = CARTESIAN_POINT ( 'NONE',  ( -20.57400000000000162, 2.177422008883992879E-16, -0.8890000000000013447 ) ) ;
#5624 = ORIENTED_EDGE ( 'NONE', *, *, #7893, .F. ) ;
#5625 = CARTESIAN_POINT ( 'NONE',  ( 3.429000000000001602, 8.064500000000000668, -0.3810000000000032250 ) ) ;
#5626 = EDGE_CURVE ( 'NONE', #159, #2329, #1199, .T. ) ;
#5627 = EDGE_CURVE ( 'NONE', #7449, #7012, #9215, .T. ) ;
#5628 = EDGE_CURVE ( 'NONE', #4134, #903, #1827, .T. ) ;
#5629 = CARTESIAN_POINT ( 'NONE',  ( 2.540000000000000480, 8.509000000000000341, 1.270000000000001128 ) ) ;
#5630 = VECTOR ( 'NONE', #7647, 1000.000000000000000 ) ;
#5631 = DIRECTION ( 'NONE',  ( 1.000000000000000000, 0.000000000000000000, 0.000000000000000000 ) ) ;
#5632 = EDGE_CURVE ( 'NONE', #7589, #2423, #463, .T. ) ;
#5633 = ADVANCED_FACE ( 'NONE', ( #1245 ), #9261, .F. ) ;
#5634 = CARTESIAN_POINT ( 'NONE',  ( 17.78000000000000114, 0.000000000000000000, 1.269999999999998908 ) ) ;
#5635 = DIRECTION ( 'NONE',  ( 0.000000000000000000, -1.000000000000000000, -2.548365665731588345E-16 ) ) ;
#5636 = EDGE_LOOP ( 'NONE', ( #7693, #3030, #3775, #8930 ) ) ;
#5637 = CARTESIAN_POINT ( 'NONE',  ( 10.15999999999999837, 2.177422008883992879E-16, -0.8890000000000013447 ) ) ;
#5638 = VECTOR ( 'NONE', #4924, 1000.000000000000000 ) ;
#5639 = CARTESIAN_POINT ( 'NONE',  ( 15.24000000000000021, 8.509000000000000341, 1.270000000000001128 ) ) ;
#5640 = ORIENTED_EDGE ( 'NONE', *, *, #526, .T. ) ;
#5641 = DIRECTION ( 'NONE',  ( 0.5773502691896255090, -0.5773502691896253980, -0.5773502691896263972 ) ) ;
#5642 = CARTESIAN_POINT ( 'NONE',  ( -16.89099999999999824, 7.239000000000000767, 0.3809999999999953979 ) ) ;
#5643 = CARTESIAN_POINT ( 'NONE',  ( 20.32000000000000028, -1.925929944387235853E-31, 0.8889999999999991243 ) ) ;
#5644 = SURFACE_STYLE_FILL_AREA ( #9395 ) ;
#5645 = ORIENTED_EDGE ( 'NONE', *, *, #8672, .F. ) ;
#5646 = PLANE ( 'NONE',  #8101 ) ;
#5647 = EDGE_CURVE ( 'NONE', #352, #8671, #7746, .T. ) ;
#5648 = EDGE_CURVE ( 'NONE', #8166, #4255, #7164, .T. ) ;
#5649 = VERTEX_POINT ( 'NONE', #9361 ) ;
#5650 = DIRECTION ( 'NONE',  ( -1.000000000000000000, -0.000000000000000000, -0.000000000000000000 ) ) ;
#5651 = FACE_OUTER_BOUND ( 'NONE', #387, .T. ) ;
#5652 = CARTESIAN_POINT ( 'NONE',  ( 0.3810000000000000053, -2.692399999999995686, -0.2032000000000001583 ) ) ;
#5653 = ORIENTED_EDGE ( 'NONE', *, *, #460, .F. ) ;
#5654 = CARTESIAN_POINT ( 'NONE',  ( -2.540000000000000480, 2.177422008883992879E-16, -0.8890000000000013447 ) ) ;
#5655 = LINE ( 'NONE', #2874, #2111 ) ;
#5656 = DIRECTION ( 'NONE',  ( 0.000000000000000000, -0.7071067811865482389, 0.7071067811865469066 ) ) ;
#5657 = DIRECTION ( 'NONE',  ( 0.7071067811865475727, -0.7071067811865475727, 0.000000000000000000 ) ) ;
#5658 = ORIENTED_EDGE ( 'NONE', *, *, #7125, .T. ) ;
#5659 = ORIENTED_EDGE ( 'NONE', *, *, #8405, .T. ) ;
#5660 = DIRECTION ( 'NONE',  ( -1.000000000000000000, 0.000000000000000000, 0.000000000000000000 ) ) ;
#5661 = ORIENTED_EDGE ( 'NONE', *, *, #9380, .F. ) ;
#5662 = VECTOR ( 'NONE', #7390, 1000.000000000000000 ) ;
#5663 = CARTESIAN_POINT ( 'NONE',  ( 19.43100000000000094, 7.239000000000000767, 0.3809999999999953979 ) ) ;
#5664 = ORIENTED_EDGE ( 'NONE', *, *, #4376, .F. ) ;
#5665 = CARTESIAN_POINT ( 'NONE',  ( 0.8890000000000009006, 8.064500000000000668, -0.3810000000000032250 ) ) ;
#5666 = LINE ( 'NONE', #8000, #8728 ) ;
#5667 = DIRECTION ( 'NONE',  ( 0.000000000000000000, -1.440069553722777130E-16, 1.000000000000000000 ) ) ;
#5668 = CARTESIAN_POINT ( 'NONE',  ( -20.32000000000000028, 0.000000000000000000, 0.000000000000000000 ) ) ;
#5669 = VECTOR ( 'NONE', #7879, 1000.000000000000000 ) ;
#5670 = EDGE_CURVE ( 'NONE', #4215, #2510, #8679, .T. ) ;
#5671 = VERTEX_POINT ( 'NONE', #4827 ) ;
#5672 = LINE ( 'NONE', #9322, #3582 ) ;
#5673 = ORIENTED_EDGE ( 'NONE', *, *, #7425, .T. ) ;
#5674 = LINE ( 'NONE', #2084, #321 ) ;
#5675 = AXIS2_PLACEMENT_3D ( 'NONE', #5718, #2121, #6437 ) ;
#5676 = VERTEX_POINT ( 'NONE', #4107 ) ;
#5677 = DIRECTION ( 'NONE',  ( -1.000000000000000000, 0.000000000000000000, 0.000000000000000000 ) ) ;
#5678 = CARTESIAN_POINT ( 'NONE',  ( 0.000000000000000000, 3.110602869834277161E-16, -1.270000000000001128 ) ) ;
#5679 = CARTESIAN_POINT ( 'NONE',  ( 17.78000000000000114, 8.509000000000000341, 1.270000000000001128 ) ) ;
#5680 = EDGE_CURVE ( 'NONE', #8959, #7714, #5606, .T. ) ;
#5681 = VECTOR ( 'NONE', #7934, 1000.000000000000000 ) ;
#5682 = CARTESIAN_POINT ( 'NONE',  ( 11.04899999999999949, 7.239000000000000767, 0.3809999999999953979 ) ) ;
#5683 = ADVANCED_FACE ( 'NONE', ( #7063 ), #9413, .F. ) ;
#5684 = CARTESIAN_POINT ( 'NONE',  ( 12.69999999999999929, -1.925929944387235853E-31, 0.8889999999999991243 ) ) ;
#5685 = ORIENTED_EDGE ( 'NONE', *, *, #7545, .F. ) ;
#5686 = PLANE ( 'NONE',  #9457 ) ;
#5687 = CARTESIAN_POINT ( 'NONE',  ( 20.32000000000000028, -1.925929944387235853E-31, 0.8889999999999991243 ) ) ;
#5688 = EDGE_LOOP ( 'NONE', ( #8540, #2702, #7670, #2070, #8254, #7894, #1226, #855 ) ) ;
#5689 = CARTESIAN_POINT ( 'NONE',  ( -12.70000000000000107, 0.5080000000000002292, -0.7528818102449945648 ) ) ;
#5690 = CARTESIAN_POINT ( 'NONE',  ( 6.731000000000000760, 8.064500000000000668, 0.3809999999999953979 ) ) ;
#5691 = AXIS2_PLACEMENT_3D ( 'NONE', #5393, #1687, #4652 ) ;
#5692 = FACE_OUTER_BOUND ( 'NONE', #7585, .T. ) ;
#5693 = VECTOR ( 'NONE', #3751, 1000.000000000000000 ) ;
#5694 = DIRECTION ( 'NONE',  ( 0.000000000000000000, 0.000000000000000000, 1.000000000000000000 ) ) ;
#5695 = CARTESIAN_POINT ( 'NONE',  ( -11.81099999999999994, 8.064500000000000668, -0.3810000000000032250 ) ) ;
#5696 = LINE ( 'NONE', #1423, #338 ) ;
#5697 = AXIS2_PLACEMENT_3D ( 'NONE', #7840, #2452, #259 ) ;
#5698 = VERTEX_POINT ( 'NONE', #3278 ) ;
#5699 = CARTESIAN_POINT ( 'NONE',  ( -14.35099999999999909, 7.239000000000000767, -0.3810000000000033915 ) ) ;
#5700 = LINE ( 'NONE', #453, #5619 ) ;
#5701 = PLANE ( 'NONE',  #2293 ) ;
#5702 = EDGE_LOOP ( 'NONE', ( #7277, #5664, #1370, #7844 ) ) ;
#5703 = DIRECTION ( 'NONE',  ( 0.000000000000000000, 0.000000000000000000, 1.000000000000000000 ) ) ;
#5704 = ADVANCED_FACE ( 'NONE', ( #2118 ), #5955, .F. ) ;
#5705 = CARTESIAN_POINT ( 'NONE',  ( 15.24000000000000021, -1.925929944387235853E-31, 0.8889999999999991243 ) ) ;
#5706 = EDGE_CURVE ( 'NONE', #999, #1339, #7408, .T. ) ;
#5707 = FILL_AREA_STYLE_COLOUR ( '', #8745 ) ;
#5708 = VECTOR ( 'NONE', #732, 999.9999999999998863 ) ;
#5709 = ORIENTED_EDGE ( 'NONE', *, *, #5761, .T. ) ;
#5710 = ORIENTED_EDGE ( 'NONE', *, *, #7644, .F. ) ;
#5711 = CARTESIAN_POINT ( 'NONE',  ( -19.43100000000000094, 7.239000000000000767, -0.3810000000000033915 ) ) ;
#5712 = VECTOR ( 'NONE', #5032, 1000.000000000000000 ) ;
#5713 = CARTESIAN_POINT ( 'NONE',  ( 20.57400000000000162, 2.177422008883992879E-16, -0.8890000000000013447 ) ) ;
#5714 = ORIENTED_EDGE ( 'NONE', *, *, #8649, .F. ) ;
#5715 = ORIENTED_EDGE ( 'NONE', *, *, #5706, .T. ) ;
#5716 = DIRECTION ( 'NONE',  ( 0.000000000000000000, -1.000000000000000000, -1.733406087350420004E-16 ) ) ;
#5717 = FACE_OUTER_BOUND ( 'NONE', #9323, .T. ) ;
#5718 = CARTESIAN_POINT ( 'NONE',  ( 20.57400000000000162, 0.5080000000000000071, 0.7528818102449925664 ) ) ;
#5719 = ADVANCED_FACE ( 'NONE', ( #3581 ), #8094, .F. ) ;
#5720 = PRESENTATION_STYLE_ASSIGNMENT (( #1209 ) ) ;
#5721 = VECTOR ( 'NONE', #8805, 1000.000000000000000 ) ;
#5722 = ORIENTED_EDGE ( 'NONE', *, *, #5961, .T. ) ;
#5723 = DIRECTION ( 'NONE',  ( 0.000000000000000000, -5.054934237236841843E-31, -1.000000000000000000 ) ) ;
#5724 = EDGE_LOOP ( 'NONE', ( #5425, #5342, #9451, #8311 ) ) ;
#5725 = LINE ( 'NONE', #2750, #4517 ) ;
#5726 = ORIENTED_EDGE ( 'NONE', *, *, #5632, .F. ) ;
#5727 = LINE ( 'NONE', #5625, #2134 ) ;
#5728 = EDGE_CURVE ( 'NONE', #4801, #7323, #6535, .T. ) ;
#5729 = LINE ( 'NONE', #8601, #3204 ) ;
#5730 = FACE_OUTER_BOUND ( 'NONE', #7971, .T. ) ;
#5731 = CARTESIAN_POINT ( 'NONE',  ( 8.509000000000002117, 8.064500000000000668, 0.3809999999999955644 ) ) ;
#5732 = CARTESIAN_POINT ( 'NONE',  ( 15.68449999999999989, 8.509000000000000341, -0.8255000000000044524 ) ) ;
#5733 = VERTEX_POINT ( 'NONE', #5130 ) ;
#5734 = DIRECTION ( 'NONE',  ( -0.000000000000000000, 0.000000000000000000, -1.000000000000000000 ) ) ;
#5735 = DIRECTION ( 'NONE',  ( 0.000000000000000000, -1.000000000000000000, 0.000000000000000000 ) ) ;
#5736 = EDGE_LOOP ( 'NONE', ( #7036, #6428, #8963, #1198 ) ) ;
#5737 =( LENGTH_UNIT ( ) NAMED_UNIT ( * ) SI_UNIT ( .MILLI., .METRE. ) );
#5738 = DIRECTION ( 'NONE',  ( -0.000000000000000000, -0.000000000000000000, 1.000000000000000000 ) ) ;
#5739 = EDGE_CURVE ( 'NONE', #4275, #5921, #7362, .T. ) ;
#5740 = CARTESIAN_POINT ( 'NONE',  ( -12.69999999999999929, 8.509000000000000341, 1.270000000000001128 ) ) ;
#5741 = ADVANCED_FACE ( 'NONE', ( #1296 ), #18, .F. ) ;
#5742 = EDGE_CURVE ( 'NONE', #4490, #4655, #1438, .T. ) ;
#5743 = VECTOR ( 'NONE', #2972, 1000.000000000000000 ) ;
#5744 = CARTESIAN_POINT ( 'NONE',  ( 20.57400000000000162, 8.509000000000000341, -1.270000000000001128 ) ) ;
#5745 = VERTEX_POINT ( 'NONE', #2020 ) ;
#5746 = CARTESIAN_POINT ( 'NONE',  ( -6.223000000000000753, 7.810500000000000220, -0.1270000000000029716 ) ) ;
#5747 = CARTESIAN_POINT ( 'NONE',  ( -20.32000000000000028, 0.5080000000000002292, -0.7528818102449945648 ) ) ;
#5748 = DIRECTION ( 'NONE',  ( 0.000000000000000000, 1.000000000000000000, -5.054934237236841843E-31 ) ) ;
#5749 = ORIENTED_EDGE ( 'NONE', *, *, #8787, .T. ) ;
#5750 = DIRECTION ( 'NONE',  ( -1.000000000000000000, 0.000000000000000000, 0.000000000000000000 ) ) ;
#5751 = DIRECTION ( 'NONE',  ( 0.000000000000000000, 0.000000000000000000, -1.000000000000000000 ) ) ;
#5752 = EDGE_CURVE ( 'NONE', #5198, #4710, #4347, .T. ) ;
#5753 = PLANE ( 'NONE',  #206 ) ;
#5754 = VECTOR ( 'NONE', #834, 1000.000000000000000 ) ;
#5755 = VERTEX_POINT ( 'NONE', #713 ) ;
#5756 = ADVANCED_FACE ( 'NONE', ( #7941 ), #3677, .F. ) ;
#5757 = ORIENTED_EDGE ( 'NONE', *, *, #8812, .F. ) ;
#5758 = CARTESIAN_POINT ( 'NONE',  ( -2.540000000000000480, -1.925929944387235853E-31, 0.8889999999999991243 ) ) ;
#5759 = LINE ( 'NONE', #2119, #4685 ) ;
#5760 = ORIENTED_EDGE ( 'NONE', *, *, #1343, .F. ) ;
#5761 = EDGE_CURVE ( 'NONE', #1882, #7804, #4253, .T. ) ;
#5762 = ORIENTED_EDGE ( 'NONE', *, *, #396, .F. ) ;
#5763 = DIRECTION ( 'NONE',  ( 0.000000000000000000, 1.000000000000000000, -5.054934237236841843E-31 ) ) ;
#5764 = DIRECTION ( 'NONE',  ( 0.5773502691896253980, 0.5773502691896253980, -0.5773502691896266192 ) ) ;
#5765 = AXIS2_PLACEMENT_3D ( 'NONE', #1055, #9220, #1105 ) ;
#5766 = PLANE ( 'NONE',  #6768 ) ;
#5767 = CARTESIAN_POINT ( 'NONE',  ( 2.540000000000000480, -1.925929944387235853E-31, 0.8889999999999991243 ) ) ;
#5768 = ORIENTED_EDGE ( 'NONE', *, *, #7772, .T. ) ;
#5769 = VECTOR ( 'NONE', #3183, 999.9999999999998863 ) ;
#5770 = EDGE_CURVE ( 'NONE', #4989, #4233, #3631, .T. ) ;
#5771 = DIRECTION ( 'NONE',  ( -1.000000000000000000, -0.000000000000000000, -0.000000000000000000 ) ) ;
#5772 = ORIENTED_EDGE ( 'NONE', *, *, #2315, .T. ) ;
#5773 = LINE ( 'NONE', #533, #5911 ) ;
#5774 = CARTESIAN_POINT ( 'NONE',  ( 7.620000000000001883, 0.5080000000000002292, -0.7528818102449945648 ) ) ;
#5775 = LINE ( 'NONE', #5049, #2123 ) ;
#5776 = VECTOR ( 'NONE', #4512, 1000.000000000000000 ) ;
#5777 = CARTESIAN_POINT ( 'NONE',  ( -10.16000000000000014, 0.5080000000000000071, 0.7528818102449925664 ) ) ;
#5778 = AXIS2_PLACEMENT_3D ( 'NONE', #9401, #2774, #2011 ) ;
#5779 = DIRECTION ( 'NONE',  ( -1.000000000000000000, -0.000000000000000000, -0.000000000000000000 ) ) ;
#5780 = CARTESIAN_POINT ( 'NONE',  ( 5.080000000000000959, 0.000000000000000000, 0.000000000000000000 ) ) ;
#5781 = ORIENTED_EDGE ( 'NONE', *, *, #9574, .F. ) ;
#5782 = CARTESIAN_POINT ( 'NONE',  ( 13.58900000000000041, 8.064500000000000668, 0.3809999999999955644 ) ) ;
#5783 = AXIS2_PLACEMENT_3D ( 'NONE', #4339, #5024, #8773 ) ;
#5784 = DIRECTION ( 'NONE',  ( -0.000000000000000000, 1.000000000000000000, 2.449293598294710852E-16 ) ) ;
#5785 = VERTEX_POINT ( 'NONE', #8876 ) ;
#5786 = LINE ( 'NONE', #9539, #1097 ) ;
#5787 = DIRECTION ( 'NONE',  ( 1.000000000000000000, 0.000000000000000000, 0.000000000000000000 ) ) ;
#5788 = AXIS2_PLACEMENT_3D ( 'NONE', #1899, #9440, #8655 ) ;
#5789 = DIRECTION ( 'NONE',  ( -1.000000000000000000, 0.000000000000000000, 0.000000000000000000 ) ) ;
#5790 = DIRECTION ( 'NONE',  ( -1.000000000000000000, -0.000000000000000000, -0.000000000000000000 ) ) ;
#5791 = CARTESIAN_POINT ( 'NONE',  ( -16.89099999999999824, 7.239000000000000767, 0.3809999999999953979 ) ) ;
#5792 = CARTESIAN_POINT ( 'NONE',  ( 2.540000000000000480, 3.110602869834277161E-16, -1.270000000000001128 ) ) ;
#5793 = AXIS2_PLACEMENT_3D ( 'NONE', #4598, #2327, #181 ) ;
#5794 = VECTOR ( 'NONE', #6907, 1000.000000000000000 ) ;
#5795 = DIRECTION ( 'NONE',  ( -0.5773502691896253980, -0.5773502691896255090, -0.5773502691896263972 ) ) ;
#5796 = EDGE_CURVE ( 'NONE', #4419, #1618, #7267, .T. ) ;
#5797 = ORIENTED_EDGE ( 'NONE', *, *, #66, .T. ) ;
#5798 = PLANE ( 'NONE',  #9449 ) ;
#5799 = DIRECTION ( 'NONE',  ( 0.5773502691896255090, -0.5773502691896253980, -0.5773502691896263972 ) ) ;
#5800 = LINE ( 'NONE', #4818, #3380 ) ;
#5801 = EDGE_LOOP ( 'NONE', ( #170, #7550, #8163, #3226 ) ) ;
#5802 = DIRECTION ( 'NONE',  ( 0.000000000000000000, 1.440069553722777130E-16, -1.000000000000000000 ) ) ;
#5803 = CARTESIAN_POINT ( 'NONE',  ( 0.8890000000000009006, 7.239000000000000767, -0.3810000000000033915 ) ) ;
#5804 =( NAMED_UNIT ( * ) PLANE_ANGLE_UNIT ( ) SI_UNIT ( $, .RADIAN. ) );
#5805 = EDGE_CURVE ( 'NONE', #9414, #2628, #2882, .T. ) ;
#5806 = ORIENTED_EDGE ( 'NONE', *, *, #6580, .F. ) ;
#5807 = VERTEX_POINT ( 'NONE', #763 ) ;
#5808 = CARTESIAN_POINT ( 'NONE',  ( -11.04900000000000126, 8.064500000000000668, 0.3809999999999953979 ) ) ;
#5809 = EDGE_CURVE ( 'NONE', #7131, #9609, #6485, .T. ) ;
#5810 = FACE_OUTER_BOUND ( 'NONE', #5118, .T. ) ;
#5811 = ADVANCED_FACE ( 'NONE', ( #7995 ), #8143, .F. ) ;
#5812 = VERTEX_POINT ( 'NONE', #5758 ) ;
#5813 = CARTESIAN_POINT ( 'NONE',  ( 12.69999999999999929, 0.5080000000000002292, -0.7528818102449945648 ) ) ;
#5814 = CARTESIAN_POINT ( 'NONE',  ( 12.69999999999999929, 2.177422008883992879E-16, -0.8890000000000013447 ) ) ;
#5815 = LINE ( 'NONE', #8784, #6008 ) ;
#5816 = ORIENTED_EDGE ( 'NONE', *, *, #4033, .T. ) ;
#5817 = DIRECTION ( 'NONE',  ( -1.000000000000000000, -0.000000000000000000, -0.000000000000000000 ) ) ;
#5818 = ORIENTED_EDGE ( 'NONE', *, *, #8320, .F. ) ;
#5819 = DIRECTION ( 'NONE',  ( 0.000000000000000000, -0.9659258262890699775, -0.2588190451025145222 ) ) ;
#5820 = DIRECTION ( 'NONE',  ( 1.000000000000000000, 0.000000000000000000, 0.000000000000000000 ) ) ;
#5821 = AXIS2_PLACEMENT_3D ( 'NONE', #4016, #6973, #9267 ) ;
#5822 = SURFACE_STYLE_FILL_AREA ( #2273 ) ;
#5823 = EDGE_CURVE ( 'NONE', #5856, #4019, #8731, .T. ) ;
#5824 = DIRECTION ( 'NONE',  ( 0.000000000000000000, 1.000000000000000000, 0.000000000000000000 ) ) ;
#5825 = PLANE ( 'NONE',  #85 ) ;
#5826 = VERTEX_POINT ( 'NONE', #3905 ) ;
#5827 = DIRECTION ( 'NONE',  ( 0.000000000000000000, 0.000000000000000000, -1.000000000000000000 ) ) ;
#5828 = VECTOR ( 'NONE', #1454, 1000.000000000000000 ) ;
#5829 = DIRECTION ( 'NONE',  ( 0.000000000000000000, -5.054934237236841843E-31, -1.000000000000000000 ) ) ;
#5830 = VERTEX_POINT ( 'NONE', #6093 ) ;
#5831 = DIRECTION ( 'NONE',  ( 0.000000000000000000, 2.449293598294710852E-16, -1.000000000000000000 ) ) ;
#5832 = EDGE_LOOP ( 'NONE', ( #42, #2857, #6966, #462, #9224, #8117, #1042, #8369 ) ) ;
#5833 = ORIENTED_EDGE ( 'NONE', *, *, #8894, .T. ) ;
#5834 = DIRECTION ( 'NONE',  ( 0.000000000000000000, 0.000000000000000000, 1.000000000000000000 ) ) ;
#5835 = DIRECTION ( 'NONE',  ( 0.000000000000000000, 0.000000000000000000, 1.000000000000000000 ) ) ;
#5836 = CARTESIAN_POINT ( 'NONE',  ( -1.650999999999999801, 8.064500000000000668, -0.3810000000000032250 ) ) ;
#5837 = CARTESIAN_POINT ( 'NONE',  ( -15.24000000000000021, 3.110602869834277161E-16, -1.270000000000001128 ) ) ;
#5838 = FACE_OUTER_BOUND ( 'NONE', #1831, .T. ) ;
#5839 = VECTOR ( 'NONE', #4295, 999.9999999999998863 ) ;
#5840 = ADVANCED_FACE ( 'NONE', ( #8925 ), #7595, .F. ) ;
#5841 = PLANE ( 'NONE',  #177 ) ;
#5842 = ORIENTED_EDGE ( 'NONE', *, *, #7966, .F. ) ;
#5843 = DIRECTION ( 'NONE',  ( -1.000000000000000000, 0.000000000000000000, 0.000000000000000000 ) ) ;
#5844 = CARTESIAN_POINT ( 'NONE',  ( 12.25549999999999962, 8.509000000000000341, -1.270000000000001128 ) ) ;
#5845 = AXIS2_PLACEMENT_3D ( 'NONE', #6204, #5531, #7620 ) ;
#5846 = ORIENTED_EDGE ( 'NONE', *, *, #802, .T. ) ;
#5847 = PLANE ( 'NONE',  #1545 ) ;
#5848 = CARTESIAN_POINT ( 'NONE',  ( -7.620000000000000107, 8.509000000000000341, 1.270000000000001128 ) ) ;
#5849 = CARTESIAN_POINT ( 'NONE',  ( 2.540000000000000480, 0.5080000000000002292, -0.7528818102449945648 ) ) ;
#5850 = CARTESIAN_POINT ( 'NONE',  ( 0.000000000000000000, 3.110602869834277161E-16, -1.270000000000001128 ) ) ;
#5851 = CARTESIAN_POINT ( 'NONE',  ( 17.78000000000000114, 2.177422008883992879E-16, -0.8890000000000013447 ) ) ;
#5852 = COLOUR_RGB ( '',0.2509803921568627416, 0.2509803921568627416, 0.2509803921568627416 ) ;
#5853 = VERTEX_POINT ( 'NONE', #7456 ) ;
#5854 = ORIENTED_EDGE ( 'NONE', *, *, #867, .T. ) ;
#5855 = DIRECTION ( 'NONE',  ( -1.000000000000000000, -0.000000000000000000, -0.000000000000000000 ) ) ;
#5856 = VERTEX_POINT ( 'NONE', #856 ) ;
#5857 = VECTOR ( 'NONE', #1237, 1000.000000000000000 ) ;
#5858 = VECTOR ( 'NONE', #9159, 1000.000000000000000 ) ;
#5859 = DIRECTION ( 'NONE',  ( 1.000000000000000000, 0.000000000000000000, 0.000000000000000000 ) ) ;
#5860 = EDGE_CURVE ( 'NONE', #5189, #8851, #9069, .T. ) ;
#5861 = CARTESIAN_POINT ( 'NONE',  ( 18.66900000000000048, 8.064500000000000668, 0.3809999999999955644 ) ) ;
#5862 = ADVANCED_FACE ( 'NONE', ( #70 ), #1531, .F. ) ;
#5863 = EDGE_CURVE ( 'NONE', #4019, #8959, #2404, .T. ) ;
#5864 = UNCERTAINTY_MEASURE_WITH_UNIT (LENGTH_MEASURE( 1.000000000000000082E-05 ), #1539, 'distance_accuracy_value', 'NONE');
#5865 = VECTOR ( 'NONE', #4098, 1000.000000000000000 ) ;
#5866 = ORIENTED_EDGE ( 'NONE', *, *, #3025, .T. ) ;
#5867 = ITEM_DEFINED_TRANSFORMATION ( 'NONE', 'NONE', #2374,  #4388 ) ;
#5868 = DIRECTION ( 'NONE',  ( 0.000000000000000000, 0.000000000000000000, 1.000000000000000000 ) ) ;
#5869 = VERTEX_POINT ( 'NONE', #6776 ) ;
#5870 = LINE ( 'NONE', #3643, #9493 ) ;
#5871 = LINE ( 'NONE', #6551, #2564 ) ;
#5872 = VECTOR ( 'NONE', #6990, 1000.000000000000000 ) ;
#5873 = LINE ( 'NONE', #9575, #5828 ) ;
#5874 = VERTEX_POINT ( 'NONE', #5321 ) ;
#5875 = DIRECTION ( 'NONE',  ( -1.000000000000000000, -0.000000000000000000, -0.000000000000000000 ) ) ;
#5876 = LINE ( 'NONE', #8897, #8415 ) ;
#5877 = ORIENTED_EDGE ( 'NONE', *, *, #4495, .T. ) ;
#5878 = EDGE_CURVE ( 'NONE', #9193, #6288, #6047, .T. ) ;
#5879 = DIRECTION ( 'NONE',  ( -1.000000000000000000, -0.000000000000000000, -0.000000000000000000 ) ) ;
#5880 = EDGE_CURVE ( 'NONE', #7804, #6184, #3079, .T. ) ;
#5881 = ORIENTED_EDGE ( 'NONE', *, *, #3744, .T. ) ;
#5882 = ORIENTED_EDGE ( 'NONE', *, *, #6050, .F. ) ;
#5883 = CARTESIAN_POINT ( 'NONE',  ( -7.620000000000000107, 8.509000000000000341, -0.8255000000000044524 ) ) ;
#5884 = ADVANCED_FACE ( 'NONE', ( #3169 ), #6911, .F. ) ;
#5885 =( NAMED_UNIT ( * ) PLANE_ANGLE_UNIT ( ) SI_UNIT ( $, .RADIAN. ) );
#5886 = PLANE ( 'NONE',  #9590 ) ;
#5887 = PLANE ( 'NONE',  #6281 ) ;
#5888 = DIRECTION ( 'NONE',  ( 1.000000000000000000, 0.000000000000000000, 0.000000000000000000 ) ) ;
#5889 = SURFACE_SIDE_STYLE ('',( #8075 ) ) ;
#5890 = PLANE ( 'NONE',  #6386 ) ;
#5891 = ORIENTED_EDGE ( 'NONE', *, *, #5327, .T. ) ;
#5892 = DIRECTION ( 'NONE',  ( 0.000000000000000000, -0.9659258262890699775, -0.2588190451025145222 ) ) ;
#5893 = VERTEX_POINT ( 'NONE', #6136 ) ;
#5894 = FACE_OUTER_BOUND ( 'NONE', #1248, .T. ) ;
#5895 = EDGE_CURVE ( 'NONE', #3482, #7747, #8290, .T. ) ;
#5896 = DIRECTION ( 'NONE',  ( 0.000000000000000000, 0.000000000000000000, 1.000000000000000000 ) ) ;
#5897 = CARTESIAN_POINT ( 'NONE',  ( 12.69999999999999929, 8.509000000000000341, -0.8255000000000044524 ) ) ;
#5898 = PLANE ( 'NONE',  #8476 ) ;
#5899 = CARTESIAN_POINT ( 'NONE',  ( -10.16000000000000014, 0.5080000000000000071, 0.7528818102449925664 ) ) ;
#5900 = VERTEX_POINT ( 'NONE', #905 ) ;
#5901 = ORIENTED_EDGE ( 'NONE', *, *, #7470, .T. ) ;
#5902 = DIRECTION ( 'NONE',  ( 1.000000000000000000, 0.000000000000000000, 0.000000000000000000 ) ) ;
#5903 = AXIS2_PLACEMENT_3D ( 'NONE', #5910, #3688, #4589 ) ;
#5904 = ORIENTED_EDGE ( 'NONE', *, *, #8078, .F. ) ;
#5905 = CARTESIAN_POINT ( 'NONE',  ( 17.78000000000000114, 8.509000000000000341, -1.270000000000001128 ) ) ;
#5906 = FACE_OUTER_BOUND ( 'NONE', #7776, .T. ) ;
#5907 = VECTOR ( 'NONE', #3261, 1000.000000000000000 ) ;
#5908 = ORIENTED_EDGE ( 'NONE', *, *, #2314, .F. ) ;
#5909 = ADVANCED_FACE ( 'NONE', ( #117 ), #1665, .T. ) ;
#5910 = CARTESIAN_POINT ( 'NONE',  ( -15.24000000000000021, 8.509000000000000341, -1.270000000000001128 ) ) ;
#5911 = VECTOR ( 'NONE', #4994, 1000.000000000000000 ) ;
#5912 = ORIENTED_EDGE ( 'NONE', *, *, #4085, .F. ) ;
#5913 = CARTESIAN_POINT ( 'NONE',  ( -1.650999999999999801, 7.239000000000000767, 0.3809999999999953979 ) ) ;
#5914 = DIRECTION ( 'NONE',  ( -1.000000000000000000, 0.000000000000000000, 0.000000000000000000 ) ) ;
#5915 = VECTOR ( 'NONE', #6436, 1000.000000000000000 ) ;
#5916 = VERTEX_POINT ( 'NONE', #6818 ) ;
#5917 = PLANE ( 'NONE',  #3694 ) ;
#5918 = EDGE_CURVE ( 'NONE', #5501, #59, #5412, .T. ) ;
#5919 = CARTESIAN_POINT ( 'NONE',  ( 13.97000000000000064, 0.000000000000000000, 0.000000000000000000 ) ) ;
#5920 = PLANE ( 'NONE',  #331 ) ;
#5921 = VERTEX_POINT ( 'NONE', #1709 ) ;
#5922 = LINE ( 'NONE', #6067, #130 ) ;
#5923 = EDGE_CURVE ( 'NONE', #5946, #8629, #4673, .T. ) ;
#5924 = VERTEX_POINT ( 'NONE', #3225 ) ;
#5925 = EDGE_CURVE ( 'NONE', #3915, #158, #7640, .T. ) ;
#5926 = ORIENTED_EDGE ( 'NONE', *, *, #4141, .T. ) ;
#5927 = DIRECTION ( 'NONE',  ( 0.000000000000000000, 0.000000000000000000, -1.000000000000000000 ) ) ;
#5928 = CARTESIAN_POINT ( 'NONE',  ( 20.57400000000000162, 3.110602869834277161E-16, -1.270000000000001128 ) ) ;
#5929 = VECTOR ( 'NONE', #9594, 1000.000000000000000 ) ;
#5930 = DIRECTION ( 'NONE',  ( 0.000000000000000000, -0.000000000000000000, -1.000000000000000000 ) ) ;
#5931 = FACE_OUTER_BOUND ( 'NONE', #9020, .T. ) ;
#5932 = CARTESIAN_POINT ( 'NONE',  ( -12.69999999999999929, 0.5080000000000000071, 0.7528818102449925664 ) ) ;
#5933 = VECTOR ( 'NONE', #8113, 1000.000000000000000 ) ;
#5934 = SURFACE_STYLE_FILL_AREA ( #6665 ) ;
#5935 = EDGE_CURVE ( 'NONE', #8671, #2367, #256, .T. ) ;
#5936 = VECTOR ( 'NONE', #1919, 1000.000000000000114 ) ;
#5937 = CARTESIAN_POINT ( 'NONE',  ( 5.080000000000000959, 8.509000000000000341, 0.8254999999999967919 ) ) ;
#5938 = VERTEX_POINT ( 'NONE', #8973 ) ;
#5939 = LINE ( 'NONE', #2248, #7417 ) ;
#5940 = VECTOR ( 'NONE', #7365, 1000.000000000000000 ) ;
#5941 = DIRECTION ( 'NONE',  ( 1.000000000000000000, 0.000000000000000000, 0.000000000000000000 ) ) ;
#5942 = ORIENTED_EDGE ( 'NONE', *, *, #2122, .F. ) ;
#5943 = CARTESIAN_POINT ( 'NONE',  ( 20.32000000000000028, 0.000000000000000000, 1.269999999999998908 ) ) ;
#5944 = DIRECTION ( 'NONE',  ( -0.000000000000000000, 1.000000000000000000, 1.733406087350420004E-16 ) ) ;
#5945 = CARTESIAN_POINT ( 'NONE',  ( -6.730999999999998984, 7.239000000000000767, -0.3810000000000033915 ) ) ;
#5946 = VERTEX_POINT ( 'NONE', #5276 ) ;
#5947 = LINE ( 'NONE', #1613, #3821 ) ;
#5948 = AXIS2_PLACEMENT_3D ( 'NONE', #7195, #8070, #1417 ) ;
#5949 = CARTESIAN_POINT ( 'NONE',  ( 13.58900000000000041, 7.239000000000000767, 0.3809999999999953979 ) ) ;
#5950 = VECTOR ( 'NONE', #7552, 1000.000000000000000 ) ;
#5951 = ADVANCED_FACE ( 'NONE', ( #8238 ), #1569, .F. ) ;
#5952 = EDGE_CURVE ( 'NONE', #4134, #1117, #6959, .T. ) ;
#5953 = ORIENTED_EDGE ( 'NONE', *, *, #5338, .F. ) ;
#5954 = ORIENTED_EDGE ( 'NONE', *, *, #514, .F. ) ;
#5955 = PLANE ( 'NONE',  #421 ) ;
#5956 = CARTESIAN_POINT ( 'NONE',  ( 8.509000000000002117, 7.239000000000000767, 0.3809999999999953979 ) ) ;
#5957 = ORIENTED_EDGE ( 'NONE', *, *, #6866, .F. ) ;
#5958 = STYLED_ITEM ( 'NONE', ( #2113 ), #1251 ) ;
#5959 = DIRECTION ( 'NONE',  ( 0.000000000000000000, 1.000000000000000000, 0.000000000000000000 ) ) ;
#5960 = LINE ( 'NONE', #4450, #1360 ) ;
#5961 = EDGE_CURVE ( 'NONE', #5830, #3029, #7052, .T. ) ;
#5962 = UNCERTAINTY_MEASURE_WITH_UNIT (LENGTH_MEASURE( 1.000000000000000082E-05 ), #7124, 'distance_accuracy_value', 'NONE');
#5963 = ORIENTED_EDGE ( 'NONE', *, *, #5863, .T. ) ;
#5964 = DIRECTION ( 'NONE',  ( -0.5773502691896253980, 0.5773502691896253980, -0.5773502691896266192 ) ) ;
#5965 = ORIENTED_EDGE ( 'NONE', *, *, #6441, .F. ) ;
#5966 = ORIENTED_EDGE ( 'NONE', *, *, #2400, .T. ) ;
#5967 = SURFACE_STYLE_USAGE ( .BOTH. , #8889 ) ;
#5968 = EDGE_CURVE ( 'NONE', #2448, #8733, #7692, .T. ) ;
#5969 = ORIENTED_EDGE ( 'NONE', *, *, #2301, .T. ) ;
#5970 = LINE ( 'NONE', #7654, #3996 ) ;
#5971 = CARTESIAN_POINT ( 'NONE',  ( 11.81099999999999817, 7.239000000000000767, 0.3809999999999953979 ) ) ;
#5972 = ORIENTED_EDGE ( 'NONE', *, *, #7982, .T. ) ;
#5973 = PLANE ( 'NONE',  #2757 ) ;
#5974 = ORIENTED_EDGE ( 'NONE', *, *, #4807, .T. ) ;
#5975 = EDGE_LOOP ( 'NONE', ( #7270, #8604, #2154, #8033, #2063, #9359, #5033, #5781 ) ) ;
#5976 = CARTESIAN_POINT ( 'NONE',  ( 5.080000000000000959, 0.000000000000000000, 1.269999999999998908 ) ) ;
#5977 = VECTOR ( 'NONE', #7722, 1000.000000000000000 ) ;
#5978 = FACE_OUTER_BOUND ( 'NONE', #675, .T. ) ;
#5979 = ORIENTED_EDGE ( 'NONE', *, *, #8928, .T. ) ;
#5980 = DIRECTION ( 'NONE',  ( 0.000000000000000000, 2.449293598294710852E-16, -1.000000000000000000 ) ) ;
#5981 = DIRECTION ( 'NONE',  ( 0.000000000000000000, 1.000000000000000000, -5.054934237236841843E-31 ) ) ;
#5982 = DIRECTION ( 'NONE',  ( 0.000000000000000000, 0.000000000000000000, 1.000000000000000000 ) ) ;
#5983 =( NAMED_UNIT ( * ) PLANE_ANGLE_UNIT ( ) SI_UNIT ( $, .RADIAN. ) );
#5984 = EDGE_CURVE ( 'NONE', #3786, #8865, #8521, .T. ) ;
#5985 = ADVANCED_FACE ( 'NONE', ( #6324, #4718 ), #7739, .F. ) ;
#5986 = VECTOR ( 'NONE', #1954, 1000.000000000000000 ) ;
#5987 = AXIS2_PLACEMENT_3D ( 'NONE', #7539, #8280, #7401 ) ;
#5988 = LINE ( 'NONE', #8319, #5609 ) ;
#5989 = VERTEX_POINT ( 'NONE', #7105 ) ;
#5990 = ORIENTED_EDGE ( 'NONE', *, *, #7369, .T. ) ;
#5991 = LINE ( 'NONE', #8226, #4929 ) ;
#5992 = ORIENTED_EDGE ( 'NONE', *, *, #8968, .F. ) ;
#5993 = CARTESIAN_POINT ( 'NONE',  ( -10.16000000000000014, -1.925929944387235853E-31, 0.8889999999999991243 ) ) ;
#5994 = DIRECTION ( 'NONE',  ( -1.000000000000000000, -0.000000000000000000, -0.000000000000000000 ) ) ;
#5995 = DIRECTION ( 'NONE',  ( 0.000000000000000000, 0.000000000000000000, -1.000000000000000000 ) ) ;
#5996 = VERTEX_POINT ( 'NONE', #4816 ) ;
#5997 = VECTOR ( 'NONE', #5667, 1000.000000000000000 ) ;
#5998 = CARTESIAN_POINT ( 'NONE',  ( -10.16000000000000014, 8.509000000000000341, 1.270000000000001128 ) ) ;
#5999 = FACE_OUTER_BOUND ( 'NONE', #4199, .T. ) ;
#6000 = ORIENTED_EDGE ( 'NONE', *, *, #1585, .T. ) ;
#6001 = ORIENTED_EDGE ( 'NONE', *, *, #6211, .F. ) ;
#6002 = DIRECTION ( 'NONE',  ( 0.000000000000000000, 0.000000000000000000, -1.000000000000000000 ) ) ;
#6003 = ORIENTED_EDGE ( 'NONE', *, *, #7285, .F. ) ;
#6004 = LINE ( 'NONE', #4398, #1586 ) ;
#6005 = AXIS2_PLACEMENT_3D ( 'NONE', #8813, #8220, #1552 ) ;
#6006 = VECTOR ( 'NONE', #8265, 999.9999999999998863 ) ;
#6007 = ORIENTED_EDGE ( 'NONE', *, *, #8860, .T. ) ;
#6008 = VECTOR ( 'NONE', #2124, 1000.000000000000000 ) ;
#6009 = VECTOR ( 'NONE', #8546, 1000.000000000000000 ) ;
#6010 = PLANE ( 'NONE',  #305 ) ;
#6011 = ORIENTED_EDGE ( 'NONE', *, *, #2122, .T. ) ;
#6012 =( NAMED_UNIT ( * ) PLANE_ANGLE_UNIT ( ) SI_UNIT ( $, .RADIAN. ) );
#6013 = ADVANCED_FACE ( 'NONE', ( #7886 ), #400, .F. ) ;
#6014 = CARTESIAN_POINT ( 'NONE',  ( -14.35099999999999909, 7.239000000000000767, 0.3809999999999953979 ) ) ;
#6015 = AXIS2_PLACEMENT_3D ( 'NONE', #1924, #1100, #8529 ) ;
#6016 = ORIENTED_EDGE ( 'NONE', *, *, #6645, .T. ) ;
#6017 = APPLICATION_PROTOCOL_DEFINITION ( 'draft international standard', 'automotive_design', 1998, #7936 ) ;
#6018 = DIRECTION ( 'NONE',  ( 0.000000000000000000, 0.9659258262890700886, -0.2588190451025140781 ) ) ;
#6019 = VERTEX_POINT ( 'NONE', #2629 ) ;
#6020 = CARTESIAN_POINT ( 'NONE',  ( 2.540000000000000480, 2.177422008883992879E-16, -0.8890000000000013447 ) ) ;
#6021 = ORIENTED_EDGE ( 'NONE', *, *, #4333, .T. ) ;
#6022 = VECTOR ( 'NONE', #4300, 1000.000000000000000 ) ;
#6023 = ORIENTED_EDGE ( 'NONE', *, *, #9078, .T. ) ;
#6024 = DIRECTION ( 'NONE',  ( -0.000000000000000000, 1.000000000000000000, 1.733406087350420004E-16 ) ) ;
#6025 = PLANE ( 'NONE',  #2979 ) ;
#6026 = CARTESIAN_POINT ( 'NONE',  ( -6.476999999999998536, 7.810500000000000220, -0.1270000000000029716 ) ) ;
#6027 = PLANE ( 'NONE',  #6005 ) ;
#6028 = CARTESIAN_POINT ( 'NONE',  ( -1.650999999999999801, 7.239000000000000767, -0.3810000000000033915 ) ) ;
#6029 = AXIS2_PLACEMENT_3D ( 'NONE', #9145, #1745, #4088 ) ;
#6030 = CARTESIAN_POINT ( 'NONE',  ( -19.43100000000000094, 7.239000000000000767, 0.3809999999999953979 ) ) ;
#6031 = VERTEX_POINT ( 'NONE', #1816 ) ;
#6032 = CARTESIAN_POINT ( 'NONE',  ( 18.66900000000000048, 7.239000000000000767, 0.3809999999999953979 ) ) ;
#6033 = CARTESIAN_POINT ( 'NONE',  ( -8.509000000000000341, 8.064500000000000668, -0.3810000000000032250 ) ) ;
#6034 = ADVANCED_FACE ( 'NONE', ( #451 ), #7790, .F. ) ;
#6035 = ORIENTED_EDGE ( 'NONE', *, *, #5628, .T. ) ;
#6036 = PLANE ( 'NONE',  #8868 ) ;
#6037 = CARTESIAN_POINT ( 'NONE',  ( 0.8890000000000009006, 7.239000000000000767, -0.3810000000000033915 ) ) ;
#6038 = EDGE_CURVE ( 'NONE', #1849, #8883, #1142, .T. ) ;
#6039 = LINE ( 'NONE', #9013, #3517 ) ;
#6040 = EDGE_LOOP ( 'NONE', ( #6609, #2971, #4465, #5877 ) ) ;
#6041 = EDGE_CURVE ( 'NONE', #8291, #4659, #505, .T. ) ;
#6042 = DIRECTION ( 'NONE',  ( 0.000000000000000000, -0.000000000000000000, -1.000000000000000000 ) ) ;
#6043 = LINE ( 'NONE', #5998, #1188 ) ;
#6044 = CARTESIAN_POINT ( 'NONE',  ( -16.89099999999999824, 7.239000000000000767, 0.3809999999999953979 ) ) ;
#6045 = EDGE_LOOP ( 'NONE', ( #16, #3434, #8141, #2867 ) ) ;
#6046 = ORIENTED_EDGE ( 'NONE', *, *, #6862, .T. ) ;
#6047 = LINE ( 'NONE', #5369, #9607 ) ;
#6048 = EDGE_LOOP ( 'NONE', ( #8619, #362, #8495, #4709 ) ) ;
#6049 = EDGE_CURVE ( 'NONE', #3780, #12, #8567, .T. ) ;
#6050 = EDGE_CURVE ( 'NONE', #762, #8236, #6373, .T. ) ;
#6051 = CARTESIAN_POINT ( 'NONE',  ( -14.35099999999999909, 8.064500000000000668, 0.3809999999999955644 ) ) ;
#6052 = LINE ( 'NONE', #7509, #5950 ) ;
#6053 = EDGE_CURVE ( 'NONE', #1349, #1428, #9350, .T. ) ;
#6054 = VECTOR ( 'NONE', #3246, 1000.000000000000000 ) ;
#6055 = ORIENTED_EDGE ( 'NONE', *, *, #3327, .F. ) ;
#6056 = CARTESIAN_POINT ( 'NONE',  ( -17.78000000000000114, 0.5080000000000002292, -0.7528818102449945648 ) ) ;
#6057 = EDGE_LOOP ( 'NONE', ( #2044, #6312, #5574, #3045 ) ) ;
#6058 = FILL_AREA_STYLE_COLOUR ( '', #6064 ) ;
#6059 = AXIS2_PLACEMENT_3D ( 'NONE', #4877, #1154, #4110 ) ;
#6060 = DIRECTION ( 'NONE',  ( 0.000000000000000000, 0.000000000000000000, -1.000000000000000000 ) ) ;
#6061 = EDGE_CURVE ( 'NONE', #9156, #1769, #1758, .T. ) ;
#6062 = EDGE_CURVE ( 'NONE', #6657, #762, #8616, .T. ) ;
#6063 = EDGE_LOOP ( 'NONE', ( #8994, #8329, #3224, #982 ) ) ;
#6064 = COLOUR_RGB ( '',0.2509803921568627416, 0.2509803921568627416, 0.2509803921568627416 ) ;
#6065 = LINE ( 'NONE', #920, #191 ) ;
#6066 = EDGE_LOOP ( 'NONE', ( #56, #3715, #6345, #9097 ) ) ;
#6067 = CARTESIAN_POINT ( 'NONE',  ( 2.540000000000000480, 0.5080000000000002292, -0.7528818102449945648 ) ) ;
#6068 = ORIENTED_EDGE ( 'NONE', *, *, #5225, .T. ) ;
#6069 = CARTESIAN_POINT ( 'NONE',  ( 5.080000000000000959, 2.177422008883992879E-16, -0.8890000000000013447 ) ) ;
#6070 = LINE ( 'NONE', #3101, #7167 ) ;
#6071 = FACE_OUTER_BOUND ( 'NONE', #4875, .T. ) ;
#6072 = CARTESIAN_POINT ( 'NONE',  ( 7.620000000000001883, 0.5080000000000002292, -0.7528818102449945648 ) ) ;
#6073 = VECTOR ( 'NONE', #4814, 1000.000000000000000 ) ;
#6074 = FACE_OUTER_BOUND ( 'NONE', #5418, .T. ) ;
#6075 = DIRECTION ( 'NONE',  ( 1.000000000000000000, 0.000000000000000000, -0.000000000000000000 ) ) ;
#6076 = ORIENTED_EDGE ( 'NONE', *, *, #1670, .T. ) ;
#6077 = LINE ( 'NONE', #794, #5252 ) ;
#6078 = VECTOR ( 'NONE', #503, 1000.000000000000000 ) ;
#6079 = DIRECTION ( 'NONE',  ( 0.000000000000000000, -1.000000000000000000, -1.733406087350420004E-16 ) ) ;
#6080 = ORIENTED_EDGE ( 'NONE', *, *, #4627, .T. ) ;
#6081 = DIRECTION ( 'NONE',  ( -1.000000000000000000, -0.000000000000000000, -0.000000000000000000 ) ) ;
#6082 = DIRECTION ( 'NONE',  ( 0.000000000000000000, -5.054934237236841843E-31, -1.000000000000000000 ) ) ;
#6083 = CARTESIAN_POINT ( 'NONE',  ( 7.620000000000001883, -1.925929944387235853E-31, 0.8889999999999991243 ) ) ;
#6084 = ORIENTED_EDGE ( 'NONE', *, *, #119, .T. ) ;
#6085 = CARTESIAN_POINT ( 'NONE',  ( -8.064500000000000668, 8.509000000000000341, 0.8254999999999967919 ) ) ;
#6086 = DIRECTION ( 'NONE',  ( 0.000000000000000000, -1.440069553722777130E-16, 1.000000000000000000 ) ) ;
#6087 = DIRECTION ( 'NONE',  ( 1.000000000000000000, 0.000000000000000000, 0.000000000000000000 ) ) ;
#6088 = VECTOR ( 'NONE', #2396, 1000.000000000000000 ) ;
#6089 = ADVANCED_FACE ( 'NONE', ( #3999 ), #3268, .F. ) ;
#6090 = VECTOR ( 'NONE', #4537, 1000.000000000000000 ) ;
#6091 = VERTEX_POINT ( 'NONE', #8468 ) ;
#6092 = ORIENTED_EDGE ( 'NONE', *, *, #7471, .T. ) ;
#6093 = CARTESIAN_POINT ( 'NONE',  ( 5.080000000000000959, 8.509000000000000341, 1.270000000000001128 ) ) ;
#6094 = ORIENTED_EDGE ( 'NONE', *, *, #9269, .F. ) ;
#6095 = STYLED_ITEM ( 'NONE', ( #495 ), #2169 ) ;
#6096 = CARTESIAN_POINT ( 'NONE',  ( 17.78000000000000114, -1.925929944387235853E-31, 0.8889999999999991243 ) ) ;
#6097 = AXIS2_PLACEMENT_3D ( 'NONE', #6457, #4232, #3357 ) ;
#6098 = LINE ( 'NONE', #2495, #7646 ) ;
#6099 = ADVANCED_FACE ( 'NONE', ( #1090 ), #4050, .F. ) ;
#6100 = EDGE_CURVE ( 'NONE', #1012, #4327, #6620, .T. ) ;
#6101 = VERTEX_POINT ( 'NONE', #3472 ) ;
#6102 = VECTOR ( 'NONE', #2402, 1000.000000000000000 ) ;
#6103 = LINE ( 'NONE', #8392, #4493 ) ;
#6104 = ORIENTED_EDGE ( 'NONE', *, *, #3320, .T. ) ;
#6105 = VERTEX_POINT ( 'NONE', #7395 ) ;
#6106 = DIRECTION ( 'NONE',  ( 0.000000000000000000, 0.000000000000000000, 1.000000000000000000 ) ) ;
#6107 = DIRECTION ( 'NONE',  ( 0.000000000000000000, 0.000000000000000000, -1.000000000000000000 ) ) ;
#6108 = CARTESIAN_POINT ( 'NONE',  ( -17.78000000000000114, -1.925929944387235853E-31, 0.8889999999999991243 ) ) ;
#6109 = ORIENTED_EDGE ( 'NONE', *, *, #7906, .T. ) ;
#6110 = DIRECTION ( 'NONE',  ( 0.000000000000000000, 1.000000000000000000, 0.000000000000000000 ) ) ;
#6111 = ADVANCED_FACE ( 'NONE', ( #1329 ), #8718, .F. ) ;
#6112 = ORIENTED_EDGE ( 'NONE', *, *, #4804, .T. ) ;
#6113 = EDGE_CURVE ( 'NONE', #5320, #7075, #5119, .T. ) ;
#6114 = CARTESIAN_POINT ( 'NONE',  ( 13.58900000000000041, 8.064500000000000668, 0.3809999999999953979 ) ) ;
#6115 = DIRECTION ( 'NONE',  ( 0.000000000000000000, 0.2588190451025140781, 0.9659258262890700886 ) ) ;
#6116 = CARTESIAN_POINT ( 'NONE',  ( -7.175499999999999545, 8.509000000000000341, -0.8255000000000044524 ) ) ;
#6117 = VECTOR ( 'NONE', #3402, 1000.000000000000000 ) ;
#6118 = ORIENTED_EDGE ( 'NONE', *, *, #6845, .F. ) ;
#6119 = EDGE_LOOP ( 'NONE', ( #7908, #6898, #7479, #4058 ) ) ;
#6120 = CARTESIAN_POINT ( 'NONE',  ( -17.78000000000000114, 0.5080000000000000071, 0.7528818102449925664 ) ) ;
#6121 = LINE ( 'NONE', #981, #6871 ) ;
#6122 = ORIENTED_EDGE ( 'NONE', *, *, #5578, .F. ) ;
#6123 = DIRECTION ( 'NONE',  ( 0.000000000000000000, 0.000000000000000000, 1.000000000000000000 ) ) ;
#6124 = LINE ( 'NONE', #4620, #6088 ) ;
#6125 = CARTESIAN_POINT ( 'NONE',  ( 10.16000000000000192, 0.5080000000000000071, 0.7528818102449925664 ) ) ;
#6126 = ORIENTED_EDGE ( 'NONE', *, *, #7893, .T. ) ;
#6127 = CARTESIAN_POINT ( 'NONE',  ( 20.32000000000000028, 2.177422008883992879E-16, -0.8890000000000013447 ) ) ;
#6128 = EDGE_CURVE ( 'NONE', #7510, #3455, #7203, .T. ) ;
#6129 = FILL_AREA_STYLE_COLOUR ( '', #3353 ) ;
#6130 = PLANE ( 'NONE',  #2993 ) ;
#6131 = VECTOR ( 'NONE', #9446, 1000.000000000000114 ) ;
#6132 = AXIS2_PLACEMENT_3D ( 'NONE', #5849, #8230, #2928 ) ;
#6133 =( REPRESENTATION_RELATIONSHIP ('NONE','NONE', #9002, #5025 ) REPRESENTATION_RELATIONSHIP_WITH_TRANSFORMATION ( #4790 )SHAPE_REPRESENTATION_RELATIONSHIP( ) );
#6134 = VERTEX_POINT ( 'NONE', #5069 ) ;
#6135 = VERTEX_POINT ( 'NONE', #8133 ) ;
#6136 = CARTESIAN_POINT ( 'NONE',  ( 17.78000000000000114, 0.5080000000000002292, -0.7528818102449945648 ) ) ;
#6137 = ORIENTED_EDGE ( 'NONE', *, *, #3394, .F. ) ;
#6138 = VECTOR ( 'NONE', #6176, 1000.000000000000000 ) ;
#6139 = CARTESIAN_POINT ( 'NONE',  ( -16.89099999999999824, 7.239000000000000767, -0.3810000000000033915 ) ) ;
#6140 = DIRECTION ( 'NONE',  ( 0.000000000000000000, 0.000000000000000000, 1.000000000000000000 ) ) ;
#6141 = AXIS2_PLACEMENT_3D ( 'NONE', #1134, #4095, #7045 ) ;
#6142 = VECTOR ( 'NONE', #9195, 1000.000000000000000 ) ;
#6143 = EDGE_LOOP ( 'NONE', ( #1933, #1743, #4519, #6795 ) ) ;
#6144 = ORIENTED_EDGE ( 'NONE', *, *, #5029, .F. ) ;
#6145 = CARTESIAN_POINT ( 'NONE',  ( 0.8890000000000009006, 7.239000000000000767, 0.3809999999999953979 ) ) ;
#6146 = DIRECTION ( 'NONE',  ( 0.000000000000000000, -5.054934237236841843E-31, -1.000000000000000000 ) ) ;
#6147 = ADVANCED_FACE ( 'NONE', ( #4427 ), #8081, .F. ) ;
#6148 = VECTOR ( 'NONE', #8562, 1000.000000000000000 ) ;
#6149 = VERTEX_POINT ( 'NONE', #4287 ) ;
#6150 = FILL_AREA_STYLE ('',( #1776 ) ) ;
#6151 = VECTOR ( 'NONE', #7483, 1000.000000000000000 ) ;
#6152 = ADVANCED_FACE ( 'NONE', ( #7255 ), #5798, .F. ) ;
#6153 = CARTESIAN_POINT ( 'NONE',  ( 7.620000000000001883, 8.509000000000000341, 0.8254999999999967919 ) ) ;
#6154 = EDGE_CURVE ( 'NONE', #5938, #5676, #8034, .T. ) ;
#6155 =( NAMED_UNIT ( * ) PLANE_ANGLE_UNIT ( ) SI_UNIT ( $, .RADIAN. ) );
#6156 = AXIS2_PLACEMENT_3D ( 'NONE', #2648, #1835, #4166 ) ;
#6157 = VECTOR ( 'NONE', #7325, 1000.000000000000000 ) ;
#6158 = EDGE_LOOP ( 'NONE', ( #3212, #3135, #1904, #3733 ) ) ;
#6159 = CARTESIAN_POINT ( 'NONE',  ( -12.70000000000000107, 2.177422008883992879E-16, -0.8890000000000013447 ) ) ;
#6160 = DIRECTION ( 'NONE',  ( 0.000000000000000000, -2.449293598294710852E-16, 1.000000000000000000 ) ) ;
#6161 = ORIENTED_EDGE ( 'NONE', *, *, #1912, .T. ) ;
#6162 = CARTESIAN_POINT ( 'NONE',  ( -5.079999999999999183, 8.509000000000000341, 1.270000000000001128 ) ) ;
#6163 = VERTEX_POINT ( 'NONE', #4967 ) ;
#6164 = CARTESIAN_POINT ( 'NONE',  ( -17.78000000000000114, 8.509000000000000341, 1.270000000000001128 ) ) ;
#6165 = AXIS2_PLACEMENT_3D ( 'NONE', #3504, #5003, #435 ) ;
#6166 = CARTESIAN_POINT ( 'NONE',  ( -0.4445000000000004503, 8.509000000000000341, 0.8254999999999967919 ) ) ;
#6167 = CARTESIAN_POINT ( 'NONE',  ( -7.620000000000000107, -1.925929944387235853E-31, 0.8889999999999991243 ) ) ;
#6168 = EDGE_CURVE ( 'NONE', #7510, #1124, #700, .T. ) ;
#6169 = VECTOR ( 'NONE', #2059, 1000.000000000000000 ) ;
#6170 = VERTEX_POINT ( 'NONE', #8863 ) ;
#6171 = ORIENTED_EDGE ( 'NONE', *, *, #3635, .T. ) ;
#6172 = FACE_OUTER_BOUND ( 'NONE', #2074, .T. ) ;
#6173 = CARTESIAN_POINT ( 'NONE',  ( -2.095500000000000362, 8.509000000000000341, -1.270000000000001128 ) ) ;
#6174 = ORIENTED_EDGE ( 'NONE', *, *, #300, .F. ) ;
#6175 = FACE_OUTER_BOUND ( 'NONE', #3789, .T. ) ;
#6176 = DIRECTION ( 'NONE',  ( 0.000000000000000000, 1.440069553722777130E-16, -1.000000000000000000 ) ) ;
#6177 = LINE ( 'NONE', #940, #8005 ) ;
#6178 = CARTESIAN_POINT ( 'NONE',  ( -15.24000000000000021, 8.509000000000000341, -0.8255000000000044524 ) ) ;
#6179 = VECTOR ( 'NONE', #2713, 1000.000000000000000 ) ;
#6180 = DIRECTION ( 'NONE',  ( -1.000000000000000000, -0.000000000000000000, -0.000000000000000000 ) ) ;
#6181 = ADVANCED_FACE ( 'NONE', ( #553, #1381 ), #8668, .F. ) ;
#6182 = EDGE_LOOP ( 'NONE', ( #5622, #8083, #5567, #5685 ) ) ;
#6183 = DIRECTION ( 'NONE',  ( 1.000000000000000000, 0.000000000000000000, 0.000000000000000000 ) ) ;
#6184 = VERTEX_POINT ( 'NONE', #2726 ) ;
#6185 = DIRECTION ( 'NONE',  ( 0.000000000000000000, -0.9659258262890699775, -0.2588190451025145222 ) ) ;
#6186 = CARTESIAN_POINT ( 'NONE',  ( 3.429000000000001602, 7.239000000000000767, 0.3809999999999953979 ) ) ;
#6187 = ORIENTED_EDGE ( 'NONE', *, *, #8674, .T. ) ;
#6188 = VERTEX_POINT ( 'NONE', #2010 ) ;
#6189 = DIRECTION ( 'NONE',  ( -1.000000000000000000, -0.000000000000000000, -0.000000000000000000 ) ) ;
#6190 = ORIENTED_EDGE ( 'NONE', *, *, #7944, .F. ) ;
#6191 = DIRECTION ( 'NONE',  ( 0.000000000000000000, 0.9659258262890700886, -0.2588190451025140781 ) ) ;
#6192 = CARTESIAN_POINT ( 'NONE',  ( 17.78000000000000114, 0.5080000000000000071, 0.7528818102449925664 ) ) ;
#6193 = SURFACE_SIDE_STYLE ('',( #8440 ) ) ;
#6194 = EDGE_CURVE ( 'NONE', #4686, #2500, #2152, .T. ) ;
#6195 = EDGE_LOOP ( 'NONE', ( #7603, #8926, #7120, #2912 ) ) ;
#6196 = ITEM_DEFINED_TRANSFORMATION ( 'NONE', 'NONE', #8900,  #4388 ) ;
#6197 = CARTESIAN_POINT ( 'NONE',  ( 5.080000000000000959, 0.5080000000000000071, 0.7528818102449925664 ) ) ;
#6198 = DIRECTION ( 'NONE',  ( -0.000000000000000000, 0.2588190451025140781, 0.9659258262890700886 ) ) ;
#6199 = VECTOR ( 'NONE', #1247, 1000.000000000000114 ) ;
#6200 = ORIENTED_EDGE ( 'NONE', *, *, #8109, .T. ) ;
#6201 = CARTESIAN_POINT ( 'NONE',  ( 10.16000000000000192, 8.509000000000000341, -1.270000000000001128 ) ) ;
#6202 = ORIENTED_EDGE ( 'NONE', *, *, #151, .T. ) ;
#6203 = FACE_OUTER_BOUND ( 'NONE', #2604, .T. ) ;
#6204 = CARTESIAN_POINT ( 'NONE',  ( -14.35099999999999909, 7.239000000000000767, 0.3809999999999953979 ) ) ;
#6205 = DIRECTION ( 'NONE',  ( 0.000000000000000000, 0.000000000000000000, 1.000000000000000000 ) ) ;
#6206 = VECTOR ( 'NONE', #5641, 999.9999999999998863 ) ;
#6207 = ADVANCED_FACE ( 'NONE', ( #7985 ), #1281, .F. ) ;
#6208 = ADVANCED_FACE ( 'NONE', ( #4243 ), #3615, .F. ) ;
#6209 = DIRECTION ( 'NONE',  ( 1.000000000000000000, 0.000000000000000000, 0.000000000000000000 ) ) ;
#6210 = ORIENTED_EDGE ( 'NONE', *, *, #1691, .F. ) ;
#6211 = EDGE_CURVE ( 'NONE', #6149, #2481, #6475, .T. ) ;
#6212 = VERTEX_POINT ( 'NONE', #8913 ) ;
#6213 = CARTESIAN_POINT ( 'NONE',  ( 20.57400000000000162, 8.509000000000000341, -1.270000000000001128 ) ) ;
#6214 = CARTESIAN_POINT ( 'NONE',  ( 0.8890000000000009006, 7.239000000000000767, 0.3809999999999953979 ) ) ;
#6215 = ORIENTED_EDGE ( 'NONE', *, *, #6411, .T. ) ;
#6216 = VERTEX_POINT ( 'NONE', #932 ) ;
#6217 = VECTOR ( 'NONE', #5528, 1000.000000000000000 ) ;
#6218 = CARTESIAN_POINT ( 'NONE',  ( 10.16000000000000192, 3.110602869834277161E-16, -1.270000000000001128 ) ) ;
#6219 = CARTESIAN_POINT ( 'NONE',  ( 0.4445000000000004503, 8.509000000000000341, 0.8254999999999967919 ) ) ;
#6220 = EDGE_CURVE ( 'NONE', #4484, #2544, #2392, .T. ) ;
#6221 = LINE ( 'NONE', #9243, #5064 ) ;
#6222 = DIRECTION ( 'NONE',  ( 0.000000000000000000, 1.000000000000000000, 0.000000000000000000 ) ) ;
#6223 = VECTOR ( 'NONE', #6191, 1000.000000000000114 ) ;
#6224 = DIRECTION ( 'NONE',  ( -1.000000000000000000, 0.000000000000000000, 0.000000000000000000 ) ) ;
#6225 = EDGE_LOOP ( 'NONE', ( #8441, #1914, #5966, #904 ) ) ;
#6226 = CARTESIAN_POINT ( 'NONE',  ( 20.32000000000000028, 8.509000000000000341, 1.270000000000001128 ) ) ;
#6227 = ORIENTED_EDGE ( 'NONE', *, *, #3542, .F. ) ;
#6228 = LINE ( 'NONE', #1043, #3457 ) ;
#6229 = DIRECTION ( 'NONE',  ( 1.000000000000000000, 0.000000000000000000, 0.000000000000000000 ) ) ;
#6230 = AXIS2_PLACEMENT_3D ( 'NONE', #3887, #5164, #841 ) ;
#6231 = ADVANCED_FACE ( 'NONE', ( #2433 ), #844, .F. ) ;
#6232 = CARTESIAN_POINT ( 'NONE',  ( -13.58900000000000041, 7.239000000000000767, -0.3810000000000033915 ) ) ;
#6233 = ADVANCED_FACE ( 'NONE', ( #7583 ), #8323, .F. ) ;
#6234 = AXIS2_PLACEMENT_3D ( 'NONE', #507, #8035, #4337 ) ;
#6235 = VERTEX_POINT ( 'NONE', #3890 ) ;
#6236 = ORIENTED_EDGE ( 'NONE', *, *, #3137, .F. ) ;
#6237 = AXIS2_PLACEMENT_3D ( 'NONE', #9456, #9603, #5750 ) ;
#6238 = ORIENTED_EDGE ( 'NONE', *, *, #3787, .F. ) ;
#6239 = LINE ( 'NONE', #7606, #2174 ) ;
#6240 = VECTOR ( 'NONE', #5399, 1000.000000000000114 ) ;
#6241 = ORIENTED_EDGE ( 'NONE', *, *, #4500, .T. ) ;
#6242 = DIRECTION ( 'NONE',  ( -0.000000000000000000, 1.000000000000000000, 1.733406087350420004E-16 ) ) ;
#6243 = DIRECTION ( 'NONE',  ( 0.000000000000000000, 2.449293598294710852E-16, -1.000000000000000000 ) ) ;
#6244 = FACE_OUTER_BOUND ( 'NONE', #7216, .T. ) ;
#6245 = ADVANCED_FACE ( 'NONE', ( #8174 ), #5398, .F. ) ;
#6246 = AXIS2_PLACEMENT_3D ( 'NONE', #4552, #3142, #5291 ) ;
#6247 = PRODUCT_DEFINITION_SHAPE ( 'NONE', 'NONE',  #7554 ) ;
#6248 = AXIS2_PLACEMENT_3D ( 'NONE', #5949, #662, #3625 ) ;
#6249 = ORIENTED_EDGE ( 'NONE', *, *, #332, .F. ) ;
#6250 = LINE ( 'NONE', #1439, #974 ) ;
#6251 = CARTESIAN_POINT ( 'NONE',  ( -1.650999999999999801, 8.064500000000000668, 0.3809999999999955644 ) ) ;
#6252 = ORIENTED_EDGE ( 'NONE', *, *, #2496, .F. ) ;
#6253 = FACE_OUTER_BOUND ( 'NONE', #6462, .T. ) ;
#6254 = VERTEX_POINT ( 'NONE', #4657 ) ;
#6255 = DIRECTION ( 'NONE',  ( 0.000000000000000000, 0.9659258262890699775, 0.2588190451025145222 ) ) ;
#6256 = EDGE_CURVE ( 'NONE', #2448, #3726, #3714, .T. ) ;
#6257 =( REPRESENTATION_RELATIONSHIP ('NONE','NONE', #9002, #746 ) REPRESENTATION_RELATIONSHIP_WITH_TRANSFORMATION ( #4693 )SHAPE_REPRESENTATION_RELATIONSHIP( ) );
#6258 = LINE ( 'NONE', #5352, #254 ) ;
#6259 = CARTESIAN_POINT ( 'NONE',  ( 5.080000000000000959, 0.5080000000000000071, 0.7528818102449925664 ) ) ;
#6260 = ORIENTED_EDGE ( 'NONE', *, *, #565, .T. ) ;
#6261 = ORIENTED_EDGE ( 'NONE', *, *, #2917, .F. ) ;
#6262 = DIRECTION ( 'NONE',  ( -0.000000000000000000, 1.000000000000000000, 1.733406087350420004E-16 ) ) ;
#6263 = DIRECTION ( 'NONE',  ( -0.000000000000000000, -0.000000000000000000, 1.000000000000000000 ) ) ;
#6264 = VERTEX_POINT ( 'NONE', #3109 ) ;
#6265 = SURFACE_STYLE_FILL_AREA ( #5492 ) ;
#6266 = CARTESIAN_POINT ( 'NONE',  ( 17.78000000000000114, 2.177422008883992879E-16, -0.8890000000000013447 ) ) ;
#6267 = PLANE ( 'NONE',  #2267 ) ;
#6268 = EDGE_CURVE ( 'NONE', #4520, #4106, #3063, .T. ) ;
#6269 = DIRECTION ( 'NONE',  ( -0.000000000000000000, 1.000000000000000000, 1.733406087350420004E-16 ) ) ;
#6270 = FACE_OUTER_BOUND ( 'NONE', #2529, .T. ) ;
#6271 = DIRECTION ( 'NONE',  ( -1.000000000000000000, -0.000000000000000000, -0.000000000000000000 ) ) ;
#6272 = EDGE_CURVE ( 'NONE', #3305, #1030, #4479, .T. ) ;
#6273 = DIRECTION ( 'NONE',  ( -0.000000000000000000, 1.000000000000000000, 1.733406087350420004E-16 ) ) ;
#6274 = ORIENTED_EDGE ( 'NONE', *, *, #2879, .T. ) ;
#6275 = CARTESIAN_POINT ( 'NONE',  ( 5.080000000000000959, 8.509000000000000341, 1.270000000000001128 ) ) ;
#6276 = ORIENTED_EDGE ( 'NONE', *, *, #9398, .T. ) ;
#6277 = DIRECTION ( 'NONE',  ( 0.000000000000000000, 1.000000000000000000, 2.548365665731588345E-16 ) ) ;
#6278 =( GEOMETRIC_REPRESENTATION_CONTEXT ( 3 ) GLOBAL_UNCERTAINTY_ASSIGNED_CONTEXT ( ( #6709 ) ) GLOBAL_UNIT_ASSIGNED_CONTEXT ( ( #8316, #1600, #7576 ) ) REPRESENTATION_CONTEXT ( 'NONE', 'WORKASPACE' ) );
#6279 = LINE ( 'NONE', #9255, #8345 ) ;
#6280 = FACE_OUTER_BOUND ( 'NONE', #3792, .T. ) ;
#6281 = AXIS2_PLACEMENT_3D ( 'NONE', #50, #4472, #8073 ) ;
#6282 = ORIENTED_EDGE ( 'NONE', *, *, #8477, .F. ) ;
#6283 = EDGE_CURVE ( 'NONE', #5874, #8919, #6077, .T. ) ;
#6284 = VERTEX_POINT ( 'NONE', #1647 ) ;
#6285 = PLANE ( 'NONE',  #4606 ) ;
#6286 = ORIENTED_EDGE ( 'NONE', *, *, #3693, .T. ) ;
#6287 = CARTESIAN_POINT ( 'NONE',  ( 0.3810000000000000053, 0.5079999999999998961, -0.2031999999999997419 ) ) ;
#6288 = VERTEX_POINT ( 'NONE', #2344 ) ;
#6289 = PLANE ( 'NONE',  #5461 ) ;
#6290 = LINE ( 'NONE', #4734, #5769 ) ;
#6291 = PLANE ( 'NONE',  #81 ) ;
#6292 = AXIS2_PLACEMENT_3D ( 'NONE', #251, #1754, #4713 ) ;
#6293 = CARTESIAN_POINT ( 'NONE',  ( -8.509000000000000341, 7.239000000000000767, 0.3809999999999953979 ) ) ;
#6294 = VERTEX_POINT ( 'NONE', #8956 ) ;
#6295 = VECTOR ( 'NONE', #2961, 1000.000000000000000 ) ;
#6296 = CARTESIAN_POINT ( 'NONE',  ( -17.78000000000000114, 3.110602869834277161E-16, -1.270000000000001128 ) ) ;
#6297 = EDGE_CURVE ( 'NONE', #7616, #8410, #4521, .T. ) ;
#6298 = LINE ( 'NONE', #9226, #8355 ) ;
#6299 = VERTEX_POINT ( 'NONE', #8274 ) ;
#6300 = DIRECTION ( 'NONE',  ( -0.000000000000000000, 1.000000000000000000, 1.733406087350420004E-16 ) ) ;
#6301 = VERTEX_POINT ( 'NONE', #3851 ) ;
#6302 = CARTESIAN_POINT ( 'NONE',  ( 0.000000000000000000, 0.5080000000000000071, 0.7528818102449925664 ) ) ;
#6303 = LINE ( 'NONE', #5581, #1196 ) ;
#6304 = CARTESIAN_POINT ( 'NONE',  ( -7.620000000000000107, 2.177422008883992879E-16, -0.8890000000000013447 ) ) ;
#6305 = VECTOR ( 'NONE', #8560, 1000.000000000000000 ) ;
#6306 = PLANE ( 'NONE',  #7482 ) ;
#6307 = VERTEX_POINT ( 'NONE', #7491 ) ;
#6308 = ORIENTED_EDGE ( 'NONE', *, *, #3194, .T. ) ;
#6309 = CARTESIAN_POINT ( 'NONE',  ( 15.24000000000000021, 0.5080000000000002292, -0.7528818102449945648 ) ) ;
#6310 = PLANE ( 'NONE',  #8905 ) ;
#6311 = VECTOR ( 'NONE', #6881, 1000.000000000000000 ) ;
#6312 = ORIENTED_EDGE ( 'NONE', *, *, #319, .F. ) ;
#6313 =( NAMED_UNIT ( * ) SI_UNIT ( $, .STERADIAN. ) SOLID_ANGLE_UNIT ( ) );
#6314 = VECTOR ( 'NONE', #4723, 1000.000000000000000 ) ;
#6315 = VERTEX_POINT ( 'NONE', #1695 ) ;
#6316 = FACE_OUTER_BOUND ( 'NONE', #4298, .T. ) ;
#6317 = CARTESIAN_POINT ( 'NONE',  ( 19.43100000000000094, 7.239000000000000767, 0.3809999999999953979 ) ) ;
#6318 = SURFACE_STYLE_USAGE ( .BOTH. , #8462 ) ;
#6319 = CARTESIAN_POINT ( 'NONE',  ( 5.080000000000000959, 0.5080000000000000071, 0.7528818102449925664 ) ) ;
#6320 = VECTOR ( 'NONE', #2689, 1000.000000000000000 ) ;
#6321 = CARTESIAN_POINT ( 'NONE',  ( 19.87550000000000239, 8.509000000000000341, -0.8255000000000044524 ) ) ;
#6322 = EDGE_CURVE ( 'NONE', #3348, #3815, #6668, .T. ) ;
#6323 = ORIENTED_EDGE ( 'NONE', *, *, #5521, .T. ) ;
#6324 = FACE_BOUND ( 'NONE', #1123, .T. ) ;
#6325 = CARTESIAN_POINT ( 'NONE',  ( -20.32000000000000028, 2.177422008883992879E-16, -0.8890000000000013447 ) ) ;
#6326 = ORIENTED_EDGE ( 'NONE', *, *, #4292, .F. ) ;
#6327 = LINE ( 'NONE', #3423, #2664 ) ;
#6328 = AXIS2_PLACEMENT_3D ( 'NONE', #6120, #9095, #6760 ) ;
#6329 = CARTESIAN_POINT ( 'NONE',  ( 6.731000000000000760, 8.064500000000000668, -0.3810000000000032250 ) ) ;
#6330 = FACE_OUTER_BOUND ( 'NONE', #3330, .T. ) ;
#6331 = ORIENTED_EDGE ( 'NONE', *, *, #1608, .T. ) ;
#6332 = VERTEX_POINT ( 'NONE', #9053 ) ;
#6333 = CARTESIAN_POINT ( 'NONE',  ( -19.43100000000000094, 7.239000000000000767, 0.3809999999999953979 ) ) ;
#6334 = EDGE_CURVE ( 'NONE', #3511, #3257, #5, .T. ) ;
#6335 = EDGE_CURVE ( 'NONE', #7323, #2540, #5939, .T. ) ;
#6336 = EDGE_LOOP ( 'NONE', ( #995, #7361, #7861, #1472 ) ) ;
#6337 = ADVANCED_FACE ( 'NONE', ( #3759, #145 ), #57, .F. ) ;
#6338 = DIRECTION ( 'NONE',  ( 0.000000000000000000, 0.000000000000000000, 1.000000000000000000 ) ) ;
#6339 = EDGE_LOOP ( 'NONE', ( #148, #516, #4717, #6137 ) ) ;
#6340 = DIRECTION ( 'NONE',  ( 0.000000000000000000, 0.000000000000000000, -1.000000000000000000 ) ) ;
#6341 = LINE ( 'NONE', #1157, #3119 ) ;
#6342 = DIRECTION ( 'NONE',  ( 0.000000000000000000, 2.449293598294710852E-16, -1.000000000000000000 ) ) ;
#6343 = PLANE ( 'NONE',  #5087 ) ;
#6344 = EDGE_CURVE ( 'NONE', #9125, #3740, #5991, .T. ) ;
#6345 = ORIENTED_EDGE ( 'NONE', *, *, #9505, .F. ) ;
#6346 = CLOSED_SHELL ( 'NONE', ( #3373, #3873, #4259, #8991, #6391, #8076, #5884, #5176, #5086, #3080, #9073, #1475, #2878, #6644, #178, #3908, #6815, #6561, #8843 ) ) ;
#6347 = ITEM_DEFINED_TRANSFORMATION ( 'NONE', 'NONE', #8285,  #4388 ) ;
#6348 = FACE_OUTER_BOUND ( 'NONE', #137, .T. ) ;
#6349 = ORIENTED_EDGE ( 'NONE', *, *, #268, .T. ) ;
#6350 = LINE ( 'NONE', #6201, #2041 ) ;
#6351 = VERTEX_POINT ( 'NONE', #8605 ) ;
#6352 = DIRECTION ( 'NONE',  ( -0.000000000000000000, -2.667820306312751888E-16, 1.000000000000000000 ) ) ;
#6353 = UNCERTAINTY_MEASURE_WITH_UNIT (LENGTH_MEASURE( 1.000000000000000082E-05 ), #5336, 'distance_accuracy_value', 'NONE');
#6354 = LINE ( 'NONE', #5678, #6622 ) ;
#6355 = DIRECTION ( 'NONE',  ( -0.000000000000000000, 1.000000000000000000, 2.449293598294710852E-16 ) ) ;
#6356 = EDGE_CURVE ( 'NONE', #179, #7798, #1800, .T. ) ;
#6357 = VECTOR ( 'NONE', #1495, 999.9999999999998863 ) ;
#6358 = LINE ( 'NONE', #4177, #5550 ) ;
#6359 = CARTESIAN_POINT ( 'NONE',  ( -20.32000000000000028, -1.925929944387235853E-31, 0.8889999999999991243 ) ) ;
#6360 = ORIENTED_EDGE ( 'NONE', *, *, #2187, .T. ) ;
#6361 = LINE ( 'NONE', #8455, #5872 ) ;
#6362 = PLANE ( 'NONE',  #6097 ) ;
#6363 = ORIENTED_EDGE ( 'NONE', *, *, #9221, .F. ) ;
#6364 = LINE ( 'NONE', #9338, #8702 ) ;
#6365 = DIRECTION ( 'NONE',  ( -0.000000000000000000, 0.000000000000000000, 1.000000000000000000 ) ) ;
#6366 = DIRECTION ( 'NONE',  ( -1.000000000000000000, -0.000000000000000000, -0.000000000000000000 ) ) ;
#6367 = CARTESIAN_POINT ( 'NONE',  ( 16.12900000000000134, 8.064500000000000668, -0.3810000000000032250 ) ) ;
#6368 = VECTOR ( 'NONE', #6719, 1000.000000000000000 ) ;
#6369 = LINE ( 'NONE', #6319, #6726 ) ;
#6370 = VERTEX_POINT ( 'NONE', #7726 ) ;
#6371 = DIRECTION ( 'NONE',  ( -0.000000000000000000, -0.000000000000000000, 1.000000000000000000 ) ) ;
#6372 = ORIENTED_EDGE ( 'NONE', *, *, #5895, .T. ) ;
#6373 = LINE ( 'NONE', #7833, #4315 ) ;
#6374 = CARTESIAN_POINT ( 'NONE',  ( 10.16000000000000192, -1.925929944387235853E-31, 0.8889999999999991243 ) ) ;
#6375 = FACE_OUTER_BOUND ( 'NONE', #509, .T. ) ;
#6376 = VERTEX_POINT ( 'NONE', #5637 ) ;
#6377 = CARTESIAN_POINT ( 'NONE',  ( 18.66900000000000048, 8.064500000000000668, -0.3810000000000032250 ) ) ;
#6378 = CARTESIAN_POINT ( 'NONE',  ( 11.04899999999999949, 7.239000000000000767, 0.3809999999999953979 ) ) ;
#6379 = CARTESIAN_POINT ( 'NONE',  ( 10.16000000000000192, 0.5080000000000002292, -0.7528818102449945648 ) ) ;
#6380 = EDGE_CURVE ( 'NONE', #8768, #9216, #385, .T. ) ;
#6381 = VECTOR ( 'NONE', #4065, 1000.000000000000000 ) ;
#6382 = ORIENTED_EDGE ( 'NONE', *, *, #9557, .F. ) ;
#6383 = ORIENTED_EDGE ( 'NONE', *, *, #2318, .T. ) ;
#6384 = ORIENTED_EDGE ( 'NONE', *, *, #168, .T. ) ;
#6385 = CARTESIAN_POINT ( 'NONE',  ( 2.540000000000000480, 0.000000000000000000, 0.000000000000000000 ) ) ;
#6386 = AXIS2_PLACEMENT_3D ( 'NONE', #6666, #6075, #3059 ) ;
#6387 = EDGE_LOOP ( 'NONE', ( #722, #7993, #1639, #9532 ) ) ;
#6388 = CARTESIAN_POINT ( 'NONE',  ( -7.620000000000000107, 8.509000000000000341, -1.270000000000001128 ) ) ;
#6389 = CARTESIAN_POINT ( 'NONE',  ( -17.78000000000000114, 0.5080000000000002292, -0.7528818102449945648 ) ) ;
#6390 = PLANE ( 'NONE',  #1181 ) ;
#6391 = ADVANCED_FACE ( 'NONE', ( #9335 ), #1172, .F. ) ;
#6392 = EDGE_CURVE ( 'NONE', #9601, #667, #5488, .T. ) ;
#6393 = AXIS2_PLACEMENT_3D ( 'NONE', #4572, #4482, #1522 ) ;
#6394 = ORIENTED_EDGE ( 'NONE', *, *, #720, .T. ) ;
#6395 = AXIS2_PLACEMENT_3D ( 'NONE', #1427, #3803, #8134 ) ;
#6396 = CARTESIAN_POINT ( 'NONE',  ( -20.57400000000000162, 0.5080000000000002292, -0.7528818102449945648 ) ) ;
#6397 = EDGE_CURVE ( 'NONE', #8995, #9260, #4038, .T. ) ;
#6398 = ORIENTED_EDGE ( 'NONE', *, *, #5739, .T. ) ;
#6399 = DIRECTION ( 'NONE',  ( 0.000000000000000000, -1.000000000000000000, 0.000000000000000000 ) ) ;
#6400 = ORIENTED_EDGE ( 'NONE', *, *, #7049, .T. ) ;
#6401 = STYLED_ITEM ( 'NONE', ( #1902 ), #5066 ) ;
#6402 = FACE_OUTER_BOUND ( 'NONE', #711, .T. ) ;
#6403 = LINE ( 'NONE', #4947, #5533 ) ;
#6404 = AXIS2_PLACEMENT_3D ( 'NONE', #3210, #8413, #1949 ) ;
#6405 = DIRECTION ( 'NONE',  ( -0.000000000000000000, 0.2588190451025140781, 0.9659258262890700886 ) ) ;
#6406 = FACE_OUTER_BOUND ( 'NONE', #6576, .T. ) ;
#6407 = VERTEX_POINT ( 'NONE', #3209 ) ;
#6408 = VERTEX_POINT ( 'NONE', #7777 ) ;
#6409 = FACE_OUTER_BOUND ( 'NONE', #7037, .T. ) ;
#6410 = VECTOR ( 'NONE', #6222, 1000.000000000000000 ) ;
#6411 = EDGE_CURVE ( 'NONE', #964, #2570, #979, .T. ) ;
#6412 = CARTESIAN_POINT ( 'NONE',  ( 20.32000000000000028, 3.110602869834277161E-16, -1.270000000000001128 ) ) ;
#6413 = ORIENTED_EDGE ( 'NONE', *, *, #2144, .F. ) ;
#6414 =( LENGTH_UNIT ( ) NAMED_UNIT ( * ) SI_UNIT ( .MILLI., .METRE. ) );
#6415 = CARTESIAN_POINT ( 'NONE',  ( -1.270000000000000240, 0.000000000000000000, 0.000000000000000000 ) ) ;
#6416 = LINE ( 'NONE', #1905, #3041 ) ;
#6417 = DIRECTION ( 'NONE',  ( 0.000000000000000000, 5.054934237236841843E-31, 1.000000000000000000 ) ) ;
#6418 = DIRECTION ( 'NONE',  ( 0.000000000000000000, 0.2588190451025145222, -0.9659258262890699775 ) ) ;
#6419 = LINE ( 'NONE', #8815, #4370 ) ;
#6420 = ORIENTED_EDGE ( 'NONE', *, *, #5227, .T. ) ;
#6421 = DIRECTION ( 'NONE',  ( 0.000000000000000000, 1.000000000000000000, 1.733406087350420004E-16 ) ) ;
#6422 = DIRECTION ( 'NONE',  ( -1.000000000000000000, -0.000000000000000000, -0.000000000000000000 ) ) ;
#6423 = ORIENTED_EDGE ( 'NONE', *, *, #9421, .T. ) ;
#6424 = EDGE_CURVE ( 'NONE', #6633, #3324, #8553, .T. ) ;
#6425 = FACE_OUTER_BOUND ( 'NONE', #9292, .T. ) ;
#6426 = CARTESIAN_POINT ( 'NONE',  ( 13.58900000000000041, 8.064500000000000668, -0.3810000000000032250 ) ) ;
#6427 = DIRECTION ( 'NONE',  ( 0.000000000000000000, 1.000000000000000000, 1.733406087350420004E-16 ) ) ;
#6428 = ORIENTED_EDGE ( 'NONE', *, *, #3660, .T. ) ;
#6429 = ORIENTED_EDGE ( 'NONE', *, *, #8184, .T. ) ;
#6430 = PLANE ( 'NONE',  #6015 ) ;
#6431 = EDGE_CURVE ( 'NONE', #1769, #7445, #6361, .T. ) ;
#6432 = ORIENTED_EDGE ( 'NONE', *, *, #3554, .F. ) ;
#6433 = MECHANICAL_DESIGN_GEOMETRIC_PRESENTATION_REPRESENTATION (  '', ( #6896 ), #6278 ) ;
#6434 = VERTEX_POINT ( 'NONE', #4132 ) ;
#6435 = DIRECTION ( 'NONE',  ( 1.000000000000000000, 0.000000000000000000, 0.000000000000000000 ) ) ;
#6436 = DIRECTION ( 'NONE',  ( 0.000000000000000000, 0.000000000000000000, 1.000000000000000000 ) ) ;
#6437 = DIRECTION ( 'NONE',  ( 0.000000000000000000, -0.9659258262890700886, 0.2588190451025140781 ) ) ;
#6438 = DIRECTION ( 'NONE',  ( -0.000000000000000000, 0.000000000000000000, -1.000000000000000000 ) ) ;
#6439 = VECTOR ( 'NONE', #600, 1000.000000000000000 ) ;
#6440 = ORIENTED_EDGE ( 'NONE', *, *, #3629, .F. ) ;
#6441 = EDGE_CURVE ( 'NONE', #8498, #5649, #3940, .T. ) ;
#6442 = CARTESIAN_POINT ( 'NONE',  ( 9.271000000000000796, 8.064500000000000668, 0.3809999999999953979 ) ) ;
#6443 = EDGE_CURVE ( 'NONE', #5404, #7455, #3307, .T. ) ;
#6444 = EDGE_CURVE ( 'NONE', #6499, #5807, #9190, .T. ) ;
#6445 = EDGE_LOOP ( 'NONE', ( #2692, #806, #5457, #6689 ) ) ;
#6446 = CARTESIAN_POINT ( 'NONE',  ( -5.079999999999999183, 0.5080000000000002292, -0.7528818102449945648 ) ) ;
#6447 = VECTOR ( 'NONE', #2484, 1000.000000000000000 ) ;
#6448 = ORIENTED_EDGE ( 'NONE', *, *, #4840, .F. ) ;
#6449 = DIRECTION ( 'NONE',  ( 0.000000000000000000, 1.000000000000000000, 0.000000000000000000 ) ) ;
#6450 = DIRECTION ( 'NONE',  ( 1.000000000000000000, 0.000000000000000000, -0.000000000000000000 ) ) ;
#6451 = DIRECTION ( 'NONE',  ( 1.000000000000000000, 0.000000000000000000, -0.000000000000000000 ) ) ;
#6452 = PLANE ( 'NONE',  #6481 ) ;
#6453 = VERTEX_POINT ( 'NONE', #2663 ) ;
#6454 = ORIENTED_EDGE ( 'NONE', *, *, #9080, .F. ) ;
#6455 = CARTESIAN_POINT ( 'NONE',  ( 15.68449999999999989, 8.509000000000000341, -1.270000000000001128 ) ) ;
#6456 = EDGE_CURVE ( 'NONE', #9414, #619, #3356, .T. ) ;
#6457 = CARTESIAN_POINT ( 'NONE',  ( -17.78000000000000114, 0.000000000000000000, 0.000000000000000000 ) ) ;
#6458 = EDGE_LOOP ( 'NONE', ( #9218, #4468, #5241, #2739 ) ) ;
#6459 = DIRECTION ( 'NONE',  ( 1.000000000000000000, 0.000000000000000000, 0.000000000000000000 ) ) ;
#6460 = CARTESIAN_POINT ( 'NONE',  ( -3.810000000000000941, 0.000000000000000000, 0.000000000000000000 ) ) ;
#6461 = ADVANCED_FACE ( 'NONE', ( #7625 ), #3258, .F. ) ;
#6462 = EDGE_LOOP ( 'NONE', ( #4228, #187, #3642, #116 ) ) ;
#6463 = CARTESIAN_POINT ( 'NONE',  ( -7.620000000000000107, 0.5080000000000002292, -0.7528818102449945648 ) ) ;
#6464 = VECTOR ( 'NONE', #2804, 1000.000000000000114 ) ;
#6465 = DIRECTION ( 'NONE',  ( 0.000000000000000000, 0.000000000000000000, 1.000000000000000000 ) ) ;
#6466 = AXIS2_PLACEMENT_3D ( 'NONE', #7526, #1686, #8312 ) ;
#6467 = DIRECTION ( 'NONE',  ( 0.000000000000000000, -1.000000000000000000, -2.548365665731588345E-16 ) ) ;
#6468 = PLANE ( 'NONE',  #4089 ) ;
#6469 = EDGE_CURVE ( 'NONE', #9320, #9056, #8510, .T. ) ;
#6470 = ADVANCED_FACE ( 'NONE', ( #6172 ), #7038, .F. ) ;
#6471 = LINE ( 'NONE', #5067, #6078 ) ;
#6472 = AXIS2_PLACEMENT_3D ( 'NONE', #8881, #2793, #6543 ) ;
#6473 = VECTOR ( 'NONE', #8056, 1000.000000000000000 ) ;
#6474 = ORIENTED_EDGE ( 'NONE', *, *, #5383, .F. ) ;
#6475 = LINE ( 'NONE', #9452, #6643 ) ;
#6476 = LINE ( 'NONE', #8722, #4925 ) ;
#6477 = ORIENTED_EDGE ( 'NONE', *, *, #5238, .F. ) ;
#6478 = LINE ( 'NONE', #2730, #4837 ) ;
#6479 = LINE ( 'NONE', #3425, #4587 ) ;
#6480 = CARTESIAN_POINT ( 'NONE',  ( -5.079999999999999183, 8.509000000000000341, 1.270000000000001128 ) ) ;
#6481 = AXIS2_PLACEMENT_3D ( 'NONE', #7868, #538, #5827 ) ;
#6482 = EDGE_CURVE ( 'NONE', #1301, #5189, #2479, .T. ) ;
#6483 = ORIENTED_EDGE ( 'NONE', *, *, #1352, .T. ) ;
#6484 = ORIENTED_EDGE ( 'NONE', *, *, #3403, .T. ) ;
#6485 = LINE ( 'NONE', #4444, #8831 ) ;
#6486 = VECTOR ( 'NONE', #4380, 1000.000000000000000 ) ;
#6487 = CARTESIAN_POINT ( 'NONE',  ( 17.78000000000000114, 2.177422008883992879E-16, -0.8890000000000013447 ) ) ;
#6488 = ORIENTED_EDGE ( 'NONE', *, *, #2355, .T. ) ;
#6489 = ORIENTED_EDGE ( 'NONE', *, *, #452, .T. ) ;
#6490 = DIRECTION ( 'NONE',  ( -1.000000000000000000, 0.000000000000000000, 0.000000000000000000 ) ) ;
#6491 = DIRECTION ( 'NONE',  ( 0.000000000000000000, -2.449293598294710852E-16, 1.000000000000000000 ) ) ;
#6492 = FACE_OUTER_BOUND ( 'NONE', #8201, .T. ) ;
#6493 = DIRECTION ( 'NONE',  ( -1.000000000000000000, -0.000000000000000000, -0.000000000000000000 ) ) ;
#6494 = AXIS2_PLACEMENT_3D ( 'NONE', #3779, #2954, #6698 ) ;
#6495 = VERTEX_POINT ( 'NONE', #290 ) ;
#6496 = DIRECTION ( 'NONE',  ( -0.000000000000000000, 0.000000000000000000, -1.000000000000000000 ) ) ;
#6497 = ORIENTED_EDGE ( 'NONE', *, *, #4719, .T. ) ;
#6498 = DIRECTION ( 'NONE',  ( 0.5773502691896255090, -0.5773502691896253980, -0.5773502691896263972 ) ) ;
#6499 = VERTEX_POINT ( 'NONE', #6213 ) ;
#6500 = LINE ( 'NONE', #4632, #5088 ) ;
#6501 = LINE ( 'NONE', #9480, #6464 ) ;
#6502 = LINE ( 'NONE', #8754, #3658 ) ;
#6503 = EDGE_CURVE ( 'NONE', #1450, #33, #2527, .T. ) ;
#6504 = CARTESIAN_POINT ( 'NONE',  ( -5.080000000000000959, 0.5080000000000000071, 0.7528818102449925664 ) ) ;
#6505 = ORIENTED_EDGE ( 'NONE', *, *, #8594, .F. ) ;
#6506 = ORIENTED_EDGE ( 'NONE', *, *, #7249, .F. ) ;
#6507 = CARTESIAN_POINT ( 'NONE',  ( 10.16000000000000192, 2.177422008883992879E-16, -0.8890000000000013447 ) ) ;
#6508 = FACE_OUTER_BOUND ( 'NONE', #5688, .T. ) ;
#6509 = ORIENTED_EDGE ( 'NONE', *, *, #8788, .T. ) ;
#6510 =( NAMED_UNIT ( * ) SI_UNIT ( $, .STERADIAN. ) SOLID_ANGLE_UNIT ( ) );
#6511 =( NAMED_UNIT ( * ) PLANE_ANGLE_UNIT ( ) SI_UNIT ( $, .RADIAN. ) );
#6512 = CLOSED_SHELL ( 'NONE', ( #5375, #2069, #2842, #7942, #1207, #4695, #651, #702, #41, #5046 ) ) ;
#6513 = DIRECTION ( 'NONE',  ( -0.000000000000000000, 0.000000000000000000, -1.000000000000000000 ) ) ;
#6514 = DIRECTION ( 'NONE',  ( 0.000000000000000000, -2.449293598294710852E-16, 1.000000000000000000 ) ) ;
#6515 = FACE_OUTER_BOUND ( 'NONE', #4007, .T. ) ;
#6516 = FACE_OUTER_BOUND ( 'NONE', #2598, .T. ) ;
#6517 = EDGE_CURVE ( 'NONE', #2135, #6134, #4230, .T. ) ;
#6518 = VECTOR ( 'NONE', #5964, 1000.000000000000000 ) ;
#6519 = EDGE_CURVE ( 'NONE', #619, #4052, #542, .T. ) ;
#6520 = ADVANCED_FACE ( 'NONE', ( #8850 ), #9439, .F. ) ;
#6521 = ADVANCED_FACE ( 'NONE', ( #689 ), #2760, .F. ) ;
#6522 = DIRECTION ( 'NONE',  ( 0.000000000000000000, 0.000000000000000000, 1.000000000000000000 ) ) ;
#6523 = EDGE_LOOP ( 'NONE', ( #9334, #3962, #4864, #5760, #2384, #3536, #890, #968 ) ) ;
#6524 = DIRECTION ( 'NONE',  ( 0.000000000000000000, -1.733406087350420004E-16, 1.000000000000000000 ) ) ;
#6525 = PLANE ( 'NONE',  #4226 ) ;
#6526 = DIRECTION ( 'NONE',  ( 0.000000000000000000, 0.2588190451025145222, -0.9659258262890699775 ) ) ;
#6527 = EDGE_LOOP ( 'NONE', ( #7490, #2833, #1310, #5611, #5954, #866, #5253, #5762 ) ) ;
#6528 = LINE ( 'NONE', #3525, #8263 ) ;
#6529 = VECTOR ( 'NONE', #6459, 1000.000000000000000 ) ;
#6530 = DIRECTION ( 'NONE',  ( 0.000000000000000000, 0.000000000000000000, 1.000000000000000000 ) ) ;
#6531 =( NAMED_UNIT ( * ) SI_UNIT ( $, .STERADIAN. ) SOLID_ANGLE_UNIT ( ) );
#6532 = AXIS2_PLACEMENT_3D ( 'NONE', #2284, #1548, #9041 ) ;
#6533 = ORIENTED_EDGE ( 'NONE', *, *, #4211, .F. ) ;
#6534 = EDGE_LOOP ( 'NONE', ( #9485, #407, #4160, #1437 ) ) ;
#6535 = LINE ( 'NONE', #5808, #8344 ) ;
#6536 = CARTESIAN_POINT ( 'NONE',  ( 2.540000000000000480, -1.925929944387235853E-31, 0.8889999999999991243 ) ) ;
#6537 = ORIENTED_EDGE ( 'NONE', *, *, #3744, .F. ) ;
#6538 = EDGE_CURVE ( 'NONE', #1048, #109, #2093, .T. ) ;
#6539 = CARTESIAN_POINT ( 'NONE',  ( -15.24000000000000021, 8.509000000000000341, 1.270000000000001128 ) ) ;
#6540 = EDGE_CURVE ( 'NONE', #3159, #2108, #3603, .T. ) ;
#6541 = VECTOR ( 'NONE', #7638, 1000.000000000000000 ) ;
#6542 = LINE ( 'NONE', #4258, #1628 ) ;
#6543 = DIRECTION ( 'NONE',  ( 0.000000000000000000, 0.000000000000000000, 1.000000000000000000 ) ) ;
#6544 = ORIENTED_EDGE ( 'NONE', *, *, #4225, .F. ) ;
#6545 = VECTOR ( 'NONE', #698, 1000.000000000000000 ) ;
#6546 = ITEM_DEFINED_TRANSFORMATION ( 'NONE', 'NONE', #8579,  #4388 ) ;
#6547 = DIRECTION ( 'NONE',  ( -0.7071067811865475727, -0.7071067811865475727, 0.000000000000000000 ) ) ;
#6548 = ORIENTED_EDGE ( 'NONE', *, *, #396, .T. ) ;
#6549 = LINE ( 'NONE', #4943, #9331 ) ;
#6550 = ADVANCED_FACE ( 'NONE', ( #6409 ), #5686, .T. ) ;
#6551 = CARTESIAN_POINT ( 'NONE',  ( 3.429000000000001602, 8.064500000000000668, 0.3809999999999955644 ) ) ;
#6552 = LINE ( 'NONE', #4408, #3682 ) ;
#6553 = VECTOR ( 'NONE', #9303, 1000.000000000000000 ) ;
#6554 = FACE_OUTER_BOUND ( 'NONE', #7975, .T. ) ;
#6555 = AXIS2_PLACEMENT_3D ( 'NONE', #58, #7493, #5169 ) ;
#6556 = ORIENTED_EDGE ( 'NONE', *, *, #5220, .T. ) ;
#6557 = LINE ( 'NONE', #6724, #3129 ) ;
#6558 = ORIENTED_EDGE ( 'NONE', *, *, #169, .T. ) ;
#6559 = CARTESIAN_POINT ( 'NONE',  ( 12.69999999999999929, 2.177422008883992879E-16, -0.8890000000000013447 ) ) ;
#6560 = ORIENTED_EDGE ( 'NONE', *, *, #5016, .T. ) ;
#6561 = ADVANCED_FACE ( 'NONE', ( #8020 ), #7239, .F. ) ;
#6562 = ORIENTED_EDGE ( 'NONE', *, *, #4012, .F. ) ;
#6563 = CARTESIAN_POINT ( 'NONE',  ( 0.000000000000000000, 0.000000000000000000, 0.000000000000000000 ) ) ;
#6564 = VECTOR ( 'NONE', #2316, 1000.000000000000000 ) ;
#6565 = DIRECTION ( 'NONE',  ( -1.000000000000000000, -0.000000000000000000, -0.000000000000000000 ) ) ;
#6566 = CARTESIAN_POINT ( 'NONE',  ( 5.969000000000002082, 7.239000000000000767, 0.3809999999999953979 ) ) ;
#6567 = LINE ( 'NONE', #2625, #9103 ) ;
#6568 = CARTESIAN_POINT ( 'NONE',  ( 5.969000000000002082, 8.064500000000000668, -0.3810000000000032250 ) ) ;
#6569 = AXIS2_PLACEMENT_3D ( 'NONE', #14, #8826, #2208 ) ;
#6570 = LINE ( 'NONE', #1379, #963 ) ;
#6571 = ORIENTED_EDGE ( 'NONE', *, *, #4893, .F. ) ;
#6572 = CARTESIAN_POINT ( 'NONE',  ( 8.509000000000002117, 8.064500000000000668, 0.3809999999999953979 ) ) ;
#6573 = DIRECTION ( 'NONE',  ( -0.000000000000000000, 0.2588190451025140781, 0.9659258262890700886 ) ) ;
#6574 = EDGE_CURVE ( 'NONE', #6370, #8291, #3649, .T. ) ;
#6575 = PLANE ( 'NONE',  #3177 ) ;
#6576 = EDGE_LOOP ( 'NONE', ( #6602, #8471, #5354, #6981 ) ) ;
#6577 = LINE ( 'NONE', #9551, #1868 ) ;
#6578 = LINE ( 'NONE', #9552, #9044 ) ;
#6579 = CARTESIAN_POINT ( 'NONE',  ( 15.24000000000000021, -1.925929944387235853E-31, 0.8889999999999991243 ) ) ;
#6580 = EDGE_CURVE ( 'NONE', #8093, #5511, #1367, .T. ) ;
#6581 = LINE ( 'NONE', #8726, #5518 ) ;
#6582 = DIRECTION ( 'NONE',  ( 0.000000000000000000, 0.000000000000000000, 1.000000000000000000 ) ) ;
#6583 = ORIENTED_EDGE ( 'NONE', *, *, #2733, .F. ) ;
#6584 = ORIENTED_EDGE ( 'NONE', *, *, #5220, .F. ) ;
#6585 = CARTESIAN_POINT ( 'NONE',  ( -14.35099999999999909, 8.064500000000000668, -0.3810000000000032250 ) ) ;
#6586 = VERTEX_POINT ( 'NONE', #8654 ) ;
#6587 = EDGE_CURVE ( 'NONE', #3305, #9437, #1997, .T. ) ;
#6588 = LINE ( 'NONE', #73, #7803 ) ;
#6589 = DIRECTION ( 'NONE',  ( 0.000000000000000000, 2.449293598294710852E-16, -1.000000000000000000 ) ) ;
#6590 = EDGE_CURVE ( 'NONE', #6774, #7706, #9536, .T. ) ;
#6591 = ADVANCED_FACE ( 'NONE', ( #8760 ), #4323, .T. ) ;
#6592 = COLOUR_RGB ( '',0.2509803921568627416, 0.2509803921568627416, 0.2509803921568627416 ) ;
#6593 = EDGE_LOOP ( 'NONE', ( #6423, #2459, #4647, #6558, #4049, #7210, #3934, #5073 ) ) ;
#6594 = CARTESIAN_POINT ( 'NONE',  ( 17.78000000000000114, 8.509000000000000341, 1.270000000000001128 ) ) ;
#6595 = VERTEX_POINT ( 'NONE', #8064 ) ;
#6596 = DIRECTION ( 'NONE',  ( 0.000000000000000000, -0.9659258262890700886, 0.2588190451025140781 ) ) ;
#6597 = DIRECTION ( 'NONE',  ( 0.5773502691896253980, 0.5773502691896253980, -0.5773502691896266192 ) ) ;
#6598 = VECTOR ( 'NONE', #4066, 1000.000000000000000 ) ;
#6599 = VECTOR ( 'NONE', #3718, 1000.000000000000000 ) ;
#6600 = DIRECTION ( 'NONE',  ( 0.000000000000000000, 0.000000000000000000, -1.000000000000000000 ) ) ;
#6601 = EDGE_CURVE ( 'NONE', #6299, #1882, #7139, .T. ) ;
#6602 = ORIENTED_EDGE ( 'NONE', *, *, #1583, .T. ) ;
#6603 = LINE ( 'NONE', #34, #595 ) ;
#6604 = DIRECTION ( 'NONE',  ( 0.000000000000000000, -1.000000000000000000, 0.000000000000000000 ) ) ;
#6605 = VECTOR ( 'NONE', #5995, 1000.000000000000000 ) ;
#6606 = ORIENTED_EDGE ( 'NONE', *, *, #4222, .T. ) ;
#6607 = DIRECTION ( 'NONE',  ( -1.000000000000000000, 0.000000000000000000, -0.000000000000000000 ) ) ;
#6608 = EDGE_LOOP ( 'NONE', ( #6713, #2858, #6144, #5226 ) ) ;
#6609 = ORIENTED_EDGE ( 'NONE', *, *, #425, .T. ) ;
#6610 = CARTESIAN_POINT ( 'NONE',  ( 3.429000000000001602, 7.239000000000000767, -0.3810000000000033915 ) ) ;
#6611 = DIRECTION ( 'NONE',  ( 1.000000000000000000, 0.000000000000000000, 0.000000000000000000 ) ) ;
#6612 = LINE ( 'NONE', #9587, #418 ) ;
#6613 = FACE_OUTER_BOUND ( 'NONE', #1975, .T. ) ;
#6614 = DIRECTION ( 'NONE',  ( -0.000000000000000000, 1.000000000000000000, 1.440069553722777130E-16 ) ) ;
#6615 = DIRECTION ( 'NONE',  ( 0.000000000000000000, 0.000000000000000000, 1.000000000000000000 ) ) ;
#6616 = AXIS2_PLACEMENT_3D ( 'NONE', #4438, #7403, #3720 ) ;
#6617 = VECTOR ( 'NONE', #7144, 1000.000000000000000 ) ;
#6618 = CARTESIAN_POINT ( 'NONE',  ( -18.66900000000000048, 7.239000000000000767, 0.3809999999999953979 ) ) ;
#6619 = VERTEX_POINT ( 'NONE', #4366 ) ;
#6620 = LINE ( 'NONE', #9499, #6943 ) ;
#6621 = DIRECTION ( 'NONE',  ( 0.000000000000000000, 1.000000000000000000, -5.054934237236841843E-31 ) ) ;
#6622 = VECTOR ( 'NONE', #9430, 1000.000000000000000 ) ;
#6623 = EDGE_LOOP ( 'NONE', ( #7384, #6758, #4780, #8118 ) ) ;
#6624 = LINE ( 'NONE', #5663, #4352 ) ;
#6625 = CARTESIAN_POINT ( 'NONE',  ( -5.079999999999999183, 8.509000000000000341, -1.270000000000001128 ) ) ;
#6626 = DIRECTION ( 'NONE',  ( -0.000000000000000000, 0.000000000000000000, -1.000000000000000000 ) ) ;
#6627 = DIRECTION ( 'NONE',  ( 0.000000000000000000, 1.000000000000000000, 0.000000000000000000 ) ) ;
#6628 = CARTESIAN_POINT ( 'NONE',  ( -4.191000000000000725, 7.239000000000000767, 0.3809999999999953979 ) ) ;
#6629 = AXIS2_PLACEMENT_3D ( 'NONE', #3186, #6830, #9033 ) ;
#6630 = VECTOR ( 'NONE', #926, 1000.000000000000000 ) ;
#6631 = ADVANCED_FACE ( 'NONE', ( #3456 ), #9388, .F. ) ;
#6632 = EDGE_LOOP ( 'NONE', ( #2017, #4574, #9010, #8981 ) ) ;
#6633 = VERTEX_POINT ( 'NONE', #7917 ) ;
#6634 = CARTESIAN_POINT ( 'NONE',  ( 2.540000000000000480, 3.110602869834277161E-16, -1.270000000000001128 ) ) ;
#6635 = DIRECTION ( 'NONE',  ( -1.000000000000000000, -0.000000000000000000, -0.000000000000000000 ) ) ;
#6636 = ORIENTED_EDGE ( 'NONE', *, *, #7234, .T. ) ;
#6637 = VECTOR ( 'NONE', #1993, 1000.000000000000114 ) ;
#6638 = FACE_BOUND ( 'NONE', #6836, .T. ) ;
#6639 = CARTESIAN_POINT ( 'NONE',  ( -9.270999999999999019, 7.239000000000000767, 0.3809999999999953979 ) ) ;
#6640 = EDGE_CURVE ( 'NONE', #3335, #2108, #1268, .T. ) ;
#6641 = UNCERTAINTY_MEASURE_WITH_UNIT (LENGTH_MEASURE( 1.000000000000000082E-05 ), #6414, 'distance_accuracy_value', 'NONE');
#6642 = ADVANCED_FACE ( 'NONE', ( #2280 ), #183, .F. ) ;
#6643 = VECTOR ( 'NONE', #4336, 1000.000000000000000 ) ;
#6644 = ADVANCED_FACE ( 'NONE', ( #5154 ), #5973, .F. ) ;
#6645 = EDGE_CURVE ( 'NONE', #777, #6299, #5922, .T. ) ;
#6646 = EDGE_LOOP ( 'NONE', ( #4927, #8833, #7730, #4024 ) ) ;
#6647 = DIRECTION ( 'NONE',  ( -1.000000000000000000, -0.000000000000000000, -0.000000000000000000 ) ) ;
#6648 = EDGE_LOOP ( 'NONE', ( #9455, #2129, #4771, #6556 ) ) ;
#6649 = CARTESIAN_POINT ( 'NONE',  ( -8.509000000000000341, 8.064500000000000668, 0.3809999999999955644 ) ) ;
#6650 = DIRECTION ( 'NONE',  ( -1.000000000000000000, -0.000000000000000000, -0.000000000000000000 ) ) ;
#6651 = AXIS2_PLACEMENT_3D ( 'NONE', #1786, #4791, #3396 ) ;
#6652 = ORIENTED_EDGE ( 'NONE', *, *, #6929, .F. ) ;
#6653 = DIRECTION ( 'NONE',  ( -0.000000000000000000, -0.000000000000000000, 1.000000000000000000 ) ) ;
#6654 = CARTESIAN_POINT ( 'NONE',  ( -12.69999999999999929, 8.509000000000000341, -1.270000000000001128 ) ) ;
#6655 = VERTEX_POINT ( 'NONE', #6108 ) ;
#6656 = CARTESIAN_POINT ( 'NONE',  ( -15.24000000000000021, 0.5080000000000002292, -0.7528818102449945648 ) ) ;
#6657 = VERTEX_POINT ( 'NONE', #5294 ) ;
#6658 = EDGE_LOOP ( 'NONE', ( #220, #1153, #5487, #6718 ) ) ;
#6659 = CARTESIAN_POINT ( 'NONE',  ( 4.191000000000000725, 8.064500000000000668, -0.3810000000000032250 ) ) ;
#6660 = LINE ( 'NONE', #4418, #8564 ) ;
#6661 = LINE ( 'NONE', #3654, #3205 ) ;
#6662 = LINE ( 'NONE', #7979, #6439 ) ;
#6663 = ADVANCED_FACE ( 'NONE', ( #8942 ), #3837, .F. ) ;
#6664 = CARTESIAN_POINT ( 'NONE',  ( 0.000000000000000000, 0.5080000000000000071, 0.7528818102449925664 ) ) ;
#6665 = FILL_AREA_STYLE ('',( #3709 ) ) ;
#6666 = CARTESIAN_POINT ( 'NONE',  ( -5.080000000000000959, 0.000000000000000000, 0.000000000000000000 ) ) ;
#6667 = ORIENTED_EDGE ( 'NONE', *, *, #2366, .F. ) ;
#6668 = LINE ( 'NONE', #1604, #7883 ) ;
#6669 = CARTESIAN_POINT ( 'NONE',  ( -7.620000000000000107, 0.5080000000000002292, -0.7528818102449945648 ) ) ;
#6670 = ORIENTED_EDGE ( 'NONE', *, *, #83, .F. ) ;
#6671 = CARTESIAN_POINT ( 'NONE',  ( 5.524500000000001521, 8.509000000000000341, -0.8255000000000044524 ) ) ;
#6672 = PLANE ( 'NONE',  #3776 ) ;
#6673 = LINE ( 'NONE', #108, #2263 ) ;
#6674 = ORIENTED_EDGE ( 'NONE', *, *, #9561, .T. ) ;
#6675 = DIRECTION ( 'NONE',  ( 0.000000000000000000, 0.9659258262890700886, -0.2588190451025140781 ) ) ;
#6676 = CARTESIAN_POINT ( 'NONE',  ( -20.32000000000000028, 0.000000000000000000, 1.269999999999998908 ) ) ;
#6677 = ORIENTED_EDGE ( 'NONE', *, *, #411, .F. ) ;
#6678 = EDGE_LOOP ( 'NONE', ( #7998, #8598, #4191, #1054 ) ) ;
#6679 = DIRECTION ( 'NONE',  ( 0.000000000000000000, 1.000000000000000000, 0.000000000000000000 ) ) ;
#6680 = VECTOR ( 'NONE', #677, 1000.000000000000000 ) ;
#6681 = ORIENTED_EDGE ( 'NONE', *, *, #7264, .T. ) ;
#6682 = EDGE_CURVE ( 'NONE', #7804, #4134, #5250, .T. ) ;
#6683 = LINE ( 'NONE', #2266, #5179 ) ;
#6684 = DIRECTION ( 'NONE',  ( 0.000000000000000000, -0.7071067811865482389, 0.7071067811865469066 ) ) ;
#6685 = ORIENTED_EDGE ( 'NONE', *, *, #4610, .F. ) ;
#6686 = DIRECTION ( 'NONE',  ( 0.000000000000000000, -2.449293598294710852E-16, 1.000000000000000000 ) ) ;
#6687 = VECTOR ( 'NONE', #7433, 1000.000000000000000 ) ;
#6688 = EDGE_CURVE ( 'NONE', #2447, #5826, #2184, .T. ) ;
#6689 = ORIENTED_EDGE ( 'NONE', *, *, #214, .T. ) ;
#6690 = LINE ( 'NONE', #4014, #6842 ) ;
#6691 = EDGE_CURVE ( 'NONE', #894, #3233, #3097, .T. ) ;
#6692 = AXIS2_PLACEMENT_3D ( 'NONE', #7218, #2077, #570 ) ;
#6693 = ORIENTED_EDGE ( 'NONE', *, *, #771, .F. ) ;
#6694 = DIRECTION ( 'NONE',  ( 0.000000000000000000, 0.000000000000000000, -1.000000000000000000 ) ) ;
#6695 = DIRECTION ( 'NONE',  ( 1.000000000000000000, 0.000000000000000000, 0.000000000000000000 ) ) ;
#6696 = DIRECTION ( 'NONE',  ( -1.000000000000000000, -0.000000000000000000, -0.000000000000000000 ) ) ;
#6697 = ORIENTED_EDGE ( 'NONE', *, *, #3756, .T. ) ;
#6698 = DIRECTION ( 'NONE',  ( 0.000000000000000000, 1.000000000000000000, 1.733406087350420004E-16 ) ) ;
#6699 = ORIENTED_EDGE ( 'NONE', *, *, #5062, .F. ) ;
#6700 = ORIENTED_EDGE ( 'NONE', *, *, #2312, .T. ) ;
#6701 = LINE ( 'NONE', #5480, #9174 ) ;
#6702 = CARTESIAN_POINT ( 'NONE',  ( -2.540000000000000480, 3.110602869834277161E-16, -1.270000000000001128 ) ) ;
#6703 = VECTOR ( 'NONE', #3266, 1000.000000000000000 ) ;
#6704 = LINE ( 'NONE', #49, #9109 ) ;
#6705 = DIRECTION ( 'NONE',  ( -0.000000000000000000, 0.2588190451025140781, 0.9659258262890700886 ) ) ;
#6706 = CARTESIAN_POINT ( 'NONE',  ( 17.33549999999999969, 8.509000000000000341, -1.270000000000001128 ) ) ;
#6707 = AXIS2_PLACEMENT_3D ( 'NONE', #4445, #7409, #19 ) ;
#6708 = DIRECTION ( 'NONE',  ( 0.000000000000000000, 0.000000000000000000, 1.000000000000000000 ) ) ;
#6709 = UNCERTAINTY_MEASURE_WITH_UNIT (LENGTH_MEASURE( 1.000000000000000082E-05 ), #8316, 'distance_accuracy_value', 'NONE');
#6710 = VECTOR ( 'NONE', #1928, 999.9999999999998863 ) ;
#6711 = ADVANCED_FACE ( 'NONE', ( #5344 ), #89, .F. ) ;
#6712 = FACE_OUTER_BOUND ( 'NONE', #2910, .T. ) ;
#6713 = ORIENTED_EDGE ( 'NONE', *, *, #8320, .T. ) ;
#6714 = ORIENTED_EDGE ( 'NONE', *, *, #7733, .F. ) ;
#6715 = CARTESIAN_POINT ( 'NONE',  ( 15.24000000000000021, 0.000000000000000000, 0.000000000000000000 ) ) ;
#6716 = VECTOR ( 'NONE', #5507, 1000.000000000000000 ) ;
#6717 = LINE ( 'NONE', #701, #7329 ) ;
#6718 = ORIENTED_EDGE ( 'NONE', *, *, #7881, .T. ) ;
#6719 = DIRECTION ( 'NONE',  ( -1.000000000000000000, 0.000000000000000000, 0.000000000000000000 ) ) ;
#6720 = CARTESIAN_POINT ( 'NONE',  ( 11.81099999999999817, 8.064500000000000668, 0.3809999999999953979 ) ) ;
#6721 = CARTESIAN_POINT ( 'NONE',  ( 5.080000000000000959, 2.177422008883992879E-16, -0.8890000000000013447 ) ) ;
#6722 = ORIENTED_EDGE ( 'NONE', *, *, #541, .T. ) ;
#6723 = DIRECTION ( 'NONE',  ( 0.000000000000000000, 0.000000000000000000, 1.000000000000000000 ) ) ;
#6724 = CARTESIAN_POINT ( 'NONE',  ( 19.17699999999999960, 7.810500000000000220, -0.1270000000000029716 ) ) ;
#6725 = PLANE ( 'NONE',  #7186 ) ;
#6726 = VECTOR ( 'NONE', #7199, 1000.000000000000000 ) ;
#6727 = EDGE_CURVE ( 'NONE', #375, #5030, #2330, .T. ) ;
#6728 = EDGE_LOOP ( 'NONE', ( #5481, #334, #6544, #5901 ) ) ;
#6729 = ORIENTED_EDGE ( 'NONE', *, *, #9561, .F. ) ;
#6730 = CARTESIAN_POINT ( 'NONE',  ( 15.24000000000000021, 2.177422008883992879E-16, -0.8890000000000013447 ) ) ;
#6731 = ORIENTED_EDGE ( 'NONE', *, *, #6297, .F. ) ;
#6732 = CARTESIAN_POINT ( 'NONE',  ( 20.32000000000000028, 0.5080000000000002292, -0.7528818102449945648 ) ) ;
#6733 = PRODUCT_DEFINITION_CONTEXT ( 'detailed design', #8130, 'design' ) ;
#6734 = ADVANCED_FACE ( 'NONE', ( #8213 ), #8115, .F. ) ;
#6735 = ORIENTED_EDGE ( 'NONE', *, *, #8364, .F. ) ;
#6736 = CARTESIAN_POINT ( 'NONE',  ( -17.33549999999999969, 8.509000000000000341, -0.8255000000000044524 ) ) ;
#6737 = ORIENTED_EDGE ( 'NONE', *, *, #896, .T. ) ;
#6738 = PLANE ( 'NONE',  #8334 ) ;
#6739 = EDGE_CURVE ( 'NONE', #5133, #7323, #8993, .T. ) ;
#6740 = VERTEX_POINT ( 'NONE', #1634 ) ;
#6741 = ADVANCED_FACE ( 'NONE', ( #1459 ), #4600, .F. ) ;
#6742 = EDGE_CURVE ( 'NONE', #849, #3257, #2235, .T. ) ;
#6743 = LINE ( 'NONE', #7286, #8268 ) ;
#6744 = ORIENTED_EDGE ( 'NONE', *, *, #1583, .F. ) ;
#6745 = CARTESIAN_POINT ( 'NONE',  ( 2.540000000000000480, 8.509000000000000341, -1.270000000000001128 ) ) ;
#6746 = ORIENTED_EDGE ( 'NONE', *, *, #7968, .T. ) ;
#6747 = ORIENTED_EDGE ( 'NONE', *, *, #3427, .F. ) ;
#6748 = PLANE ( 'NONE',  #1421 ) ;
#6749 = MECHANICAL_DESIGN_GEOMETRIC_PRESENTATION_REPRESENTATION (  '', ( #4566 ), #7997 ) ;
#6750 = CARTESIAN_POINT ( 'NONE',  ( 16.12900000000000134, 7.239000000000000767, 0.3809999999999953979 ) ) ;
#6751 = LINE ( 'NONE', #4471, #8027 ) ;
#6752 = DIRECTION ( 'NONE',  ( 0.000000000000000000, 0.000000000000000000, -1.000000000000000000 ) ) ;
#6753 = CARTESIAN_POINT ( 'NONE',  ( 5.080000000000000959, 2.177422008883992879E-16, -0.8890000000000013447 ) ) ;
#6754 = VECTOR ( 'NONE', #6269, 1000.000000000000000 ) ;
#6755 = EDGE_CURVE ( 'NONE', #6740, #5856, #8161, .T. ) ;
#6756 = CARTESIAN_POINT ( 'NONE',  ( 20.57400000000000162, -1.925929944387235853E-31, 0.8889999999999991243 ) ) ;
#6757 = ADVANCED_FACE ( 'NONE', ( #831 ), #3790, .F. ) ;
#6758 = ORIENTED_EDGE ( 'NONE', *, *, #579, .F. ) ;
#6759 = ADVANCED_FACE ( 'NONE', ( #227 ), #2420, .F. ) ;
#6760 = DIRECTION ( 'NONE',  ( 0.000000000000000000, -1.440069553722777130E-16, 1.000000000000000000 ) ) ;
#6761 = LINE ( 'NONE', #2870, #5509 ) ;
#6762 = ORIENTED_EDGE ( 'NONE', *, *, #207, .T. ) ;
#6763 = CARTESIAN_POINT ( 'NONE',  ( -15.24000000000000021, -1.925929944387235853E-31, 0.8889999999999991243 ) ) ;
#6764 = LINE ( 'NONE', #7538, #1898 ) ;
#6765 = LINE ( 'NONE', #4483, #6605 ) ;
#6766 = VERTEX_POINT ( 'NONE', #6251 ) ;
#6767 = FACE_OUTER_BOUND ( 'NONE', #3531, .T. ) ;
#6768 = AXIS2_PLACEMENT_3D ( 'NONE', #1347, #7272, #5089 ) ;
#6769 = EDGE_CURVE ( 'NONE', #6254, #4233, #967, .T. ) ;
#6770 = DIRECTION ( 'NONE',  ( -0.000000000000000000, 1.000000000000000000, 1.733406087350420004E-16 ) ) ;
#6771 = ADVANCED_FACE ( 'NONE', ( #1065 ), #5386, .F. ) ;
#6772 = CARTESIAN_POINT ( 'NONE',  ( -15.68449999999999989, 8.509000000000000341, 0.8254999999999967919 ) ) ;
#6773 = VECTOR ( 'NONE', #1433, 1000.000000000000000 ) ;
#6774 = VERTEX_POINT ( 'NONE', #6886 ) ;
#6775 = ORIENTED_EDGE ( 'NONE', *, *, #707, .T. ) ;
#6776 = CARTESIAN_POINT ( 'NONE',  ( -5.080000000000000959, 8.509000000000000341, 1.270000000000001128 ) ) ;
#6777 = LINE ( 'NONE', #9612, #1282 ) ;
#6778 = VERTEX_POINT ( 'NONE', #8354 ) ;
#6779 = DIRECTION ( 'NONE',  ( 0.000000000000000000, 0.000000000000000000, -1.000000000000000000 ) ) ;
#6780 = EDGE_CURVE ( 'NONE', #7664, #5812, #6298, .T. ) ;
#6781 = AXIS2_PLACEMENT_3D ( 'NONE', #5161, #2147, #2290 ) ;
#6782 = ADVANCED_FACE ( 'NONE', ( #7760 ), #2605, .F. ) ;
#6783 = AXIS2_PLACEMENT_3D ( 'NONE', #972, #9181, #6255 ) ;
#6784 = VERTEX_POINT ( 'NONE', #7026 ) ;
#6785 = AXIS2_PLACEMENT_3D ( 'NONE', #6139, #9114, #4102 ) ;
#6786 = DIRECTION ( 'NONE',  ( 0.000000000000000000, 0.2588190451025145222, -0.9659258262890699775 ) ) ;
#6787 = ORIENTED_EDGE ( 'NONE', *, *, #4197, .F. ) ;
#6788 = LINE ( 'NONE', #7660, #5237 ) ;
#6789 = VECTOR ( 'NONE', #6967, 999.9999999999998863 ) ;
#6790 = ORIENTED_EDGE ( 'NONE', *, *, #3993, .F. ) ;
#6791 = CARTESIAN_POINT ( 'NONE',  ( -17.78000000000000114, 2.177422008883992879E-16, -0.8890000000000013447 ) ) ;
#6792 = ORIENTED_EDGE ( 'NONE', *, *, #7649, .T. ) ;
#6793 = DIRECTION ( 'NONE',  ( -0.000000000000000000, 0.000000000000000000, -1.000000000000000000 ) ) ;
#6794 = VECTOR ( 'NONE', #3817, 1000.000000000000000 ) ;
#6795 = ORIENTED_EDGE ( 'NONE', *, *, #332, .T. ) ;
#6796 = LINE ( 'NONE', #5976, #1716 ) ;
#6797 = DIRECTION ( 'NONE',  ( 0.000000000000000000, -0.7071067811865482389, 0.7071067811865469066 ) ) ;
#6798 = CARTESIAN_POINT ( 'NONE',  ( 18.66900000000000048, 8.064500000000000668, 0.3809999999999955644 ) ) ;
#6799 = ADVANCED_FACE ( 'NONE', ( #9177 ), #1160, .T. ) ;
#6800 = DIRECTION ( 'NONE',  ( -1.000000000000000000, 0.000000000000000000, 0.000000000000000000 ) ) ;
#6801 = DIRECTION ( 'NONE',  ( -1.000000000000000000, -0.000000000000000000, -0.000000000000000000 ) ) ;
#6802 = AXIS2_PLACEMENT_3D ( 'NONE', #4413, #7382, #7477 ) ;
#6803 = LINE ( 'NONE', #6030, #8884 ) ;
#6804 = ORIENTED_EDGE ( 'NONE', *, *, #3189, .T. ) ;
#6805 = DIRECTION ( 'NONE',  ( -1.000000000000000000, -0.000000000000000000, -0.000000000000000000 ) ) ;
#6806 = ORIENTED_EDGE ( 'NONE', *, *, #7304, .T. ) ;
#6807 = DIRECTION ( 'NONE',  ( 0.000000000000000000, 0.000000000000000000, -1.000000000000000000 ) ) ;
#6808 = CARTESIAN_POINT ( 'NONE',  ( 20.57400000000000162, 0.5080000000000000071, 0.7528818102449925664 ) ) ;
#6809 = FACE_OUTER_BOUND ( 'NONE', #2751, .T. ) ;
#6810 = ORIENTED_EDGE ( 'NONE', *, *, #2828, .T. ) ;
#6811 = EDGE_CURVE ( 'NONE', #8792, #9085, #7615, .T. ) ;
#6812 = CARTESIAN_POINT ( 'NONE',  ( -9.270999999999999019, 8.064500000000000668, 0.3809999999999955644 ) ) ;
#6813 = CARTESIAN_POINT ( 'NONE',  ( 5.080000000000000959, 0.5080000000000002292, -0.7528818102449945648 ) ) ;
#6814 = CARTESIAN_POINT ( 'NONE',  ( 3.429000000000001602, 8.064500000000000668, 0.3809999999999955644 ) ) ;
#6815 = ADVANCED_FACE ( 'NONE', ( #2513 ), #9133, .F. ) ;
#6816 = ORIENTED_EDGE ( 'NONE', *, *, #4141, .F. ) ;
#6817 = EDGE_LOOP ( 'NONE', ( #1736, #6122, #7126, #5293 ) ) ;
#6818 = CARTESIAN_POINT ( 'NONE',  ( 0.3810000000000000053, -2.692399999999995686, -0.2032000000000001028 ) ) ;
#6819 = EDGE_LOOP ( 'NONE', ( #596, #3108, #2213, #2463 ) ) ;
#6820 = CARTESIAN_POINT ( 'NONE',  ( -12.25550000000000139, 8.509000000000000341, 0.8254999999999967919 ) ) ;
#6821 = CLOSED_SHELL ( 'NONE', ( #3497, #9130, #7198, #8466, #4932, #3153, #604, #4461 ) ) ;
#6822 = CARTESIAN_POINT ( 'NONE',  ( 19.87550000000000239, 8.509000000000000341, -1.270000000000001128 ) ) ;
#6823 = VECTOR ( 'NONE', #5468, 1000.000000000000000 ) ;
#6824 = ORIENTED_EDGE ( 'NONE', *, *, #7160, .F. ) ;
#6825 = EDGE_CURVE ( 'NONE', #1030, #1137, #276, .T. ) ;
#6826 = CARTESIAN_POINT ( 'NONE',  ( -9.270999999999999019, 7.239000000000000767, 0.3809999999999953979 ) ) ;
#6827 = ORIENTED_EDGE ( 'NONE', *, *, #8283, .T. ) ;
#6828 = DIRECTION ( 'NONE',  ( 0.000000000000000000, -0.9659258262890700886, 0.2588190451025140781 ) ) ;
#6829 = PRESENTATION_LAYER_ASSIGNMENT (  '', '', ( #636 ) ) ;
#6830 = DIRECTION ( 'NONE',  ( 1.000000000000000000, 0.000000000000000000, 0.000000000000000000 ) ) ;
#6831 = VERTEX_POINT ( 'NONE', #4696 ) ;
#6832 = VECTOR ( 'NONE', #2189, 1000.000000000000000 ) ;
#6833 = CARTESIAN_POINT ( 'NONE',  ( -15.24000000000000021, -1.925929944387235853E-31, 0.8889999999999991243 ) ) ;
#6834 = ADVANCED_FACE ( 'NONE', ( #372 ), #5478, .F. ) ;
#6835 = DIRECTION ( 'NONE',  ( 0.000000000000000000, -0.9659258262890699775, -0.2588190451025145222 ) ) ;
#6836 = EDGE_LOOP ( 'NONE', ( #3006, #8162, #5200, #3422 ) ) ;
#6837 = CARTESIAN_POINT ( 'NONE',  ( -12.70000000000000107, 0.5080000000000000071, 0.7528818102449925664 ) ) ;
#6838 = LINE ( 'NONE', #8165, #24 ) ;
#6839 = ORIENTED_EDGE ( 'NONE', *, *, #1057, .T. ) ;
#6840 = CARTESIAN_POINT ( 'NONE',  ( 17.78000000000000114, -1.925929944387235853E-31, 0.8889999999999991243 ) ) ;
#6841 = FACE_OUTER_BOUND ( 'NONE', #1285, .T. ) ;
#6842 = VECTOR ( 'NONE', #960, 1000.000000000000000 ) ;
#6843 = CARTESIAN_POINT ( 'NONE',  ( -14.35099999999999909, 7.239000000000000767, 0.3809999999999953979 ) ) ;
#6844 = CARTESIAN_POINT ( 'NONE',  ( 11.04899999999999949, 8.064500000000000668, 0.3809999999999955644 ) ) ;
#6845 = EDGE_CURVE ( 'NONE', #109, #5368, #8497, .T. ) ;
#6846 = ORIENTED_EDGE ( 'NONE', *, *, #1912, .F. ) ;
#6847 = ORIENTED_EDGE ( 'NONE', *, *, #4921, .T. ) ;
#6848 = CARTESIAN_POINT ( 'NONE',  ( 17.78000000000000114, 8.509000000000000341, -1.270000000000001128 ) ) ;
#6849 = VECTOR ( 'NONE', #6371, 1000.000000000000000 ) ;
#6850 = CARTESIAN_POINT ( 'NONE',  ( 0.3810000000000000053, 0.5079999999999998961, -0.2031999999999997419 ) ) ;
#6851 = EDGE_LOOP ( 'NONE', ( #626, #4614, #8142, #8367 ) ) ;
#6852 = CARTESIAN_POINT ( 'NONE',  ( 15.24000000000000021, 0.5080000000000000071, 0.7528818102449925664 ) ) ;
#6853 = LINE ( 'NONE', #150, #9514 ) ;
#6854 = VECTOR ( 'NONE', #2854, 1000.000000000000000 ) ;
#6855 = DIRECTION ( 'NONE',  ( 1.000000000000000000, 0.000000000000000000, -0.000000000000000000 ) ) ;
#6856 = ORIENTED_EDGE ( 'NONE', *, *, #9208, .T. ) ;
#6857 = DIRECTION ( 'NONE',  ( 0.000000000000000000, 1.000000000000000000, 0.000000000000000000 ) ) ;
#6858 = LINE ( 'NONE', #1657, #4895 ) ;
#6859 = CARTESIAN_POINT ( 'NONE',  ( -0.1961031209927691366, -3.200400000000000134, -0.2032000000000001583 ) ) ;
#6860 = AXIS2_PLACEMENT_3D ( 'NONE', #4833, #1156, #7999 ) ;
#6861 = VECTOR ( 'NONE', #6018, 1000.000000000000114 ) ;
#6862 = EDGE_CURVE ( 'NONE', #6332, #1017, #1731, .T. ) ;
#6863 = ORIENTED_EDGE ( 'NONE', *, *, #2114, .F. ) ;
#6864 = ORIENTED_EDGE ( 'NONE', *, *, #8505, .F. ) ;
#6865 = CARTESIAN_POINT ( 'NONE',  ( -16.89099999999999824, 8.064500000000000668, 0.3809999999999953979 ) ) ;
#6866 = EDGE_CURVE ( 'NONE', #3024, #2510, #4744, .T. ) ;
#6867 = ADVANCED_FACE ( 'NONE', ( #4073 ), #5573, .F. ) ;
#6868 = ORIENTED_EDGE ( 'NONE', *, *, #1584, .F. ) ;
#6869 = AXIS2_PLACEMENT_3D ( 'NONE', #2049, #4281, #5787 ) ;
#6870 = CARTESIAN_POINT ( 'NONE',  ( 12.69999999999999929, 8.509000000000000341, -1.270000000000001128 ) ) ;
#6871 = VECTOR ( 'NONE', #7584, 1000.000000000000000 ) ;
#6872 = CARTESIAN_POINT ( 'NONE',  ( -12.69999999999999929, 3.110602869834277161E-16, -1.270000000000001128 ) ) ;
#6873 = ORIENTED_EDGE ( 'NONE', *, *, #5796, .F. ) ;
#6874 = ORIENTED_EDGE ( 'NONE', *, *, #4309, .F. ) ;
#6875 = VECTOR ( 'NONE', #7452, 1000.000000000000000 ) ;
#6876 = LINE ( 'NONE', #9313, #6199 ) ;
#6877 = PRODUCT_DEFINITION_SHAPE ( 'NONE', 'NONE',  #9634 ) ;
#6878 = VERTEX_POINT ( 'NONE', #8444 ) ;
#6879 = CARTESIAN_POINT ( 'NONE',  ( 4.191000000000000725, 7.239000000000000767, -0.3810000000000033915 ) ) ;
#6880 = CARTESIAN_POINT ( 'NONE',  ( 7.620000000000001883, 2.177422008883992879E-16, -0.8890000000000013447 ) ) ;
#6881 = DIRECTION ( 'NONE',  ( -0.000000000000000000, 1.000000000000000000, 1.733406087350420004E-16 ) ) ;
#6882 = ADVANCED_FACE ( 'NONE', ( #1884 ), #7812, .F. ) ;
#6883 = ORIENTED_EDGE ( 'NONE', *, *, #7545, .T. ) ;
#6884 = DIRECTION ( 'NONE',  ( 0.000000000000000000, 0.000000000000000000, -1.000000000000000000 ) ) ;
#6885 = EDGE_CURVE ( 'NONE', #4215, #4217, #5672, .T. ) ;
#6886 = CARTESIAN_POINT ( 'NONE',  ( 10.15999999999999837, 0.5080000000000000071, 0.7528818102449925664 ) ) ;
#6887 = ORIENTED_EDGE ( 'NONE', *, *, #2325, .T. ) ;
#6888 = CARTESIAN_POINT ( 'NONE',  ( 11.04899999999999949, 7.239000000000000767, 0.3809999999999953979 ) ) ;
#6889 = VERTEX_POINT ( 'NONE', #8007 ) ;
#6890 = LINE ( 'NONE', #3251, #4595 ) ;
#6891 = DIRECTION ( 'NONE',  ( 1.000000000000000000, 0.000000000000000000, 0.000000000000000000 ) ) ;
#6892 = CARTESIAN_POINT ( 'NONE',  ( 20.57400000000000162, 0.5080000000000002292, -0.7528818102449945648 ) ) ;
#6893 = EDGE_CURVE ( 'NONE', #3818, #6105, #3490, .T. ) ;
#6894 = UNCERTAINTY_MEASURE_WITH_UNIT (LENGTH_MEASURE( 1.000000000000000082E-05 ), #601, 'distance_accuracy_value', 'NONE');
#6895 = CARTESIAN_POINT ( 'NONE',  ( -7.620000000000000107, 0.5080000000000002292, -0.7528818102449945648 ) ) ;
#6896 = STYLED_ITEM ( 'NONE', ( #5208 ), #1787 ) ;
#6897 = ORIENTED_EDGE ( 'NONE', *, *, #2272, .T. ) ;
#6898 = ORIENTED_EDGE ( 'NONE', *, *, #4593, .F. ) ;
#6899 = DIRECTION ( 'NONE',  ( 0.000000000000000000, 2.548365665731588345E-16, -1.000000000000000000 ) ) ;
#6900 = DIRECTION ( 'NONE',  ( 1.000000000000000000, 0.000000000000000000, -0.000000000000000000 ) ) ;
#6901 = ORIENTED_EDGE ( 'NONE', *, *, #8687, .T. ) ;
#6902 = LINE ( 'NONE', #4481, #5136 ) ;
#6903 = LINE ( 'NONE', #5543, #971 ) ;
#6904 = CARTESIAN_POINT ( 'NONE',  ( 4.191000000000000725, 7.239000000000000767, -0.3810000000000033915 ) ) ;
#6905 = DIRECTION ( 'NONE',  ( -1.000000000000000000, 0.000000000000000000, -0.000000000000000000 ) ) ;
#6906 = DIRECTION ( 'NONE',  ( -1.000000000000000000, -0.000000000000000000, -0.000000000000000000 ) ) ;
#6907 = DIRECTION ( 'NONE',  ( 0.000000000000000000, -0.9659258262890699775, -0.2588190451025145222 ) ) ;
#6908 = VECTOR ( 'NONE', #4283, 1000.000000000000000 ) ;
#6909 = LINE ( 'NONE', #1706, #2356 ) ;
#6910 = VERTEX_POINT ( 'NONE', #2699 ) ;
#6911 = PLANE ( 'NONE',  #1836 ) ;
#6912 = ORIENTED_EDGE ( 'NONE', *, *, #8335, .T. ) ;
#6913 = VECTOR ( 'NONE', #11, 1000.000000000000000 ) ;
#6914 = LINE ( 'NONE', #1819, #1978 ) ;
#6915 = DIRECTION ( 'NONE',  ( -0.000000000000000000, -0.7071067811865482389, -0.7071067811865467956 ) ) ;
#6916 = ADVANCED_FACE ( 'NONE', ( #1256 ), #2797, .F. ) ;
#6917 = VECTOR ( 'NONE', #5364, 1000.000000000000000 ) ;
#6918 = AXIS2_PLACEMENT_3D ( 'NONE', #3991, #3218, #6855 ) ;
#6919 = VERTEX_POINT ( 'NONE', #8693 ) ;
#6920 = VERTEX_POINT ( 'NONE', #3444 ) ;
#6921 = DIRECTION ( 'NONE',  ( 0.000000000000000000, 0.000000000000000000, 1.000000000000000000 ) ) ;
#6922 = AXIS2_PLACEMENT_3D ( 'NONE', #5932, #6614, #9591 ) ;
#6923 = ORIENTED_EDGE ( 'NONE', *, *, #9509, .T. ) ;
#6924 = CARTESIAN_POINT ( 'NONE',  ( -1.650999999999999801, 8.064500000000000668, 0.3809999999999953979 ) ) ;
#6925 = CARTESIAN_POINT ( 'NONE',  ( -15.24000000000000021, 2.177422008883992879E-16, -0.8890000000000013447 ) ) ;
#6926 = EDGE_CURVE ( 'NONE', #1798, #3310, #4213, .T. ) ;
#6927 = EDGE_CURVE ( 'NONE', #5309, #6163, #2748, .T. ) ;
#6928 = EDGE_CURVE ( 'NONE', #6188, #3818, #4886, .T. ) ;
#6929 = EDGE_CURVE ( 'NONE', #9438, #5745, #2652, .T. ) ;
#6930 = VECTOR ( 'NONE', #8599, 1000.000000000000000 ) ;
#6931 = ORIENTED_EDGE ( 'NONE', *, *, #7662, .F. ) ;
#6932 = CARTESIAN_POINT ( 'NONE',  ( -20.57400000000000162, 8.509000000000000341, -1.270000000000001128 ) ) ;
#6933 = ADVANCED_FACE ( 'NONE', ( #6348 ), #1309, .F. ) ;
#6934 = DIRECTION ( 'NONE',  ( 0.000000000000000000, 2.449293598294710852E-16, -1.000000000000000000 ) ) ;
#6935 = EDGE_CURVE ( 'NONE', #6216, #3482, #627, .T. ) ;
#6936 = ORIENTED_EDGE ( 'NONE', *, *, #7674, .F. ) ;
#6937 = DIRECTION ( 'NONE',  ( 0.000000000000000000, 0.9659258262890699775, 0.2588190451025145222 ) ) ;
#6938 = ORIENTED_EDGE ( 'NONE', *, *, #2102, .F. ) ;
#6939 = CARTESIAN_POINT ( 'NONE',  ( 18.66900000000000048, 8.064500000000000668, -0.3810000000000032250 ) ) ;
#6940 = AXIS2_PLACEMENT_3D ( 'NONE', #6145, #1719, #3001 ) ;
#6941 = DIRECTION ( 'NONE',  ( 0.000000000000000000, 0.000000000000000000, -1.000000000000000000 ) ) ;
#6942 = DIRECTION ( 'NONE',  ( 0.000000000000000000, 0.000000000000000000, 1.000000000000000000 ) ) ;
#6943 = VECTOR ( 'NONE', #7929, 1000.000000000000000 ) ;
#6944 = ORIENTED_EDGE ( 'NONE', *, *, #1046, .F. ) ;
#6945 = ORIENTED_EDGE ( 'NONE', *, *, #9282, .T. ) ;
#6946 = DIRECTION ( 'NONE',  ( 0.000000000000000000, -1.000000000000000000, -2.548365665731588345E-16 ) ) ;
#6947 = EDGE_CURVE ( 'NONE', #4255, #4878, #9474, .T. ) ;
#6948 = LINE ( 'NONE', #4039, #5011 ) ;
#6949 = EDGE_LOOP ( 'NONE', ( #7227, #8214, #3282, #7372, #862, #6238, #7703, #1144 ) ) ;
#6950 = EDGE_CURVE ( 'NONE', #1204, #1580, #7860, .T. ) ;
#6951 =( NAMED_UNIT ( * ) SI_UNIT ( $, .STERADIAN. ) SOLID_ANGLE_UNIT ( ) );
#6952 = PLANE ( 'NONE',  #6918 ) ;
#6953 = CARTESIAN_POINT ( 'NONE',  ( 11.04899999999999949, 8.064500000000000668, -0.3810000000000032250 ) ) ;
#6954 = SURFACE_STYLE_FILL_AREA ( #9295 ) ;
#6955 = CARTESIAN_POINT ( 'NONE',  ( -5.080000000000000959, 0.5080000000000002292, -0.7528818102449945648 ) ) ;
#6956 = AXIS2_PLACEMENT_3D ( 'NONE', #2379, #1505, #921 ) ;
#6957 = DIRECTION ( 'NONE',  ( 0.000000000000000000, 0.9659258262890700886, -0.2588190451025140781 ) ) ;
#6958 = VERTEX_POINT ( 'NONE', #2844 ) ;
#6959 = LINE ( 'NONE', #2490, #2753 ) ;
#6960 = VERTEX_POINT ( 'NONE', #8747 ) ;
#6961 = EDGE_CURVE ( 'NONE', #5331, #9067, #4992, .T. ) ;
#6962 = CARTESIAN_POINT ( 'NONE',  ( -11.04900000000000126, 7.239000000000000767, 0.3809999999999953979 ) ) ;
#6963 = PLANE ( 'NONE',  #2903 ) ;
#6964 = CARTESIAN_POINT ( 'NONE',  ( -17.78000000000000114, 8.509000000000000341, -0.8255000000000044524 ) ) ;
#6965 = ORIENTED_EDGE ( 'NONE', *, *, #7160, .T. ) ;
#6966 = ORIENTED_EDGE ( 'NONE', *, *, #6424, .F. ) ;
#6967 = DIRECTION ( 'NONE',  ( -0.5773502691896253980, -0.5773502691896255090, -0.5773502691896263972 ) ) ;
#6968 = EDGE_CURVE ( 'NONE', #4672, #228, #4264, .T. ) ;
#6969 = ORIENTED_EDGE ( 'NONE', *, *, #5151, .F. ) ;
#6970 = CARTESIAN_POINT ( 'NONE',  ( -19.17699999999999960, 7.810500000000000220, -0.1270000000000029716 ) ) ;
#6971 = EDGE_LOOP ( 'NONE', ( #7900, #2199, #3145, #4312 ) ) ;
#6972 = CARTESIAN_POINT ( 'NONE',  ( 20.32000000000000028, 8.509000000000000341, -1.270000000000001128 ) ) ;
#6973 = DIRECTION ( 'NONE',  ( 0.000000000000000000, 1.733406087350420004E-16, -1.000000000000000000 ) ) ;
#6974 = PLANE ( 'NONE',  #9432 ) ;
#6975 = VECTOR ( 'NONE', #1473, 1000.000000000000000 ) ;
#6976 = ORIENTED_EDGE ( 'NONE', *, *, #5823, .F. ) ;
#6977 = EDGE_CURVE ( 'NONE', #4, #9583, #4941, .T. ) ;
#6978 = CARTESIAN_POINT ( 'NONE',  ( -12.69999999999999929, -1.925929944387235853E-31, 0.8889999999999991243 ) ) ;
#6979 = CARTESIAN_POINT ( 'NONE',  ( 0.000000000000000000, 2.177422008883992879E-16, -0.8890000000000013447 ) ) ;
#6980 = EDGE_CURVE ( 'NONE', #2570, #4570, #2082, .T. ) ;
#6981 = ORIENTED_EDGE ( 'NONE', *, *, #3764, .T. ) ;
#6982 = LINE ( 'NONE', #4122, #2195 ) ;
#6983 = ORIENTED_EDGE ( 'NONE', *, *, #2681, .F. ) ;
#6984 = CARTESIAN_POINT ( 'NONE',  ( 0.3810000000000000053, 0.5079999999999997851, 0.2032000000000010465 ) ) ;
#6985 = CARTESIAN_POINT ( 'NONE',  ( 10.16000000000000192, 8.509000000000000341, -1.270000000000001128 ) ) ;
#6986 = CARTESIAN_POINT ( 'NONE',  ( -1.650999999999999801, 8.064500000000000668, 0.3809999999999955644 ) ) ;
#6987 = VECTOR ( 'NONE', #1311, 1000.000000000000000 ) ;
#6988 = ORIENTED_EDGE ( 'NONE', *, *, #7282, .T. ) ;
#6989 = VERTEX_POINT ( 'NONE', #3591 ) ;
#6990 = DIRECTION ( 'NONE',  ( -0.5773502691896253980, 0.5773502691896253980, -0.5773502691896266192 ) ) ;
#6991 = DIRECTION ( 'NONE',  ( -0.000000000000000000, 0.000000000000000000, -1.000000000000000000 ) ) ;
#6992 = ORIENTED_EDGE ( 'NONE', *, *, #1624, .F. ) ;
#6993 = DIRECTION ( 'NONE',  ( 1.000000000000000000, 0.000000000000000000, 0.000000000000000000 ) ) ;
#6994 = VECTOR ( 'NONE', #6243, 1000.000000000000000 ) ;
#6995 = CARTESIAN_POINT ( 'NONE',  ( -20.57400000000000162, 8.509000000000000341, -1.270000000000001128 ) ) ;
#6996 = LINE ( 'NONE', #7783, #5986 ) ;
#6997 = CARTESIAN_POINT ( 'NONE',  ( 0.000000000000000000, 0.000000000000000000, 1.269999999999998908 ) ) ;
#6998 = CARTESIAN_POINT ( 'NONE',  ( -5.969000000000000306, 8.064500000000000668, 0.3809999999999953979 ) ) ;
#6999 = AXIS2_PLACEMENT_3D ( 'NONE', #3794, #6797, #9219 ) ;
#7000 = CARTESIAN_POINT ( 'NONE',  ( -13.58900000000000041, 7.239000000000000767, 0.3809999999999953979 ) ) ;
#7001 = VERTEX_POINT ( 'NONE', #8790 ) ;
#7002 = DIRECTION ( 'NONE',  ( 0.000000000000000000, -1.000000000000000000, -2.548365665731588345E-16 ) ) ;
#7003 = AXIS2_PLACEMENT_3D ( 'NONE', #5780, #829, #4364 ) ;
#7004 = ORIENTED_EDGE ( 'NONE', *, *, #1182, .T. ) ;
#7005 = CARTESIAN_POINT ( 'NONE',  ( 2.540000000000000480, 8.509000000000000341, 1.270000000000001128 ) ) ;
#7006 = LINE ( 'NONE', #4054, #3843 ) ;
#7007 = VECTOR ( 'NONE', #930, 1000.000000000000000 ) ;
#7008 = CARTESIAN_POINT ( 'NONE',  ( 10.16000000000000192, 8.509000000000000341, 1.270000000000001128 ) ) ;
#7009 = VECTOR ( 'NONE', #9037, 1000.000000000000000 ) ;
#7010 = EDGE_CURVE ( 'NONE', #5826, #5464, #5093, .T. ) ;
#7011 = ORIENTED_EDGE ( 'NONE', *, *, #1515, .T. ) ;
#7012 = VERTEX_POINT ( 'NONE', #1212 ) ;
#7013 = CARTESIAN_POINT ( 'NONE',  ( 2.540000000000000480, 0.000000000000000000, 1.269999999999998908 ) ) ;
#7014 = VECTOR ( 'NONE', #5703, 1000.000000000000000 ) ;
#7015 = ORIENTED_EDGE ( 'NONE', *, *, #7787, .F. ) ;
#7016 = CARTESIAN_POINT ( 'NONE',  ( -1.650999999999999801, 7.239000000000000767, 0.3809999999999953979 ) ) ;
#7017 = VECTOR ( 'NONE', #4542, 999.9999999999998863 ) ;
#7018 = ORIENTED_EDGE ( 'NONE', *, *, #4069, .T. ) ;
#7019 = CARTESIAN_POINT ( 'NONE',  ( 6.731000000000000760, 7.239000000000000767, 0.3809999999999953979 ) ) ;
#7020 = PLANE ( 'NONE',  #238 ) ;
#7021 = DIRECTION ( 'NONE',  ( 1.000000000000000000, 0.000000000000000000, -0.000000000000000000 ) ) ;
#7022 =( GEOMETRIC_REPRESENTATION_CONTEXT ( 3 ) GLOBAL_UNCERTAINTY_ASSIGNED_CONTEXT ( ( #3732 ) ) GLOBAL_UNIT_ASSIGNED_CONTEXT ( ( #2914, #5885, #2097 ) ) REPRESENTATION_CONTEXT ( 'NONE', 'WORKASPACE' ) );
#7023 = ORIENTED_EDGE ( 'NONE', *, *, #7516, .F. ) ;
#7024 = CONTEXT_DEPENDENT_SHAPE_REPRESENTATION ( #5146, #9066 ) ;
#7025 = CARTESIAN_POINT ( 'NONE',  ( -15.24000000000000021, 0.000000000000000000, 0.000000000000000000 ) ) ;
#7026 = CARTESIAN_POINT ( 'NONE',  ( 4.635500000000000398, 8.509000000000000341, -0.8255000000000044524 ) ) ;
#7027 = EDGE_LOOP ( 'NONE', ( #8723, #1109, #211, #8454 ) ) ;
#7028 = LINE ( 'NONE', #6162, #2645 ) ;
#7029 = ORIENTED_EDGE ( 'NONE', *, *, #5593, .F. ) ;
#7030 = DIRECTION ( 'NONE',  ( 0.000000000000000000, 1.000000000000000000, 0.000000000000000000 ) ) ;
#7031 = CARTESIAN_POINT ( 'NONE',  ( -2.540000000000000480, 8.509000000000000341, -1.270000000000001128 ) ) ;
#7032 = PRODUCT_DEFINITION_SHAPE ( 'NONE', 'NONE',  #9627 ) ;
#7033 = CARTESIAN_POINT ( 'NONE',  ( -20.57400000000000162, 8.509000000000000341, -1.270000000000001128 ) ) ;
#7034 = EDGE_CURVE ( 'NONE', #1295, #6091, #78, .T. ) ;
#7035 = EDGE_CURVE ( 'NONE', #5198, #2380, #817, .T. ) ;
#7036 = ORIENTED_EDGE ( 'NONE', *, *, #3302, .T. ) ;
#7037 = EDGE_LOOP ( 'NONE', ( #5658, #3092, #7363, #326, #8467, #7874, #5005, #1440 ) ) ;
#7038 = PLANE ( 'NONE',  #6029 ) ;
#7039 = CARTESIAN_POINT ( 'NONE',  ( 8.509000000000002117, 8.064500000000000668, 0.3809999999999953979 ) ) ;
#7040 = ORIENTED_EDGE ( 'NONE', *, *, #4547, .T. ) ;
#7041 = SURFACE_STYLE_USAGE ( .BOTH. , #442 ) ;
#7042 = CARTESIAN_POINT ( 'NONE',  ( -2.984500000000001041, 8.509000000000000341, 0.8254999999999967919 ) ) ;
#7043 = CARTESIAN_POINT ( 'NONE',  ( 3.429000000000001602, 7.239000000000000767, -0.3810000000000033915 ) ) ;
#7044 = CARTESIAN_POINT ( 'NONE',  ( 17.78000000000000114, 8.509000000000000341, -1.270000000000001128 ) ) ;
#7045 = DIRECTION ( 'NONE',  ( -1.000000000000000000, 0.000000000000000000, 0.000000000000000000 ) ) ;
#7046 = CARTESIAN_POINT ( 'NONE',  ( 10.15999999999999837, -1.925929944387235853E-31, 0.8889999999999991243 ) ) ;
#7047 = EDGE_CURVE ( 'NONE', #6989, #3880, #8885, .T. ) ;
#7048 = MECHANICAL_DESIGN_GEOMETRIC_PRESENTATION_REPRESENTATION (  '', ( #378 ), #1619 ) ;
#7049 = EDGE_CURVE ( 'NONE', #6216, #8231, #7419, .T. ) ;
#7050 = CARTESIAN_POINT ( 'NONE',  ( 18.22450000000000259, 8.509000000000000341, -1.270000000000001128 ) ) ;
#7051 = EDGE_LOOP ( 'NONE', ( #7383, #8801, #574, #1091 ) ) ;
#7052 = LINE ( 'NONE', #6275, #912 ) ;
#7053 = DIRECTION ( 'NONE',  ( 0.3420201433256659929, 0.9396926207859094271, 2.197857363660188298E-16 ) ) ;
#7054 = EDGE_LOOP ( 'NONE', ( #185, #2688, #1760, #8414 ) ) ;
#7055 = EDGE_CURVE ( 'NONE', #8959, #7001, #8984, .T. ) ;
#7056 = DIRECTION ( 'NONE',  ( 0.000000000000000000, -0.000000000000000000, -1.000000000000000000 ) ) ;
#7057 = ADVANCED_FACE ( 'NONE', ( #3783, #2171 ), #1578, .F. ) ;
#7058 = VECTOR ( 'NONE', #7732, 1000.000000000000000 ) ;
#7059 = CARTESIAN_POINT ( 'NONE',  ( 20.32000000000000028, 8.509000000000000341, 1.270000000000001128 ) ) ;
#7060 = DIRECTION ( 'NONE',  ( 0.000000000000000000, 0.000000000000000000, 1.000000000000000000 ) ) ;
#7061 = ORIENTED_EDGE ( 'NONE', *, *, #4944, .T. ) ;
#7062 = VERTEX_POINT ( 'NONE', #6736 ) ;
#7063 = FACE_OUTER_BOUND ( 'NONE', #4036, .T. ) ;
#7064 = ORIENTED_EDGE ( 'NONE', *, *, #7369, .F. ) ;
#7065 = CARTESIAN_POINT ( 'NONE',  ( -11.81099999999999994, 7.239000000000000767, 0.3809999999999953979 ) ) ;
#7066 = EDGE_CURVE ( 'NONE', #3051, #1048, #5190, .T. ) ;
#7067 = ORIENTED_EDGE ( 'NONE', *, *, #2185, .T. ) ;
#7068 = DIRECTION ( 'NONE',  ( 0.000000000000000000, -2.449293598294710852E-16, 1.000000000000000000 ) ) ;
#7069 = CARTESIAN_POINT ( 'NONE',  ( -15.24000000000000021, 2.177422008883992879E-16, -0.8890000000000013447 ) ) ;
#7070 = ADVANCED_FACE ( 'NONE', ( #7512 ), #5333, .F. ) ;
#7071 = DIRECTION ( 'NONE',  ( 0.000000000000000000, 0.000000000000000000, 1.000000000000000000 ) ) ;
#7072 =( GEOMETRIC_REPRESENTATION_CONTEXT ( 3 ) GLOBAL_UNCERTAINTY_ASSIGNED_CONTEXT ( ( #5580 ) ) GLOBAL_UNIT_ASSIGNED_CONTEXT ( ( #1810, #7591, #4765 ) ) REPRESENTATION_CONTEXT ( 'NONE', 'WORKASPACE' ) );
#7073 = AXIS2_PLACEMENT_3D ( 'NONE', #672, #2646, #7852 ) ;
#7074 = LINE ( 'NONE', #420, #3986 ) ;
#7075 = VERTEX_POINT ( 'NONE', #1625 ) ;
#7076 = AXIS2_PLACEMENT_3D ( 'NONE', #4561, #8908, #5888 ) ;
#7077 = ITEM_DEFINED_TRANSFORMATION ( 'NONE', 'NONE', #1742,  #4388 ) ;
#7078 = AXIS2_PLACEMENT_3D ( 'NONE', #3114, #1855, #4809 ) ;
#7079 = DIRECTION ( 'NONE',  ( 0.000000000000000000, 0.9659258262890699775, 0.2588190451025145222 ) ) ;
#7080 = ORIENTED_EDGE ( 'NONE', *, *, #3189, .F. ) ;
#7081 = DIRECTION ( 'NONE',  ( -0.000000000000000000, 0.000000000000000000, -1.000000000000000000 ) ) ;
#7082 = ORIENTED_EDGE ( 'NONE', *, *, #5627, .F. ) ;
#7083 = LINE ( 'NONE', #3400, #743 ) ;
#7084 = LINE ( 'NONE', #7031, #3527 ) ;
#7085 = DIRECTION ( 'NONE',  ( 0.000000000000000000, -1.000000000000000000, -1.733406087350420004E-16 ) ) ;
#7086 = VECTOR ( 'NONE', #2461, 1000.000000000000000 ) ;
#7087 = LINE ( 'NONE', #2429, #502 ) ;
#7088 = LINE ( 'NONE', #6359, #4960 ) ;
#7089 = ORIENTED_EDGE ( 'NONE', *, *, #7462, .F. ) ;
#7090 = CARTESIAN_POINT ( 'NONE',  ( -2.540000000000000480, 3.110602869834277161E-16, -1.270000000000001128 ) ) ;
#7091 = CARTESIAN_POINT ( 'NONE',  ( -17.78000000000000114, 2.177422008883992879E-16, -0.8890000000000013447 ) ) ;
#7092 = EDGE_CURVE ( 'NONE', #7394, #1825, #4546, .T. ) ;
#7093 = AXIS2_PLACEMENT_3D ( 'NONE', #2783, #2214, #7211 ) ;
#7094 = ORIENTED_EDGE ( 'NONE', *, *, #8839, .F. ) ;
#7095 = CARTESIAN_POINT ( 'NONE',  ( -9.270999999999999019, 8.064500000000000668, 0.3809999999999955644 ) ) ;
#7096 = AXIS2_PLACEMENT_3D ( 'NONE', #5603, #3910, #8474 ) ;
#7097 = CARTESIAN_POINT ( 'NONE',  ( 16.12900000000000134, 7.239000000000000767, -0.3810000000000033915 ) ) ;
#7098 = DIRECTION ( 'NONE',  ( -1.000000000000000000, 0.000000000000000000, 0.000000000000000000 ) ) ;
#7099 = CARTESIAN_POINT ( 'NONE',  ( 2.540000000000000480, -1.925929944387235853E-31, 0.8889999999999991243 ) ) ;
#7100 = DIRECTION ( 'NONE',  ( 0.9396926207859094271, -0.3420201433256660484, -0.000000000000000000 ) ) ;
#7101 = VECTOR ( 'NONE', #4918, 1000.000000000000000 ) ;
#7102 = EDGE_LOOP ( 'NONE', ( #7751, #2932, #7283, #3920 ) ) ;
#7103 = CARTESIAN_POINT ( 'NONE',  ( 5.080000000000000959, -1.925929944387235853E-31, 0.8889999999999991243 ) ) ;
#7104 = ORIENTED_EDGE ( 'NONE', *, *, #4324, .T. ) ;
#7105 = CARTESIAN_POINT ( 'NONE',  ( -0.3810000000000000053, -2.692399999999995686, 0.2032000000000002693 ) ) ;
#7106 = PLANE ( 'NONE',  #1903 ) ;
#7107 = EDGE_CURVE ( 'NONE', #664, #736, #8247, .T. ) ;
#7108 = CARTESIAN_POINT ( 'NONE',  ( 15.24000000000000021, -1.925929944387235853E-31, 0.8889999999999991243 ) ) ;
#7109 = ORIENTED_EDGE ( 'NONE', *, *, #6538, .F. ) ;
#7110 = PLANE ( 'NONE',  #7795 ) ;
#7111 = AXIS2_PLACEMENT_3D ( 'NONE', #3930, #426, #4022 ) ;
#7112 = ADVANCED_FACE ( 'NONE', ( #8202 ), #4456, .F. ) ;
#7113 = PLANE ( 'NONE',  #248 ) ;
#7114 = CARTESIAN_POINT ( 'NONE',  ( 10.15999999999999837, 0.5080000000000002292, -0.7528818102449945648 ) ) ;
#7115 = ORIENTED_EDGE ( 'NONE', *, *, #7249, .T. ) ;
#7116 = EDGE_LOOP ( 'NONE', ( #635, #8875, #2820, #4308 ) ) ;
#7117 = DIRECTION ( 'NONE',  ( 0.000000000000000000, -1.000000000000000000, 0.000000000000000000 ) ) ;
#7118 = ORIENTED_EDGE ( 'NONE', *, *, #9374, .F. ) ;
#7119 = FACE_OUTER_BOUND ( 'NONE', #9299, .T. ) ;
#7120 = ORIENTED_EDGE ( 'NONE', *, *, #1202, .F. ) ;
#7121 = FACE_OUTER_BOUND ( 'NONE', #8375, .T. ) ;
#7122 = CARTESIAN_POINT ( 'NONE',  ( -0.1961031209927693308, -3.200400000000000134, 0.2032000000000001583 ) ) ;
#7123 = CARTESIAN_POINT ( 'NONE',  ( 7.620000000000001883, 2.177422008883992879E-16, -0.8890000000000013447 ) ) ;
#7124 =( LENGTH_UNIT ( ) NAMED_UNIT ( * ) SI_UNIT ( .MILLI., .METRE. ) );
#7125 = EDGE_CURVE ( 'NONE', #8570, #1301, #26, .T. ) ;
#7126 = ORIENTED_EDGE ( 'NONE', *, *, #707, .F. ) ;
#7127 = CLOSED_SHELL ( 'NONE', ( #5621, #8741, #9142, #2936, #4563, #3483, #6782, #5137, #47, #3287, #8696, #5436, #6631, #3782, #7788, #3318, #5951, #5178, #1781 ) ) ;
#7128 = CARTESIAN_POINT ( 'NONE',  ( 5.969000000000002082, 8.064500000000000668, 0.3809999999999953979 ) ) ;
#7129 = ORIENTED_EDGE ( 'NONE', *, *, #1136, .T. ) ;
#7130 = DIRECTION ( 'NONE',  ( 0.000000000000000000, -0.000000000000000000, -1.000000000000000000 ) ) ;
#7131 = VERTEX_POINT ( 'NONE', #2224 ) ;
#7132 = PLANE ( 'NONE',  #3215 ) ;
#7133 = DIRECTION ( 'NONE',  ( -0.5773502691896253980, -0.5773502691896255090, -0.5773502691896263972 ) ) ;
#7134 = DIRECTION ( 'NONE',  ( -0.000000000000000000, 0.000000000000000000, -1.000000000000000000 ) ) ;
#7135 = ADVANCED_FACE ( 'NONE', ( #8151 ), #2994, .F. ) ;
#7136 = VECTOR ( 'NONE', #8400, 1000.000000000000000 ) ;
#7137 = DIRECTION ( 'NONE',  ( -0.000000000000000000, 0.000000000000000000, 1.000000000000000000 ) ) ;
#7138 = VERTEX_POINT ( 'NONE', #9619 ) ;
#7139 = LINE ( 'NONE', #1413, #7736 ) ;
#7140 = DIRECTION ( 'NONE',  ( -0.000000000000000000, 1.000000000000000000, 1.733406087350420004E-16 ) ) ;
#7141 = EDGE_LOOP ( 'NONE', ( #6810, #6931, #4267, #8500 ) ) ;
#7142 = CARTESIAN_POINT ( 'NONE',  ( 5.969000000000002082, 8.064500000000000668, 0.3809999999999953979 ) ) ;
#7143 = DIRECTION ( 'NONE',  ( 0.000000000000000000, 0.000000000000000000, 1.000000000000000000 ) ) ;
#7144 = DIRECTION ( 'NONE',  ( 0.000000000000000000, 0.000000000000000000, 1.000000000000000000 ) ) ;
#7145 = DIRECTION ( 'NONE',  ( 0.000000000000000000, 0.000000000000000000, 1.000000000000000000 ) ) ;
#7146 = CARTESIAN_POINT ( 'NONE',  ( 7.620000000000001883, 3.110602869834277161E-16, -1.270000000000001128 ) ) ;
#7147 = COLOUR_RGB ( '',0.2509803921568627416, 0.2509803921568627416, 0.2509803921568627416 ) ;
#7148 = DIRECTION ( 'NONE',  ( 0.000000000000000000, 0.9659258262890699775, 0.2588190451025145222 ) ) ;
#7149 = LINE ( 'NONE', #2150, #7946 ) ;
#7150 = VERTEX_POINT ( 'NONE', #5240 ) ;
#7151 = CARTESIAN_POINT ( 'NONE',  ( 16.12900000000000134, 8.064500000000000668, 0.3809999999999953979 ) ) ;
#7152 = VECTOR ( 'NONE', #3249, 1000.000000000000000 ) ;
#7153 = DIRECTION ( 'NONE',  ( 0.000000000000000000, -1.440069553722777130E-16, 1.000000000000000000 ) ) ;
#7154 = CARTESIAN_POINT ( 'NONE',  ( -5.079999999999999183, 8.509000000000000341, -1.270000000000001128 ) ) ;
#7155 = ORIENTED_EDGE ( 'NONE', *, *, #4792, .F. ) ;
#7156 = DIRECTION ( 'NONE',  ( 0.000000000000000000, 0.9659258262890699775, 0.2588190451025145222 ) ) ;
#7157 = LINE ( 'NONE', #5705, #8952 ) ;
#7158 = DIRECTION ( 'NONE',  ( 0.000000000000000000, -1.000000000000000000, -2.548365665731588345E-16 ) ) ;
#7159 = VECTOR ( 'NONE', #9515, 1000.000000000000000 ) ;
#7160 = EDGE_CURVE ( 'NONE', #5133, #4457, #1537, .T. ) ;
#7161 = ADVANCED_FACE ( 'NONE', ( #7465 ), #6010, .F. ) ;
#7162 = EDGE_LOOP ( 'NONE', ( #5346, #1826, #801, #6560 ) ) ;
#7163 = ORIENTED_EDGE ( 'NONE', *, *, #5648, .F. ) ;
#7164 = LINE ( 'NONE', #1871, #907 ) ;
#7165 = ORIENTED_EDGE ( 'NONE', *, *, #8090, .T. ) ;
#7166 = PLANE ( 'NONE',  #8395 ) ;
#7167 = VECTOR ( 'NONE', #3009, 1000.000000000000000 ) ;
#7168 = ORIENTED_EDGE ( 'NONE', *, *, #2519, .T. ) ;
#7169 = DIRECTION ( 'NONE',  ( 0.000000000000000000, -1.733406087350420004E-16, 1.000000000000000000 ) ) ;
#7170 = LINE ( 'NONE', #3438, #1721 ) ;
#7171 = VECTOR ( 'NONE', #6635, 1000.000000000000000 ) ;
#7172 = FACE_OUTER_BOUND ( 'NONE', #5390, .T. ) ;
#7173 = FILL_AREA_STYLE_COLOUR ( '', #5852 ) ;
#7174 = AXIS2_PLACEMENT_3D ( 'NONE', #3389, #9368, #3336 ) ;
#7175 = ORIENTED_EDGE ( 'NONE', *, *, #1966, .F. ) ;
#7176 = VECTOR ( 'NONE', #1443, 1000.000000000000000 ) ;
#7177 = ITEM_DEFINED_TRANSFORMATION ( 'NONE', 'NONE', #5793,  #4388 ) ;
#7178 = DIRECTION ( 'NONE',  ( 1.000000000000000000, 0.000000000000000000, -0.000000000000000000 ) ) ;
#7179 = ORIENTED_EDGE ( 'NONE', *, *, #911, .F. ) ;
#7180 = CARTESIAN_POINT ( 'NONE',  ( 20.32000000000000028, 8.509000000000000341, 1.270000000000001128 ) ) ;
#7181 = EDGE_CURVE ( 'NONE', #8522, #5900, #7371, .T. ) ;
#7182 = VERTEX_POINT ( 'NONE', #3871 ) ;
#7183 = AXIS2_PLACEMENT_3D ( 'NONE', #8514, #4858, #7473 ) ;
#7184 = CARTESIAN_POINT ( 'NONE',  ( -15.24000000000000021, 0.000000000000000000, 1.269999999999998908 ) ) ;
#7185 = DIRECTION ( 'NONE',  ( -0.000000000000000000, 1.000000000000000000, 1.733406087350420004E-16 ) ) ;
#7186 = AXIS2_PLACEMENT_3D ( 'NONE', #3075, #8967, #1565 ) ;
#7187 = DIRECTION ( 'NONE',  ( 1.000000000000000000, 0.000000000000000000, 0.000000000000000000 ) ) ;
#7188 = DIRECTION ( 'NONE',  ( 0.000000000000000000, -0.9659258262890699775, -0.2588190451025145222 ) ) ;
#7189 = CARTESIAN_POINT ( 'NONE',  ( 16.89099999999999824, 7.239000000000000767, -0.3810000000000033915 ) ) ;
#7190 = EDGE_LOOP ( 'NONE', ( #8277, #1629, #1666, #8924 ) ) ;
#7191 = CARTESIAN_POINT ( 'NONE',  ( 8.509000000000002117, 7.239000000000000767, 0.3809999999999953979 ) ) ;
#7192 = LINE ( 'NONE', #6412, #2223 ) ;
#7193 = VERTEX_POINT ( 'NONE', #8485 ) ;
#7194 = CARTESIAN_POINT ( 'NONE',  ( -12.69999999999999929, 8.509000000000000341, -1.270000000000001128 ) ) ;
#7195 = CARTESIAN_POINT ( 'NONE',  ( -13.97000000000000064, 0.000000000000000000, 0.000000000000000000 ) ) ;
#7196 = CARTESIAN_POINT ( 'NONE',  ( 12.69999999999999929, 0.5080000000000002292, -0.7528818102449945648 ) ) ;
#7197 = CARTESIAN_POINT ( 'NONE',  ( 14.35099999999999909, 8.064500000000000668, -0.3810000000000032250 ) ) ;
#7198 = ADVANCED_FACE ( 'NONE', ( #219 ), #3181, .F. ) ;
#7199 = DIRECTION ( 'NONE',  ( 0.000000000000000000, 1.440069553722777130E-16, -1.000000000000000000 ) ) ;
#7200 = PRODUCT_DEFINITION_SHAPE ( 'NONE', 'NONE',  #9623 ) ;
#7201 = CARTESIAN_POINT ( 'NONE',  ( -15.24000000000000021, 3.110602869834277161E-16, -1.270000000000001128 ) ) ;
#7202 = ORIENTED_EDGE ( 'NONE', *, *, #6431, .F. ) ;
#7203 = LINE ( 'NONE', #5746, #6169 ) ;
#7204 = CARTESIAN_POINT ( 'NONE',  ( 17.78000000000000114, 0.000000000000000000, 1.269999999999998908 ) ) ;
#7205 = CARTESIAN_POINT ( 'NONE',  ( 7.620000000000001883, 0.000000000000000000, 1.269999999999998908 ) ) ;
#7206 = ORIENTED_EDGE ( 'NONE', *, *, #2230, .T. ) ;
#7207 = PLANE ( 'NONE',  #1737 ) ;
#7208 = CARTESIAN_POINT ( 'NONE',  ( -9.270999999999999019, 8.064500000000000668, -0.3810000000000032250 ) ) ;
#7209 = ORIENTED_EDGE ( 'NONE', *, *, #1236, .F. ) ;
#7210 = ORIENTED_EDGE ( 'NONE', *, *, #8388, .T. ) ;
#7211 = DIRECTION ( 'NONE',  ( 0.000000000000000000, -2.449293598294710852E-16, 1.000000000000000000 ) ) ;
#7212 = DIRECTION ( 'NONE',  ( 0.000000000000000000, 0.9659258262890699775, 0.2588190451025145222 ) ) ;
#7213 = EDGE_LOOP ( 'NONE', ( #1717, #7919, #1307, #1509 ) ) ;
#7214 = AXIS2_PLACEMENT_3D ( 'NONE', #4799, #434, #7134 ) ;
#7215 = EDGE_CURVE ( 'NONE', #8190, #3618, #1005, .T. ) ;
#7216 = EDGE_LOOP ( 'NONE', ( #9466, #1518, #1321, #6824 ) ) ;
#7217 = DIRECTION ( 'NONE',  ( -0.000000000000000000, 1.000000000000000000, 0.000000000000000000 ) ) ;
#7218 = CARTESIAN_POINT ( 'NONE',  ( 0.000000000000000000, 0.000000000000000000, 0.000000000000000000 ) ) ;
#7219 = CARTESIAN_POINT ( 'NONE',  ( -14.35099999999999909, 8.064500000000000668, -0.3810000000000032250 ) ) ;
#7220 = CARTESIAN_POINT ( 'NONE',  ( -2.540000000000000480, 0.000000000000000000, 1.269999999999998908 ) ) ;
#7221 = AXIS2_PLACEMENT_3D ( 'NONE', #986, #3858, #4623 ) ;
#7222 = VERTEX_POINT ( 'NONE', #4830 ) ;
#7223 = CARTESIAN_POINT ( 'NONE',  ( 17.78000000000000114, 0.000000000000000000, 0.000000000000000000 ) ) ;
#7224 = EDGE_CURVE ( 'NONE', #5856, #3310, #2597, .T. ) ;
#7225 = EDGE_LOOP ( 'NONE', ( #5912, #6936, #4229, #6652 ) ) ;
#7226 = CARTESIAN_POINT ( 'NONE',  ( 7.175500000000001322, 8.509000000000000341, 0.8254999999999967919 ) ) ;
#7227 = ORIENTED_EDGE ( 'NONE', *, *, #634, .F. ) ;
#7228 = LINE ( 'NONE', #2656, #9117 ) ;
#7229 = ADVANCED_FACE ( 'NONE', ( #7748 ), #1830, .F. ) ;
#7230 = EDGE_CURVE ( 'NONE', #9085, #1012, #2548, .T. ) ;
#7231 = LINE ( 'NONE', #1166, #8486 ) ;
#7232 = CARTESIAN_POINT ( 'NONE',  ( -7.620000000000000107, -1.925929944387235853E-31, 0.8889999999999991243 ) ) ;
#7233 = MECHANICAL_DESIGN_GEOMETRIC_PRESENTATION_REPRESENTATION (  '', ( #1807 ), #5523 ) ;
#7234 = EDGE_CURVE ( 'NONE', #8919, #6586, #7704, .T. ) ;
#7235 = EDGE_CURVE ( 'NONE', #2116, #7407, #8531, .T. ) ;
#7236 = PLANE ( 'NONE',  #6165 ) ;
#7237 = PLANE ( 'NONE',  #1872 ) ;
#7238 = ORIENTED_EDGE ( 'NONE', *, *, #5127, .T. ) ;
#7239 = PLANE ( 'NONE',  #4167 ) ;
#7240 = CARTESIAN_POINT ( 'NONE',  ( 5.080000000000000959, 0.5080000000000002292, -0.7528818102449945648 ) ) ;
#7241 = VERTEX_POINT ( 'NONE', #9217 ) ;
#7242 = DIRECTION ( 'NONE',  ( 1.000000000000000000, 0.000000000000000000, 0.000000000000000000 ) ) ;
#7243 = PLANE ( 'NONE',  #2734 ) ;
#7244 = VECTOR ( 'NONE', #8503, 1000.000000000000000 ) ;
#7245 = CARTESIAN_POINT ( 'NONE',  ( -17.78000000000000114, 0.5080000000000000071, 0.7528818102449925664 ) ) ;
#7246 = VECTOR ( 'NONE', #1274, 1000.000000000000000 ) ;
#7247 = CARTESIAN_POINT ( 'NONE',  ( -12.70000000000000107, 3.110602869834277161E-16, -1.270000000000001128 ) ) ;
#7248 =( NAMED_UNIT ( * ) PLANE_ANGLE_UNIT ( ) SI_UNIT ( $, .RADIAN. ) );
#7249 = EDGE_CURVE ( 'NONE', #6351, #8556, #9263, .T. ) ;
#7250 = LINE ( 'NONE', #3470, #6545 ) ;
#7251 = VECTOR ( 'NONE', #9352, 1000.000000000000000 ) ;
#7252 = EDGE_CURVE ( 'NONE', #2135, #1103, #1874, .T. ) ;
#7253 = VECTOR ( 'NONE', #6352, 1000.000000000000000 ) ;
#7254 = ORIENTED_EDGE ( 'NONE', *, *, #3813, .F. ) ;
#7255 = FACE_OUTER_BOUND ( 'NONE', #6048, .T. ) ;
#7256 = DIRECTION ( 'NONE',  ( 0.000000000000000000, -1.733406087350420004E-16, 1.000000000000000000 ) ) ;
#7257 = CARTESIAN_POINT ( 'NONE',  ( -12.69999999999999929, 0.000000000000000000, 1.269999999999998908 ) ) ;
#7258 = ORIENTED_EDGE ( 'NONE', *, *, #3710, .F. ) ;
#7259 = FACE_OUTER_BOUND ( 'NONE', #6648, .T. ) ;
#7260 = DIRECTION ( 'NONE',  ( 0.000000000000000000, 1.000000000000000000, -5.054934237236841843E-31 ) ) ;
#7261 = DIRECTION ( 'NONE',  ( -1.000000000000000000, -0.000000000000000000, -0.000000000000000000 ) ) ;
#7262 = CARTESIAN_POINT ( 'NONE',  ( 10.16000000000000192, 8.509000000000000341, -1.270000000000001128 ) ) ;
#7263 = VECTOR ( 'NONE', #9165, 1000.000000000000000 ) ;
#7264 = EDGE_CURVE ( 'NONE', #2481, #4446, #6239, .T. ) ;
#7265 = ORIENTED_EDGE ( 'NONE', *, *, #4433, .F. ) ;
#7266 = ORIENTED_EDGE ( 'NONE', *, *, #6256, .F. ) ;
#7267 = LINE ( 'NONE', #564, #6022 ) ;
#7268 = VECTOR ( 'NONE', #351, 1000.000000000000000 ) ;
#7269 = DIRECTION ( 'NONE',  ( 0.000000000000000000, 1.440069553722777130E-16, -1.000000000000000000 ) ) ;
#7270 = ORIENTED_EDGE ( 'NONE', *, *, #6825, .F. ) ;
#7271 = LINE ( 'NONE', #6389, #173 ) ;
#7272 = DIRECTION ( 'NONE',  ( 0.000000000000000000, 1.000000000000000000, 2.449293598294710852E-16 ) ) ;
#7273 = LINE ( 'NONE', #8099, #8969 ) ;
#7274 = VECTOR ( 'NONE', #6946, 1000.000000000000000 ) ;
#7275 = EDGE_LOOP ( 'NONE', ( #6722, #1254, #7505, #4108, #7522, #4442, #4100, #269 ) ) ;
#7276 = DIRECTION ( 'NONE',  ( 0.000000000000000000, -1.000000000000000000, -1.733406087350420004E-16 ) ) ;
#7277 = ORIENTED_EDGE ( 'NONE', *, *, #8554, .T. ) ;
#7278 = CARTESIAN_POINT ( 'NONE',  ( 15.24000000000000021, 0.5080000000000002292, -0.7528818102449945648 ) ) ;
#7279 = LINE ( 'NONE', #3083, #8188 ) ;
#7280 = DIRECTION ( 'NONE',  ( 1.000000000000000000, 0.000000000000000000, 0.000000000000000000 ) ) ;
#7281 = CARTESIAN_POINT ( 'NONE',  ( -7.620000000000000107, 0.000000000000000000, 1.269999999999998908 ) ) ;
#7282 = EDGE_CURVE ( 'NONE', #8671, #8231, #2458, .T. ) ;
#7283 = ORIENTED_EDGE ( 'NONE', *, *, #7841, .F. ) ;
#7284 = DIRECTION ( 'NONE',  ( 0.000000000000000000, 0.000000000000000000, -1.000000000000000000 ) ) ;
#7285 = EDGE_CURVE ( 'NONE', #2628, #5194, #1674, .T. ) ;
#7286 = CARTESIAN_POINT ( 'NONE',  ( -19.43100000000000094, 7.239000000000000767, -0.3810000000000033915 ) ) ;
#7287 = ORIENTED_EDGE ( 'NONE', *, *, #6540, .F. ) ;
#7288 = DIRECTION ( 'NONE',  ( -1.000000000000000000, 0.000000000000000000, 0.000000000000000000 ) ) ;
#7289 = DIRECTION ( 'NONE',  ( 0.000000000000000000, -1.000000000000000000, -2.548365665731588345E-16 ) ) ;
#7290 = ORIENTED_EDGE ( 'NONE', *, *, #7699, .F. ) ;
#7291 = VECTOR ( 'NONE', #1895, 1000.000000000000000 ) ;
#7292 = FACE_OUTER_BOUND ( 'NONE', #7442, .T. ) ;
#7293 = LINE ( 'NONE', #8123, #7530 ) ;
#7294 = DIRECTION ( 'NONE',  ( -0.5773502691896253980, -0.5773502691896255090, -0.5773502691896263972 ) ) ;
#7295 =( LENGTH_UNIT ( ) NAMED_UNIT ( * ) SI_UNIT ( .MILLI., .METRE. ) );
#7296 = VECTOR ( 'NONE', #9373, 1000.000000000000114 ) ;
#7297 = CARTESIAN_POINT ( 'NONE',  ( 20.57400000000000162, 0.000000000000000000, 0.000000000000000000 ) ) ;
#7298 = ORIENTED_EDGE ( 'NONE', *, *, #4494, .F. ) ;
#7299 = CARTESIAN_POINT ( 'NONE',  ( -9.270999999999999019, 7.239000000000000767, 0.3809999999999953979 ) ) ;
#7300 = LINE ( 'NONE', #554, #818 ) ;
#7301 = VERTEX_POINT ( 'NONE', #4010 ) ;
#7302 = CARTESIAN_POINT ( 'NONE',  ( -19.87550000000000239, 8.509000000000000341, -0.8255000000000044524 ) ) ;
#7303 = VECTOR ( 'NONE', #8228, 1000.000000000000000 ) ;
#7304 = EDGE_CURVE ( 'NONE', #5095, #9349, #3133, .T. ) ;
#7305 = LINE ( 'NONE', #4975, #5681 ) ;
#7306 = EDGE_CURVE ( 'NONE', #6188, #9550, #2411, .T. ) ;
#7307 = DIRECTION ( 'NONE',  ( 0.000000000000000000, 1.440069553722777130E-16, -1.000000000000000000 ) ) ;
#7308 =( GEOMETRIC_REPRESENTATION_CONTEXT ( 3 ) GLOBAL_UNCERTAINTY_ASSIGNED_CONTEXT ( ( #5188 ) ) GLOBAL_UNIT_ASSIGNED_CONTEXT ( ( #5737, #4328, #4234 ) ) REPRESENTATION_CONTEXT ( 'NONE', 'WORKASPACE' ) );
#7309 = ORIENTED_EDGE ( 'NONE', *, *, #8683, .F. ) ;
#7310 = ORIENTED_EDGE ( 'NONE', *, *, #7663, .F. ) ;
#7311 = DIRECTION ( 'NONE',  ( -0.000000000000000000, 0.000000000000000000, 1.000000000000000000 ) ) ;
#7312 = CARTESIAN_POINT ( 'NONE',  ( -17.78000000000000114, -1.925929944387235853E-31, 0.8889999999999991243 ) ) ;
#7313 = EDGE_LOOP ( 'NONE', ( #5491, #8096, #4762, #8351 ) ) ;
#7314 =( REPRESENTATION_RELATIONSHIP ('NONE','NONE', #9002, #746 ) REPRESENTATION_RELATIONSHIP_WITH_TRANSFORMATION ( #7177 )SHAPE_REPRESENTATION_RELATIONSHIP( ) );
#7315 = VECTOR ( 'NONE', #1977, 1000.000000000000000 ) ;
#7316 = FACE_OUTER_BOUND ( 'NONE', #8298, .T. ) ;
#7317 = EDGE_CURVE ( 'NONE', #3726, #3039, #4061, .T. ) ;
#7318 = DIRECTION ( 'NONE',  ( 0.000000000000000000, 0.000000000000000000, 1.000000000000000000 ) ) ;
#7319 = VECTOR ( 'NONE', #5635, 1000.000000000000000 ) ;
#7320 = ORIENTED_EDGE ( 'NONE', *, *, #6356, .T. ) ;
#7321 = AXIS2_PLACEMENT_3D ( 'NONE', #2008, #4965, #7926 ) ;
#7322 = CARTESIAN_POINT ( 'NONE',  ( -20.32000000000000028, 2.177422008883992879E-16, -0.8890000000000013447 ) ) ;
#7323 = VERTEX_POINT ( 'NONE', #363 ) ;
#7324 = DIRECTION ( 'NONE',  ( -1.000000000000000000, 0.000000000000000000, 0.000000000000000000 ) ) ;
#7325 = DIRECTION ( 'NONE',  ( -1.000000000000000000, -0.000000000000000000, -0.000000000000000000 ) ) ;
#7326 = DIRECTION ( 'NONE',  ( -0.5773502691896253980, -0.5773502691896255090, -0.5773502691896263972 ) ) ;
#7327 = VECTOR ( 'NONE', #8279, 1000.000000000000000 ) ;
#7328 = CARTESIAN_POINT ( 'NONE',  ( 15.24000000000000021, 0.5080000000000000071, 0.7528818102449925664 ) ) ;
#7329 = VECTOR ( 'NONE', #3663, 1000.000000000000000 ) ;
#7330 = ORIENTED_EDGE ( 'NONE', *, *, #3529, .T. ) ;
#7331 = LINE ( 'NONE', #5195, #9441 ) ;
#7332 = FACE_OUTER_BOUND ( 'NONE', #5107, .T. ) ;
#7333 = ORIENTED_EDGE ( 'NONE', *, *, #3275, .T. ) ;
#7334 = CARTESIAN_POINT ( 'NONE',  ( -1.650999999999999801, 7.239000000000000767, 0.3809999999999953979 ) ) ;
#7335 = DIRECTION ( 'NONE',  ( 1.000000000000000000, 0.000000000000000000, 0.000000000000000000 ) ) ;
#7336 = VERTEX_POINT ( 'NONE', #3334 ) ;
#7337 = CARTESIAN_POINT ( 'NONE',  ( -11.43000000000000149, 0.000000000000000000, 0.000000000000000000 ) ) ;
#7338 = AXIS2_PLACEMENT_3D ( 'NONE', #5443, #6900, #6991 ) ;
#7339 = LINE ( 'NONE', #694, #6006 ) ;
#7340 = EDGE_CURVE ( 'NONE', #2781, #2931, #6103, .T. ) ;
#7341 = PLANE ( 'NONE',  #1487 ) ;
#7342 = LINE ( 'NONE', #3057, #2580 ) ;
#7343 = EDGE_CURVE ( 'NONE', #619, #6958, #8346, .T. ) ;
#7344 = AXIS2_PLACEMENT_3D ( 'NONE', #1858, #6418, #7148 ) ;
#7345 = LINE ( 'NONE', #3659, #5929 ) ;
#7346 = EDGE_LOOP ( 'NONE', ( #7876, #4462, #3313, #4443, #9508, #281, #4057, #9136 ) ) ;
#7347 = CARTESIAN_POINT ( 'NONE',  ( 0.000000000000000000, 0.5080000000000002292, -0.7528818102449945648 ) ) ;
#7348 = CARTESIAN_POINT ( 'NONE',  ( -7.620000000000000107, 0.5080000000000002292, -0.7528818102449945648 ) ) ;
#7349 = VERTEX_POINT ( 'NONE', #1720 ) ;
#7350 = DIRECTION ( 'NONE',  ( -0.5773502691896253980, -0.5773502691896255090, -0.5773502691896263972 ) ) ;
#7351 = FACE_OUTER_BOUND ( 'NONE', #3207, .T. ) ;
#7352 = DIRECTION ( 'NONE',  ( 0.5773502691896253980, 0.5773502691896253980, -0.5773502691896266192 ) ) ;
#7353 = EDGE_CURVE ( 'NONE', #12, #556, #6876, .T. ) ;
#7354 = DIRECTION ( 'NONE',  ( -1.000000000000000000, -0.000000000000000000, -0.000000000000000000 ) ) ;
#7355 = ADVANCED_FACE ( 'NONE', ( #8632 ), #2872, .F. ) ;
#7356 = CARTESIAN_POINT ( 'NONE',  ( 15.68449999999999989, 8.509000000000000341, 0.8254999999999967919 ) ) ;
#7357 = ADVANCED_FACE ( 'NONE', ( #5894 ), #5847, .F. ) ;
#7358 = EDGE_CURVE ( 'NONE', #1963, #8410, #5608, .T. ) ;
#7359 = ORIENTED_EDGE ( 'NONE', *, *, #9615, .T. ) ;
#7360 = EDGE_CURVE ( 'NONE', #5189, #5464, #8916, .T. ) ;
#7361 = ORIENTED_EDGE ( 'NONE', *, *, #1857, .T. ) ;
#7362 = LINE ( 'NONE', #1341, #5392 ) ;
#7363 = ORIENTED_EDGE ( 'NONE', *, *, #5860, .T. ) ;
#7364 = EDGE_CURVE ( 'NONE', #3489, #4345, #4203, .T. ) ;
#7365 = DIRECTION ( 'NONE',  ( -1.000000000000000000, -0.000000000000000000, -0.000000000000000000 ) ) ;
#7366 = CARTESIAN_POINT ( 'NONE',  ( 17.78000000000000114, -1.925929944387235853E-31, 0.8889999999999991243 ) ) ;
#7367 = AXIS2_PLACEMENT_3D ( 'NONE', #3979, #6942, #5301 ) ;
#7368 = ORIENTED_EDGE ( 'NONE', *, *, #5273, .T. ) ;
#7369 = EDGE_CURVE ( 'NONE', #3614, #3238, #2251, .T. ) ;
#7370 = ADVANCED_FACE ( 'NONE', ( #7119 ), #704, .F. ) ;
#7371 = LINE ( 'NONE', #723, #942 ) ;
#7372 = ORIENTED_EDGE ( 'NONE', *, *, #3325, .F. ) ;
#7373 = CARTESIAN_POINT ( 'NONE',  ( -0.3810000000000000053, 0.5079999999999997851, 0.2032000000000010465 ) ) ;
#7374 = DIRECTION ( 'NONE',  ( -1.000000000000000000, 0.000000000000000000, 0.000000000000000000 ) ) ;
#7375 = VECTOR ( 'NONE', #585, 1000.000000000000114 ) ;
#7376 = PRESENTATION_STYLE_ASSIGNMENT (( #2900 ) ) ;
#7377 = ORIENTED_EDGE ( 'NONE', *, *, #1191, .F. ) ;
#7378 = CARTESIAN_POINT ( 'NONE',  ( -7.620000000000000107, 2.177422008883992879E-16, -0.8890000000000013447 ) ) ;
#7379 = DIRECTION ( 'NONE',  ( 0.000000000000000000, 0.000000000000000000, 1.000000000000000000 ) ) ;
#7380 = VECTOR ( 'NONE', #4043, 1000.000000000000000 ) ;
#7381 = ORIENTED_EDGE ( 'NONE', *, *, #3632, .T. ) ;
#7382 = DIRECTION ( 'NONE',  ( -1.000000000000000000, 0.000000000000000000, -0.000000000000000000 ) ) ;
#7383 = ORIENTED_EDGE ( 'NONE', *, *, #1691, .T. ) ;
#7384 = ORIENTED_EDGE ( 'NONE', *, *, #2312, .F. ) ;
#7385 = CARTESIAN_POINT ( 'NONE',  ( 3.429000000000001602, 8.064500000000000668, 0.3809999999999953979 ) ) ;
#7386 = ORIENTED_EDGE ( 'NONE', *, *, #9080, .T. ) ;
#7387 = CARTESIAN_POINT ( 'NONE',  ( 11.04899999999999949, 7.239000000000000767, 0.3809999999999953979 ) ) ;
#7388 = LINE ( 'NONE', #1374, #6908 ) ;
#7389 = LINE ( 'NONE', #5207, #104 ) ;
#7390 = DIRECTION ( 'NONE',  ( -1.000000000000000000, -0.000000000000000000, -0.000000000000000000 ) ) ;
#7391 = PRESENTATION_LAYER_ASSIGNMENT (  '', '', ( #1807 ) ) ;
#7392 = DIRECTION ( 'NONE',  ( 0.000000000000000000, 1.000000000000000000, 0.000000000000000000 ) ) ;
#7393 = EDGE_CURVE ( 'NONE', #5562, #2380, #1926, .T. ) ;
#7394 = VERTEX_POINT ( 'NONE', #7802 ) ;
#7395 = CARTESIAN_POINT ( 'NONE',  ( 17.78000000000000114, 0.5080000000000000071, 0.7528818102449925664 ) ) ;
#7396 = FACE_OUTER_BOUND ( 'NONE', #6225, .T. ) ;
#7397 = VECTOR ( 'NONE', #838, 1000.000000000000000 ) ;
#7398 = ORIENTED_EDGE ( 'NONE', *, *, #9557, .T. ) ;
#7399 = LINE ( 'NONE', #468, #4978 ) ;
#7400 = CARTESIAN_POINT ( 'NONE',  ( -17.78000000000000114, 8.509000000000000341, -1.270000000000001128 ) ) ;
#7401 = DIRECTION ( 'NONE',  ( 0.000000000000000000, -0.9659258262890700886, 0.2588190451025140781 ) ) ;
#7402 = ORIENTED_EDGE ( 'NONE', *, *, #5878, .F. ) ;
#7403 = DIRECTION ( 'NONE',  ( 0.000000000000000000, 1.000000000000000000, -5.054934237236841843E-31 ) ) ;
#7404 = LINE ( 'NONE', #3721, #5332 ) ;
#7405 = ADVANCED_FACE ( 'NONE', ( #2641 ), #7166, .F. ) ;
#7406 = ORIENTED_EDGE ( 'NONE', *, *, #998, .T. ) ;
#7407 = VERTEX_POINT ( 'NONE', #5171 ) ;
#7408 = LINE ( 'NONE', #2835, #1660 ) ;
#7409 = DIRECTION ( 'NONE',  ( 0.000000000000000000, 2.548365665731588345E-16, -1.000000000000000000 ) ) ;
#7410 = EDGE_CURVE ( 'NONE', #3726, #2135, #6624, .T. ) ;
#7411 = VERTEX_POINT ( 'NONE', #659 ) ;
#7412 = VECTOR ( 'NONE', #955, 1000.000000000000000 ) ;
#7413 = LINE ( 'NONE', #5134, #9365 ) ;
#7414 = DIRECTION ( 'NONE',  ( 1.000000000000000000, 0.000000000000000000, 0.000000000000000000 ) ) ;
#7415 = ADVANCED_FACE ( 'NONE', ( #3619 ), #7898, .F. ) ;
#7416 = PRODUCT_DEFINITION_CONTEXT ( 'detailed design', #3964, 'design' ) ;
#7417 = VECTOR ( 'NONE', #1519, 1000.000000000000000 ) ;
#7418 = EDGE_LOOP ( 'NONE', ( #3445, #3459, #6274, #6693 ) ) ;
#7419 = LINE ( 'NONE', #773, #6357 ) ;
#7420 = EDGE_LOOP ( 'NONE', ( #8224, #6035, #2983, #8976, #450, #6016, #4554, #5709 ) ) ;
#7421 = SURFACE_STYLE_USAGE ( .BOTH. , #863 ) ;
#7422 = VECTOR ( 'NONE', #6262, 1000.000000000000000 ) ;
#7423 = LINE ( 'NONE', #682, #8800 ) ;
#7424 = EDGE_CURVE ( 'NONE', #3815, #8556, #7399, .T. ) ;
#7425 = EDGE_CURVE ( 'NONE', #1606, #3039, #6577, .T. ) ;
#7426 = ORIENTED_EDGE ( 'NONE', *, *, #6211, .T. ) ;
#7427 = CARTESIAN_POINT ( 'NONE',  ( -16.38300000000000267, 7.810500000000001108, 0.1269999999999957552 ) ) ;
#7428 = DIRECTION ( 'NONE',  ( 0.000000000000000000, 0.000000000000000000, 1.000000000000000000 ) ) ;
#7429 = LINE ( 'NONE', #8211, #2974 ) ;
#7430 = EDGE_LOOP ( 'NONE', ( #7040, #6846, #792, #8901 ) ) ;
#7431 = DIRECTION ( 'NONE',  ( 0.000000000000000000, 0.000000000000000000, -1.000000000000000000 ) ) ;
#7432 = VERTEX_POINT ( 'NONE', #9602 ) ;
#7433 = DIRECTION ( 'NONE',  ( -1.000000000000000000, 0.000000000000000000, 0.000000000000000000 ) ) ;
#7434 = DIRECTION ( 'NONE',  ( 0.000000000000000000, -0.9659258262890700886, 0.2588190451025140781 ) ) ;
#7435 = PLANE ( 'NONE',  #5534 ) ;
#7436 = DIRECTION ( 'NONE',  ( 0.000000000000000000, 5.054934237236841843E-31, 1.000000000000000000 ) ) ;
#7437 = LINE ( 'NONE', #5837, #8177 ) ;
#7438 = PLANE ( 'NONE',  #8301 ) ;
#7439 = EDGE_CURVE ( 'NONE', #4362, #6919, #2926, .T. ) ;
#7440 = CARTESIAN_POINT ( 'NONE',  ( 18.66900000000000048, 8.064500000000000668, 0.3809999999999955644 ) ) ;
#7441 = ORIENTED_EDGE ( 'NONE', *, *, #9470, .T. ) ;
#7442 = EDGE_LOOP ( 'NONE', ( #815, #8759, #2071, #1155 ) ) ;
#7443 = DIRECTION ( 'NONE',  ( -0.000000000000000000, 0.000000000000000000, -1.000000000000000000 ) ) ;
#7444 = DIRECTION ( 'NONE',  ( -0.000000000000000000, 1.000000000000000000, 1.440069553722777130E-16 ) ) ;
#7445 = VERTEX_POINT ( 'NONE', #6671 ) ;
#7446 = LINE ( 'NONE', #7586, #7610 ) ;
#7447 = DIRECTION ( 'NONE',  ( 0.000000000000000000, 0.9659258262890700886, -0.2588190451025140781 ) ) ;
#7448 = LINE ( 'NONE', #5897, #7531 ) ;
#7449 = VERTEX_POINT ( 'NONE', #413 ) ;
#7450 = CARTESIAN_POINT ( 'NONE',  ( 7.620000000000001883, 3.110602869834277161E-16, -1.270000000000001128 ) ) ;
#7451 = AXIS2_PLACEMENT_3D ( 'NONE', #6594, #2894, #8102 ) ;
#7452 = DIRECTION ( 'NONE',  ( 0.000000000000000000, 0.000000000000000000, -1.000000000000000000 ) ) ;
#7453 = EDGE_CURVE ( 'NONE', #6784, #2609, #3387, .T. ) ;
#7454 = ORIENTED_EDGE ( 'NONE', *, *, #2603, .F. ) ;
#7455 = VERTEX_POINT ( 'NONE', #4161 ) ;
#7456 = CARTESIAN_POINT ( 'NONE',  ( -12.69999999999999929, 0.000000000000000000, 1.269999999999998908 ) ) ;
#7457 = VECTOR ( 'NONE', #531, 1000.000000000000000 ) ;
#7458 = ORIENTED_EDGE ( 'NONE', *, *, #7035, .T. ) ;
#7459 = CARTESIAN_POINT ( 'NONE',  ( -9.270999999999999019, 7.239000000000000767, -0.3810000000000033915 ) ) ;
#7460 = EDGE_CURVE ( 'NONE', #2183, #1963, #1521, .T. ) ;
#7461 = PRESENTATION_LAYER_ASSIGNMENT (  '', '', ( #2033 ) ) ;
#7462 = EDGE_CURVE ( 'NONE', #5156, #5830, #2299, .T. ) ;
#7463 = EDGE_CURVE ( 'NONE', #7150, #4086, #3763, .T. ) ;
#7464 = ORIENTED_EDGE ( 'NONE', *, *, #9187, .T. ) ;
#7465 = FACE_OUTER_BOUND ( 'NONE', #447, .T. ) ;
#7466 = STYLED_ITEM ( 'NONE', ( #2913 ), #7665 ) ;
#7467 = EDGE_LOOP ( 'NONE', ( #9173, #461, #5715, #1267 ) ) ;
#7468 = PRESENTATION_STYLE_ASSIGNMENT (( #7421 ) ) ;
#7469 = SURFACE_STYLE_FILL_AREA ( #2946 ) ;
#7470 = EDGE_CURVE ( 'NONE', #9260, #312, #149, .T. ) ;
#7471 = EDGE_CURVE ( 'NONE', #6212, #734, #5267, .T. ) ;
#7472 = ORIENTED_EDGE ( 'NONE', *, *, #8591, .T. ) ;
#7473 = DIRECTION ( 'NONE',  ( 1.000000000000000000, 0.000000000000000000, 0.000000000000000000 ) ) ;
#7474 = LINE ( 'NONE', #2907, #5933 ) ;
#7475 = ORIENTED_EDGE ( 'NONE', *, *, #4495, .F. ) ;
#7476 = EDGE_CURVE ( 'NONE', #2034, #2283, #5310, .T. ) ;
#7477 = DIRECTION ( 'NONE',  ( -0.000000000000000000, 0.000000000000000000, 1.000000000000000000 ) ) ;
#7478 = ORIENTED_EDGE ( 'NONE', *, *, #3673, .F. ) ;
#7479 = ORIENTED_EDGE ( 'NONE', *, *, #7055, .F. ) ;
#7480 = CARTESIAN_POINT ( 'NONE',  ( -20.32000000000000028, 3.110602869834277161E-16, -1.270000000000001128 ) ) ;
#7481 = LINE ( 'NONE', #835, #8253 ) ;
#7482 = AXIS2_PLACEMENT_3D ( 'NONE', #381, #4654, #1025 ) ;
#7483 = DIRECTION ( 'NONE',  ( 0.000000000000000000, 0.000000000000000000, -1.000000000000000000 ) ) ;
#7484 = LINE ( 'NONE', #5114, #1642 ) ;
#7485 = VECTOR ( 'NONE', #4982, 1000.000000000000000 ) ;
#7486 = PLANE ( 'NONE',  #3341 ) ;
#7487 = VECTOR ( 'NONE', #6490, 1000.000000000000000 ) ;
#7488 = LINE ( 'NONE', #3712, #2209 ) ;
#7489 = ORIENTED_EDGE ( 'NONE', *, *, #8612, .T. ) ;
#7490 = ORIENTED_EDGE ( 'NONE', *, *, #6220, .F. ) ;
#7491 = CARTESIAN_POINT ( 'NONE',  ( -0.4445000000000004503, 8.509000000000000341, -0.8255000000000044524 ) ) ;
#7492 = VECTOR ( 'NONE', #2810, 1000.000000000000000 ) ;
#7493 = DIRECTION ( 'NONE',  ( 0.9396926207859094271, 0.3420201433256660484, 0.000000000000000000 ) ) ;
#7494 = ORIENTED_EDGE ( 'NONE', *, *, #8245, .F. ) ;
#7495 = LINE ( 'NONE', #846, #5907 ) ;
#7496 = EDGE_CURVE ( 'NONE', #179, #403, #8278, .T. ) ;
#7497 = DIRECTION ( 'NONE',  ( 0.000000000000000000, 0.000000000000000000, -1.000000000000000000 ) ) ;
#7498 = LINE ( 'NONE', #4386, #6913 ) ;
#7499 = EDGE_LOOP ( 'NONE', ( #2802, #5128, #4583, #1685 ) ) ;
#7500 = PLANE ( 'NONE',  #3033 ) ;
#7501 = LINE ( 'NONE', #3073, #4128 ) ;
#7502 = AXIS2_PLACEMENT_3D ( 'NONE', #7920, #8807, #1272 ) ;
#7503 = CARTESIAN_POINT ( 'NONE',  ( 9.271000000000000796, 7.239000000000000767, 0.3809999999999953979 ) ) ;
#7504 = AXIS2_PLACEMENT_3D ( 'NONE', #1434, #4389, #3672 ) ;
#7505 = ORIENTED_EDGE ( 'NONE', *, *, #769, .T. ) ;
#7506 = ORIENTED_EDGE ( 'NONE', *, *, #3632, .F. ) ;
#7507 = CARTESIAN_POINT ( 'NONE',  ( 15.24000000000000021, 2.177422008883992879E-16, -0.8890000000000013447 ) ) ;
#7508 = EDGE_LOOP ( 'NONE', ( #8989, #8730, #3646, #8596 ) ) ;
#7509 = CARTESIAN_POINT ( 'NONE',  ( -14.35099999999999909, 8.064500000000000668, 0.3809999999999955644 ) ) ;
#7510 = VERTEX_POINT ( 'NONE', #106 ) ;
#7511 = EDGE_CURVE ( 'NONE', #5095, #7747, #3067, .T. ) ;
#7512 = FACE_OUTER_BOUND ( 'NONE', #6851, .T. ) ;
#7513 = ORIENTED_EDGE ( 'NONE', *, *, #541, .F. ) ;
#7514 =( NAMED_UNIT ( * ) PLANE_ANGLE_UNIT ( ) SI_UNIT ( $, .RADIAN. ) );
#7515 = EDGE_LOOP ( 'NONE', ( #384, #3406, #7896, #978, #5319, #8944, #1683, #8356 ) ) ;
#7516 = EDGE_CURVE ( 'NONE', #7449, #4490, #2395, .T. ) ;
#7517 = DIRECTION ( 'NONE',  ( 0.000000000000000000, 0.000000000000000000, 1.000000000000000000 ) ) ;
#7518 = ORIENTED_EDGE ( 'NONE', *, *, #2536, .T. ) ;
#7519 = CARTESIAN_POINT ( 'NONE',  ( -11.04900000000000126, 7.239000000000000767, -0.3810000000000033915 ) ) ;
#7520 = ADVANCED_FACE ( 'NONE', ( #1698 ), #6036, .F. ) ;
#7521 = ADVANCED_FACE ( 'NONE', ( #6175 ), #4571, .F. ) ;
#7522 = ORIENTED_EDGE ( 'NONE', *, *, #9523, .T. ) ;
#7523 = LINE ( 'NONE', #5389, #5599 ) ;
#7524 = VECTOR ( 'NONE', #2626, 1000.000000000000000 ) ;
#7525 = DIRECTION ( 'NONE',  ( 0.000000000000000000, 1.000000000000000000, 2.548365665731588345E-16 ) ) ;
#7526 = CARTESIAN_POINT ( 'NONE',  ( -5.079999999999999183, 0.5080000000000002292, -0.7528818102449945648 ) ) ;
#7527 = PLANE ( 'NONE',  #7076 ) ;
#7528 = DIRECTION ( 'NONE',  ( -1.000000000000000000, -0.000000000000000000, -0.000000000000000000 ) ) ;
#7529 = EDGE_CURVE ( 'NONE', #5946, #7789, #8960, .T. ) ;
#7530 = VECTOR ( 'NONE', #2862, 1000.000000000000000 ) ;
#7531 = VECTOR ( 'NONE', #8087, 1000.000000000000000 ) ;
#7532 = DIRECTION ( 'NONE',  ( 0.000000000000000000, 1.000000000000000000, 2.548365665731588345E-16 ) ) ;
#7533 = ORIENTED_EDGE ( 'NONE', *, *, #4807, .F. ) ;
#7534 = ORIENTED_EDGE ( 'NONE', *, *, #579, .T. ) ;
#7535 = DIRECTION ( 'NONE',  ( 0.000000000000000000, 2.449293598294710852E-16, -1.000000000000000000 ) ) ;
#7536 = ORIENTED_EDGE ( 'NONE', *, *, #8664, .T. ) ;
#7537 = DIRECTION ( 'NONE',  ( -0.000000000000000000, 1.000000000000000000, 1.733406087350420004E-16 ) ) ;
#7538 = CARTESIAN_POINT ( 'NONE',  ( 0.000000000000000000, 0.5080000000000000071, 0.7528818102449925664 ) ) ;
#7539 = CARTESIAN_POINT ( 'NONE',  ( 0.000000000000000000, -1.925929944387235853E-31, 0.8889999999999991243 ) ) ;
#7540 = ORIENTED_EDGE ( 'NONE', *, *, #1503, .T. ) ;
#7541 = VECTOR ( 'NONE', #3810, 1000.000000000000000 ) ;
#7542 = DIRECTION ( 'NONE',  ( -0.5773502691896253980, -0.5773502691896255090, -0.5773502691896263972 ) ) ;
#7543 = CARTESIAN_POINT ( 'NONE',  ( -14.35099999999999909, 8.064500000000000668, -0.3810000000000032250 ) ) ;
#7544 = LINE ( 'NONE', #5316, #1597 ) ;
#7545 = EDGE_CURVE ( 'NONE', #1541, #352, #6902, .T. ) ;
#7546 = VECTOR ( 'NONE', #6800, 1000.000000000000000 ) ;
#7547 = VERTEX_POINT ( 'NONE', #3160 ) ;
#7548 = ORIENTED_EDGE ( 'NONE', *, *, #1842, .F. ) ;
#7549 = DIRECTION ( 'NONE',  ( 0.000000000000000000, 1.440069553722777130E-16, -1.000000000000000000 ) ) ;
#7550 = ORIENTED_EDGE ( 'NONE', *, *, #7577, .F. ) ;
#7551 = CARTESIAN_POINT ( 'NONE',  ( 2.540000000000000480, -1.925929944387235853E-31, 0.8889999999999991243 ) ) ;
#7552 = DIRECTION ( 'NONE',  ( 1.000000000000000000, 0.000000000000000000, 0.000000000000000000 ) ) ;
#7553 = PRESENTATION_LAYER_ASSIGNMENT (  '', '', ( #2891 ) ) ;
#7554 = PRODUCT_DEFINITION ( 'UNKNOWN', '', #9519, #7416 ) ;
#7555 = EDGE_CURVE ( 'NONE', #9056, #1280, #3805, .T. ) ;
#7556 = ORIENTED_EDGE ( 'NONE', *, *, #4137, .F. ) ;
#7557 = VECTOR ( 'NONE', #2737, 1000.000000000000000 ) ;
#7558 = VECTOR ( 'NONE', #6650, 1000.000000000000000 ) ;
#7559 = CARTESIAN_POINT ( 'NONE',  ( -10.16000000000000014, 0.000000000000000000, 1.269999999999998908 ) ) ;
#7560 = ORIENTED_EDGE ( 'NONE', *, *, #898, .T. ) ;
#7561 =( NAMED_UNIT ( * ) SI_UNIT ( $, .STERADIAN. ) SOLID_ANGLE_UNIT ( ) );
#7562 = SURFACE_STYLE_USAGE ( .BOTH. , #6193 ) ;
#7563 = EDGE_CURVE ( 'NONE', #88, #2268, #8326, .T. ) ;
#7564 = VECTOR ( 'NONE', #7800, 1000.000000000000000 ) ;
#7565 = VERTEX_POINT ( 'NONE', #4619 ) ;
#7566 = APPLICATION_PROTOCOL_DEFINITION ( 'draft international standard', 'automotive_design', 1998, #8625 ) ;
#7567 = PLANE ( 'NONE',  #2060 ) ;
#7568 = DIRECTION ( 'NONE',  ( 0.000000000000000000, -5.054934237236841843E-31, -1.000000000000000000 ) ) ;
#7569 = VECTOR ( 'NONE', #808, 1000.000000000000000 ) ;
#7570 = ORIENTED_EDGE ( 'NONE', *, *, #8335, .F. ) ;
#7571 = DIRECTION ( 'NONE',  ( -1.000000000000000000, -0.000000000000000000, -0.000000000000000000 ) ) ;
#7572 = FACE_OUTER_BOUND ( 'NONE', #2222, .T. ) ;
#7573 = ORIENTED_EDGE ( 'NONE', *, *, #9253, .T. ) ;
#7574 = CARTESIAN_POINT ( 'NONE',  ( -15.24000000000000021, 0.5080000000000000071, 0.7528818102449925664 ) ) ;
#7575 = FACE_OUTER_BOUND ( 'NONE', #5801, .T. ) ;
#7576 =( NAMED_UNIT ( * ) SI_UNIT ( $, .STERADIAN. ) SOLID_ANGLE_UNIT ( ) );
#7577 = EDGE_CURVE ( 'NONE', #3888, #8580, #7446, .T. ) ;
#7578 = UNCERTAINTY_MEASURE_WITH_UNIT (LENGTH_MEASURE( 1.000000000000000082E-05 ), #7295, 'distance_accuracy_value', 'NONE');
#7579 = ADVANCED_FACE ( 'NONE', ( #1559 ), #3943, .F. ) ;
#7580 = DIRECTION ( 'NONE',  ( -1.000000000000000000, -0.000000000000000000, -0.000000000000000000 ) ) ;
#7581 = EDGE_LOOP ( 'NONE', ( #1328, #563, #591, #3182 ) ) ;
#7582 = VERTEX_POINT ( 'NONE', #3021 ) ;
#7583 = FACE_OUTER_BOUND ( 'NONE', #7799, .T. ) ;
#7584 = DIRECTION ( 'NONE',  ( 0.000000000000000000, -5.054934237236841843E-31, -1.000000000000000000 ) ) ;
#7585 = EDGE_LOOP ( 'NONE', ( #4815, #2852, #2883, #6506 ) ) ;
#7586 = CARTESIAN_POINT ( 'NONE',  ( -20.57400000000000162, -1.925929944387235853E-31, 0.8889999999999991243 ) ) ;
#7587 = CARTESIAN_POINT ( 'NONE',  ( 17.78000000000000114, 8.509000000000000341, 1.270000000000001128 ) ) ;
#7588 = DIRECTION ( 'NONE',  ( 1.000000000000000000, -0.000000000000000000, -0.000000000000000000 ) ) ;
#7589 = VERTEX_POINT ( 'NONE', #5993 ) ;
#7590 = DIRECTION ( 'NONE',  ( -0.000000000000000000, -0.7071067811865482389, -0.7071067811865467956 ) ) ;
#7591 =( NAMED_UNIT ( * ) PLANE_ANGLE_UNIT ( ) SI_UNIT ( $, .RADIAN. ) );
#7592 = LINE ( 'NONE', #1037, #7653 ) ;
#7593 = EDGE_LOOP ( 'NONE', ( #7677, #9163, #5908, #8937 ) ) ;
#7594 = EDGE_LOOP ( 'NONE', ( #9608, #8322, #3767, #5339 ) ) ;
#7595 = PLANE ( 'NONE',  #8663 ) ;
#7596 = ORIENTED_EDGE ( 'NONE', *, *, #8948, .F. ) ;
#7597 = EDGE_CURVE ( 'NONE', #628, #3359, #7495, .T. ) ;
#7598 = ADVANCED_FACE ( 'NONE', ( #1129 ), #1750, .F. ) ;
#7599 = DIRECTION ( 'NONE',  ( 0.000000000000000000, 0.9659258262890700886, -0.2588190451025140781 ) ) ;
#7600 = LINE ( 'NONE', #6822, #9054 ) ;
#7601 = MANIFOLD_SOLID_BREP ( 'LPattern1[1]', #4798 ) ;
#7602 = VECTOR ( 'NONE', #4781, 1000.000000000000000 ) ;
#7603 = ORIENTED_EDGE ( 'NONE', *, *, #1713, .T. ) ;
#7604 = ORIENTED_EDGE ( 'NONE', *, *, #1780, .T. ) ;
#7605 = FACE_OUTER_BOUND ( 'NONE', #796, .T. ) ;
#7606 = CARTESIAN_POINT ( 'NONE',  ( -10.16000000000000014, 3.110602869834277161E-16, -1.270000000000001128 ) ) ;
#7607 = ORIENTED_EDGE ( 'NONE', *, *, #1464, .T. ) ;
#7608 = CARTESIAN_POINT ( 'NONE',  ( -18.66900000000000048, 8.064500000000000668, 0.3809999999999955644 ) ) ;
#7609 = EDGE_CURVE ( 'NONE', #3661, #3494, #3460, .T. ) ;
#7610 = VECTOR ( 'NONE', #3894, 1000.000000000000000 ) ;
#7611 = PLANE ( 'NONE',  #7838 ) ;
#7612 = CARTESIAN_POINT ( 'NONE',  ( -13.58900000000000041, 8.064500000000000668, -0.3810000000000032250 ) ) ;
#7613 = ORIENTED_EDGE ( 'NONE', *, *, #760, .T. ) ;
#7614 = PLANE ( 'NONE',  #3616 ) ;
#7615 = LINE ( 'NONE', #3292, #7890 ) ;
#7616 = VERTEX_POINT ( 'NONE', #9240 ) ;
#7617 = CARTESIAN_POINT ( 'NONE',  ( 2.540000000000000480, 8.509000000000000341, -1.270000000000001128 ) ) ;
#7618 = ORIENTED_EDGE ( 'NONE', *, *, #6220, .T. ) ;
#7619 = PLANE ( 'NONE',  #4449 ) ;
#7620 = DIRECTION ( 'NONE',  ( 0.000000000000000000, -1.000000000000000000, -1.733406087350420004E-16 ) ) ;
#7621 = CARTESIAN_POINT ( 'NONE',  ( 15.24000000000000021, 0.000000000000000000, 1.269999999999998908 ) ) ;
#7622 = DIRECTION ( 'NONE',  ( -1.000000000000000000, -0.000000000000000000, -0.000000000000000000 ) ) ;
#7623 = EDGE_LOOP ( 'NONE', ( #3804, #5882, #3418, #8397 ) ) ;
#7624 = ORIENTED_EDGE ( 'NONE', *, *, #3756, .F. ) ;
#7625 = FACE_OUTER_BOUND ( 'NONE', #4111, .T. ) ;
#7626 = VECTOR ( 'NONE', #8366, 1000.000000000000000 ) ;
#7627 = CARTESIAN_POINT ( 'NONE',  ( 0.000000000000000000, 0.000000000000000000, 1.269999999999998908 ) ) ;
#7628 = EDGE_CURVE ( 'NONE', #7994, #9038, #8608, .T. ) ;
#7629 = ORIENTED_EDGE ( 'NONE', *, *, #1306, .T. ) ;
#7630 = DIRECTION ( 'NONE',  ( 0.000000000000000000, -1.000000000000000000, -2.548365665731588345E-16 ) ) ;
#7631 = DIRECTION ( 'NONE',  ( -1.000000000000000000, 0.000000000000000000, 0.000000000000000000 ) ) ;
#7632 = DIRECTION ( 'NONE',  ( 1.000000000000000000, 0.000000000000000000, -0.000000000000000000 ) ) ;
#7633 = MANIFOLD_SOLID_BREP ( 'LPattern1[6]', #9008 ) ;
#7634 = CARTESIAN_POINT ( 'NONE',  ( 7.620000000000000107, 7.239000000000000767, -2.201425730935033664E-16 ) ) ;
#7635 = LINE ( 'NONE', #6178, #8430 ) ;
#7636 = VECTOR ( 'NONE', #4661, 1000.000000000000000 ) ;
#7637 = VECTOR ( 'NONE', #1411, 1000.000000000000000 ) ;
#7638 = DIRECTION ( 'NONE',  ( 1.000000000000000000, 0.000000000000000000, 0.000000000000000000 ) ) ;
#7639 = ORIENTED_EDGE ( 'NONE', *, *, #67, .F. ) ;
#7640 = LINE ( 'NONE', #3953, #8827 ) ;
#7641 = EDGE_CURVE ( 'NONE', #1455, #725, #6364, .T. ) ;
#7642 = EDGE_LOOP ( 'NONE', ( #2995, #2313, #5362, #8273 ) ) ;
#7643 = EDGE_CURVE ( 'NONE', #5812, #3168, #7875, .T. ) ;
#7644 = EDGE_CURVE ( 'NONE', #8447, #1497, #7729, .T. ) ;
#7645 = DIRECTION ( 'NONE',  ( 0.000000000000000000, 0.000000000000000000, 1.000000000000000000 ) ) ;
#7646 = VECTOR ( 'NONE', #8525, 1000.000000000000000 ) ;
#7647 = DIRECTION ( 'NONE',  ( -0.000000000000000000, 1.000000000000000000, 1.733406087350420004E-16 ) ) ;
#7648 = MANIFOLD_SOLID_BREP ( 'LPattern1[2]', #2773 ) ;
#7649 = EDGE_CURVE ( 'NONE', #88, #2436, #2000, .T. ) ;
#7650 = EDGE_CURVE ( 'NONE', #1428, #3969, #4135, .T. ) ;
#7651 = ORIENTED_EDGE ( 'NONE', *, *, #4593, .T. ) ;
#7652 = ORIENTED_EDGE ( 'NONE', *, *, #5925, .F. ) ;
#7653 = VECTOR ( 'NONE', #3995, 1000.000000000000000 ) ;
#7654 = CARTESIAN_POINT ( 'NONE',  ( 11.55699999999999861, 7.810500000000000220, -0.1270000000000029716 ) ) ;
#7655 = CARTESIAN_POINT ( 'NONE',  ( -12.70000000000000107, 0.000000000000000000, 1.269999999999998908 ) ) ;
#7656 = PRODUCT_DEFINITION_SHAPE ( 'NONE', 'NONE',  #9624 ) ;
#7657 = ORIENTED_EDGE ( 'NONE', *, *, #4084, .F. ) ;
#7658 =( NAMED_UNIT ( * ) PLANE_ANGLE_UNIT ( ) SI_UNIT ( $, .RADIAN. ) );
#7659 = CARTESIAN_POINT ( 'NONE',  ( -19.43100000000000094, 7.239000000000000767, 0.3809999999999953979 ) ) ;
#7660 = CARTESIAN_POINT ( 'NONE',  ( -16.12900000000000134, 8.064500000000000668, 0.3809999999999953979 ) ) ;
#7661 = EDGE_CURVE ( 'NONE', #1027, #8580, #3563, .T. ) ;
#7662 = EDGE_CURVE ( 'NONE', #9462, #7062, #5786, .T. ) ;
#7663 = EDGE_CURVE ( 'NONE', #5698, #6958, #8763, .T. ) ;
#7664 = VERTEX_POINT ( 'NONE', #7976 ) ;
#7665 = MANIFOLD_SOLID_BREP ( 'LPattern1[15]', #9473 ) ;
#7666 = DIRECTION ( 'NONE',  ( 0.000000000000000000, -1.000000000000000000, -1.733406087350420004E-16 ) ) ;
#7667 = CARTESIAN_POINT ( 'NONE',  ( 0.3810000000000000053, 0.5079999999999997851, 0.2032000000000010465 ) ) ;
#7668 = ORIENTED_EDGE ( 'NONE', *, *, #7010, .T. ) ;
#7669 = PLANE ( 'NONE',  #3754 ) ;
#7670 = ORIENTED_EDGE ( 'NONE', *, *, #268, .F. ) ;
#7671 = DIRECTION ( 'NONE',  ( 0.000000000000000000, 2.548365665731588345E-16, -1.000000000000000000 ) ) ;
#7672 = LINE ( 'NONE', #2471, #7244 ) ;
#7673 = CARTESIAN_POINT ( 'NONE',  ( 0.000000000000000000, 0.5080000000000000071, 0.7528818102449925664 ) ) ;
#7674 = EDGE_CURVE ( 'NONE', #9189, #2258, #8852, .T. ) ;
#7675 = CARTESIAN_POINT ( 'NONE',  ( 13.58900000000000041, 8.064500000000000668, 0.3809999999999953979 ) ) ;
#7676 = VECTOR ( 'NONE', #237, 1000.000000000000000 ) ;
#7677 = ORIENTED_EDGE ( 'NONE', *, *, #6961, .T. ) ;
#7678 = EDGE_LOOP ( 'NONE', ( #9043, #208, #7377, #6901 ) ) ;
#7679 = CARTESIAN_POINT ( 'NONE',  ( 16.63700000000000045, 7.810500000000001108, 0.1269999999999957552 ) ) ;
#7680 = FACE_OUTER_BOUND ( 'NONE', #1458, .T. ) ;
#7681 = ORIENTED_EDGE ( 'NONE', *, *, #5001, .T. ) ;
#7682 =( NAMED_UNIT ( * ) PLANE_ANGLE_UNIT ( ) SI_UNIT ( $, .RADIAN. ) );
#7683 = LINE ( 'NONE', #3361, #1446 ) ;
#7684 = DIRECTION ( 'NONE',  ( -1.000000000000000000, -0.000000000000000000, -0.000000000000000000 ) ) ;
#7685 = PLANE ( 'NONE',  #5053 ) ;
#7686 = FACE_OUTER_BOUND ( 'NONE', #7792, .T. ) ;
#7687 = DIRECTION ( 'NONE',  ( 0.000000000000000000, 1.000000000000000000, 2.548365665731588345E-16 ) ) ;
#7688 = AXIS2_PLACEMENT_3D ( 'NONE', #4185, #1133, #6417 ) ;
#7689 = ADVANCED_FACE ( 'NONE', ( #4280 ), #5111, .F. ) ;
#7690 = LINE ( 'NONE', #398, #2659 ) ;
#7691 = ORIENTED_EDGE ( 'NONE', *, *, #2496, .T. ) ;
#7692 = LINE ( 'NONE', #1915, #7268 ) ;
#7693 = ORIENTED_EDGE ( 'NONE', *, *, #7049, .F. ) ;
#7694 = LINE ( 'NONE', #1818, #4077 ) ;
#7695 = LINE ( 'NONE', #6870, #3381 ) ;
#7696 = LINE ( 'NONE', #4633, #2832 ) ;
#7697 = ADVANCED_FACE ( 'NONE', ( #2716 ), #8069, .F. ) ;
#7698 = AXIS2_PLACEMENT_3D ( 'NONE', #7734, #5495, #3220 ) ;
#7699 = EDGE_CURVE ( 'NONE', #3050, #7301, #8119, .T. ) ;
#7700 = ORIENTED_EDGE ( 'NONE', *, *, #7264, .F. ) ;
#7701 = ORIENTED_EDGE ( 'NONE', *, *, #8065, .F. ) ;
#7702 = DIRECTION ( 'NONE',  ( 0.000000000000000000, 1.000000000000000000, 1.733406087350420004E-16 ) ) ;
#7703 = ORIENTED_EDGE ( 'NONE', *, *, #5626, .F. ) ;
#7704 = LINE ( 'NONE', #1053, #9319 ) ;
#7705 = VECTOR ( 'NONE', #584, 1000.000000000000000 ) ;
#7706 = VERTEX_POINT ( 'NONE', #1271 ) ;
#7707 = LINE ( 'NONE', #2600, #1273 ) ;
#7708 = LINE ( 'NONE', #9222, #397 ) ;
#7709 = VECTOR ( 'NONE', #1348, 1000.000000000000000 ) ;
#7710 = VECTOR ( 'NONE', #5324, 1000.000000000000000 ) ;
#7711 = VERTEX_POINT ( 'NONE', #5010 ) ;
#7712 = DIRECTION ( 'NONE',  ( 0.000000000000000000, -2.449293598294710852E-16, 1.000000000000000000 ) ) ;
#7713 = DIRECTION ( 'NONE',  ( 0.000000000000000000, 0.2588190451025145222, -0.9659258262890699775 ) ) ;
#7714 = VERTEX_POINT ( 'NONE', #923 ) ;
#7715 = ORIENTED_EDGE ( 'NONE', *, *, #8314, .F. ) ;
#7716 = PLANE ( 'NONE',  #8242 ) ;
#7717 = ADVANCED_FACE ( 'NONE', ( #9086 ), #3793, .F. ) ;
#7718 = EDGE_LOOP ( 'NONE', ( #4415, #4009, #9021, #5990 ) ) ;
#7719 = DIRECTION ( 'NONE',  ( 0.000000000000000000, -0.9659258262890699775, -0.2588190451025145222 ) ) ;
#7720 = VECTOR ( 'NONE', #5779, 1000.000000000000000 ) ;
#7721 = DIRECTION ( 'NONE',  ( 0.000000000000000000, 0.000000000000000000, -1.000000000000000000 ) ) ;
#7722 = DIRECTION ( 'NONE',  ( -0.000000000000000000, 1.000000000000000000, 1.733406087350420004E-16 ) ) ;
#7723 = VECTOR ( 'NONE', #5843, 1000.000000000000000 ) ;
#7724 = VERTEX_POINT ( 'NONE', #1595 ) ;
#7725 = ORIENTED_EDGE ( 'NONE', *, *, #1894, .T. ) ;
#7726 = CARTESIAN_POINT ( 'NONE',  ( 10.16000000000000192, 2.177422008883992879E-16, -0.8890000000000013447 ) ) ;
#7727 = CARTESIAN_POINT ( 'NONE',  ( 11.04899999999999949, 7.239000000000000767, 0.3809999999999953979 ) ) ;
#7728 = VERTEX_POINT ( 'NONE', #3881 ) ;
#7729 = LINE ( 'NONE', #1227, #4812 ) ;
#7730 = ORIENTED_EDGE ( 'NONE', *, *, #2087, .T. ) ;
#7731 = LINE ( 'NONE', #5449, #4736 ) ;
#7732 = DIRECTION ( 'NONE',  ( 0.000000000000000000, 0.000000000000000000, 1.000000000000000000 ) ) ;
#7733 = EDGE_CURVE ( 'NONE', #3888, #4489, #8996, .T. ) ;
#7734 = CARTESIAN_POINT ( 'NONE',  ( 2.540000000000000480, 0.000000000000000000, 1.269999999999998908 ) ) ;
#7735 = CARTESIAN_POINT ( 'NONE',  ( 15.24000000000000021, 8.509000000000000341, 1.270000000000001128 ) ) ;
#7736 = VECTOR ( 'NONE', #7871, 1000.000000000000000 ) ;
#7737 = CARTESIAN_POINT ( 'NONE',  ( -17.78000000000000114, 0.000000000000000000, 1.269999999999998908 ) ) ;
#7738 = ORIENTED_EDGE ( 'NONE', *, *, #6038, .F. ) ;
#7739 = PLANE ( 'NONE',  #8045 ) ;
#7740 = ORIENTED_EDGE ( 'NONE', *, *, #8983, .F. ) ;
#7741 = DIRECTION ( 'NONE',  ( 0.000000000000000000, 1.000000000000000000, 0.000000000000000000 ) ) ;
#7742 = DIRECTION ( 'NONE',  ( 0.000000000000000000, 0.000000000000000000, 1.000000000000000000 ) ) ;
#7743 = DIRECTION ( 'NONE',  ( -1.000000000000000000, 0.000000000000000000, 0.000000000000000000 ) ) ;
#7744 = ORIENTED_EDGE ( 'NONE', *, *, #4804, .F. ) ;
#7745 = ORIENTED_EDGE ( 'NONE', *, *, #1293, .T. ) ;
#7746 = LINE ( 'NONE', #6333, #5091 ) ;
#7747 = VERTEX_POINT ( 'NONE', #3052 ) ;
#7748 = FACE_OUTER_BOUND ( 'NONE', #3762, .T. ) ;
#7749 = CLOSED_SHELL ( 'NONE', ( #8435, #7882, #885, #575, #7520, #1357, #9083, #2723, #2018, #2497, #9328, #1292, #2057, #868, #3496, #5040, #6099, #1748, #6208 ) ) ;
#7750 = EDGE_CURVE ( 'NONE', #3029, #159, #6796, .T. ) ;
#7751 = ORIENTED_EDGE ( 'NONE', *, *, #3587, .F. ) ;
#7752 = FACE_OUTER_BOUND ( 'NONE', #5141, .T. ) ;
#7753 = DIRECTION ( 'NONE',  ( 0.000000000000000000, -1.000000000000000000, 0.000000000000000000 ) ) ;
#7754 = EDGE_CURVE ( 'NONE', #3634, #1996, #8216, .T. ) ;
#7755 = PLANE ( 'NONE',  #5821 ) ;
#7756 = EDGE_CURVE ( 'NONE', #5900, #3050, #2422, .T. ) ;
#7757 = DIRECTION ( 'NONE',  ( 0.000000000000000000, 0.000000000000000000, 1.000000000000000000 ) ) ;
#7758 = VECTOR ( 'NONE', #2502, 1000.000000000000000 ) ;
#7759 = ORIENTED_EDGE ( 'NONE', *, *, #35, .F. ) ;
#7760 = FACE_OUTER_BOUND ( 'NONE', #3248, .T. ) ;
#7761 = COLOUR_RGB ( '',0.2509803921568627416, 0.2509803921568627416, 0.2509803921568627416 ) ;
#7762 = VERTEX_POINT ( 'NONE', #4511 ) ;
#7763 = DIRECTION ( 'NONE',  ( -1.000000000000000000, -0.000000000000000000, -0.000000000000000000 ) ) ;
#7764 = EDGE_LOOP ( 'NONE', ( #4953, #6856, #5082, #9337 ) ) ;
#7765 = CARTESIAN_POINT ( 'NONE',  ( -7.620000000000000107, 8.509000000000000341, 1.270000000000001128 ) ) ;
#7766 = ADVANCED_FACE ( 'NONE', ( #5202 ), #5297, .F. ) ;
#7767 = EDGE_CURVE ( 'NONE', #641, #5562, #4558, .T. ) ;
#7768 = CARTESIAN_POINT ( 'NONE',  ( 8.763000000000003453, 7.810500000000000220, -0.1270000000000029716 ) ) ;
#7769 = CARTESIAN_POINT ( 'NONE',  ( 12.69999999999999929, 0.5080000000000000071, 0.7528818102449925664 ) ) ;
#7770 = VECTOR ( 'NONE', #8749, 1000.000000000000000 ) ;
#7771 = EDGE_CURVE ( 'NONE', #2758, #8203, #1507, .T. ) ;
#7772 = EDGE_CURVE ( 'NONE', #9067, #2283, #783, .T. ) ;
#7773 = DIRECTION ( 'NONE',  ( -1.000000000000000000, -0.000000000000000000, -0.000000000000000000 ) ) ;
#7774 = EDGE_CURVE ( 'NONE', #6135, #7193, #7523, .T. ) ;
#7775 = ORIENTED_EDGE ( 'NONE', *, *, #3926, .T. ) ;
#7776 = EDGE_LOOP ( 'NONE', ( #5673, #4242, #8709, #6735 ) ) ;
#7777 = CARTESIAN_POINT ( 'NONE',  ( 12.69999999999999929, 8.509000000000000341, 1.270000000000001128 ) ) ;
#7778 = DIRECTION ( 'NONE',  ( 1.000000000000000000, 0.000000000000000000, 0.000000000000000000 ) ) ;
#7779 = EDGE_LOOP ( 'NONE', ( #6109, #3870, #3833, #8114 ) ) ;
#7780 =( NAMED_UNIT ( * ) SI_UNIT ( $, .STERADIAN. ) SOLID_ANGLE_UNIT ( ) );
#7781 = FILL_AREA_STYLE ('',( #1854 ) ) ;
#7782 = DIRECTION ( 'NONE',  ( -1.000000000000000000, -0.000000000000000000, -0.000000000000000000 ) ) ;
#7783 = CARTESIAN_POINT ( 'NONE',  ( 5.969000000000002082, 7.239000000000000767, 0.3809999999999953979 ) ) ;
#7784 = PLANE ( 'NONE',  #6141 ) ;
#7785 = VECTOR ( 'NONE', #7580, 1000.000000000000000 ) ;
#7786 = CARTESIAN_POINT ( 'NONE',  ( 13.58900000000000041, 7.239000000000000767, 0.3809999999999953979 ) ) ;
#7787 = EDGE_CURVE ( 'NONE', #1349, #6370, #3100, .T. ) ;
#7788 = ADVANCED_FACE ( 'NONE', ( #8357 ), #4469, .F. ) ;
#7789 = VERTEX_POINT ( 'NONE', #2227 ) ;
#7790 = PLANE ( 'NONE',  #3076 ) ;
#7791 = DIRECTION ( 'NONE',  ( 0.000000000000000000, 0.000000000000000000, -1.000000000000000000 ) ) ;
#7792 = EDGE_LOOP ( 'NONE', ( #4063, #4793, #4873, #6112 ) ) ;
#7793 = DIRECTION ( 'NONE',  ( -1.000000000000000000, 0.000000000000000000, 0.000000000000000000 ) ) ;
#7794 = FACE_OUTER_BOUND ( 'NONE', #9559, .T. ) ;
#7795 = AXIS2_PLACEMENT_3D ( 'NONE', #4150, #4101, #7056 ) ;
#7796 = DIRECTION ( 'NONE',  ( 0.000000000000000000, -1.000000000000000000, -1.733406087350420004E-16 ) ) ;
#7797 = VECTOR ( 'NONE', #6107, 1000.000000000000000 ) ;
#7798 = VERTEX_POINT ( 'NONE', #4648 ) ;
#7799 = EDGE_LOOP ( 'NONE', ( #6606, #7115, #3141, #6094 ) ) ;
#7800 = DIRECTION ( 'NONE',  ( -1.000000000000000000, -0.000000000000000000, -0.000000000000000000 ) ) ;
#7801 = ORIENTED_EDGE ( 'NONE', *, *, #6444, .F. ) ;
#7802 = CARTESIAN_POINT ( 'NONE',  ( 2.540000000000000480, 0.5080000000000000071, 0.7528818102449925664 ) ) ;
#7803 = VECTOR ( 'NONE', #3820, 1000.000000000000114 ) ;
#7804 = VERTEX_POINT ( 'NONE', #7617 ) ;
#7805 = LINE ( 'NONE', #9315, #1278 ) ;
#7806 = LINE ( 'NONE', #1878, #6381 ) ;
#7807 = CARTESIAN_POINT ( 'NONE',  ( 15.24000000000000021, 0.5080000000000002292, -0.7528818102449945648 ) ) ;
#7808 = DIRECTION ( 'NONE',  ( -1.000000000000000000, -0.000000000000000000, -0.000000000000000000 ) ) ;
#7809 = ADVANCED_FACE ( 'NONE', ( #969 ), #6748, .F. ) ;
#7810 = ORIENTED_EDGE ( 'NONE', *, *, #6322, .T. ) ;
#7811 = CONTEXT_DEPENDENT_SHAPE_REPRESENTATION ( #4154, #7200 ) ;
#7812 = PLANE ( 'NONE',  #2784 ) ;
#7813 = VERTEX_POINT ( 'NONE', #6659 ) ;
#7814 = CARTESIAN_POINT ( 'NONE',  ( 4.191000000000000725, 8.064500000000000668, 0.3809999999999955644 ) ) ;
#7815 = ORIENTED_EDGE ( 'NONE', *, *, #6380, .T. ) ;
#7816 = DIRECTION ( 'NONE',  ( -1.000000000000000000, -0.000000000000000000, -0.000000000000000000 ) ) ;
#7817 = DIRECTION ( 'NONE',  ( 0.000000000000000000, 0.9659258262890700886, -0.2588190451025140781 ) ) ;
#7818 = FACE_OUTER_BOUND ( 'NONE', #5357, .T. ) ;
#7819 = EDGE_CURVE ( 'NONE', #5201, #2034, #5254, .T. ) ;
#7820 = CARTESIAN_POINT ( 'NONE',  ( 20.32000000000000028, -1.925929944387235853E-31, 0.8889999999999991243 ) ) ;
#7821 = EDGE_CURVE ( 'NONE', #9038, #8829, #1637, .T. ) ;
#7822 = FACE_OUTER_BOUND ( 'NONE', #4353, .T. ) ;
#7823 = EDGE_LOOP ( 'NONE', ( #5797, #38, #7996, #3163 ) ) ;
#7824 = DIRECTION ( 'NONE',  ( 0.000000000000000000, -0.9659258262890699775, -0.2588190451025145222 ) ) ;
#7825 = LINE ( 'NONE', #5687, #3469 ) ;
#7826 = ORIENTED_EDGE ( 'NONE', *, *, #8245, .T. ) ;
#7827 = LINE ( 'NONE', #1177, #3528 ) ;
#7828 = CARTESIAN_POINT ( 'NONE',  ( -16.89099999999999824, 7.239000000000000767, 0.3809999999999953979 ) ) ;
#7829 = DIRECTION ( 'NONE',  ( -0.000000000000000000, 1.000000000000000000, 1.440069553722777130E-16 ) ) ;
#7830 = VECTOR ( 'NONE', #2473, 1000.000000000000000 ) ;
#7831 = LINE ( 'NONE', #7103, #655 ) ;
#7832 = VERTEX_POINT ( 'NONE', #8903 ) ;
#7833 = CARTESIAN_POINT ( 'NONE',  ( 10.16000000000000192, -1.925929944387235853E-31, 0.8889999999999991243 ) ) ;
#7834 = DIRECTION ( 'NONE',  ( 0.000000000000000000, -5.054934237236841843E-31, -1.000000000000000000 ) ) ;
#7835 = LINE ( 'NONE', #7154, #8041 ) ;
#7836 = ORIENTED_EDGE ( 'NONE', *, *, #769, .F. ) ;
#7837 = LINE ( 'NONE', #1865, #5936 ) ;
#7838 = AXIS2_PLACEMENT_3D ( 'NONE', #7659, #5517, #1551 ) ;
#7839 = EDGE_CURVE ( 'NONE', #84, #4484, #6701, .T. ) ;
#7840 = CARTESIAN_POINT ( 'NONE',  ( 20.32000000000000028, 0.000000000000000000, 0.000000000000000000 ) ) ;
#7841 = EDGE_CURVE ( 'NONE', #7813, #6784, #6982, .T. ) ;
#7842 = LINE ( 'NONE', #7114, #3933 ) ;
#7843 = VECTOR ( 'NONE', #571, 1000.000000000000000 ) ;
#7844 = ORIENTED_EDGE ( 'NONE', *, *, #7953, .T. ) ;
#7845 = ORIENTED_EDGE ( 'NONE', *, *, #8477, .T. ) ;
#7846 = DIRECTION ( 'NONE',  ( -0.000000000000000000, 0.2588190451025140781, 0.9659258262890700886 ) ) ;
#7847 = EDGE_LOOP ( 'NONE', ( #6806, #1353, #6372, #8257 ) ) ;
#7848 = CARTESIAN_POINT ( 'NONE',  ( 4.635500000000000398, 8.509000000000000341, -1.270000000000001128 ) ) ;
#7849 = VERTEX_POINT ( 'NONE', #7814 ) ;
#7850 = CARTESIAN_POINT ( 'NONE',  ( -10.16000000000000014, 3.110602869834277161E-16, -1.270000000000001128 ) ) ;
#7851 = LINE ( 'NONE', #4986, #2503 ) ;
#7852 = DIRECTION ( 'NONE',  ( 1.000000000000000000, 0.000000000000000000, -0.000000000000000000 ) ) ;
#7853 = VECTOR ( 'NONE', #3117, 1000.000000000000000 ) ;
#7854 = ADVANCED_FACE ( 'NONE', ( #428 ), #7862, .F. ) ;
#7855 = VECTOR ( 'NONE', #7782, 1000.000000000000000 ) ;
#7856 = DIRECTION ( 'NONE',  ( 0.000000000000000000, 0.000000000000000000, -1.000000000000000000 ) ) ;
#7857 = ORIENTED_EDGE ( 'NONE', *, *, #5918, .T. ) ;
#7858 = AXIS2_PLACEMENT_3D ( 'NONE', #8844, #8106, #8206 ) ;
#7859 = AXIS2_PLACEMENT_3D ( 'NONE', #988, #1550, #1373 ) ;
#7860 = LINE ( 'NONE', #8593, #8233 ) ;
#7861 = ORIENTED_EDGE ( 'NONE', *, *, #670, .T. ) ;
#7862 = PLANE ( 'NONE',  #1879 ) ;
#7863 = ORIENTED_EDGE ( 'NONE', *, *, #3914, .T. ) ;
#7864 = DIRECTION ( 'NONE',  ( 0.000000000000000000, 0.000000000000000000, 1.000000000000000000 ) ) ;
#7865 = FACE_OUTER_BOUND ( 'NONE', #7430, .T. ) ;
#7866 = DIRECTION ( 'NONE',  ( 0.000000000000000000, -1.733406087350420004E-16, 1.000000000000000000 ) ) ;
#7867 = VECTOR ( 'NONE', #3841, 1000.000000000000000 ) ;
#7868 = CARTESIAN_POINT ( 'NONE',  ( -20.57400000000000162, 8.509000000000000341, 1.270000000000001128 ) ) ;
#7869 = LINE ( 'NONE', #2278, #6854 ) ;
#7870 = EDGE_LOOP ( 'NONE', ( #1215, #2538, #4806, #1244 ) ) ;
#7871 = DIRECTION ( 'NONE',  ( 0.000000000000000000, 2.449293598294710852E-16, -1.000000000000000000 ) ) ;
#7872 = FACE_OUTER_BOUND ( 'NONE', #7623, .T. ) ;
#7873 = VECTOR ( 'NONE', #6679, 1000.000000000000000 ) ;
#7874 = ORIENTED_EDGE ( 'NONE', *, *, #3847, .T. ) ;
#7875 = LINE ( 'NONE', #5589, #1710 ) ;
#7876 = ORIENTED_EDGE ( 'NONE', *, *, #6587, .T. ) ;
#7877 = CARTESIAN_POINT ( 'NONE',  ( 12.69999999999999929, 0.5080000000000002292, -0.7528818102449945648 ) ) ;
#7878 = ADVANCED_FACE ( 'NONE', ( #4746 ), #8499, .T. ) ;
#7879 = DIRECTION ( 'NONE',  ( 0.000000000000000000, -5.054934237236841843E-31, -1.000000000000000000 ) ) ;
#7880 = CARTESIAN_POINT ( 'NONE',  ( -20.32000000000000028, 8.509000000000000341, 1.270000000000001128 ) ) ;
#7881 = EDGE_CURVE ( 'NONE', #9040, #2845, #7028, .T. ) ;
#7882 = ADVANCED_FACE ( 'NONE', ( #6253 ), #7716, .F. ) ;
#7883 = VECTOR ( 'NONE', #4568, 1000.000000000000000 ) ;
#7884 = FACE_OUTER_BOUND ( 'NONE', #8566, .T. ) ;
#7885 = EDGE_LOOP ( 'NONE', ( #7618, #4507, #118, #8762 ) ) ;
#7886 = FACE_OUTER_BOUND ( 'NONE', #3061, .T. ) ;
#7887 = DIRECTION ( 'NONE',  ( -0.000000000000000000, 1.000000000000000000, 1.733406087350420004E-16 ) ) ;
#7888 = VERTEX_POINT ( 'NONE', #1886 ) ;
#7889 = PLANE ( 'NONE',  #2830 ) ;
#7890 = VECTOR ( 'NONE', #323, 1000.000000000000000 ) ;
#7891 = PLANE ( 'NONE',  #4607 ) ;
#7892 = ORIENTED_EDGE ( 'NONE', *, *, #7425, .F. ) ;
#7893 = EDGE_CURVE ( 'NONE', #3399, #162, #8597, .T. ) ;
#7894 = ORIENTED_EDGE ( 'NONE', *, *, #9258, .F. ) ;
#7895 = DIRECTION ( 'NONE',  ( 0.000000000000000000, -0.9659258262890700886, 0.2588190451025140781 ) ) ;
#7896 = ORIENTED_EDGE ( 'NONE', *, *, #7771, .F. ) ;
#7897 = ADVANCED_FACE ( 'NONE', ( #1069 ), #4025, .F. ) ;
#7898 = PLANE ( 'NONE',  #6059 ) ;
#7899 = PRODUCT_DEFINITION_SHAPE ( 'NONE', 'NONE',  #9638 ) ;
#7900 = ORIENTED_EDGE ( 'NONE', *, *, #616, .T. ) ;
#7901 = CARTESIAN_POINT ( 'NONE',  ( 3.429000000000001602, 7.239000000000000767, 0.3809999999999953979 ) ) ;
#7902 = CARTESIAN_POINT ( 'NONE',  ( -13.58900000000000041, 8.064500000000000668, 0.3809999999999953979 ) ) ;
#7903 = DIRECTION ( 'NONE',  ( 0.000000000000000000, 0.000000000000000000, 1.000000000000000000 ) ) ;
#7904 = CARTESIAN_POINT ( 'NONE',  ( 15.24000000000000021, 2.177422008883992879E-16, -0.8890000000000013447 ) ) ;
#7905 = ORIENTED_EDGE ( 'NONE', *, *, #8834, .F. ) ;
#7906 = EDGE_CURVE ( 'NONE', #8401, #7075, #9228, .T. ) ;
#7907 = CARTESIAN_POINT ( 'NONE',  ( 17.78000000000000114, -1.925929944387235853E-31, 0.8889999999999991243 ) ) ;
#7908 = ORIENTED_EDGE ( 'NONE', *, *, #3739, .T. ) ;
#7909 = CARTESIAN_POINT ( 'NONE',  ( 14.09699999999999775, 7.810500000000000220, -0.1270000000000029716 ) ) ;
#7910 = ORIENTED_EDGE ( 'NONE', *, *, #5224, .T. ) ;
#7911 = LINE ( 'NONE', #5579, #5239 ) ;
#7912 = LINE ( 'NONE', #2754, #5079 ) ;
#7913 = CARTESIAN_POINT ( 'NONE',  ( 20.57400000000000162, 3.110602869834277161E-16, -1.270000000000001128 ) ) ;
#7914 = VECTOR ( 'NONE', #9124, 1000.000000000000000 ) ;
#7915 = VERTEX_POINT ( 'NONE', #4698 ) ;
#7916 = ORIENTED_EDGE ( 'NONE', *, *, #1182, .F. ) ;
#7917 = CARTESIAN_POINT ( 'NONE',  ( -2.540000000000000480, 2.177422008883992879E-16, -0.8890000000000013447 ) ) ;
#7918 = FACE_OUTER_BOUND ( 'NONE', #7027, .T. ) ;
#7919 = ORIENTED_EDGE ( 'NONE', *, *, #4665, .F. ) ;
#7920 = CARTESIAN_POINT ( 'NONE',  ( -16.51000000000000156, 0.000000000000000000, 0.000000000000000000 ) ) ;
#7921 = LINE ( 'NONE', #1132, #8638 ) ;
#7922 = DIRECTION ( 'NONE',  ( -0.7071067811865475727, -0.7071067811865475727, 0.000000000000000000 ) ) ;
#7923 = LINE ( 'NONE', #4331, #4441 ) ;
#7924 = VECTOR ( 'NONE', #3716, 1000.000000000000000 ) ;
#7925 = FILL_AREA_STYLE_COLOUR ( '', #3955 ) ;
#7926 = DIRECTION ( 'NONE',  ( -0.000000000000000000, 0.000000000000000000, -1.000000000000000000 ) ) ;
#7927 = EDGE_CURVE ( 'NONE', #8190, #6766, #9179, .T. ) ;
#7928 = ORIENTED_EDGE ( 'NONE', *, *, #8405, .F. ) ;
#7929 = DIRECTION ( 'NONE',  ( 0.000000000000000000, 0.000000000000000000, 1.000000000000000000 ) ) ;
#7930 = VECTOR ( 'NONE', #3932, 1000.000000000000000 ) ;
#7931 = CARTESIAN_POINT ( 'NONE',  ( -10.16000000000000014, 0.5080000000000002292, -0.7528818102449945648 ) ) ;
#7932 = ORIENTED_EDGE ( 'NONE', *, *, #2981, .F. ) ;
#7933 = DIRECTION ( 'NONE',  ( -1.000000000000000000, -0.000000000000000000, -0.000000000000000000 ) ) ;
#7934 = DIRECTION ( 'NONE',  ( -0.000000000000000000, 1.000000000000000000, 1.733406087350420004E-16 ) ) ;
#7935 = LINE ( 'NONE', #6480, #5638 ) ;
#7936 = APPLICATION_CONTEXT ( 'automotive_design' ) ;
#7937 = PRESENTATION_LAYER_ASSIGNMENT (  '', '', ( #9031 ) ) ;
#7938 = EDGE_CURVE ( 'NONE', #1996, #5938, #1789, .T. ) ;
#7939 = EDGE_LOOP ( 'NONE', ( #1923, #310, #7118, #5891 ) ) ;
#7940 = EDGE_LOOP ( 'NONE', ( #427, #5388, #7015, #9360 ) ) ;
#7941 = FACE_OUTER_BOUND ( 'NONE', #9052, .T. ) ;
#7942 = ADVANCED_FACE ( 'NONE', ( #4888 ), #7669, .F. ) ;
#7943 = CARTESIAN_POINT ( 'NONE',  ( 5.080000000000000959, 3.110602869834277161E-16, -1.270000000000001128 ) ) ;
#7944 = EDGE_CURVE ( 'NONE', #3862, #7455, #4794, .T. ) ;
#7945 = ORIENTED_EDGE ( 'NONE', *, *, #4828, .T. ) ;
#7946 = VECTOR ( 'NONE', #1327, 1000.000000000000000 ) ;
#7947 = ORIENTED_EDGE ( 'NONE', *, *, #3814, .T. ) ;
#7948 = CARTESIAN_POINT ( 'NONE',  ( -4.635500000000000398, 8.509000000000000341, 0.8254999999999967919 ) ) ;
#7949 = DIRECTION ( 'NONE',  ( 0.000000000000000000, -0.9659258262890699775, -0.2588190451025145222 ) ) ;
#7950 = VECTOR ( 'NONE', #7269, 1000.000000000000000 ) ;
#7951 = CARTESIAN_POINT ( 'NONE',  ( -5.079999999999999183, 0.5080000000000000071, 0.7528818102449925664 ) ) ;
#7952 = CARTESIAN_POINT ( 'NONE',  ( 12.69999999999999929, 0.000000000000000000, 1.269999999999998908 ) ) ;
#7953 = EDGE_CURVE ( 'NONE', #4659, #5604, #6350, .T. ) ;
#7954 = VECTOR ( 'NONE', #1239, 1000.000000000000000 ) ;
#7955 = ORIENTED_EDGE ( 'NONE', *, *, #6742, .T. ) ;
#7956 = VECTOR ( 'NONE', #9096, 1000.000000000000000 ) ;
#7957 = ITEM_DEFINED_TRANSFORMATION ( 'NONE', 'NONE', #2990,  #4388 ) ;
#7958 = CARTESIAN_POINT ( 'NONE',  ( 17.78000000000000114, 0.000000000000000000, 1.269999999999998908 ) ) ;
#7959 = VERTEX_POINT ( 'NONE', #4075 ) ;
#7960 = DIRECTION ( 'NONE',  ( 0.000000000000000000, 0.2588190451025145222, -0.9659258262890699775 ) ) ;
#7961 = ORIENTED_EDGE ( 'NONE', *, *, #6443, .T. ) ;
#7962 = AXIS2_PLACEMENT_3D ( 'NONE', #8120, #3513, #4183 ) ;
#7963 = CARTESIAN_POINT ( 'NONE',  ( 5.524500000000001521, 8.509000000000000341, 0.8254999999999967919 ) ) ;
#7964 = PLANE ( 'NONE',  #4751 ) ;
#7965 =( GEOMETRIC_REPRESENTATION_CONTEXT ( 3 ) GLOBAL_UNCERTAINTY_ASSIGNED_CONTEXT ( ( #3013 ) ) GLOBAL_UNIT_ASSIGNED_CONTEXT ( ( #1336, #5804, #6531 ) ) REPRESENTATION_CONTEXT ( 'NONE', 'WORKASPACE' ) );
#7966 = EDGE_CURVE ( 'NONE', #1151, #4710, #279, .T. ) ;
#7967 = DIRECTION ( 'NONE',  ( 0.000000000000000000, -2.449293598294710852E-16, 1.000000000000000000 ) ) ;
#7968 = EDGE_CURVE ( 'NONE', #6960, #9214, #9276, .T. ) ;
#7969 = ADVANCED_FACE ( 'NONE', ( #8544 ), #9324, .F. ) ;
#7970 = FACE_OUTER_BOUND ( 'NONE', #6623, .T. ) ;
#7971 = EDGE_LOOP ( 'NONE', ( #7629, #2680, #9347, #5537, #2566, #2455, #3772, #8157 ) ) ;
#7972 = VERTEX_POINT ( 'NONE', #7180 ) ;
#7973 = CARTESIAN_POINT ( 'NONE',  ( -5.079999999999999183, -1.925929944387235853E-31, 0.8889999999999991243 ) ) ;
#7974 = CARTESIAN_POINT ( 'NONE',  ( 8.509000000000002117, 7.239000000000000767, -0.3810000000000033915 ) ) ;
#7975 = EDGE_LOOP ( 'NONE', ( #6323, #2198, #3875, #2967 ) ) ;
#7976 = CARTESIAN_POINT ( 'NONE',  ( -2.540000000000000480, 0.000000000000000000, 1.269999999999998908 ) ) ;
#7977 = SURFACE_STYLE_FILL_AREA ( #9540 ) ;
#7978 = CARTESIAN_POINT ( 'NONE',  ( 20.32000000000000028, 3.110602869834277161E-16, -1.270000000000001128 ) ) ;
#7979 = CARTESIAN_POINT ( 'NONE',  ( -2.540000000000000480, 0.5080000000000000071, 0.7528818102449925664 ) ) ;
#7980 = PRESENTATION_STYLE_ASSIGNMENT (( #8660 ) ) ;
#7981 = DIRECTION ( 'NONE',  ( 0.000000000000000000, 0.9659258262890700886, -0.2588190451025140781 ) ) ;
#7982 = EDGE_CURVE ( 'NONE', #6170, #9189, #9526, .T. ) ;
#7983 = FACE_OUTER_BOUND ( 'NONE', #749, .T. ) ;
#7984 = VERTEX_POINT ( 'NONE', #7226 ) ;
#7985 = FACE_OUTER_BOUND ( 'NONE', #373, .T. ) ;
#7986 = CARTESIAN_POINT ( 'NONE',  ( 13.58900000000000041, 8.064500000000000668, 0.3809999999999955644 ) ) ;
#7987 = CARTESIAN_POINT ( 'NONE',  ( -3.429000000000001602, 8.064500000000000668, -0.3810000000000032250 ) ) ;
#7988 = ORIENTED_EDGE ( 'NONE', *, *, #7304, .F. ) ;
#7989 = CARTESIAN_POINT ( 'NONE',  ( -12.25550000000000139, 8.509000000000000341, -1.270000000000001128 ) ) ;
#7990 = FACE_OUTER_BOUND ( 'NONE', #8100, .T. ) ;
#7991 = PLANE ( 'NONE',  #529 ) ;
#7992 = EDGE_CURVE ( 'NONE', #2321, #383, #679, .T. ) ;
#7993 = ORIENTED_EDGE ( 'NONE', *, *, #4103, .F. ) ;
#7994 = VERTEX_POINT ( 'NONE', #1987 ) ;
#7995 = FACE_OUTER_BOUND ( 'NONE', #1493, .T. ) ;
#7996 = ORIENTED_EDGE ( 'NONE', *, *, #680, .F. ) ;
#7997 =( GEOMETRIC_REPRESENTATION_CONTEXT ( 3 ) GLOBAL_UNCERTAINTY_ASSIGNED_CONTEXT ( ( #7578 ) ) GLOBAL_UNIT_ASSIGNED_CONTEXT ( ( #7295, #5983, #649 ) ) REPRESENTATION_CONTEXT ( 'NONE', 'WORKASPACE' ) );
#7998 = ORIENTED_EDGE ( 'NONE', *, *, #6456, .T. ) ;
#7999 = DIRECTION ( 'NONE',  ( 0.000000000000000000, 5.054934237236841843E-31, 1.000000000000000000 ) ) ;
#8000 = CARTESIAN_POINT ( 'NONE',  ( -12.70000000000000107, 8.509000000000000341, -1.270000000000001128 ) ) ;
#8001 = CARTESIAN_POINT ( 'NONE',  ( -16.63700000000000045, 7.810500000000000220, -0.1270000000000029716 ) ) ;
#8002 = EDGE_CURVE ( 'NONE', #8498, #580, #8010, .T. ) ;
#8003 = PLANE ( 'NONE',  #8810 ) ;
#8004 = EDGE_CURVE ( 'NONE', #3324, #9609, #3594, .T. ) ;
#8005 = VECTOR ( 'NONE', #6857, 1000.000000000000000 ) ;
#8006 = ORIENTED_EDGE ( 'NONE', *, *, #9049, .F. ) ;
#8007 = CARTESIAN_POINT ( 'NONE',  ( -5.079999999999999183, -1.925929944387235853E-31, 0.8889999999999991243 ) ) ;
#8008 = VECTOR ( 'NONE', #6627, 1000.000000000000000 ) ;
#8009 = ORIENTED_EDGE ( 'NONE', *, *, #9366, .T. ) ;
#8010 = LINE ( 'NONE', #1354, #4663 ) ;
#8011 = CARTESIAN_POINT ( 'NONE',  ( 1.396999999999998909, 7.810500000000000220, -0.1270000000000029716 ) ) ;
#8012 = DIRECTION ( 'NONE',  ( 0.000000000000000000, -1.000000000000000000, -2.548365665731588345E-16 ) ) ;
#8013 = CARTESIAN_POINT ( 'NONE',  ( -12.70000000000000107, 0.000000000000000000, 1.269999999999998908 ) ) ;
#8014 = VECTOR ( 'NONE', #5406, 1000.000000000000000 ) ;
#8015 = ORIENTED_EDGE ( 'NONE', *, *, #6742, .F. ) ;
#8016 = CARTESIAN_POINT ( 'NONE',  ( -2.540000000000000480, -1.925929944387235853E-31, 0.8889999999999991243 ) ) ;
#8017 = LINE ( 'NONE', #8159, #499 ) ;
#8018 = ORIENTED_EDGE ( 'NONE', *, *, #3243, .F. ) ;
#8019 = ADVANCED_FACE ( 'NONE', ( #9376 ), #1214, .F. ) ;
#8020 = FACE_OUTER_BOUND ( 'NONE', #4933, .T. ) ;
#8021 = EDGE_CURVE ( 'NONE', #5368, #9438, #6549, .T. ) ;
#8022 = CARTESIAN_POINT ( 'NONE',  ( -5.969000000000000306, 7.239000000000000767, -0.3810000000000033915 ) ) ;
#8023 = ORIENTED_EDGE ( 'NONE', *, *, #9381, .F. ) ;
#8024 = PLANE ( 'NONE',  #8641 ) ;
#8025 = VECTOR ( 'NONE', #8074, 1000.000000000000114 ) ;
#8026 = PLANE ( 'NONE',  #4117 ) ;
#8027 = VECTOR ( 'NONE', #4371, 1000.000000000000000 ) ;
#8028 = DIRECTION ( 'NONE',  ( -0.000000000000000000, 0.000000000000000000, 1.000000000000000000 ) ) ;
#8029 = DIRECTION ( 'NONE',  ( -0.000000000000000000, 0.000000000000000000, -1.000000000000000000 ) ) ;
#8030 = DIRECTION ( 'NONE',  ( -1.000000000000000000, 0.000000000000000000, 0.000000000000000000 ) ) ;
#8031 = STYLED_ITEM ( 'NONE', ( #1581 ), #5002 ) ;
#8032 = VECTOR ( 'NONE', #7742, 1000.000000000000000 ) ;
#8033 = ORIENTED_EDGE ( 'NONE', *, *, #6392, .F. ) ;
#8034 = LINE ( 'NONE', #2868, #8349 ) ;
#8035 = DIRECTION ( 'NONE',  ( 0.000000000000000000, 0.2588190451025145222, -0.9659258262890699775 ) ) ;
#8036 = ORIENTED_EDGE ( 'NONE', *, *, #1712, .F. ) ;
#8037 = EDGE_CURVE ( 'NONE', #3138, #9125, #5725, .T. ) ;
#8038 = DIRECTION ( 'NONE',  ( -1.000000000000000000, -0.000000000000000000, -0.000000000000000000 ) ) ;
#8039 = DIRECTION ( 'NONE',  ( 0.000000000000000000, -0.000000000000000000, -1.000000000000000000 ) ) ;
#8040 = DIRECTION ( 'NONE',  ( 0.000000000000000000, 1.440069553722777130E-16, -1.000000000000000000 ) ) ;
#8041 = VECTOR ( 'NONE', #4970, 1000.000000000000000 ) ;
#8042 = EDGE_LOOP ( 'NONE', ( #6429, #1222, #2120, #7368, #1089, #2955 ) ) ;
#8043 = ORIENTED_EDGE ( 'NONE', *, *, #3503, .F. ) ;
#8044 = DIRECTION ( 'NONE',  ( 1.000000000000000000, 0.000000000000000000, 0.000000000000000000 ) ) ;
#8045 = AXIS2_PLACEMENT_3D ( 'NONE', #2678, #5456, #4865 ) ;
#8046 = ORIENTED_EDGE ( 'NONE', *, *, #7092, .F. ) ;
#8047 = PLANE ( 'NONE',  #7073 ) ;
#8048 = LINE ( 'NONE', #4351, #1203 ) ;
#8049 = AXIS2_PLACEMENT_3D ( 'NONE', #6020, #8258, #1592 ) ;
#8050 = ORIENTED_EDGE ( 'NONE', *, *, #5248, .F. ) ;
#8051 = EDGE_CURVE ( 'NONE', #6105, #6878, #5674, .T. ) ;
#8052 = CARTESIAN_POINT ( 'NONE',  ( 17.78000000000000114, 8.509000000000000341, 1.270000000000001128 ) ) ;
#8053 = EDGE_CURVE ( 'NONE', #1312, #6920, #1259, .T. ) ;
#8054 = EDGE_LOOP ( 'NONE', ( #1616, #3484, #5231, #6505 ) ) ;
#8055 = PLANE ( 'NONE',  #1561 ) ;
#8056 = DIRECTION ( 'NONE',  ( -1.000000000000000000, 0.000000000000000000, 0.000000000000000000 ) ) ;
#8057 = FILL_AREA_STYLE_COLOUR ( '', #1974 ) ;
#8058 = CARTESIAN_POINT ( 'NONE',  ( 12.69999999999999929, 3.110602869834277161E-16, -1.270000000000001128 ) ) ;
#8059 = CLOSED_SHELL ( 'NONE', ( #6337, #3640, #2428, #6520, #6771, #3520, #2003, #3429, #6799, #6663, #1575, #6933, #6741, #6711, #3577, #6111, #333, #668, #147 ) ) ;
#8060 = ORIENTED_EDGE ( 'NONE', *, *, #8251, .T. ) ;
#8061 = DIRECTION ( 'NONE',  ( 0.000000000000000000, -2.449293598294710852E-16, 1.000000000000000000 ) ) ;
#8062 = FACE_OUTER_BOUND ( 'NONE', #1988, .T. ) ;
#8063 = VERTEX_POINT ( 'NONE', #8841 ) ;
#8064 = CARTESIAN_POINT ( 'NONE',  ( 7.620000000000001883, 8.509000000000000341, 1.270000000000001128 ) ) ;
#8065 = EDGE_CURVE ( 'NONE', #7241, #964, #4216, .T. ) ;
#8066 = ORIENTED_EDGE ( 'NONE', *, *, #6538, .T. ) ;
#8067 = EDGE_CURVE ( 'NONE', #8260, #8383, #5773, .T. ) ;
#8068 = ORIENTED_EDGE ( 'NONE', *, *, #6968, .T. ) ;
#8069 = PLANE ( 'NONE',  #167 ) ;
#8070 = DIRECTION ( 'NONE',  ( 0.000000000000000000, 0.000000000000000000, 1.000000000000000000 ) ) ;
#8071 = EDGE_CURVE ( 'NONE', #918, #2776, #4266, .T. ) ;
#8072 = CARTESIAN_POINT ( 'NONE',  ( 12.69999999999999929, 8.509000000000000341, 1.270000000000001128 ) ) ;
#8073 = DIRECTION ( 'NONE',  ( -0.000000000000000000, 0.000000000000000000, -1.000000000000000000 ) ) ;
#8074 = DIRECTION ( 'NONE',  ( 0.000000000000000000, 0.9659258262890700886, -0.2588190451025140781 ) ) ;
#8075 = SURFACE_STYLE_FILL_AREA ( #5115 ) ;
#8076 = ADVANCED_FACE ( 'NONE', ( #480 ), #8055, .F. ) ;
#8077 = VECTOR ( 'NONE', #3825, 1000.000000000000000 ) ;
#8078 = EDGE_CURVE ( 'NONE', #8063, #9601, #2846, .T. ) ;
#8079 = CARTESIAN_POINT ( 'NONE',  ( -16.89099999999999824, 8.064500000000000668, -0.3810000000000032250 ) ) ;
#8080 = ORIENTED_EDGE ( 'NONE', *, *, #7992, .T. ) ;
#8081 = PLANE ( 'NONE',  #2911 ) ;
#8082 = CARTESIAN_POINT ( 'NONE',  ( -15.24000000000000021, 0.5080000000000000071, 0.7528818102449925664 ) ) ;
#8083 = ORIENTED_EDGE ( 'NONE', *, *, #7511, .T. ) ;
#8084 = CARTESIAN_POINT ( 'NONE',  ( -13.14450000000000074, 8.509000000000000341, -1.270000000000001128 ) ) ;
#8085 = LINE ( 'NONE', #754, #4682 ) ;
#8086 =( GEOMETRIC_REPRESENTATION_CONTEXT ( 3 ) GLOBAL_UNCERTAINTY_ASSIGNED_CONTEXT ( ( #4400 ) ) GLOBAL_UNIT_ASSIGNED_CONTEXT ( ( #1175, #3360, #6313 ) ) REPRESENTATION_CONTEXT ( 'NONE', 'WORKASPACE' ) );
#8087 = DIRECTION ( 'NONE',  ( 1.000000000000000000, 0.000000000000000000, 0.000000000000000000 ) ) ;
#8088 = FACE_OUTER_BOUND ( 'NONE', #7847, .T. ) ;
#8089 = LINE ( 'NONE', #65, #8128 ) ;
#8090 = EDGE_CURVE ( 'NONE', #2436, #2466, #8644, .T. ) ;
#8091 = AXIS2_PLACEMENT_3D ( 'NONE', #5142, #6399, #7130 ) ;
#8092 = EDGE_LOOP ( 'NONE', ( #2808, #7094, #1734, #8878 ) ) ;
#8093 = VERTEX_POINT ( 'NONE', #2800 ) ;
#8094 = PLANE ( 'NONE',  #7093 ) ;
#8095 = PLANE ( 'NONE',  #342 ) ;
#8096 = ORIENTED_EDGE ( 'NONE', *, *, #8021, .F. ) ;
#8097 =( GEOMETRIC_REPRESENTATION_CONTEXT ( 3 ) GLOBAL_UNCERTAINTY_ASSIGNED_CONTEXT ( ( #719 ) ) GLOBAL_UNIT_ASSIGNED_CONTEXT ( ( #3828, #7514, #7561 ) ) REPRESENTATION_CONTEXT ( 'NONE', 'WORKASPACE' ) );
#8098 = CARTESIAN_POINT ( 'NONE',  ( -0.3810000000000000053, -2.692399999999995686, 0.000000000000000000 ) ) ;
#8099 = CARTESIAN_POINT ( 'NONE',  ( -14.35099999999999909, 7.239000000000000767, 0.3809999999999953979 ) ) ;
#8100 = EDGE_LOOP ( 'NONE', ( #2275, #1663, #6883, #8628 ) ) ;
#8101 = AXIS2_PLACEMENT_3D ( 'NONE', #3417, #8465, #1813 ) ;
#8102 = DIRECTION ( 'NONE',  ( 0.000000000000000000, 1.000000000000000000, 2.548365665731588345E-16 ) ) ;
#8103 = ORIENTED_EDGE ( 'NONE', *, *, #9034, .F. ) ;
#8104 = DIRECTION ( 'NONE',  ( 0.000000000000000000, 0.000000000000000000, 1.000000000000000000 ) ) ;
#8105 = CARTESIAN_POINT ( 'NONE',  ( 19.43100000000000094, 7.239000000000000767, 0.3809999999999953979 ) ) ;
#8106 = DIRECTION ( 'NONE',  ( 1.000000000000000000, 0.000000000000000000, 0.000000000000000000 ) ) ;
#8107 = VECTOR ( 'NONE', #2109, 1000.000000000000000 ) ;
#8108 = FACE_OUTER_BOUND ( 'NONE', #8145, .T. ) ;
#8109 = EDGE_CURVE ( 'NONE', #9164, #6619, #3446, .T. ) ;
#8110 = VECTOR ( 'NONE', #7712, 1000.000000000000000 ) ;
#8111 = ORIENTED_EDGE ( 'NONE', *, *, #283, .F. ) ;
#8112 = CARTESIAN_POINT ( 'NONE',  ( -17.78000000000000114, 8.509000000000000341, 1.270000000000001128 ) ) ;
#8113 = DIRECTION ( 'NONE',  ( 0.000000000000000000, 0.000000000000000000, 1.000000000000000000 ) ) ;
#8114 = ORIENTED_EDGE ( 'NONE', *, *, #8379, .F. ) ;
#8115 = PLANE ( 'NONE',  #1387 ) ;
#8116 = PRESENTATION_LAYER_ASSIGNMENT (  '', '', ( #6401 ) ) ;
#8117 = ORIENTED_EDGE ( 'NONE', *, *, #9458, .F. ) ;
#8118 = ORIENTED_EDGE ( 'NONE', *, *, #9573, .F. ) ;
#8119 = LINE ( 'NONE', #5689, #3113 ) ;
#8120 = CARTESIAN_POINT ( 'NONE',  ( -6.349999999999999645, 0.000000000000000000, 0.000000000000000000 ) ) ;
#8121 = AXIS2_PLACEMENT_3D ( 'NONE', #5587, #5735, #5057 ) ;
#8122 = CARTESIAN_POINT ( 'NONE',  ( 5.080000000000000959, 0.000000000000000000, 1.269999999999998908 ) ) ;
#8123 = CARTESIAN_POINT ( 'NONE',  ( 10.15999999999999837, 0.000000000000000000, 1.269999999999998908 ) ) ;
#8124 = DIRECTION ( 'NONE',  ( 0.000000000000000000, -1.440069553722777130E-16, 1.000000000000000000 ) ) ;
#8125 = DIRECTION ( 'NONE',  ( -0.7071067811865475727, -0.7071067811865475727, 0.000000000000000000 ) ) ;
#8126 = EDGE_CURVE ( 'NONE', #8532, #8806, #5870, .T. ) ;
#8127 = EDGE_CURVE ( 'NONE', #6351, #7711, #9570, .T. ) ;
#8128 = VECTOR ( 'NONE', #8871, 1000.000000000000000 ) ;
#8129 = CARTESIAN_POINT ( 'NONE',  ( 5.080000000000000959, 0.5080000000000000071, 0.7528818102449925664 ) ) ;
#8130 = APPLICATION_CONTEXT ( 'automotive_design' ) ;
#8131 = ORIENTED_EDGE ( 'NONE', *, *, #6845, .T. ) ;
#8132 = VERTEX_POINT ( 'NONE', #5242 ) ;
#8133 = CARTESIAN_POINT ( 'NONE',  ( -17.78000000000000114, 0.5080000000000000071, 0.7528818102449925664 ) ) ;
#8134 = DIRECTION ( 'NONE',  ( 0.000000000000000000, -0.000000000000000000, -1.000000000000000000 ) ) ;
#8135 = VERTEX_POINT ( 'NONE', #6649 ) ;
#8136 = DIRECTION ( 'NONE',  ( -0.000000000000000000, 0.000000000000000000, -1.000000000000000000 ) ) ;
#8137 = CARTESIAN_POINT ( 'NONE',  ( -2.540000000000000480, 8.509000000000000341, -1.270000000000001128 ) ) ;
#8138 = CARTESIAN_POINT ( 'NONE',  ( -18.66900000000000048, 8.064500000000000668, 0.3809999999999953979 ) ) ;
#8139 = LINE ( 'NONE', #2353, #6773 ) ;
#8140 = DIRECTION ( 'NONE',  ( -1.000000000000000000, -0.000000000000000000, -0.000000000000000000 ) ) ;
#8141 = ORIENTED_EDGE ( 'NONE', *, *, #119, .F. ) ;
#8142 = ORIENTED_EDGE ( 'NONE', *, *, #2073, .F. ) ;
#8143 = PLANE ( 'NONE',  #3385 ) ;
#8144 = DIRECTION ( 'NONE',  ( 0.000000000000000000, -5.054934237236841843E-31, -1.000000000000000000 ) ) ;
#8145 = EDGE_LOOP ( 'NONE', ( #6349, #8409, #2725, #4920 ) ) ;
#8146 = EDGE_CURVE ( 'NONE', #2631, #7547, #3040, .T. ) ;
#8147 = DIRECTION ( 'NONE',  ( 0.000000000000000000, 0.000000000000000000, -1.000000000000000000 ) ) ;
#8148 = CARTESIAN_POINT ( 'NONE',  ( 20.32000000000000028, 0.000000000000000000, 1.269999999999998908 ) ) ;
#8149 = PRESENTATION_LAYER_ASSIGNMENT (  '', '', ( #378 ) ) ;
#8150 = ORIENTED_EDGE ( 'NONE', *, *, #7597, .T. ) ;
#8151 = FACE_OUTER_BOUND ( 'NONE', #2009, .T. ) ;
#8152 = ORIENTED_EDGE ( 'NONE', *, *, #1024, .T. ) ;
#8153 = DIRECTION ( 'NONE',  ( 0.000000000000000000, -0.000000000000000000, -1.000000000000000000 ) ) ;
#8154 = ADVANCED_FACE ( 'NONE', ( #2996 ), #8204, .F. ) ;
#8155 = MANIFOLD_SOLID_BREP ( 'LPattern1[9]', #459 ) ;
#8156 = VECTOR ( 'NONE', #3072, 1000.000000000000000 ) ;
#8157 = ORIENTED_EDGE ( 'NONE', *, *, #6041, .T. ) ;
#8158 = DIRECTION ( 'NONE',  ( -0.000000000000000000, 0.2588190451025140781, 0.9659258262890700886 ) ) ;
#8159 = CARTESIAN_POINT ( 'NONE',  ( 7.620000000000001883, 0.000000000000000000, 1.269999999999998908 ) ) ;
#8160 = ORIENTED_EDGE ( 'NONE', *, *, #1183, .F. ) ;
#8161 = LINE ( 'NONE', #4466, #1994 ) ;
#8162 = ORIENTED_EDGE ( 'NONE', *, *, #6503, .T. ) ;
#8163 = ORIENTED_EDGE ( 'NONE', *, *, #485, .F. ) ;
#8164 = CARTESIAN_POINT ( 'NONE',  ( 3.429000000000001602, 7.239000000000000767, -0.3810000000000033915 ) ) ;
#8165 = CARTESIAN_POINT ( 'NONE',  ( 0.8890000000000009006, 7.239000000000000767, 0.3809999999999953979 ) ) ;
#8166 = VERTEX_POINT ( 'NONE', #2372 ) ;
#8167 = LINE ( 'NONE', #785, #6151 ) ;
#8168 = CARTESIAN_POINT ( 'NONE',  ( -17.78000000000000114, 0.000000000000000000, 1.269999999999998908 ) ) ;
#8169 = DIRECTION ( 'NONE',  ( 0.000000000000000000, 5.054934237236841843E-31, 1.000000000000000000 ) ) ;
#8170 = VECTOR ( 'NONE', #6467, 1000.000000000000000 ) ;
#8171 = MANIFOLD_SOLID_BREP ( 'LPattern1[3]', #3727 ) ;
#8172 = CARTESIAN_POINT ( 'NONE',  ( 9.271000000000000796, 7.239000000000000767, 0.3809999999999953979 ) ) ;
#8173 = ORIENTED_EDGE ( 'NONE', *, *, #6268, .F. ) ;
#8174 = FACE_OUTER_BOUND ( 'NONE', #5975, .T. ) ;
#8175 = CARTESIAN_POINT ( 'NONE',  ( -1.650999999999999801, 7.239000000000000767, 0.3809999999999953979 ) ) ;
#8176 = EDGE_CURVE ( 'NONE', #2715, #5893, #916, .T. ) ;
#8177 = VECTOR ( 'NONE', #5300, 1000.000000000000000 ) ;
#8178 = ORIENTED_EDGE ( 'NONE', *, *, #8297, .T. ) ;
#8179 = DIRECTION ( 'NONE',  ( -1.000000000000000000, -0.000000000000000000, -0.000000000000000000 ) ) ;
#8180 = VECTOR ( 'NONE', #6565, 1000.000000000000000 ) ;
#8181 = LINE ( 'NONE', #936, #669 ) ;
#8182 = DIRECTION ( 'NONE',  ( 0.000000000000000000, -1.000000000000000000, -1.733406087350420004E-16 ) ) ;
#8183 = VERTEX_POINT ( 'NONE', #175 ) ;
#8184 = EDGE_CURVE ( 'NONE', #3628, #5989, #3136, .T. ) ;
#8185 = PLANE ( 'NONE',  #6616 ) ;
#8186 = LINE ( 'NONE', #758, #4545 ) ;
#8187 = MECHANICAL_DESIGN_GEOMETRIC_PRESENTATION_REPRESENTATION (  '', ( #4303 ), #889 ) ;
#8188 = VECTOR ( 'NONE', #3691, 1000.000000000000000 ) ;
#8189 = VERTEX_POINT ( 'NONE', #29 ) ;
#8190 = VERTEX_POINT ( 'NONE', #5913 ) ;
#8191 = CARTESIAN_POINT ( 'NONE',  ( -18.66900000000000048, 7.239000000000000767, 0.3809999999999953979 ) ) ;
#8192 = LINE ( 'NONE', #5956, #5463 ) ;
#8193 = EDGE_LOOP ( 'NONE', ( #8645, #9477, #1414, #606 ) ) ;
#8194 = ADVANCED_FACE ( 'NONE', ( #8933, #3690 ), #8888, .F. ) ;
#8195 = VECTOR ( 'NONE', #2232, 1000.000000000000000 ) ;
#8196 = CARTESIAN_POINT ( 'NONE',  ( -0.8890000000000009006, 8.064500000000000668, -0.3810000000000032250 ) ) ;
#8197 = UNCERTAINTY_MEASURE_WITH_UNIT (LENGTH_MEASURE( 1.000000000000000082E-05 ), #2763, 'distance_accuracy_value', 'NONE');
#8198 = EDGE_CURVE ( 'NONE', #7915, #1969, #6690, .T. ) ;
#8199 = AXIS2_PLACEMENT_3D ( 'NONE', #2105, #3570, #607 ) ;
#8200 = ADVANCED_FACE ( 'NONE', ( #3284 ), #3921, .F. ) ;
#8201 = EDGE_LOOP ( 'NONE', ( #3816, #5942, #7548, #6697 ) ) ;
#8202 = FACE_OUTER_BOUND ( 'NONE', #3397, .T. ) ;
#8203 = VERTEX_POINT ( 'NONE', #9316 ) ;
#8204 = PLANE ( 'NONE',  #4817 ) ;
#8205 = VECTOR ( 'NONE', #3699, 1000.000000000000000 ) ;
#8206 = DIRECTION ( 'NONE',  ( 0.000000000000000000, 0.000000000000000000, -1.000000000000000000 ) ) ;
#8207 = EDGE_CURVE ( 'NONE', #4499, #3256, #5379, .T. ) ;
#8208 = ORIENTED_EDGE ( 'NONE', *, *, #4859, .T. ) ;
#8209 = DIRECTION ( 'NONE',  ( 0.5773502691896253980, 0.5773502691896253980, -0.5773502691896266192 ) ) ;
#8210 = DIRECTION ( 'NONE',  ( 0.000000000000000000, 0.000000000000000000, 1.000000000000000000 ) ) ;
#8211 = CARTESIAN_POINT ( 'NONE',  ( 5.080000000000000959, 0.000000000000000000, 1.269999999999998908 ) ) ;
#8212 = ORIENTED_EDGE ( 'NONE', *, *, #2998, .T. ) ;
#8213 = FACE_OUTER_BOUND ( 'NONE', #653, .T. ) ;
#8214 = ORIENTED_EDGE ( 'NONE', *, *, #7968, .F. ) ;
#8215 = EDGE_LOOP ( 'NONE', ( #174, #567, #4747, #1757 ) ) ;
#8216 = LINE ( 'NONE', #8945, #6687 ) ;
#8217 = DIRECTION ( 'NONE',  ( -0.000000000000000000, 0.000000000000000000, 1.000000000000000000 ) ) ;
#8218 = LINE ( 'NONE', #5159, #2893 ) ;
#8219 = PLANE ( 'NONE',  #2409 ) ;
#8220 = DIRECTION ( 'NONE',  ( 0.7071067811865475727, -0.7071067811865475727, 0.000000000000000000 ) ) ;
#8221 = PLANE ( 'NONE',  #4578 ) ;
#8222 = MANIFOLD_SOLID_BREP ( 'LPattern1[4]', #2324 ) ;
#8223 = DIRECTION ( 'NONE',  ( 0.000000000000000000, -5.054934237236841843E-31, -1.000000000000000000 ) ) ;
#8224 = ORIENTED_EDGE ( 'NONE', *, *, #6682, .T. ) ;
#8225 = ORIENTED_EDGE ( 'NONE', *, *, #8350, .T. ) ;
#8226 = CARTESIAN_POINT ( 'NONE',  ( -4.191000000000000725, 8.064500000000000668, 0.3809999999999953979 ) ) ;
#8227 = ORIENTED_EDGE ( 'NONE', *, *, #1010, .F. ) ;
#8228 = DIRECTION ( 'NONE',  ( -1.000000000000000000, -0.000000000000000000, -0.000000000000000000 ) ) ;
#8229 = CARTESIAN_POINT ( 'NONE',  ( 13.58900000000000041, 8.064500000000000668, -0.3810000000000032250 ) ) ;
#8230 = DIRECTION ( 'NONE',  ( 0.000000000000000000, 0.2588190451025145222, -0.9659258262890699775 ) ) ;
#8231 = VERTEX_POINT ( 'NONE', #7608 ) ;
#8232 = CARTESIAN_POINT ( 'NONE',  ( -11.81099999999999994, 7.239000000000000767, -0.3810000000000033915 ) ) ;
#8233 = VECTOR ( 'NONE', #577, 1000.000000000000000 ) ;
#8234 = CARTESIAN_POINT ( 'NONE',  ( 5.080000000000000959, 3.110602869834277161E-16, -1.270000000000001128 ) ) ;
#8235 = EDGE_CURVE ( 'NONE', #737, #3614, #7707, .T. ) ;
#8236 = VERTEX_POINT ( 'NONE', #5516 ) ;
#8237 = ORIENTED_EDGE ( 'NONE', *, *, #5278, .T. ) ;
#8238 = FACE_OUTER_BOUND ( 'NONE', #4844, .T. ) ;
#8239 = VECTOR ( 'NONE', #1461, 1000.000000000000000 ) ;
#8240 = ORIENTED_EDGE ( 'NONE', *, *, #207, .F. ) ;
#8241 = CARTESIAN_POINT ( 'NONE',  ( -4.635500000000000398, 8.509000000000000341, -1.270000000000001128 ) ) ;
#8242 = AXIS2_PLACEMENT_3D ( 'NONE', #2467, #1162, #9137 ) ;
#8243 = EDGE_CURVE ( 'NONE', #3233, #3431, #8534, .T. ) ;
#8244 = EDGE_CURVE ( 'NONE', #3155, #7813, #3337, .T. ) ;
#8245 = EDGE_CURVE ( 'NONE', #1151, #3680, #8489, .T. ) ;
#8246 = VERTEX_POINT ( 'NONE', #4834 ) ;
#8247 = LINE ( 'NONE', #2369, #1404 ) ;
#8248 = VECTOR ( 'NONE', #5454, 999.9999999999998863 ) ;
#8249 = ORIENTED_EDGE ( 'NONE', *, *, #1566, .T. ) ;
#8250 = SURFACE_SIDE_STYLE ('',( #5335 ) ) ;
#8251 = EDGE_CURVE ( 'NONE', #2640, #6766, #5471, .T. ) ;
#8252 = FILL_AREA_STYLE_COLOUR ( '', #8493 ) ;
#8253 = VECTOR ( 'NONE', #2382, 1000.000000000000000 ) ;
#8254 = ORIENTED_EDGE ( 'NONE', *, *, #1713, .F. ) ;
#8255 = DIRECTION ( 'NONE',  ( 1.000000000000000000, 0.000000000000000000, 0.000000000000000000 ) ) ;
#8256 = DIRECTION ( 'NONE',  ( -1.000000000000000000, -0.000000000000000000, -0.000000000000000000 ) ) ;
#8257 = ORIENTED_EDGE ( 'NONE', *, *, #7511, .F. ) ;
#8258 = DIRECTION ( 'NONE',  ( -0.000000000000000000, 1.000000000000000000, 2.449293598294710852E-16 ) ) ;
#8259 = ORIENTED_EDGE ( 'NONE', *, *, #1503, .F. ) ;
#8260 = VERTEX_POINT ( 'NONE', #3967 ) ;
#8261 = DIRECTION ( 'NONE',  ( 0.000000000000000000, -1.000000000000000000, -1.733406087350420004E-16 ) ) ;
#8262 = CARTESIAN_POINT ( 'NONE',  ( 0.8890000000000009006, 8.064500000000000668, -0.3810000000000032250 ) ) ;
#8263 = VECTOR ( 'NONE', #9503, 1000.000000000000000 ) ;
#8264 = EDGE_CURVE ( 'NONE', #6264, #2570, #7806, .T. ) ;
#8265 = DIRECTION ( 'NONE',  ( 0.5773502691896255090, -0.5773502691896253980, -0.5773502691896263972 ) ) ;
#8266 = EDGE_CURVE ( 'NONE', #2294, #7714, #6290, .T. ) ;
#8267 = CARTESIAN_POINT ( 'NONE',  ( -15.24000000000000021, -1.925929944387235853E-31, 0.8889999999999991243 ) ) ;
#8268 = VECTOR ( 'NONE', #779, 1000.000000000000000 ) ;
#8269 = LINE ( 'NONE', #142, #2706 ) ;
#8270 = VECTOR ( 'NONE', #8523, 1000.000000000000000 ) ;
#8271 = DIRECTION ( 'NONE',  ( 0.000000000000000000, 0.000000000000000000, -1.000000000000000000 ) ) ;
#8272 = ORIENTED_EDGE ( 'NONE', *, *, #408, .T. ) ;
#8273 = ORIENTED_EDGE ( 'NONE', *, *, #3319, .T. ) ;
#8274 = CARTESIAN_POINT ( 'NONE',  ( 2.540000000000000480, 2.177422008883992879E-16, -0.8890000000000013447 ) ) ;
#8275 = AXIS2_PLACEMENT_3D ( 'NONE', #7974, #2666, #2761 ) ;
#8276 = CARTESIAN_POINT ( 'NONE',  ( -20.57400000000000162, -1.925929944387235853E-31, 0.8889999999999991243 ) ) ;
#8277 = ORIENTED_EDGE ( 'NONE', *, *, #6431, .T. ) ;
#8278 = LINE ( 'NONE', #6763, #7303 ) ;
#8279 = DIRECTION ( 'NONE',  ( -1.000000000000000000, 0.000000000000000000, 0.000000000000000000 ) ) ;
#8280 = DIRECTION ( 'NONE',  ( -0.000000000000000000, 0.2588190451025140781, 0.9659258262890700886 ) ) ;
#8281 = EDGE_LOOP ( 'NONE', ( #9285, #5009, #642, #8050 ) ) ;
#8282 = LINE ( 'NONE', #6812, #4883 ) ;
#8283 = EDGE_CURVE ( 'NONE', #1636, #3862, #6341, .T. ) ;
#8284 = DIRECTION ( 'NONE',  ( -0.7071067811865475727, -0.7071067811865475727, 0.000000000000000000 ) ) ;
#8285 = AXIS2_PLACEMENT_3D ( 'NONE', #6415, #9392, #2717 ) ;
#8286 = CARTESIAN_POINT ( 'NONE',  ( 7.620000000000001883, 0.000000000000000000, 1.269999999999998908 ) ) ;
#8287 =( GEOMETRIC_REPRESENTATION_CONTEXT ( 3 ) GLOBAL_UNCERTAINTY_ASSIGNED_CONTEXT ( ( #6894 ) ) GLOBAL_UNIT_ASSIGNED_CONTEXT ( ( #601, #7248, #549 ) ) REPRESENTATION_CONTEXT ( 'NONE', 'WORKASPACE' ) );
#8288 = ORIENTED_EDGE ( 'NONE', *, *, #8297, .F. ) ;
#8289 = ORIENTED_EDGE ( 'NONE', *, *, #9249, .T. ) ;
#8290 = LINE ( 'NONE', #4582, #4612 ) ;
#8291 = VERTEX_POINT ( 'NONE', #5422 ) ;
#8292 = EDGE_CURVE ( 'NONE', #6235, #7432, #4113, .T. ) ;
#8293 = LINE ( 'NONE', #1620, #1662 ) ;
#8294 = CARTESIAN_POINT ( 'NONE',  ( -20.32000000000000028, 0.5080000000000000071, 0.7528818102449925664 ) ) ;
#8295 = EDGE_LOOP ( 'NONE', ( #1861, #7945, #5979, #5653, #9110, #5846 ) ) ;
#8296 = CARTESIAN_POINT ( 'NONE',  ( 20.32000000000000028, 8.509000000000000341, -1.270000000000001128 ) ) ;
#8297 = EDGE_CURVE ( 'NONE', #8955, #8768, #8394, .T. ) ;
#8298 = EDGE_LOOP ( 'NONE', ( #5833, #4488, #8694, #7506 ) ) ;
#8299 = DIRECTION ( 'NONE',  ( -0.5773502691896253980, 0.5773502691896253980, -0.5773502691896266192 ) ) ;
#8300 = ADVANCED_FACE ( 'NONE', ( #1303 ), #4935, .F. ) ;
#8301 = AXIS2_PLACEMENT_3D ( 'NONE', #5792, #6615, #4332 ) ;
#8302 = ORIENTED_EDGE ( 'NONE', *, *, #6927, .F. ) ;
#8303 = DIRECTION ( 'NONE',  ( 0.000000000000000000, 1.000000000000000000, 1.440069553722777377E-16 ) ) ;
#8304 = EDGE_LOOP ( 'NONE', ( #8998, #5816, #1999, #9525, #765, #3904, #1384, #7573 ) ) ;
#8305 = DIRECTION ( 'NONE',  ( 0.000000000000000000, -0.000000000000000000, -1.000000000000000000 ) ) ;
#8306 = ORIENTED_EDGE ( 'NONE', *, *, #271, .T. ) ;
#8307 = CARTESIAN_POINT ( 'NONE',  ( -17.78000000000000114, 3.110602869834277161E-16, -1.270000000000001128 ) ) ;
#8308 = VECTOR ( 'NONE', #2575, 1000.000000000000000 ) ;
#8309 = AXIS2_PLACEMENT_3D ( 'NONE', #4294, #7260, #612 ) ;
#8310 = DIRECTION ( 'NONE',  ( 1.000000000000000000, 0.000000000000000000, 0.000000000000000000 ) ) ;
#8311 = ORIENTED_EDGE ( 'NONE', *, *, #460, .T. ) ;
#8312 = DIRECTION ( 'NONE',  ( 0.000000000000000000, 0.9659258262890699775, 0.2588190451025145222 ) ) ;
#8313 = APPLICATION_CONTEXT ( 'automotive_design' ) ;
#8314 = EDGE_CURVE ( 'NONE', #2570, #6766, #3486, .T. ) ;
#8315 = LINE ( 'NONE', #9182, #3043 ) ;
#8316 =( LENGTH_UNIT ( ) NAMED_UNIT ( * ) SI_UNIT ( .MILLI., .METRE. ) );
#8317 = VECTOR ( 'NONE', #1208, 1000.000000000000000 ) ;
#8318 = ADVANCED_FACE ( 'NONE', ( #3585 ), #4257, .F. ) ;
#8319 = CARTESIAN_POINT ( 'NONE',  ( -12.69999999999999929, 0.000000000000000000, 1.269999999999998908 ) ) ;
#8320 = EDGE_CURVE ( 'NONE', #5320, #1339, #7170, .T. ) ;
#8321 = ORIENTED_EDGE ( 'NONE', *, *, #1015, .F. ) ;
#8322 = ORIENTED_EDGE ( 'NONE', *, *, #8090, .F. ) ;
#8323 = PLANE ( 'NONE',  #1377 ) ;
#8324 = DIRECTION ( 'NONE',  ( 0.000000000000000000, 0.000000000000000000, -1.000000000000000000 ) ) ;
#8325 = EDGE_LOOP ( 'NONE', ( #4060, #4212, #4097, #2584 ) ) ;
#8326 = LINE ( 'NONE', #1651, #2179 ) ;
#8327 = FACE_OUTER_BOUND ( 'NONE', #6445, .T. ) ;
#8328 = CARTESIAN_POINT ( 'NONE',  ( -5.080000000000000959, -1.925929944387235853E-31, 0.8889999999999991243 ) ) ;
#8329 = ORIENTED_EDGE ( 'NONE', *, *, #944, .F. ) ;
#8330 = VECTOR ( 'NONE', #560, 1000.000000000000000 ) ;
#8331 = PLANE ( 'NONE',  #8785 ) ;
#8332 = CARTESIAN_POINT ( 'NONE',  ( 0.000000000000000000, 3.110602869834277161E-16, -1.270000000000001128 ) ) ;
#8333 = CARTESIAN_POINT ( 'NONE',  ( 16.12900000000000134, 7.239000000000000767, 0.3809999999999953979 ) ) ;
#8334 = AXIS2_PLACEMENT_3D ( 'NONE', #6014, #5287, #632 ) ;
#8335 = EDGE_CURVE ( 'NONE', #8756, #2342, #2694, .T. ) ;
#8336 = ORIENTED_EDGE ( 'NONE', *, *, #5742, .F. ) ;
#8337 = ORIENTED_EDGE ( 'NONE', *, *, #9325, .F. ) ;
#8338 = CARTESIAN_POINT ( 'NONE',  ( 2.540000000000000480, 8.509000000000000341, -1.270000000000001128 ) ) ;
#8339 = ORIENTED_EDGE ( 'NONE', *, *, #1191, .T. ) ;
#8340 = DIRECTION ( 'NONE',  ( -1.000000000000000000, -0.000000000000000000, -0.000000000000000000 ) ) ;
#8341 = CARTESIAN_POINT ( 'NONE',  ( -6.730999999999998984, 8.064500000000000668, -0.3810000000000032250 ) ) ;
#8342 = ORIENTED_EDGE ( 'NONE', *, *, #6769, .T. ) ;
#8343 = ORIENTED_EDGE ( 'NONE', *, *, #4944, .F. ) ;
#8344 = VECTOR ( 'NONE', #5182, 1000.000000000000000 ) ;
#8345 = VECTOR ( 'NONE', #6185, 1000.000000000000000 ) ;
#8346 = LINE ( 'NONE', #957, #9162 ) ;
#8347 = ORIENTED_EDGE ( 'NONE', *, *, #4921, .F. ) ;
#8348 = PLANE ( 'NONE',  #2287 ) ;
#8349 = VECTOR ( 'NONE', #2923, 1000.000000000000000 ) ;
#8350 = EDGE_CURVE ( 'NONE', #6299, #2500, #8686, .T. ) ;
#8351 = ORIENTED_EDGE ( 'NONE', *, *, #8539, .F. ) ;
#8352 = APPLICATION_PROTOCOL_DEFINITION ( 'draft international standard', 'automotive_design', 1998, #3964 ) ;
#8353 = CARTESIAN_POINT ( 'NONE',  ( 12.69999999999999929, 3.110602869834277161E-16, -1.270000000000001128 ) ) ;
#8354 = CARTESIAN_POINT ( 'NONE',  ( -12.70000000000000107, 8.509000000000000341, -1.270000000000001128 ) ) ;
#8355 = VECTOR ( 'NONE', #4645, 1000.000000000000000 ) ;
#8356 = ORIENTED_EDGE ( 'NONE', *, *, #1553, .F. ) ;
#8357 = FACE_OUTER_BOUND ( 'NONE', #6336, .T. ) ;
#8358 = ORIENTED_EDGE ( 'NONE', *, *, #6935, .T. ) ;
#8359 = CARTESIAN_POINT ( 'NONE',  ( -5.524499999999999744, 8.509000000000000341, -0.8255000000000044524 ) ) ;
#8360 = LINE ( 'NONE', #236, #406 ) ;
#8361 = PRODUCT_DEFINITION_SHAPE ( 'NONE', 'NONE',  #9632 ) ;
#8362 = UNCERTAINTY_MEASURE_WITH_UNIT (LENGTH_MEASURE( 1.000000000000000082E-05 ), #1135, 'distance_accuracy_value', 'NONE');
#8363 = PRODUCT ( 'Pin - Gold', 'Pin - Gold', '', ( #870 ) ) ;
#8364 = EDGE_CURVE ( 'NONE', #1606, #6831, #5613, .T. ) ;
#8365 = EDGE_CURVE ( 'NONE', #1520, #5924, #9417, .T. ) ;
#8366 = DIRECTION ( 'NONE',  ( 0.000000000000000000, 1.440069553722777130E-16, -1.000000000000000000 ) ) ;
#8367 = ORIENTED_EDGE ( 'NONE', *, *, #4276, .T. ) ;
#8368 = ADVANCED_FACE ( 'NONE', ( #5717 ), #2790, .F. ) ;
#8369 = ORIENTED_EDGE ( 'NONE', *, *, #3025, .F. ) ;
#8370 = DIRECTION ( 'NONE',  ( -1.000000000000000000, -0.000000000000000000, -0.000000000000000000 ) ) ;
#8371 = LINE ( 'NONE', #1696, #4850 ) ;
#8372 = ORIENTED_EDGE ( 'NONE', *, *, #8778, .F. ) ;
#8373 = CARTESIAN_POINT ( 'NONE',  ( -16.12900000000000134, 7.239000000000000767, -0.3810000000000033915 ) ) ;
#8374 = LINE ( 'NONE', #8229, #7327 ) ;
#8375 = EDGE_LOOP ( 'NONE', ( #5417, #5881, #8862, #7494 ) ) ;
#8376 = CARTESIAN_POINT ( 'NONE',  ( -2.540000000000000480, 0.5080000000000002292, -0.7528818102449945648 ) ) ;
#8377 = ORIENTED_EDGE ( 'NONE', *, *, #3377, .T. ) ;
#8378 = CARTESIAN_POINT ( 'NONE',  ( -7.620000000000000107, 0.000000000000000000, 1.269999999999998908 ) ) ;
#8379 = EDGE_CURVE ( 'NONE', #8401, #7411, #7851, .T. ) ;
#8380 = CARTESIAN_POINT ( 'NONE',  ( -5.079999999999999183, 8.509000000000000341, 0.8254999999999967919 ) ) ;
#8381 = LINE ( 'NONE', #6955, #5794 ) ;
#8382 = ORIENTED_EDGE ( 'NONE', *, *, #8364, .T. ) ;
#8383 = VERTEX_POINT ( 'NONE', #4304 ) ;
#8384 = DIRECTION ( 'NONE',  ( 0.000000000000000000, 2.449293598294710852E-16, -1.000000000000000000 ) ) ;
#8385 = ORIENTED_EDGE ( 'NONE', *, *, #4776, .F. ) ;
#8386 = CARTESIAN_POINT ( 'NONE',  ( 5.080000000000000959, -1.925929944387235853E-31, 0.8889999999999991243 ) ) ;
#8387 = LINE ( 'NONE', #3128, #1910 ) ;
#8388 = EDGE_CURVE ( 'NONE', #7193, #9581, #7271, .T. ) ;
#8389 = VECTOR ( 'NONE', #2128, 1000.000000000000000 ) ;
#8390 = ORIENTED_EDGE ( 'NONE', *, *, #6272, .T. ) ;
#8391 = VERTEX_POINT ( 'NONE', #3538 ) ;
#8392 = CARTESIAN_POINT ( 'NONE',  ( -6.730999999999998984, 7.239000000000000767, -0.3810000000000033915 ) ) ;
#8393 = ORIENTED_EDGE ( 'NONE', *, *, #474, .F. ) ;
#8394 = LINE ( 'NONE', #1723, #6223 ) ;
#8395 = AXIS2_PLACEMENT_3D ( 'NONE', #5122, #2155, #8866 ) ;
#8396 = DIRECTION ( 'NONE',  ( 0.000000000000000000, 2.449293598294710852E-16, -1.000000000000000000 ) ) ;
#8397 = ORIENTED_EDGE ( 'NONE', *, *, #5345, .T. ) ;
#8398 = AXIS2_PLACEMENT_3D ( 'NONE', #2654, #4356, #8793 ) ;
#8399 = DIRECTION ( 'NONE',  ( 0.000000000000000000, 0.000000000000000000, 1.000000000000000000 ) ) ;
#8400 = DIRECTION ( 'NONE',  ( -0.000000000000000000, 1.000000000000000000, 1.733406087350420004E-16 ) ) ;
#8401 = VERTEX_POINT ( 'NONE', #8737 ) ;
#8402 = DIRECTION ( 'NONE',  ( 0.000000000000000000, 1.733406087350420004E-16, -1.000000000000000000 ) ) ;
#8403 = ORIENTED_EDGE ( 'NONE', *, *, #3074, .F. ) ;
#8404 = CARTESIAN_POINT ( 'NONE',  ( 7.620000000000001883, 0.5080000000000002292, -0.7528818102449945648 ) ) ;
#8405 = EDGE_CURVE ( 'NONE', #6778, #4878, #5666, .T. ) ;
#8406 = PLANE ( 'NONE',  #5691 ) ;
#8407 = FACE_OUTER_BOUND ( 'NONE', #3250, .T. ) ;
#8408 = CARTESIAN_POINT ( 'NONE',  ( -17.78000000000000114, 8.509000000000000341, 1.270000000000001128 ) ) ;
#8409 = ORIENTED_EDGE ( 'NONE', *, *, #4500, .F. ) ;
#8410 = VERTEX_POINT ( 'NONE', #5813 ) ;
#8411 = CARTESIAN_POINT ( 'NONE',  ( 5.080000000000000959, 0.5080000000000000071, 0.7528818102449925664 ) ) ;
#8412 = AXIS2_PLACEMENT_3D ( 'NONE', #7385, #1596, #5255 ) ;
#8413 = DIRECTION ( 'NONE',  ( -0.000000000000000000, 1.000000000000000000, 1.440069553722777130E-16 ) ) ;
#8414 = ORIENTED_EDGE ( 'NONE', *, *, #1763, .T. ) ;
#8415 = VECTOR ( 'NONE', #6696, 1000.000000000000000 ) ;
#8416 = PLANE ( 'NONE',  #873 ) ;
#8417 = EDGE_CURVE ( 'NONE', #5989, #6495, #1206, .T. ) ;
#8418 = DIRECTION ( 'NONE',  ( -0.000000000000000000, 0.000000000000000000, -1.000000000000000000 ) ) ;
#8419 = PLANE ( 'NONE',  #6292 ) ;
#8420 = DIRECTION ( 'NONE',  ( 0.000000000000000000, -0.7071067811865482389, 0.7071067811865469066 ) ) ;
#8421 = EDGE_CURVE ( 'NONE', #9584, #4989, #8635, .T. ) ;
#8422 = AXIS2_PLACEMENT_3D ( 'NONE', #353, #3326, #6277 ) ;
#8423 = AXIS2_PLACEMENT_3D ( 'NONE', #9115, #6915, #7743 ) ;
#8424 = LINE ( 'NONE', #1860, #6073 ) ;
#8425 = ORIENTED_EDGE ( 'NONE', *, *, #7953, .F. ) ;
#8426 = CARTESIAN_POINT ( 'NONE',  ( 10.16000000000000192, 0.5080000000000002292, -0.7528818102449945648 ) ) ;
#8427 = ORIENTED_EDGE ( 'NONE', *, *, #2007, .T. ) ;
#8428 = LINE ( 'NONE', #4721, #1288 ) ;
#8429 = CARTESIAN_POINT ( 'NONE',  ( -20.57400000000000162, -1.925929944387235853E-31, 0.8889999999999991243 ) ) ;
#8430 = VECTOR ( 'NONE', #9064, 1000.000000000000000 ) ;
#8431 = CARTESIAN_POINT ( 'NONE',  ( -7.620000000000000107, 8.509000000000000341, -1.270000000000001128 ) ) ;
#8432 = VERTEX_POINT ( 'NONE', #4206 ) ;
#8433 = ORIENTED_EDGE ( 'NONE', *, *, #2647, .T. ) ;
#8434 = LINE ( 'NONE', #3696, #5244 ) ;
#8435 = ADVANCED_FACE ( 'NONE', ( #524, #3368 ), #2627, .F. ) ;
#8436 = DIRECTION ( 'NONE',  ( 0.000000000000000000, 0.000000000000000000, -1.000000000000000000 ) ) ;
#8437 = ORIENTED_EDGE ( 'NONE', *, *, #6929, .T. ) ;
#8438 = DIRECTION ( 'NONE',  ( -0.000000000000000000, 1.000000000000000000, 1.733406087350420004E-16 ) ) ;
#8439 = DIRECTION ( 'NONE',  ( 0.000000000000000000, 1.000000000000000000, 0.000000000000000000 ) ) ;
#8440 = SURFACE_STYLE_FILL_AREA ( #3923 ) ;
#8441 = ORIENTED_EDGE ( 'NONE', *, *, #7821, .T. ) ;
#8442 = FACE_OUTER_BOUND ( 'NONE', #6057, .T. ) ;
#8443 = EDGE_CURVE ( 'NONE', #1958, #1497, #1911, .T. ) ;
#8444 = CARTESIAN_POINT ( 'NONE',  ( 15.24000000000000021, 0.5080000000000000071, 0.7528818102449925664 ) ) ;
#8445 = ORIENTED_EDGE ( 'NONE', *, *, #1010, .T. ) ;
#8446 = DIRECTION ( 'NONE',  ( 1.000000000000000000, 0.000000000000000000, -0.000000000000000000 ) ) ;
#8447 = VERTEX_POINT ( 'NONE', #2578 ) ;
#8448 = LINE ( 'NONE', #6798, #3832 ) ;
#8449 = DIRECTION ( 'NONE',  ( 1.000000000000000000, 0.000000000000000000, 0.000000000000000000 ) ) ;
#8450 = CARTESIAN_POINT ( 'NONE',  ( 9.271000000000000796, 7.239000000000000767, -0.3810000000000033915 ) ) ;
#8451 = EDGE_CURVE ( 'NONE', #3168, #9537, #6909, .T. ) ;
#8452 = AXIS2_PLACEMENT_3D ( 'NONE', #4851, #4223, #1992 ) ;
#8453 = VERTEX_POINT ( 'NONE', #2676 ) ;
#8454 = ORIENTED_EDGE ( 'NONE', *, *, #7066, .F. ) ;
#8455 = CARTESIAN_POINT ( 'NONE',  ( 6.223000000000002530, 7.810500000000000220, -0.1270000000000029716 ) ) ;
#8456 = LINE ( 'NONE', #6173, #5325 ) ;
#8457 = ORIENTED_EDGE ( 'NONE', *, *, #5503, .T. ) ;
#8458 = PRESENTATION_STYLE_ASSIGNMENT (( #7041 ) ) ;
#8459 = FACE_OUTER_BOUND ( 'NONE', #7642, .T. ) ;
#8460 = CARTESIAN_POINT ( 'NONE',  ( -12.70000000000000107, 0.5080000000000002292, -0.7528818102449945648 ) ) ;
#8461 = LINE ( 'NONE', #1808, #8622 ) ;
#8462 = SURFACE_SIDE_STYLE ('',( #6954 ) ) ;
#8463 = CARTESIAN_POINT ( 'NONE',  ( -10.16000000000000014, 8.509000000000000341, -0.8255000000000044524 ) ) ;
#8464 = VECTOR ( 'NONE', #3597, 1000.000000000000000 ) ;
#8465 = DIRECTION ( 'NONE',  ( -0.7071067811865475727, -0.7071067811865475727, 0.000000000000000000 ) ) ;
#8466 = ADVANCED_FACE ( 'NONE', ( #349 ), #2537, .F. ) ;
#8467 = ORIENTED_EDGE ( 'NONE', *, *, #2950, .T. ) ;
#8468 = CARTESIAN_POINT ( 'NONE',  ( 2.540000000000000480, 0.5080000000000002292, -0.7528818102449945648 ) ) ;
#8469 = EDGE_CURVE ( 'NONE', #2895, #4520, #3997, .T. ) ;
#8470 = EDGE_CURVE ( 'NONE', #9462, #5671, #4671, .T. ) ;
#8471 = ORIENTED_EDGE ( 'NONE', *, *, #8591, .F. ) ;
#8472 = VECTOR ( 'NONE', #3540, 1000.000000000000000 ) ;
#8473 = DIRECTION ( 'NONE',  ( -0.000000000000000000, 1.000000000000000000, 1.733406087350420004E-16 ) ) ;
#8474 = DIRECTION ( 'NONE',  ( 0.000000000000000000, 0.000000000000000000, -1.000000000000000000 ) ) ;
#8475 = DIRECTION ( 'NONE',  ( 0.000000000000000000, -1.000000000000000000, 0.000000000000000000 ) ) ;
#8476 = AXIS2_PLACEMENT_3D ( 'NONE', #8870, #64, #2207 ) ;
#8477 = EDGE_CURVE ( 'NONE', #8883, #9584, #9246, .T. ) ;
#8478 = ORIENTED_EDGE ( 'NONE', *, *, #7756, .T. ) ;
#8479 = ORIENTED_EDGE ( 'NONE', *, *, #2532, .F. ) ;
#8480 = PLANE ( 'NONE',  #121 ) ;
#8481 = EDGE_CURVE ( 'NONE', #2108, #1969, #7831, .T. ) ;
#8482 = EDGE_CURVE ( 'NONE', #580, #7012, #2488, .T. ) ;
#8483 = ORIENTED_EDGE ( 'NONE', *, *, #8725, .T. ) ;
#8484 = EDGE_CURVE ( 'NONE', #2880, #2715, #8424, .T. ) ;
#8485 = CARTESIAN_POINT ( 'NONE',  ( -17.78000000000000114, 0.5080000000000002292, -0.7528818102449945648 ) ) ;
#8486 = VECTOR ( 'NONE', #9329, 1000.000000000000000 ) ;
#8487 = ORIENTED_EDGE ( 'NONE', *, *, #6780, .F. ) ;
#8488 = CARTESIAN_POINT ( 'NONE',  ( 0.3810000000000000053, -3.200400000000000134, 0.2032000000000001583 ) ) ;
#8489 = LINE ( 'NONE', #4784, #1426 ) ;
#8490 = LINE ( 'NONE', #5473, #3960 ) ;
#8491 = PLANE ( 'NONE',  #261 ) ;
#8492 = EDGE_CURVE ( 'NONE', #90, #3685, #3951, .T. ) ;
#8493 = COLOUR_RGB ( '',0.2509803921568627416, 0.2509803921568627416, 0.2509803921568627416 ) ;
#8494 = VECTOR ( 'NONE', #189, 1000.000000000000114 ) ;
#8495 = ORIENTED_EDGE ( 'NONE', *, *, #6769, .F. ) ;
#8496 = CONTEXT_DEPENDENT_SHAPE_REPRESENTATION ( #9306, #4703 ) ;
#8497 = LINE ( 'NONE', #1838, #7136 ) ;
#8498 = VERTEX_POINT ( 'NONE', #7786 ) ;
#8499 = PLANE ( 'NONE',  #9028 ) ;
#8500 = ORIENTED_EDGE ( 'NONE', *, *, #151, .F. ) ;
#8501 = PLANE ( 'NONE',  #3539 ) ;
#8502 = VECTOR ( 'NONE', #4290, 1000.000000000000000 ) ;
#8503 = DIRECTION ( 'NONE',  ( -1.000000000000000000, -0.000000000000000000, -0.000000000000000000 ) ) ;
#8504 = LINE ( 'NONE', #4081, #5505 ) ;
#8505 = EDGE_CURVE ( 'NONE', #6134, #2448, #1756, .T. ) ;
#8506 = EDGE_CURVE ( 'NONE', #6831, #409, #9298, .T. ) ;
#8507 = VECTOR ( 'NONE', #6183, 1000.000000000000000 ) ;
#8508 = ORIENTED_EDGE ( 'NONE', *, *, #4859, .F. ) ;
#8509 = VERTEX_POINT ( 'NONE', #6321 ) ;
#8510 = LINE ( 'NONE', #1850, #4475 ) ;
#8511 = DIRECTION ( 'NONE',  ( 0.000000000000000000, 0.000000000000000000, -1.000000000000000000 ) ) ;
#8512 = ORIENTED_EDGE ( 'NONE', *, *, #3139, .T. ) ;
#8513 = PRESENTATION_STYLE_ASSIGNMENT (( #4902 ) ) ;
#8514 = CARTESIAN_POINT ( 'NONE',  ( 1.270000000000000240, 0.000000000000000000, 0.000000000000000000 ) ) ;
#8515 = FACE_OUTER_BOUND ( 'NONE', #135, .T. ) ;
#8516 = FACE_OUTER_BOUND ( 'NONE', #6523, .T. ) ;
#8517 = DIRECTION ( 'NONE',  ( 0.000000000000000000, 1.440069553722777130E-16, -1.000000000000000000 ) ) ;
#8518 = VECTOR ( 'NONE', #5006, 1000.000000000000000 ) ;
#8519 = DIRECTION ( 'NONE',  ( 0.000000000000000000, 0.9659258262890700886, -0.2588190451025140781 ) ) ;
#8520 = ORIENTED_EDGE ( 'NONE', *, *, #1857, .F. ) ;
#8521 = LINE ( 'NONE', #2582, #1217 ) ;
#8522 = VERTEX_POINT ( 'NONE', #5596 ) ;
#8523 = DIRECTION ( 'NONE',  ( -1.000000000000000000, -0.000000000000000000, -0.000000000000000000 ) ) ;
#8524 = CARTESIAN_POINT ( 'NONE',  ( 15.24000000000000021, 8.509000000000000341, 1.270000000000001128 ) ) ;
#8525 = DIRECTION ( 'NONE',  ( 0.000000000000000000, 1.440069553722777130E-16, -1.000000000000000000 ) ) ;
#8526 = EDGE_CURVE ( 'NONE', #4275, #8919, #7690, .T. ) ;
#8527 = VERTEX_POINT ( 'NONE', #8565 ) ;
#8528 = ORIENTED_EDGE ( 'NONE', *, *, #8788, .F. ) ;
#8529 = DIRECTION ( 'NONE',  ( 0.000000000000000000, 0.000000000000000000, -1.000000000000000000 ) ) ;
#8530 = ORIENTED_EDGE ( 'NONE', *, *, #5094, .T. ) ;
#8531 = LINE ( 'NONE', #7655, #5429 ) ;
#8532 = VERTEX_POINT ( 'NONE', #1038 ) ;
#8533 = PLANE ( 'NONE',  #2986 ) ;
#8534 = LINE ( 'NONE', #7069, #6994 ) ;
#8535 = LINE ( 'NONE', #6153, #1338 ) ;
#8536 = EDGE_CURVE ( 'NONE', #2759, #4215, #1184, .T. ) ;
#8537 = PLANE ( 'NONE',  #6156 ) ;
#8538 = AXIS2_PLACEMENT_3D ( 'NONE', #3344, #6198, #8541 ) ;
#8539 = EDGE_CURVE ( 'NONE', #2258, #1694, #4143, .T. ) ;
#8540 = ORIENTED_EDGE ( 'NONE', *, *, #9282, .F. ) ;
#8541 = DIRECTION ( 'NONE',  ( 0.000000000000000000, -0.9659258262890700886, 0.2588190451025140781 ) ) ;
#8542 = VECTOR ( 'NONE', #6338, 1000.000000000000000 ) ;
#8543 = ORIENTED_EDGE ( 'NONE', *, *, #6947, .F. ) ;
#8544 = FACE_OUTER_BOUND ( 'NONE', #6143, .T. ) ;
#8545 = ORIENTED_EDGE ( 'NONE', *, *, #3557, .T. ) ;
#8546 = DIRECTION ( 'NONE',  ( -1.000000000000000000, -0.000000000000000000, -0.000000000000000000 ) ) ;
#8547 = DIRECTION ( 'NONE',  ( 0.000000000000000000, 0.000000000000000000, 1.000000000000000000 ) ) ;
#8548 = FACE_OUTER_BOUND ( 'NONE', #1534, .T. ) ;
#8549 = AXIS2_PLACEMENT_3D ( 'NONE', #3839, #45, #8261 ) ;
#8550 = ORIENTED_EDGE ( 'NONE', *, *, #2950, .F. ) ;
#8551 = ORIENTED_EDGE ( 'NONE', *, *, #7364, .F. ) ;
#8552 = ADVANCED_FACE ( 'NONE', ( #448 ), #5646, .F. ) ;
#8553 = LINE ( 'NONE', #1077, #764 ) ;
#8554 = EDGE_CURVE ( 'NONE', #5604, #7728, #4186, .T. ) ;
#8555 = PLANE ( 'NONE',  #5788 ) ;
#8556 = VERTEX_POINT ( 'NONE', #9450 ) ;
#8557 = SURFACE_STYLE_USAGE ( .BOTH. , #5541 ) ;
#8558 = ORIENTED_EDGE ( 'NONE', *, *, #7317, .F. ) ;
#8559 = VECTOR ( 'NONE', #8438, 1000.000000000000000 ) ;
#8560 = DIRECTION ( 'NONE',  ( 0.000000000000000000, 1.440069553722777130E-16, -1.000000000000000000 ) ) ;
#8561 = LINE ( 'NONE', #3315, #1334 ) ;
#8562 = DIRECTION ( 'NONE',  ( -1.000000000000000000, 0.000000000000000000, 0.000000000000000000 ) ) ;
#8563 = DIRECTION ( 'NONE',  ( -1.000000000000000000, -0.000000000000000000, -0.000000000000000000 ) ) ;
#8564 = VECTOR ( 'NONE', #5298, 1000.000000000000000 ) ;
#8565 = CARTESIAN_POINT ( 'NONE',  ( -7.620000000000000107, 0.000000000000000000, 1.269999999999998908 ) ) ;
#8566 = EDGE_LOOP ( 'NONE', ( #4538, #8992, #2247, #1530, #5334, #4853, #6775, #4601 ) ) ;
#8567 = LINE ( 'NONE', #3419, #3861 ) ;
#8568 = VECTOR ( 'NONE', #5247, 1000.000000000000000 ) ;
#8569 = LINE ( 'NONE', #4245, #3060 ) ;
#8570 = VERTEX_POINT ( 'NONE', #9497 ) ;
#8571 = EDGE_CURVE ( 'NONE', #3238, #9584, #5018, .T. ) ;
#8572 = LINE ( 'NONE', #456, #6553 ) ;
#8573 = DIRECTION ( 'NONE',  ( 0.000000000000000000, -0.000000000000000000, -1.000000000000000000 ) ) ;
#8574 = VECTOR ( 'NONE', #7793, 1000.000000000000000 ) ;
#8575 = DIRECTION ( 'NONE',  ( -0.000000000000000000, 1.000000000000000000, 1.733406087350420004E-16 ) ) ;
#8576 = AXIS2_PLACEMENT_3D ( 'NONE', #4428, #4569, #5941 ) ;
#8577 = EDGE_LOOP ( 'NONE', ( #4679, #1101, #5440, #3342 ) ) ;
#8578 = ORIENTED_EDGE ( 'NONE', *, *, #8421, .T. ) ;
#8579 = AXIS2_PLACEMENT_3D ( 'NONE', #3876, #8210, #2951 ) ;
#8580 = VERTEX_POINT ( 'NONE', #8767 ) ;
#8581 = CARTESIAN_POINT ( 'NONE',  ( 0.000000000000000000, 8.509000000000000341, 1.270000000000001128 ) ) ;
#8582 = VECTOR ( 'NONE', #1224, 1000.000000000000000 ) ;
#8583 = ORIENTED_EDGE ( 'NONE', *, *, #6977, .F. ) ;
#8584 = FACE_OUTER_BOUND ( 'NONE', #7764, .T. ) ;
#8585 = DIRECTION ( 'NONE',  ( -0.000000000000000000, 1.000000000000000000, 2.449293598294710852E-16 ) ) ;
#8586 = DIRECTION ( 'NONE',  ( -0.000000000000000000, -0.7071067811865482389, -0.7071067811865467956 ) ) ;
#8587 = CARTESIAN_POINT ( 'NONE',  ( 14.35099999999999909, 7.239000000000000767, -0.3810000000000033915 ) ) ;
#8588 = ORIENTED_EDGE ( 'NONE', *, *, #4529, .F. ) ;
#8589 = VECTOR ( 'NONE', #5452, 1000.000000000000000 ) ;
#8590 = ORIENTED_EDGE ( 'NONE', *, *, #7343, .F. ) ;
#8591 = EDGE_CURVE ( 'NONE', #2759, #3024, #7149, .T. ) ;
#8592 = APPLICATION_PROTOCOL_DEFINITION ( 'draft international standard', 'automotive_design', 1998, #9123 ) ;
#8593 = CARTESIAN_POINT ( 'NONE',  ( -2.540000000000000480, 0.000000000000000000, 1.269999999999998908 ) ) ;
#8594 = EDGE_CURVE ( 'NONE', #6495, #1618, #2866, .T. ) ;
#8595 = ADVANCED_FACE ( 'NONE', ( #7983 ), #551, .F. ) ;
#8596 = ORIENTED_EDGE ( 'NONE', *, *, #43, .F. ) ;
#8597 = LINE ( 'NONE', #6888, #7930 ) ;
#8598 = ORIENTED_EDGE ( 'NONE', *, *, #6519, .T. ) ;
#8599 = DIRECTION ( 'NONE',  ( 0.000000000000000000, -1.000000000000000000, -2.548365665731588345E-16 ) ) ;
#8600 = UNCERTAINTY_MEASURE_WITH_UNIT (LENGTH_MEASURE( 1.000000000000000082E-05 ), #446, 'distance_accuracy_value', 'NONE');
#8601 = CARTESIAN_POINT ( 'NONE',  ( -10.16000000000000014, 0.000000000000000000, 1.269999999999998908 ) ) ;
#8602 = CARTESIAN_POINT ( 'NONE',  ( -17.78000000000000114, 0.000000000000000000, 1.269999999999998908 ) ) ;
#8603 = ORIENTED_EDGE ( 'NONE', *, *, #9379, .F. ) ;
#8604 = ORIENTED_EDGE ( 'NONE', *, *, #3926, .F. ) ;
#8605 = CARTESIAN_POINT ( 'NONE',  ( -11.81099999999999994, 8.064500000000000668, -0.3810000000000032250 ) ) ;
#8606 = PLANE ( 'NONE',  #8121 ) ;
#8607 = ORIENTED_EDGE ( 'NONE', *, *, #3302, .F. ) ;
#8608 = LINE ( 'NONE', #494, #3886 ) ;
#8609 = PLANE ( 'NONE',  #7859 ) ;
#8610 = FACE_OUTER_BOUND ( 'NONE', #4885, .T. ) ;
#8611 = CARTESIAN_POINT ( 'NONE',  ( -11.81099999999999994, 7.239000000000000767, -0.3810000000000033915 ) ) ;
#8612 = EDGE_CURVE ( 'NONE', #2188, #5370, #6570, .T. ) ;
#8613 = VECTOR ( 'NONE', #4032, 1000.000000000000000 ) ;
#8614 = FACE_OUTER_BOUND ( 'NONE', #5110, .T. ) ;
#8615 = EDGE_LOOP ( 'NONE', ( #6548, #7624, #4591, #5374 ) ) ;
#8616 = LINE ( 'NONE', #1959, #7101 ) ;
#8617 = LINE ( 'NONE', #2869, #2822 ) ;
#8618 = CARTESIAN_POINT ( 'NONE',  ( -8.509000000000000341, 7.239000000000000767, 0.3809999999999953979 ) ) ;
#8619 = ORIENTED_EDGE ( 'NONE', *, *, #1149, .T. ) ;
#8620 = LINE ( 'NONE', #3476, #9356 ) ;
#8621 = DIRECTION ( 'NONE',  ( -1.000000000000000000, -0.000000000000000000, -0.000000000000000000 ) ) ;
#8622 = VECTOR ( 'NONE', #3809, 1000.000000000000000 ) ;
#8623 = FACE_OUTER_BOUND ( 'NONE', #5564, .T. ) ;
#8624 = CARTESIAN_POINT ( 'NONE',  ( 15.24000000000000021, 0.000000000000000000, 1.269999999999998908 ) ) ;
#8625 = APPLICATION_CONTEXT ( 'automotive_design' ) ;
#8626 = EDGE_CURVE ( 'NONE', #7972, #4499, #6471, .T. ) ;
#8627 = VECTOR ( 'NONE', #6342, 1000.000000000000000 ) ;
#8628 = ORIENTED_EDGE ( 'NONE', *, *, #5647, .T. ) ;
#8629 = VERTEX_POINT ( 'NONE', #4378 ) ;
#8630 = FACE_BOUND ( 'NONE', #2432, .T. ) ;
#8631 = ORIENTED_EDGE ( 'NONE', *, *, #8004, .T. ) ;
#8632 = FACE_OUTER_BOUND ( 'NONE', #6949, .T. ) ;
#8633 = ORIENTED_EDGE ( 'NONE', *, *, #1842, .T. ) ;
#8634 = FACE_OUTER_BOUND ( 'NONE', #2607, .T. ) ;
#8635 = LINE ( 'NONE', #7902, #3281 ) ;
#8636 = DIRECTION ( 'NONE',  ( -1.000000000000000000, 0.000000000000000000, 0.000000000000000000 ) ) ;
#8637 = AXIS2_PLACEMENT_3D ( 'NONE', #13, #851, #4387 ) ;
#8638 = VECTOR ( 'NONE', #5012, 1000.000000000000000 ) ;
#8639 = ORIENTED_EDGE ( 'NONE', *, *, #2700, .T. ) ;
#8640 = AXIS2_PLACEMENT_3D ( 'NONE', #6664, #1420, #8124 ) ;
#8641 = AXIS2_PLACEMENT_3D ( 'NONE', #645, #5835, #8808 ) ;
#8642 = CARTESIAN_POINT ( 'NONE',  ( -10.16000000000000014, 8.509000000000000341, 1.270000000000001128 ) ) ;
#8643 = ORIENTED_EDGE ( 'NONE', *, *, #1796, .T. ) ;
#8644 = LINE ( 'NONE', #9476, #2798 ) ;
#8645 = ORIENTED_EDGE ( 'NONE', *, *, #3575, .T. ) ;
#8646 = CARTESIAN_POINT ( 'NONE',  ( -15.24000000000000021, 8.509000000000000341, 0.8254999999999967919 ) ) ;
#8647 = CARTESIAN_POINT ( 'NONE',  ( 0.3810000000000000053, 0.5079999999999997851, 0.2032000000000010465 ) ) ;
#8648 = CARTESIAN_POINT ( 'NONE',  ( -4.191000000000000725, 8.064500000000000668, 0.3809999999999955644 ) ) ;
#8649 = EDGE_CURVE ( 'NONE', #6499, #4499, #4334, .T. ) ;
#8650 = PRESENTATION_LAYER_ASSIGNMENT (  '', '', ( #4303 ) ) ;
#8651 = VECTOR ( 'NONE', #7374, 1000.000000000000000 ) ;
#8652 = ORIENTED_EDGE ( 'NONE', *, *, #1670, .F. ) ;
#8653 = VERTEX_POINT ( 'NONE', #8079 ) ;
#8654 = CARTESIAN_POINT ( 'NONE',  ( -5.969000000000000306, 8.064500000000000668, 0.3809999999999955644 ) ) ;
#8655 = DIRECTION ( 'NONE',  ( 0.000000000000000000, -0.000000000000000000, -1.000000000000000000 ) ) ;
#8656 = VECTOR ( 'NONE', #609, 1000.000000000000000 ) ;
#8657 = VERTEX_POINT ( 'NONE', #8716 ) ;
#8658 = CARTESIAN_POINT ( 'NONE',  ( 12.69999999999999929, 0.5080000000000000071, 0.7528818102449925664 ) ) ;
#8659 = DIRECTION ( 'NONE',  ( -1.000000000000000000, -0.000000000000000000, -0.000000000000000000 ) ) ;
#8660 = SURFACE_STYLE_USAGE ( .BOTH. , #9151 ) ;
#8661 = EDGE_CURVE ( 'NONE', #6407, #8183, #7250, .T. ) ;
#8662 = ADVANCED_FACE ( 'NONE', ( #8614 ), #5841, .T. ) ;
#8663 = AXIS2_PLACEMENT_3D ( 'NONE', #6865, #9022, #3774 ) ;
#8664 = EDGE_CURVE ( 'NONE', #4489, #84, #6419, .T. ) ;
#8665 = ADVANCED_FACE ( 'NONE', ( #2724 ), #605, .T. ) ;
#8666 = DIRECTION ( 'NONE',  ( 0.000000000000000000, 0.000000000000000000, -1.000000000000000000 ) ) ;
#8667 = ORIENTED_EDGE ( 'NONE', *, *, #4219, .T. ) ;
#8668 = PLANE ( 'NONE',  #5395 ) ;
#8669 = PLANE ( 'NONE',  #2669 ) ;
#8670 = LINE ( 'NONE', #9301, #8656 ) ;
#8671 = VERTEX_POINT ( 'NONE', #6618 ) ;
#8672 = EDGE_CURVE ( 'NONE', #1497, #3004, #5696, .T. ) ;
#8673 = CARTESIAN_POINT ( 'NONE',  ( 4.191000000000000725, 8.064500000000000668, 0.3809999999999953979 ) ) ;
#8674 = EDGE_CURVE ( 'NONE', #5745, #9189, #7345, .T. ) ;
#8675 = VECTOR ( 'NONE', #439, 1000.000000000000000 ) ;
#8676 = DIRECTION ( 'NONE',  ( 1.000000000000000000, 0.000000000000000000, 0.000000000000000000 ) ) ;
#8677 = ORIENTED_EDGE ( 'NONE', *, *, #3227, .F. ) ;
#8678 = VERTEX_POINT ( 'NONE', #2921 ) ;
#8679 = LINE ( 'NONE', #9311, #6320 ) ;
#8680 = VERTEX_POINT ( 'NONE', #4914 ) ;
#8681 = PRODUCT_DEFINITION_SHAPE ( 'NONE', 'NONE',  #9633 ) ;
#8682 = ADVANCED_FACE ( 'NONE', ( #7884 ), #1233, .T. ) ;
#8683 = EDGE_CURVE ( 'NONE', #3431, #9320, #4241, .T. ) ;
#8684 = ORIENTED_EDGE ( 'NONE', *, *, #4311, .T. ) ;
#8685 = DIRECTION ( 'NONE',  ( 0.000000000000000000, 0.000000000000000000, -1.000000000000000000 ) ) ;
#8686 = LINE ( 'NONE', #4164, #958 ) ;
#8687 = EDGE_CURVE ( 'NONE', #7222, #5869, #2292, .T. ) ;
#8688 = PRODUCT ( 'PPPC021LFBN-RC_C16', 'PPPC021LFBN-RC_C16', '', ( #274 ) ) ;
#8689 = LINE ( 'NONE', #7951, #7843 ) ;
#8690 = ORIENTED_EDGE ( 'NONE', *, *, #4433, .T. ) ;
#8691 = CLOSED_SHELL ( 'NONE', ( #2698, #3448, #2282, #5614, #6231, #7112, #939, #1762, #7878, #4738, #9004, #2244, #2665, #5683, #4048, #2991, #9384, #7415, #4224 ) ) ;
#8692 = CONTEXT_DEPENDENT_SHAPE_REPRESENTATION ( #2965, #1675 ) ;
#8693 = CARTESIAN_POINT ( 'NONE',  ( -11.04900000000000126, 7.239000000000000767, 0.3809999999999953979 ) ) ;
#8694 = ORIENTED_EDGE ( 'NONE', *, *, #8071, .T. ) ;
#8695 = DIRECTION ( 'NONE',  ( -1.000000000000000000, -0.000000000000000000, -0.000000000000000000 ) ) ;
#8696 = ADVANCED_FACE ( 'NONE', ( #6712 ), #8861, .F. ) ;
#8697 = ORIENTED_EDGE ( 'NONE', *, *, #1574, .T. ) ;
#8698 = AXIS2_PLACEMENT_3D ( 'NONE', #6056, #6786, #126 ) ;
#8699 = CARTESIAN_POINT ( 'NONE',  ( -0.8890000000000009006, 7.239000000000000767, 0.3809999999999953979 ) ) ;
#8700 = DIRECTION ( 'NONE',  ( 0.000000000000000000, -5.054934237236841843E-31, -1.000000000000000000 ) ) ;
#8701 = PLANE ( 'NONE',  #4417 ) ;
#8702 = VECTOR ( 'NONE', #2530, 1000.000000000000000 ) ;
#8703 = DIRECTION ( 'NONE',  ( 0.000000000000000000, 0.9659258262890699775, 0.2588190451025145222 ) ) ;
#8704 = DIRECTION ( 'NONE',  ( -1.000000000000000000, 0.000000000000000000, -0.000000000000000000 ) ) ;
#8705 = ORIENTED_EDGE ( 'NONE', *, *, #8264, .T. ) ;
#8706 = CARTESIAN_POINT ( 'NONE',  ( 7.620000000000001883, -1.925929944387235853E-31, 0.8889999999999991243 ) ) ;
#8707 = DIRECTION ( 'NONE',  ( 0.000000000000000000, 1.000000000000000000, -5.054934237236841843E-31 ) ) ;
#8708 = ADVANCED_FACE ( 'NONE', ( #143 ), #5890, .F. ) ;
#8709 = ORIENTED_EDGE ( 'NONE', *, *, #3465, .F. ) ;
#8710 = SHAPE_REPRESENTATION_RELATIONSHIP ( 'NONE' , 'NONE' ,  #746, #2169 ) ;
#8711 = LINE ( 'NONE', #5690, #3365 ) ;
#8712 = LINE ( 'NONE', #3412, #4584 ) ;
#8713 =( NAMED_UNIT ( * ) SI_UNIT ( $, .STERADIAN. ) SOLID_ANGLE_UNIT ( ) );
#8714 = MECHANICAL_DESIGN_GEOMETRIC_PRESENTATION_REPRESENTATION (  '', ( #2033 ), #478 ) ;
#8715 = SURFACE_STYLE_FILL_AREA ( #1277 ) ;
#8716 = CARTESIAN_POINT ( 'NONE',  ( 7.620000000000001883, 0.000000000000000000, 1.269999999999998908 ) ) ;
#8717 = ORIENTED_EDGE ( 'NONE', *, *, #6961, .F. ) ;
#8718 = PLANE ( 'NONE',  #1667 ) ;
#8719 = VECTOR ( 'NONE', #6024, 1000.000000000000000 ) ;
#8720 = LINE ( 'NONE', #7204, #5000 ) ;
#8721 = EDGE_CURVE ( 'NONE', #2609, #5198, #5261, .T. ) ;
#8722 = CARTESIAN_POINT ( 'NONE',  ( 13.58900000000000041, 8.064500000000000668, 0.3809999999999953979 ) ) ;
#8723 = ORIENTED_EDGE ( 'NONE', *, *, #1913, .T. ) ;
#8724 = CARTESIAN_POINT ( 'NONE',  ( 0.1961031209927693308, -3.200400000000000134, 0.2032000000000001583 ) ) ;
#8725 = EDGE_CURVE ( 'NONE', #4074, #4655, #7488, .T. ) ;
#8726 = CARTESIAN_POINT ( 'NONE',  ( 12.69999999999999929, 8.509000000000000341, 1.270000000000001128 ) ) ;
#8727 = FACE_OUTER_BOUND ( 'NONE', #4551, .T. ) ;
#8728 = VECTOR ( 'NONE', #623, 1000.000000000000000 ) ;
#8729 = EDGE_LOOP ( 'NONE', ( #2417, #6965, #3604, #2935 ) ) ;
#8730 = ORIENTED_EDGE ( 'NONE', *, *, #4452, .T. ) ;
#8731 = LINE ( 'NONE', #2072, #5712 ) ;
#8732 = DIRECTION ( 'NONE',  ( 1.000000000000000000, 0.000000000000000000, -0.000000000000000000 ) ) ;
#8733 = VERTEX_POINT ( 'NONE', #7440 ) ;
#8734 = AXIS2_PLACEMENT_3D ( 'NONE', #1514, #193, #8271 ) ;
#8735 = ORIENTED_EDGE ( 'NONE', *, *, #2532, .T. ) ;
#8736 = DIRECTION ( 'NONE',  ( 0.000000000000000000, 5.054934237236841843E-31, 1.000000000000000000 ) ) ;
#8737 = CARTESIAN_POINT ( 'NONE',  ( -4.191000000000000725, 7.239000000000000767, -0.3810000000000033915 ) ) ;
#8738 = VECTOR ( 'NONE', #3761, 1000.000000000000000 ) ;
#8739 = DIRECTION ( 'NONE',  ( -0.5773502691896253980, -0.5773502691896255090, -0.5773502691896263972 ) ) ;
#8740 = DIRECTION ( 'NONE',  ( -0.000000000000000000, 0.2588190451025140781, 0.9659258262890700886 ) ) ;
#8741 = ADVANCED_FACE ( 'NONE', ( #2197 ), #2964, .F. ) ;
#8742 = VECTOR ( 'NONE', #4205, 1000.000000000000000 ) ;
#8743 = EDGE_CURVE ( 'NONE', #903, #375, #4424, .T. ) ;
#8744 = VERTEX_POINT ( 'NONE', #1602 ) ;
#8745 = COLOUR_RGB ( '',0.2509803921568627416, 0.2509803921568627416, 0.2509803921568627416 ) ;
#8746 = CONTEXT_DEPENDENT_SHAPE_REPRESENTATION ( #3150, #6877 ) ;
#8747 = CARTESIAN_POINT ( 'NONE',  ( 2.540000000000000480, 3.110602869834277161E-16, -1.270000000000001128 ) ) ;
#8748 = VERTEX_POINT ( 'NONE', #8172 ) ;
#8749 = DIRECTION ( 'NONE',  ( 0.5773502691896253980, 0.5773502691896253980, -0.5773502691896266192 ) ) ;
#8750 =( GEOMETRIC_REPRESENTATION_CONTEXT ( 3 ) GLOBAL_UNCERTAINTY_ASSIGNED_CONTEXT ( ( #2168 ) ) GLOBAL_UNIT_ASSIGNED_CONTEXT ( ( #1083, #3990, #6951 ) ) REPRESENTATION_CONTEXT ( 'NONE', 'WORKASPACE' ) );
#8751 = LINE ( 'NONE', #4314, #7710 ) ;
#8752 = LINE ( 'NONE', #4126, #7705 ) ;
#8753 = VECTOR ( 'NONE', #8575, 1000.000000000000000 ) ;
#8754 = CARTESIAN_POINT ( 'NONE',  ( -0.8890000000000009006, 7.239000000000000767, 0.3809999999999953979 ) ) ;
#8755 = ADVANCED_FACE ( 'NONE', ( #3106 ), #3799, .F. ) ;
#8756 = VERTEX_POINT ( 'NONE', #54 ) ;
#8757 = LINE ( 'NONE', #6504, #8977 ) ;
#8758 = CARTESIAN_POINT ( 'NONE',  ( 5.080000000000000959, 8.509000000000000341, 1.270000000000001128 ) ) ;
#8759 = ORIENTED_EDGE ( 'NONE', *, *, #4740, .F. ) ;
#8760 = FACE_OUTER_BOUND ( 'NONE', #203, .T. ) ;
#8761 = DIRECTION ( 'NONE',  ( -1.000000000000000000, -0.000000000000000000, -0.000000000000000000 ) ) ;
#8762 = ORIENTED_EDGE ( 'NONE', *, *, #7839, .T. ) ;
#8763 = LINE ( 'NONE', #5883, #6529 ) ;
#8764 = DIRECTION ( 'NONE',  ( -1.000000000000000000, -0.000000000000000000, -0.000000000000000000 ) ) ;
#8765 = PLANE ( 'NONE',  #1790 ) ;
#8766 = CARTESIAN_POINT ( 'NONE',  ( 5.080000000000000959, 8.509000000000000341, 1.270000000000001128 ) ) ;
#8767 = CARTESIAN_POINT ( 'NONE',  ( -20.32000000000000028, -1.925929944387235853E-31, 0.8889999999999991243 ) ) ;
#8768 = VERTEX_POINT ( 'NONE', #8129 ) ;
#8769 = CARTESIAN_POINT ( 'NONE',  ( -10.16000000000000014, 8.509000000000000341, -1.270000000000001128 ) ) ;
#8770 = DIRECTION ( 'NONE',  ( 0.000000000000000000, 0.000000000000000000, 1.000000000000000000 ) ) ;
#8771 = CARTESIAN_POINT ( 'NONE',  ( 20.32000000000000028, 0.5080000000000000071, 0.7528818102449925664 ) ) ;
#8772 = ORIENTED_EDGE ( 'NONE', *, *, #3071, .F. ) ;
#8773 = DIRECTION ( 'NONE',  ( 0.000000000000000000, 0.000000000000000000, -1.000000000000000000 ) ) ;
#8774 = FACE_BOUND ( 'NONE', #1870, .T. ) ;
#8775 = CARTESIAN_POINT ( 'NONE',  ( 2.540000000000000480, 0.5080000000000000071, 0.7528818102449925664 ) ) ;
#8776 = COLOUR_RGB ( '',0.2509803921568627416, 0.2509803921568627416, 0.2509803921568627416 ) ;
#8777 = ADVANCED_FACE ( 'NONE', ( #3757 ), #4476, .F. ) ;
#8778 = EDGE_CURVE ( 'NONE', #2776, #3197, #1468, .T. ) ;
#8779 = ORIENTED_EDGE ( 'NONE', *, *, #3673, .T. ) ;
#8780 = ORIENTED_EDGE ( 'NONE', *, *, #8554, .F. ) ;
#8781 = CARTESIAN_POINT ( 'NONE',  ( -8.509000000000000341, 7.239000000000000767, 0.3809999999999953979 ) ) ;
#8782 = ORIENTED_EDGE ( 'NONE', *, *, #3906, .T. ) ;
#8783 = CARTESIAN_POINT ( 'NONE',  ( -18.66900000000000048, 8.064500000000000668, 0.3809999999999953979 ) ) ;
#8784 = CARTESIAN_POINT ( 'NONE',  ( -9.270999999999999019, 8.064500000000000668, 0.3809999999999953979 ) ) ;
#8785 = AXIS2_PLACEMENT_3D ( 'NONE', #7634, #1656, #6042 ) ;
#8786 = UNCERTAINTY_MEASURE_WITH_UNIT (LENGTH_MEASURE( 1.000000000000000082E-05 ), #3390, 'distance_accuracy_value', 'NONE');
#8787 = EDGE_CURVE ( 'NONE', #4217, #6595, #2341, .T. ) ;
#8788 = EDGE_CURVE ( 'NONE', #4412, #3862, #2246, .T. ) ;
#8789 = ORIENTED_EDGE ( 'NONE', *, *, #2301, .F. ) ;
#8790 = CARTESIAN_POINT ( 'NONE',  ( 0.4445000000000004503, 8.509000000000000341, -0.8255000000000044524 ) ) ;
#8791 = PRESENTATION_LAYER_ASSIGNMENT (  '', '', ( #3674 ) ) ;
#8792 = VERTEX_POINT ( 'NONE', #3015 ) ;
#8793 = DIRECTION ( 'NONE',  ( 0.000000000000000000, -1.440069553722777130E-16, 1.000000000000000000 ) ) ;
#8794 = EDGE_CURVE ( 'NONE', #352, #7747, #6803, .T. ) ;
#8795 = EDGE_CURVE ( 'NONE', #5853, #5322, #5988, .T. ) ;
#8796 = CARTESIAN_POINT ( 'NONE',  ( 16.12900000000000134, 8.064500000000000668, 0.3809999999999955644 ) ) ;
#8797 = EDGE_CURVE ( 'NONE', #1825, #4686, #1554, .T. ) ;
#8798 = CARTESIAN_POINT ( 'NONE',  ( 2.540000000000000480, 3.110602869834277161E-16, -1.270000000000001128 ) ) ;
#8799 = LINE ( 'NONE', #5050, #8934 ) ;
#8800 = VECTOR ( 'NONE', #3692, 1000.000000000000000 ) ;
#8801 = ORIENTED_EDGE ( 'NONE', *, *, #1407, .F. ) ;
#8802 = PLANE ( 'NONE',  #266 ) ;
#8803 = FACE_OUTER_BOUND ( 'NONE', #2351, .T. ) ;
#8804 = ORIENTED_EDGE ( 'NONE', *, *, #1643, .T. ) ;
#8805 = DIRECTION ( 'NONE',  ( 0.000000000000000000, 0.000000000000000000, 1.000000000000000000 ) ) ;
#8806 = VERTEX_POINT ( 'NONE', #6756 ) ;
#8807 = DIRECTION ( 'NONE',  ( 0.000000000000000000, 0.000000000000000000, 1.000000000000000000 ) ) ;
#8808 = DIRECTION ( 'NONE',  ( 1.000000000000000000, 0.000000000000000000, -0.000000000000000000 ) ) ;
#8809 = ADVANCED_FACE ( 'NONE', ( #4611 ), #6306, .F. ) ;
#8810 = AXIS2_PLACEMENT_3D ( 'NONE', #5861, #5187, #1490 ) ;
#8811 = FACE_OUTER_BOUND ( 'NONE', #4477, .T. ) ;
#8812 = EDGE_CURVE ( 'NONE', #4832, #1402, #3937, .T. ) ;
#8813 = CARTESIAN_POINT ( 'NONE',  ( 1.650999999999999801, 8.064500000000000668, 0.3809999999999953979 ) ) ;
#8814 = PLANE ( 'NONE',  #9233 ) ;
#8815 = CARTESIAN_POINT ( 'NONE',  ( -20.57400000000000162, 0.000000000000000000, 1.269999999999998908 ) ) ;
#8816 = AXIS2_PLACEMENT_3D ( 'NONE', #3374, #2679, #4190 ) ;
#8817 = VECTOR ( 'NONE', #5751, 1000.000000000000000 ) ;
#8818 = ORIENTED_EDGE ( 'NONE', *, *, #2579, .T. ) ;
#8819 = DIRECTION ( 'NONE',  ( 0.000000000000000000, -0.000000000000000000, -1.000000000000000000 ) ) ;
#8820 = CARTESIAN_POINT ( 'NONE',  ( -12.69999999999999929, 2.177422008883992879E-16, -0.8890000000000013447 ) ) ;
#8821 = ORIENTED_EDGE ( 'NONE', *, *, #7439, .F. ) ;
#8822 = CARTESIAN_POINT ( 'NONE',  ( 12.69999999999999929, 0.5080000000000000071, 0.7528818102449925664 ) ) ;
#8823 = LINE ( 'NONE', #8867, #4231 ) ;
#8824 = DIRECTION ( 'NONE',  ( 0.000000000000000000, -1.733406087350420004E-16, 1.000000000000000000 ) ) ;
#8825 = CARTESIAN_POINT ( 'NONE',  ( 2.540000000000000480, 8.509000000000000341, 1.270000000000001128 ) ) ;
#8826 = DIRECTION ( 'NONE',  ( 0.000000000000000000, -1.733406087350420004E-16, 1.000000000000000000 ) ) ;
#8827 = VECTOR ( 'NONE', #4630, 1000.000000000000000 ) ;
#8828 = ORIENTED_EDGE ( 'NONE', *, *, #1410, .T. ) ;
#8829 = VERTEX_POINT ( 'NONE', #3154 ) ;
#8830 = CARTESIAN_POINT ( 'NONE',  ( 13.14450000000000074, 8.509000000000000341, -1.270000000000001128 ) ) ;
#8831 = VECTOR ( 'NONE', #5855, 1000.000000000000000 ) ;
#8832 = FACE_OUTER_BOUND ( 'NONE', #1772, .T. ) ;
#8833 = ORIENTED_EDGE ( 'NONE', *, *, #4651, .T. ) ;
#8834 = EDGE_CURVE ( 'NONE', #3685, #4656, #1692, .T. ) ;
#8835 = LINE ( 'NONE', #8098, #7176 ) ;
#8836 = LINE ( 'NONE', #5038, #7709 ) ;
#8837 = VERTEX_POINT ( 'NONE', #8408 ) ;
#8838 = CARTESIAN_POINT ( 'NONE',  ( -16.89099999999999824, 8.064500000000000668, 0.3809999999999955644 ) ) ;
#8839 = EDGE_CURVE ( 'NONE', #6149, #7301, #4129, .T. ) ;
#8840 = ORIENTED_EDGE ( 'NONE', *, *, #3319, .F. ) ;
#8841 = CARTESIAN_POINT ( 'NONE',  ( 17.78000000000000114, 0.5080000000000002292, -0.7528818102449945648 ) ) ;
#8842 = CARTESIAN_POINT ( 'NONE',  ( -1.650999999999999801, 7.239000000000000767, -0.3810000000000033915 ) ) ;
#8843 = ADVANCED_FACE ( 'NONE', ( #976 ), #9283, .F. ) ;
#8844 = CARTESIAN_POINT ( 'NONE',  ( 0.3810000000000000053, 0.000000000000000000, 0.000000000000000000 ) ) ;
#8845 = CARTESIAN_POINT ( 'NONE',  ( -10.16000000000000014, 0.5080000000000000071, 0.7528818102449925664 ) ) ;
#8846 = ORIENTED_EDGE ( 'NONE', *, *, #3798, .T. ) ;
#8847 = PLANE ( 'NONE',  #4307 ) ;
#8848 = DIRECTION ( 'NONE',  ( -1.000000000000000000, 0.000000000000000000, 0.000000000000000000 ) ) ;
#8849 = ORIENTED_EDGE ( 'NONE', *, *, #8683, .T. ) ;
#8850 = FACE_OUTER_BOUND ( 'NONE', #4426, .T. ) ;
#8851 = VERTEX_POINT ( 'NONE', #7820 ) ;
#8852 = LINE ( 'NONE', #643, #6832 ) ;
#8853 = CARTESIAN_POINT ( 'NONE',  ( -8.890000000000000568, 0.000000000000000000, 0.000000000000000000 ) ) ;
#8854 = DIRECTION ( 'NONE',  ( 0.7071067811865475727, -0.7071067811865475727, 0.000000000000000000 ) ) ;
#8855 = LINE ( 'NONE', #1325, #5366 ) ;
#8856 = CARTESIAN_POINT ( 'NONE',  ( -12.69999999999999929, 2.177422008883992879E-16, -0.8890000000000013447 ) ) ;
#8857 = FACE_OUTER_BOUND ( 'NONE', #9620, .T. ) ;
#8858 = AXIS2_PLACEMENT_3D ( 'NONE', #4310, #9524, #7276 ) ;
#8859 = VECTOR ( 'NONE', #489, 1000.000000000000000 ) ;
#8860 = EDGE_CURVE ( 'NONE', #3482, #9349, #7087, .T. ) ;
#8861 = PLANE ( 'NONE',  #8734 ) ;
#8862 = ORIENTED_EDGE ( 'NONE', *, *, #1265, .F. ) ;
#8863 = CARTESIAN_POINT ( 'NONE',  ( 8.064500000000002444, 8.509000000000000341, -0.8255000000000044524 ) ) ;
#8864 = FACE_OUTER_BOUND ( 'NONE', #8054, .T. ) ;
#8865 = VERTEX_POINT ( 'NONE', #6895 ) ;
#8866 = DIRECTION ( 'NONE',  ( 0.000000000000000000, 1.000000000000000000, 2.548365665731588345E-16 ) ) ;
#8867 = CARTESIAN_POINT ( 'NONE',  ( 10.16000000000000192, 0.5080000000000000071, 0.7528818102449925664 ) ) ;
#8868 = AXIS2_PLACEMENT_3D ( 'NONE', #3213, #4660, #4525 ) ;
#8869 = CARTESIAN_POINT ( 'NONE',  ( 19.43100000000000094, 8.064500000000000668, 0.3809999999999955644 ) ) ;
#8870 = CARTESIAN_POINT ( 'NONE',  ( 12.69999999999999929, 0.5080000000000002292, -0.7528818102449945648 ) ) ;
#8871 = DIRECTION ( 'NONE',  ( 0.000000000000000000, 2.449293598294710852E-16, -1.000000000000000000 ) ) ;
#8872 = AXIS2_PLACEMENT_3D ( 'NONE', #6610, #597, #9391 ) ;
#8873 = ADVANCED_FACE ( 'NONE', ( #3206 ), #287, .F. ) ;
#8874 = ORIENTED_EDGE ( 'NONE', *, *, #5062, .T. ) ;
#8875 = ORIENTED_EDGE ( 'NONE', *, *, #1528, .T. ) ;
#8876 = CARTESIAN_POINT ( 'NONE',  ( 11.81099999999999817, 7.239000000000000767, -0.3810000000000033915 ) ) ;
#8877 = LINE ( 'NONE', #2215, #2980 ) ;
#8878 = ORIENTED_EDGE ( 'NONE', *, *, #1356, .T. ) ;
#8879 =( GEOMETRIC_REPRESENTATION_CONTEXT ( 3 ) GLOBAL_UNCERTAINTY_ASSIGNED_CONTEXT ( ( #5864 ) ) GLOBAL_UNIT_ASSIGNED_CONTEXT ( ( #1539, #6012, #4458 ) ) REPRESENTATION_CONTEXT ( 'NONE', 'WORKASPACE' ) );
#8880 = DIRECTION ( 'NONE',  ( -0.000000000000000000, 1.000000000000000000, 1.733406087350420004E-16 ) ) ;
#8881 = CARTESIAN_POINT ( 'NONE',  ( -14.35099999999999909, 8.064500000000000668, 0.3809999999999953979 ) ) ;
#8882 = EDGE_CURVE ( 'NONE', #1885, #4484, #2958, .T. ) ;
#8883 = VERTEX_POINT ( 'NONE', #2239 ) ;
#8884 = VECTOR ( 'NONE', #5303, 1000.000000000000000 ) ;
#8885 = LINE ( 'NONE', #7559, #4646 ) ;
#8886 = AXIS2_PLACEMENT_3D ( 'NONE', #8353, #8399, #3047 ) ;
#8887 = ORIENTED_EDGE ( 'NONE', *, *, #8235, .F. ) ;
#8888 = PLANE ( 'NONE',  #812 ) ;
#8889 = SURFACE_SIDE_STYLE ('',( #7469 ) ) ;
#8890 = VECTOR ( 'NONE', #3022, 1000.000000000000000 ) ;
#8891 = AXIS2_PLACEMENT_3D ( 'NONE', #3533, #2554, #3633 ) ;
#8892 = ADVANCED_FACE ( 'NONE', ( #9042 ), #3283, .F. ) ;
#8893 = ORIENTED_EDGE ( 'NONE', *, *, #7410, .F. ) ;
#8894 = EDGE_CURVE ( 'NONE', #6920, #3395, #6070, .T. ) ;
#8895 = LINE ( 'NONE', #9579, #7263 ) ;
#8896 = ADVANCED_FACE ( 'NONE', ( #5978 ), #6025, .F. ) ;
#8897 = CARTESIAN_POINT ( 'NONE',  ( -15.24000000000000021, 8.509000000000000341, 1.270000000000001128 ) ) ;
#8898 = ORIENTED_EDGE ( 'NONE', *, *, #4610, .T. ) ;
#8899 = DIRECTION ( 'NONE',  ( -1.000000000000000000, -0.000000000000000000, -0.000000000000000000 ) ) ;
#8900 = AXIS2_PLACEMENT_3D ( 'NONE', #6460, #7143, #3461 ) ;
#8901 = ORIENTED_EDGE ( 'NONE', *, *, #6947, .T. ) ;
#8902 = ORIENTED_EDGE ( 'NONE', *, *, #1265, .T. ) ;
#8903 = CARTESIAN_POINT ( 'NONE',  ( 17.33549999999999969, 8.509000000000000341, -0.8255000000000044524 ) ) ;
#8904 = DIRECTION ( 'NONE',  ( 0.000000000000000000, 1.000000000000000000, 2.449293598294710852E-16 ) ) ;
#8905 = AXIS2_PLACEMENT_3D ( 'NONE', #3408, #8707, #1269 ) ;
#8906 = DIRECTION ( 'NONE',  ( 0.000000000000000000, 2.548365665731588345E-16, -1.000000000000000000 ) ) ;
#8907 = CARTESIAN_POINT ( 'NONE',  ( 20.32000000000000028, 0.000000000000000000, 1.269999999999998908 ) ) ;
#8908 = DIRECTION ( 'NONE',  ( 0.000000000000000000, -0.7071067811865482389, 0.7071067811865469066 ) ) ;
#8909 = SURFACE_SIDE_STYLE ('',( #5934 ) ) ;
#8910 = AXIS2_PLACEMENT_3D ( 'NONE', #2686, #5657, #4977 ) ;
#8911 = CARTESIAN_POINT ( 'NONE',  ( 11.04899999999999949, 8.064500000000000668, 0.3809999999999955644 ) ) ;
#8912 = VERTEX_POINT ( 'NONE', #1638 ) ;
#8913 = CARTESIAN_POINT ( 'NONE',  ( -5.080000000000000959, 2.177422008883992879E-16, -0.8890000000000013447 ) ) ;
#8914 = DIRECTION ( 'NONE',  ( 0.000000000000000000, -1.440069553722777130E-16, 1.000000000000000000 ) ) ;
#8915 = EDGE_LOOP ( 'NONE', ( #7607, #5904, #9239, #9465 ) ) ;
#8916 = LINE ( 'NONE', #5943, #6975 ) ;
#8917 = CARTESIAN_POINT ( 'NONE',  ( 15.24000000000000021, 8.509000000000000341, 1.270000000000001128 ) ) ;
#8918 = CARTESIAN_POINT ( 'NONE',  ( 20.32000000000000028, 0.5080000000000000071, 0.7528818102449925664 ) ) ;
#8919 = VERTEX_POINT ( 'NONE', #2335 ) ;
#8920 = ADVANCED_FACE ( 'NONE', ( #2285 ), #4559, .F. ) ;
#8921 = DIRECTION ( 'NONE',  ( 0.000000000000000000, -0.9659258262890699775, -0.2588190451025145222 ) ) ;
#8922 = CARTESIAN_POINT ( 'NONE',  ( 7.620000000000001883, 2.177422008883992879E-16, -0.8890000000000013447 ) ) ;
#8923 = ORIENTED_EDGE ( 'NONE', *, *, #7555, .F. ) ;
#8924 = ORIENTED_EDGE ( 'NONE', *, *, #2791, .F. ) ;
#8925 = FACE_OUTER_BOUND ( 'NONE', #7141, .T. ) ;
#8926 = ORIENTED_EDGE ( 'NONE', *, *, #53, .F. ) ;
#8927 = CARTESIAN_POINT ( 'NONE',  ( 8.509000000000002117, 7.239000000000000767, -0.3810000000000033915 ) ) ;
#8928 = EDGE_CURVE ( 'NONE', #4302, #1068, #6660, .T. ) ;
#8929 = VECTOR ( 'NONE', #330, 1000.000000000000000 ) ;
#8930 = ORIENTED_EDGE ( 'NONE', *, *, #2811, .F. ) ;
#8931 = DIRECTION ( 'NONE',  ( 1.000000000000000000, 0.000000000000000000, 0.000000000000000000 ) ) ;
#8932 = ORIENTED_EDGE ( 'NONE', *, *, #5742, .T. ) ;
#8933 = FACE_BOUND ( 'NONE', #7467, .T. ) ;
#8934 = VECTOR ( 'NONE', #633, 1000.000000000000000 ) ;
#8935 = AXIS2_PLACEMENT_3D ( 'NONE', #8138, #1562, #5124 ) ;
#8936 = DIRECTION ( 'NONE',  ( 0.000000000000000000, -0.7071067811865482389, 0.7071067811865469066 ) ) ;
#8937 = ORIENTED_EDGE ( 'NONE', *, *, #5099, .T. ) ;
#8938 = CARTESIAN_POINT ( 'NONE',  ( -7.620000000000000107, 0.000000000000000000, 1.269999999999998908 ) ) ;
#8939 = DIRECTION ( 'NONE',  ( 0.000000000000000000, 0.000000000000000000, 1.000000000000000000 ) ) ;
#8940 = LINE ( 'NONE', #9082, #6861 ) ;
#8941 = ORIENTED_EDGE ( 'NONE', *, *, #6256, .T. ) ;
#8942 = FACE_OUTER_BOUND ( 'NONE', #1918, .T. ) ;
#8943 = ORIENTED_EDGE ( 'NONE', *, *, #7767, .T. ) ;
#8944 = ORIENTED_EDGE ( 'NONE', *, *, #9186, .F. ) ;
#8945 = CARTESIAN_POINT ( 'NONE',  ( 20.57400000000000162, 2.177422008883992879E-16, -0.8890000000000013447 ) ) ;
#8946 = DIRECTION ( 'NONE',  ( 0.000000000000000000, -2.449293598294710852E-16, 1.000000000000000000 ) ) ;
#8947 = CARTESIAN_POINT ( 'NONE',  ( -7.620000000000000107, 8.509000000000000341, -1.270000000000001128 ) ) ;
#8948 = EDGE_CURVE ( 'NONE', #2183, #7616, #46, .T. ) ;
#8949 = CARTESIAN_POINT ( 'NONE',  ( 5.969000000000002082, 7.239000000000000767, -0.3810000000000033915 ) ) ;
#8950 = CARTESIAN_POINT ( 'NONE',  ( -5.079999999999999183, 0.5080000000000000071, 0.7528818102449925664 ) ) ;
#8951 = DIRECTION ( 'NONE',  ( 0.000000000000000000, -0.7071067811865482389, 0.7071067811865469066 ) ) ;
#8952 = VECTOR ( 'NONE', #3477, 1000.000000000000114 ) ;
#8953 = VECTOR ( 'NONE', #5738, 1000.000000000000000 ) ;
#8954 = DIRECTION ( 'NONE',  ( 0.000000000000000000, 0.000000000000000000, 1.000000000000000000 ) ) ;
#8955 = VERTEX_POINT ( 'NONE', #2550 ) ;
#8956 = CARTESIAN_POINT ( 'NONE',  ( 17.78000000000000114, 3.110602869834277161E-16, -1.270000000000001128 ) ) ;
#8957 = LINE ( 'NONE', #795, #4533 ) ;
#8958 = AXIS2_PLACEMENT_3D ( 'NONE', #1641, #928, #3202 ) ;
#8959 = VERTEX_POINT ( 'NONE', #8262 ) ;
#8960 = LINE ( 'NONE', #9098, #3741 ) ;
#8961 = CARTESIAN_POINT ( 'NONE',  ( 3.429000000000001602, 7.239000000000000767, 0.3809999999999953979 ) ) ;
#8962 = DIRECTION ( 'NONE',  ( -1.000000000000000000, -0.000000000000000000, -0.000000000000000000 ) ) ;
#8963 = ORIENTED_EDGE ( 'NONE', *, *, #7663, .T. ) ;
#8964 = ADVANCED_FACE ( 'NONE', ( #5515 ), #139, .F. ) ;
#8965 = CARTESIAN_POINT ( 'NONE',  ( -15.24000000000000021, 0.000000000000000000, 1.269999999999998908 ) ) ;
#8966 = EDGE_CURVE ( 'NONE', #3455, #4745, #878, .T. ) ;
#8967 = DIRECTION ( 'NONE',  ( 0.000000000000000000, 0.2588190451025145222, -0.9659258262890699775 ) ) ;
#8968 = EDGE_CURVE ( 'NONE', #4489, #1885, #7481, .T. ) ;
#8969 = VECTOR ( 'NONE', #1445, 1000.000000000000000 ) ;
#8970 = EDGE_LOOP ( 'NONE', ( #934, #793, #4629, #3801 ) ) ;
#8971 = EDGE_CURVE ( 'NONE', #33, #7832, #3840, .T. ) ;
#8972 = VERTEX_POINT ( 'NONE', #4603 ) ;
#8973 = CARTESIAN_POINT ( 'NONE',  ( 20.32000000000000028, 0.5080000000000002292, -0.7528818102449945648 ) ) ;
#8974 = ADVANCED_FACE ( 'NONE', ( #7572 ), #3053, .F. ) ;
#8975 = CARTESIAN_POINT ( 'NONE',  ( 0.3810000000000000053, 0.5079999999999998961, -0.2031999999999997419 ) ) ;
#8976 = ORIENTED_EDGE ( 'NONE', *, *, #2769, .T. ) ;
#8977 = VECTOR ( 'NONE', #9483, 1000.000000000000000 ) ;
#8978 = LINE ( 'NONE', #1489, #7017 ) ;
#8979 = UNCERTAINTY_MEASURE_WITH_UNIT (LENGTH_MEASURE( 1.000000000000000082E-05 ), #5059, 'distance_accuracy_value', 'NONE');
#8980 = AXIS2_PLACEMENT_3D ( 'NONE', #6715, #102, #7443 ) ;
#8981 = ORIENTED_EDGE ( 'NONE', *, *, #2595, .T. ) ;
#8982 = EDGE_CURVE ( 'NONE', #4019, #6301, #6838, .T. ) ;
#8983 = EDGE_CURVE ( 'NONE', #2367, #7565, #8997, .T. ) ;
#8984 = LINE ( 'NONE', #9030, #6518 ) ;
#8985 = ORIENTED_EDGE ( 'NONE', *, *, #6194, .F. ) ;
#8986 = CARTESIAN_POINT ( 'NONE',  ( 2.095500000000000362, 8.509000000000000341, -1.270000000000001128 ) ) ;
#8987 = VECTOR ( 'NONE', #7568, 1000.000000000000000 ) ;
#8988 = FACE_OUTER_BOUND ( 'NONE', #5264, .T. ) ;
#8989 = ORIENTED_EDGE ( 'NONE', *, *, #7463, .T. ) ;
#8990 = DIRECTION ( 'NONE',  ( 0.000000000000000000, -1.733406087350420004E-16, 1.000000000000000000 ) ) ;
#8991 = ADVANCED_FACE ( 'NONE', ( #3704 ), #1297, .F. ) ;
#8992 = ORIENTED_EDGE ( 'NONE', *, *, #2787, .T. ) ;
#8993 = LINE ( 'NONE', #7519, #4777 ) ;
#8994 = ORIENTED_EDGE ( 'NONE', *, *, #8571, .T. ) ;
#8995 = VERTEX_POINT ( 'NONE', #6702 ) ;
#8996 = LINE ( 'NONE', #4602, #4504 ) ;
#8997 = LINE ( 'NONE', #315, #9507 ) ;
#8998 = ORIENTED_EDGE ( 'NONE', *, *, #1444, .T. ) ;
#8999 = CARTESIAN_POINT ( 'NONE',  ( 10.60449999999999982, 8.509000000000000341, -0.8255000000000044524 ) ) ;
#9000 = CARTESIAN_POINT ( 'NONE',  ( 20.32000000000000028, 8.509000000000000341, -1.270000000000001128 ) ) ;
#9001 = CARTESIAN_POINT ( 'NONE',  ( -12.69999999999999929, 0.5080000000000002292, -0.7528818102449945648 ) ) ;
#9002 = SHAPE_REPRESENTATION ( 'NPPC161LFBN-RC', ( #5330, #6869, #2836, #7502, #5948, #1909, #1742, #7962, #8900, #8285, #7183, #3924, #2374, #8579, #5793, #2990, #6246, #4083 ), #9527 ) ;
#9003 = DIRECTION ( 'NONE',  ( 1.000000000000000000, 0.000000000000000000, 0.000000000000000000 ) ) ;
#9004 = ADVANCED_FACE ( 'NONE', ( #366 ), #6289, .F. ) ;
#9005 = ORIENTED_EDGE ( 'NONE', *, *, #1477, .T. ) ;
#9006 = ORIENTED_EDGE ( 'NONE', *, *, #8882, .T. ) ;
#9007 = DIRECTION ( 'NONE',  ( 0.5773502691896255090, -0.5773502691896253980, -0.5773502691896263972 ) ) ;
#9008 = CLOSED_SHELL ( 'NONE', ( #8194, #467, #6013, #5576, #4169, #3086, #5719, #7766, #2080, #8708, #5409, #215, #3303, #7897, #882, #1291, #5041, #4549, #8552 ) ) ;
#9009 = CARTESIAN_POINT ( 'NONE',  ( 3.429000000000001602, 7.239000000000000767, -0.3810000000000033915 ) ) ;
#9010 = ORIENTED_EDGE ( 'NONE', *, *, #1585, .F. ) ;
#9011 = CARTESIAN_POINT ( 'NONE',  ( -8.509000000000000341, 8.064500000000000668, 0.3809999999999953979 ) ) ;
#9012 = DIRECTION ( 'NONE',  ( 0.000000000000000000, 2.449293598294710852E-16, -1.000000000000000000 ) ) ;
#9013 = CARTESIAN_POINT ( 'NONE',  ( 16.12900000000000134, 7.239000000000000767, 0.3809999999999953979 ) ) ;
#9014 = ORIENTED_EDGE ( 'NONE', *, *, #8207, .T. ) ;
#9015 = DIRECTION ( 'NONE',  ( 0.000000000000000000, -1.733406087350420004E-16, 1.000000000000000000 ) ) ;
#9016 = CARTESIAN_POINT ( 'NONE',  ( -17.78000000000000114, 8.509000000000000341, 1.270000000000001128 ) ) ;
#9017 = VECTOR ( 'NONE', #1351, 1000.000000000000000 ) ;
#9018 = LINE ( 'NONE', #4342, #5184 ) ;
#9019 = EDGE_CURVE ( 'NONE', #1211, #9272, #5568, .T. ) ;
#9020 = EDGE_LOOP ( 'NONE', ( #5081, #7179, #3593, #5031 ) ) ;
#9021 = ORIENTED_EDGE ( 'NONE', *, *, #8235, .T. ) ;
#9022 = DIRECTION ( 'NONE',  ( -0.7071067811865475727, -0.7071067811865475727, 0.000000000000000000 ) ) ;
#9023 = STYLED_ITEM ( 'NONE', ( #738 ), #7648 ) ;
#9024 = EDGE_CURVE ( 'NONE', #5869, #6315, #2741, .T. ) ;
#9025 = ORIENTED_EDGE ( 'NONE', *, *, #8067, .T. ) ;
#9026 = DIRECTION ( 'NONE',  ( 1.000000000000000000, -0.000000000000000000, -0.000000000000000000 ) ) ;
#9027 = DIRECTION ( 'NONE',  ( 0.000000000000000000, -2.449293598294710852E-16, 1.000000000000000000 ) ) ;
#9028 = AXIS2_PLACEMENT_3D ( 'NONE', #2515, #8446, #7081 ) ;
#9029 = EDGE_LOOP ( 'NONE', ( #8684, #1722, #2953, #665 ) ) ;
#9030 = CARTESIAN_POINT ( 'NONE',  ( 1.143000000000001570, 7.810500000000000220, -0.1270000000000029716 ) ) ;
#9031 = STYLED_ITEM ( 'NONE', ( #7468 ), #8171 ) ;
#9032 = ORIENTED_EDGE ( 'NONE', *, *, #8451, .F. ) ;
#9033 = DIRECTION ( 'NONE',  ( 0.000000000000000000, 0.000000000000000000, -1.000000000000000000 ) ) ;
#9034 = EDGE_CURVE ( 'NONE', #3039, #1103, #7805, .T. ) ;
#9035 = AXIS2_PLACEMENT_3D ( 'NONE', #1279, #3613, #5117 ) ;
#9036 = EDGE_LOOP ( 'NONE', ( #8512, #1799, #3383, #7441 ) ) ;
#9037 = DIRECTION ( 'NONE',  ( 0.000000000000000000, 2.449293598294710852E-16, -1.000000000000000000 ) ) ;
#9038 = VERTEX_POINT ( 'NONE', #7019 ) ;
#9039 = DIRECTION ( 'NONE',  ( 0.000000000000000000, -0.9659258262890699775, -0.2588190451025145222 ) ) ;
#9040 = VERTEX_POINT ( 'NONE', #9416 ) ;
#9041 = DIRECTION ( 'NONE',  ( 1.000000000000000000, 0.000000000000000000, -0.000000000000000000 ) ) ;
#9042 = FACE_OUTER_BOUND ( 'NONE', #9302, .T. ) ;
#9043 = ORIENTED_EDGE ( 'NONE', *, *, #9024, .T. ) ;
#9044 = VECTOR ( 'NONE', #1430, 1000.000000000000000 ) ;
#9045 = DIRECTION ( 'NONE',  ( 1.000000000000000000, 0.000000000000000000, 0.000000000000000000 ) ) ;
#9046 = DIRECTION ( 'NONE',  ( 0.000000000000000000, -0.000000000000000000, -1.000000000000000000 ) ) ;
#9047 = VECTOR ( 'NONE', #7212, 1000.000000000000000 ) ;
#9048 = PLANE ( 'NONE',  #3498 ) ;
#9049 = EDGE_CURVE ( 'NONE', #8748, #9438, #1249, .T. ) ;
#9050 = CARTESIAN_POINT ( 'NONE',  ( 2.540000000000000480, 0.000000000000000000, 1.269999999999998908 ) ) ;
#9051 = ORIENTED_EDGE ( 'NONE', *, *, #8536, .F. ) ;
#9052 = EDGE_LOOP ( 'NONE', ( #3436, #6068, #5400, #6003 ) ) ;
#9053 = CARTESIAN_POINT ( 'NONE',  ( 0.3810000000000000053, 0.5079999999999998961, -0.2031999999999997419 ) ) ;
#9054 = VECTOR ( 'NONE', #357, 1000.000000000000000 ) ;
#9055 = DIRECTION ( 'NONE',  ( 0.000000000000000000, 2.449293598294710852E-16, -1.000000000000000000 ) ) ;
#9056 = VERTEX_POINT ( 'NONE', #2025 ) ;
#9057 = DIRECTION ( 'NONE',  ( 0.000000000000000000, 2.449293598294710852E-16, -1.000000000000000000 ) ) ;
#9058 = LINE ( 'NONE', #8917, #8890 ) ;
#9059 = LINE ( 'NONE', #6995, #2721 ) ;
#9060 = EDGE_LOOP ( 'NONE', ( #9180, #6509, #4966, #225 ) ) ;
#9061 = PLANE ( 'NONE',  #1169 ) ;
#9062 = PLANE ( 'NONE',  #2574 ) ;
#9063 =( REPRESENTATION_RELATIONSHIP ('NONE','NONE', #9002, #746 ) REPRESENTATION_RELATIONSHIP_WITH_TRANSFORMATION ( #7077 )SHAPE_REPRESENTATION_RELATIONSHIP( ) );
#9064 = DIRECTION ( 'NONE',  ( 1.000000000000000000, 0.000000000000000000, 0.000000000000000000 ) ) ;
#9065 = AXIS2_PLACEMENT_3D ( 'NONE', #3265, #4625, #7687 ) ;
#9066 = PRODUCT_DEFINITION_SHAPE ( 'NONE', 'NONE',  #9629 ) ;
#9067 = VERTEX_POINT ( 'NONE', #3437 ) ;
#9068 = ORIENTED_EDGE ( 'NONE', *, *, #8067, .F. ) ;
#9069 = LINE ( 'NONE', #2359, #7569 ) ;
#9070 = EDGE_LOOP ( 'NONE', ( #1673, #115, #4889, #9547 ) ) ;
#9071 = CARTESIAN_POINT ( 'NONE',  ( -17.78000000000000114, 0.5080000000000002292, -0.7528818102449945648 ) ) ;
#9072 = CARTESIAN_POINT ( 'NONE',  ( -7.175499999999999545, 8.509000000000000341, -1.270000000000001128 ) ) ;
#9073 = ADVANCED_FACE ( 'NONE', ( #8584 ), #4064, .F. ) ;
#9074 = EDGE_CURVE ( 'NONE', #4345, #1204, #2643, .T. ) ;
#9075 = EDGE_LOOP ( 'NONE', ( #3345, #7310, #8111, #5572 ) ) ;
#9076 = DIRECTION ( 'NONE',  ( -1.000000000000000000, -0.000000000000000000, -0.000000000000000000 ) ) ;
#9077 = ORIENTED_EDGE ( 'NONE', *, *, #4210, .T. ) ;
#9078 = EDGE_CURVE ( 'NONE', #3310, #8959, #4112, .T. ) ;
#9079 = VECTOR ( 'NONE', #6801, 1000.000000000000000 ) ;
#9080 = EDGE_CURVE ( 'NONE', #3348, #4801, #4985, .T. ) ;
#9081 = ORIENTED_EDGE ( 'NONE', *, *, #52, .T. ) ;
#9082 = CARTESIAN_POINT ( 'NONE',  ( -17.78000000000000114, -1.925929944387235853E-31, 0.8889999999999991243 ) ) ;
#9083 = ADVANCED_FACE ( 'NONE', ( #8634 ), #1976, .F. ) ;
#9084 = CARTESIAN_POINT ( 'NONE',  ( -14.35099999999999909, 7.239000000000000767, -0.3810000000000033915 ) ) ;
#9085 = VERTEX_POINT ( 'NONE', #7850 ) ;
#9086 = FACE_OUTER_BOUND ( 'NONE', #3260, .T. ) ;
#9087 = EDGE_CURVE ( 'NONE', #2948, #4649, #1104, .T. ) ;
#9088 = VECTOR ( 'NONE', #5824, 1000.000000000000000 ) ;
#9089 = EDGE_LOOP ( 'NONE', ( #874, #534, #6790, #240 ) ) ;
#9090 = LINE ( 'NONE', #2386, #5080 ) ;
#9091 = DIRECTION ( 'NONE',  ( 0.000000000000000000, 0.000000000000000000, 1.000000000000000000 ) ) ;
#9092 = CARTESIAN_POINT ( 'NONE',  ( 11.81099999999999817, 7.239000000000000767, -0.3810000000000033915 ) ) ;
#9093 = ORIENTED_EDGE ( 'NONE', *, *, #3906, .F. ) ;
#9094 = EDGE_LOOP ( 'NONE', ( #4124, #3333, #7513, #3232 ) ) ;
#9095 = DIRECTION ( 'NONE',  ( -0.000000000000000000, 1.000000000000000000, 1.440069553722777130E-16 ) ) ;
#9096 = DIRECTION ( 'NONE',  ( -0.000000000000000000, 1.000000000000000000, 1.169455476739838842E-16 ) ) ;
#9097 = ORIENTED_EDGE ( 'NONE', *, *, #9325, .T. ) ;
#9098 = CARTESIAN_POINT ( 'NONE',  ( 20.57400000000000162, 0.000000000000000000, 1.269999999999998908 ) ) ;
#9099 = ADVANCED_FACE ( 'NONE', ( #7121 ), #8533, .F. ) ;
#9100 = CARTESIAN_POINT ( 'NONE',  ( -17.78000000000000114, 8.509000000000000341, -1.270000000000001128 ) ) ;
#9101 = PLANE ( 'NONE',  #2886 ) ;
#9102 = ORIENTED_EDGE ( 'NONE', *, *, #3427, .T. ) ;
#9103 = VECTOR ( 'NONE', #1276, 1000.000000000000000 ) ;
#9104 = CARTESIAN_POINT ( 'NONE',  ( 7.620000000000001883, 0.000000000000000000, 0.000000000000000000 ) ) ;
#9105 = AXIS2_PLACEMENT_3D ( 'NONE', #3463, #4961, #9445 ) ;
#9106 = FILL_AREA_STYLE ('',( #6129 ) ) ;
#9107 = LINE ( 'NONE', #157, #6410 ) ;
#9108 = COLOUR_RGB ( '',0.2509803921568627416, 0.2509803921568627416, 0.2509803921568627416 ) ;
#9109 = VECTOR ( 'NONE', #2915, 1000.000000000000000 ) ;
#9110 = ORIENTED_EDGE ( 'NONE', *, *, #787, .F. ) ;
#9111 = ORIENTED_EDGE ( 'NONE', *, *, #83, .T. ) ;
#9112 = DIRECTION ( 'NONE',  ( 1.000000000000000000, 0.000000000000000000, -0.000000000000000000 ) ) ;
#9113 = ORIENTED_EDGE ( 'NONE', *, *, #7471, .F. ) ;
#9114 = DIRECTION ( 'NONE',  ( 0.000000000000000000, 1.733406087350420004E-16, -1.000000000000000000 ) ) ;
#9115 = CARTESIAN_POINT ( 'NONE',  ( 0.8890000000000009006, 8.064500000000000668, -0.3810000000000032250 ) ) ;
#9116 = VECTOR ( 'NONE', #1778, 1000.000000000000000 ) ;
#9117 = VECTOR ( 'NONE', #7030, 1000.000000000000000 ) ;
#9118 = EDGE_LOOP ( 'NONE', ( #8902, #4131, #5563, #1099 ) ) ;
#9119 = ORIENTED_EDGE ( 'NONE', *, *, #7252, .T. ) ;
#9120 = DIRECTION ( 'NONE',  ( 0.000000000000000000, -1.000000000000000000, -2.548365665731588345E-16 ) ) ;
#9121 = ADVANCED_FACE ( 'NONE', ( #1302 ), #9467, .F. ) ;
#9122 = VECTOR ( 'NONE', #9560, 1000.000000000000000 ) ;
#9123 = APPLICATION_CONTEXT ( 'automotive_design' ) ;
#9124 = DIRECTION ( 'NONE',  ( -0.5773502691896253980, 0.5773502691896253980, -0.5773502691896266192 ) ) ;
#9125 = VERTEX_POINT ( 'NONE', #7948 ) ;
#9126 = FACE_OUTER_BOUND ( 'NONE', #9513, .T. ) ;
#9127 = DIRECTION ( 'NONE',  ( -0.000000000000000000, -0.7071067811865482389, -0.7071067811865467956 ) ) ;
#9128 = AXIS2_PLACEMENT_3D ( 'NONE', #2296, #5265, #3019 ) ;
#9129 = ORIENTED_EDGE ( 'NONE', *, *, #1183, .T. ) ;
#9130 = ADVANCED_FACE ( 'NONE', ( #4256 ), #569, .F. ) ;
#9131 = ITEM_DEFINED_TRANSFORMATION ( 'NONE', 'NONE', #2836,  #4388 ) ;
#9132 = DIRECTION ( 'NONE',  ( 0.000000000000000000, 0.000000000000000000, -1.000000000000000000 ) ) ;
#9133 = PLANE ( 'NONE',  #3711 ) ;
#9134 = VECTOR ( 'NONE', #1948, 1000.000000000000000 ) ;
#9135 = ADVANCED_FACE ( 'NONE', ( #7752 ), #1832, .F. ) ;
#9136 = ORIENTED_EDGE ( 'NONE', *, *, #2768, .T. ) ;
#9137 = DIRECTION ( 'NONE',  ( 0.000000000000000000, 1.000000000000000000, 2.548365665731588345E-16 ) ) ;
#9138 = ORIENTED_EDGE ( 'NONE', *, *, #7906, .F. ) ;
#9139 = CARTESIAN_POINT ( 'NONE',  ( -19.87550000000000239, 8.509000000000000341, 0.8254999999999967919 ) ) ;
#9140 = LINE ( 'NONE', #2562, #1968 ) ;
#9141 = CARTESIAN_POINT ( 'NONE',  ( -20.57400000000000162, 3.110602869834277161E-16, -1.270000000000001128 ) ) ;
#9142 = ADVANCED_FACE ( 'NONE', ( #1345 ), #5035, .F. ) ;
#9143 = ORIENTED_EDGE ( 'NONE', *, *, #7982, .F. ) ;
#9144 = ORIENTED_EDGE ( 'NONE', *, *, #8649, .T. ) ;
#9145 = CARTESIAN_POINT ( 'NONE',  ( -15.24000000000000021, 0.000000000000000000, 1.269999999999998908 ) ) ;
#9146 = LINE ( 'NONE', #7039, #1139 ) ;
#9147 = ORIENTED_EDGE ( 'NONE', *, *, #6272, .F. ) ;
#9148 = DIRECTION ( 'NONE',  ( 0.000000000000000000, 0.2588190451025145222, -0.9659258262890699775 ) ) ;
#9149 = LINE ( 'NONE', #6125, #87 ) ;
#9150 = CARTESIAN_POINT ( 'NONE',  ( -17.78000000000000114, 8.509000000000000341, -1.270000000000001128 ) ) ;
#9151 = SURFACE_SIDE_STYLE ('',( #987 ) ) ;
#9152 = DIRECTION ( 'NONE',  ( 0.000000000000000000, -0.9659258262890699775, -0.2588190451025145222 ) ) ;
#9153 = EDGE_CURVE ( 'NONE', #4655, #383, #6228, .T. ) ;
#9154 = ADVANCED_FACE ( 'NONE', ( #4772, #9354 ), #7889, .F. ) ;
#9155 = DIRECTION ( 'NONE',  ( 0.000000000000000000, -1.000000000000000000, -2.667820306312752381E-16 ) ) ;
#9156 = VERTEX_POINT ( 'NONE', #5602 ) ;
#9157 = CARTESIAN_POINT ( 'NONE',  ( 10.16000000000000192, 3.110602869834277161E-16, -1.270000000000001128 ) ) ;
#9158 = ORIENTED_EDGE ( 'NONE', *, *, #9221, .T. ) ;
#9159 = DIRECTION ( 'NONE',  ( 0.000000000000000000, 1.000000000000000000, 0.000000000000000000 ) ) ;
#9160 = CARTESIAN_POINT ( 'NONE',  ( -2.540000000000000480, 8.509000000000000341, 1.270000000000001128 ) ) ;
#9161 = EDGE_CURVE ( 'NONE', #1380, #2749, #8620, .T. ) ;
#9162 = VECTOR ( 'NONE', #3918, 1000.000000000000000 ) ;
#9163 = ORIENTED_EDGE ( 'NONE', *, *, #369, .F. ) ;
#9164 = VERTEX_POINT ( 'NONE', #4821 ) ;
#9165 = DIRECTION ( 'NONE',  ( 0.000000000000000000, 1.440069553722777130E-16, -1.000000000000000000 ) ) ;
#9166 = CARTESIAN_POINT ( 'NONE',  ( 19.43100000000000094, 7.239000000000000767, -0.3810000000000033915 ) ) ;
#9167 = ORIENTED_EDGE ( 'NONE', *, *, #3502, .T. ) ;
#9168 =( NAMED_UNIT ( * ) SI_UNIT ( $, .STERADIAN. ) SOLID_ANGLE_UNIT ( ) );
#9169 = MECHANICAL_DESIGN_GEOMETRIC_PRESENTATION_REPRESENTATION (  '', ( #636 ), #8086 ) ;
#9170 = DIRECTION ( 'NONE',  ( -0.000000000000000000, 1.000000000000000000, 2.449293598294710852E-16 ) ) ;
#9171 = CARTESIAN_POINT ( 'NONE',  ( -3.936999999999999389, 7.810500000000000220, -0.1270000000000029716 ) ) ;
#9172 = EDGE_CURVE ( 'NONE', #9262, #6212, #4922, .T. ) ;
#9173 = ORIENTED_EDGE ( 'NONE', *, *, #8037, .T. ) ;
#9174 = VECTOR ( 'NONE', #4845, 1000.000000000000000 ) ;
#9175 = CONTEXT_DEPENDENT_SHAPE_REPRESENTATION ( #6257, #1073 ) ;
#9176 = FACE_OUTER_BOUND ( 'NONE', #2553, .T. ) ;
#9177 = FACE_OUTER_BOUND ( 'NONE', #4557, .T. ) ;
#9178 = ORIENTED_EDGE ( 'NONE', *, *, #6335, .F. ) ;
#9179 = LINE ( 'NONE', #3199, #7152 ) ;
#9180 = ORIENTED_EDGE ( 'NONE', *, *, #4956, .T. ) ;
#9181 = DIRECTION ( 'NONE',  ( 0.000000000000000000, 0.2588190451025145222, -0.9659258262890699775 ) ) ;
#9182 = CARTESIAN_POINT ( 'NONE',  ( 5.080000000000000959, 8.509000000000000341, -0.8255000000000044524 ) ) ;
#9183 = AXIS2_PLACEMENT_3D ( 'NONE', #1346, #8585, #6491 ) ;
#9184 = LINE ( 'NONE', #2522, #9079 ) ;
#9185 = EDGE_CURVE ( 'NONE', #9234, #8653, #8572, .T. ) ;
#9186 = EDGE_CURVE ( 'NONE', #4649, #1963, #7837, .T. ) ;
#9187 = EDGE_CURVE ( 'NONE', #736, #6163, #6327, .T. ) ;
#9188 = ORIENTED_EDGE ( 'NONE', *, *, #7927, .F. ) ;
#9189 = VERTEX_POINT ( 'NONE', #4869 ) ;
#9190 = LINE ( 'NONE', #1125, #8675 ) ;
#9191 = VECTOR ( 'NONE', #7773, 1000.000000000000000 ) ;
#9192 = CARTESIAN_POINT ( 'NONE',  ( 10.60449999999999982, 8.509000000000000341, -1.270000000000001128 ) ) ;
#9193 = VERTEX_POINT ( 'NONE', #2682 ) ;
#9194 = VECTOR ( 'NONE', #1235, 1000.000000000000000 ) ;
#9195 = DIRECTION ( 'NONE',  ( 0.000000000000000000, 1.440069553722777130E-16, -1.000000000000000000 ) ) ;
#9196 = DIRECTION ( 'NONE',  ( -1.000000000000000000, -0.000000000000000000, -0.000000000000000000 ) ) ;
#9197 = CARTESIAN_POINT ( 'NONE',  ( -17.78000000000000114, 8.509000000000000341, 1.270000000000001128 ) ) ;
#9198 = LINE ( 'NONE', #7046, #4855 ) ;
#9199 = VECTOR ( 'NONE', #1333, 1000.000000000000000 ) ;
#9200 = EDGE_CURVE ( 'NONE', #1103, #3480, #9404, .T. ) ;
#9201 = EDGE_CURVE ( 'NONE', #5396, #6633, #5459, .T. ) ;
#9202 = VECTOR ( 'NONE', #8147, 1000.000000000000000 ) ;
#9203 = DIRECTION ( 'NONE',  ( 0.000000000000000000, -1.000000000000000000, 0.000000000000000000 ) ) ;
#9204 = EDGE_LOOP ( 'NONE', ( #8705, #4640, #9188, #5042 ) ) ;
#9205 = DIRECTION ( 'NONE',  ( 0.000000000000000000, 2.548365665731588345E-16, -1.000000000000000000 ) ) ;
#9206 = VERTEX_POINT ( 'NONE', #7005 ) ;
#9207 = DIRECTION ( 'NONE',  ( 1.000000000000000000, 0.000000000000000000, 0.000000000000000000 ) ) ;
#9208 = EDGE_CURVE ( 'NONE', #7012, #2321, #304, .T. ) ;
#9209 = ADVANCED_FACE ( 'NONE', ( #404, #6425 ), #7110, .F. ) ;
#9210 = LINE ( 'NONE', #3956, #4455 ) ;
#9211 = PRESENTATION_LAYER_ASSIGNMENT (  '', '', ( #1147 ) ) ;
#9212 = DIRECTION ( 'NONE',  ( 0.000000000000000000, -1.000000000000000000, -2.548365665731588345E-16 ) ) ;
#9213 = ORIENTED_EDGE ( 'NONE', *, *, #8146, .T. ) ;
#9214 = VERTEX_POINT ( 'NONE', #4192 ) ;
#9215 = LINE ( 'NONE', #1050, #6789 ) ;
#9216 = VERTEX_POINT ( 'NONE', #2541 ) ;
#9217 = CARTESIAN_POINT ( 'NONE',  ( -0.8890000000000009006, 7.239000000000000767, -0.3810000000000033915 ) ) ;
#9218 = ORIENTED_EDGE ( 'NONE', *, *, #6154, .F. ) ;
#9219 = DIRECTION ( 'NONE',  ( 1.000000000000000000, 0.000000000000000000, 0.000000000000000000 ) ) ;
#9220 = DIRECTION ( 'NONE',  ( -0.000000000000000000, -0.7071067811865482389, -0.7071067811865467956 ) ) ;
#9221 = EDGE_CURVE ( 'NONE', #7789, #7972, #1761, .T. ) ;
#9222 = CARTESIAN_POINT ( 'NONE',  ( -5.080000000000000959, 0.000000000000000000, 1.269999999999998908 ) ) ;
#9223 =( NAMED_UNIT ( * ) SI_UNIT ( $, .STERADIAN. ) SOLID_ANGLE_UNIT ( ) );
#9224 = ORIENTED_EDGE ( 'NONE', *, *, #5549, .F. ) ;
#9225 = LINE ( 'NONE', #9464, #506 ) ;
#9226 = CARTESIAN_POINT ( 'NONE',  ( -2.540000000000000480, 0.000000000000000000, 1.269999999999998908 ) ) ;
#9227 = ORIENTED_EDGE ( 'NONE', *, *, #4634, .F. ) ;
#9228 = LINE ( 'NONE', #1018, #3439 ) ;
#9229 = ORIENTED_EDGE ( 'NONE', *, *, #4788, .F. ) ;
#9230 = CARTESIAN_POINT ( 'NONE',  ( -0.3810000000000000053, 0.5079999999999997851, 0.2032000000000010465 ) ) ;
#9231 = CARTESIAN_POINT ( 'NONE',  ( 16.89099999999999824, 7.239000000000000767, 0.3809999999999953979 ) ) ;
#9232 = CARTESIAN_POINT ( 'NONE',  ( -5.079999999999999183, 2.177422008883992879E-16, -0.8890000000000013447 ) ) ;
#9233 = AXIS2_PLACEMENT_3D ( 'NONE', #2148, #8125, #1422 ) ;
#9234 = VERTEX_POINT ( 'NONE', #510 ) ;
#9235 = ORIENTED_EDGE ( 'NONE', *, *, #4786, .T. ) ;
#9236 = CARTESIAN_POINT ( 'NONE',  ( -12.69999999999999929, 8.509000000000000341, 1.270000000000001128 ) ) ;
#9237 = LINE ( 'NONE', #6214, #3777 ) ;
#9238 = EDGE_CURVE ( 'NONE', #6919, #4801, #4001, .T. ) ;
#9239 = ORIENTED_EDGE ( 'NONE', *, *, #335, .F. ) ;
#9240 = CARTESIAN_POINT ( 'NONE',  ( 15.24000000000000021, 0.5080000000000002292, -0.7528818102449945648 ) ) ;
#9241 = DIRECTION ( 'NONE',  ( 0.000000000000000000, 0.000000000000000000, -1.000000000000000000 ) ) ;
#9242 = DIRECTION ( 'NONE',  ( -0.000000000000000000, 0.000000000000000000, -1.000000000000000000 ) ) ;
#9243 = CARTESIAN_POINT ( 'NONE',  ( 12.69999999999999929, 3.110602869834277161E-16, -1.270000000000001128 ) ) ;
#9244 = CARTESIAN_POINT ( 'NONE',  ( 17.78000000000000114, 0.5080000000000000071, 0.7528818102449925664 ) ) ;
#9245 = AXIS2_PLACEMENT_3D ( 'NONE', #1419, #6705, #4421 ) ;
#9246 = LINE ( 'NONE', #7000, #1110 ) ;
#9247 = ORIENTED_EDGE ( 'NONE', *, *, #2811, .T. ) ;
#9248 = DIRECTION ( 'NONE',  ( -0.000000000000000000, -0.7071067811865482389, -0.7071067811865467956 ) ) ;
#9249 = EDGE_CURVE ( 'NONE', #84, #209, #8428, .T. ) ;
#9250 = VECTOR ( 'NONE', #295, 1000.000000000000000 ) ;
#9251 = ORIENTED_EDGE ( 'NONE', *, *, #8725, .F. ) ;
#9252 = CARTESIAN_POINT ( 'NONE',  ( -12.69999999999999929, 8.509000000000000341, -1.270000000000001128 ) ) ;
#9253 = EDGE_CURVE ( 'NONE', #5511, #1380, #7694, .T. ) ;
#9254 = ADVANCED_FACE ( 'NONE', ( #1093 ), #4053, .F. ) ;
#9255 = CARTESIAN_POINT ( 'NONE',  ( 12.69999999999999929, 0.5080000000000002292, -0.7528818102449945648 ) ) ;
#9256 = DIRECTION ( 'NONE',  ( -1.000000000000000000, -0.000000000000000000, -0.000000000000000000 ) ) ;
#9257 = VECTOR ( 'NONE', #3551, 1000.000000000000000 ) ;
#9258 = EDGE_CURVE ( 'NONE', #403, #7888, #3574, .T. ) ;
#9259 = ORIENTED_EDGE ( 'NONE', *, *, #1225, .T. ) ;
#9260 = VERTEX_POINT ( 'NONE', #8137 ) ;
#9261 = PLANE ( 'NONE',  #9279 ) ;
#9262 = VERTEX_POINT ( 'NONE', #2205 ) ;
#9263 = LINE ( 'NONE', #3236, #4348 ) ;
#9264 = VECTOR ( 'NONE', #880, 1000.000000000000000 ) ;
#9265 = ORIENTED_EDGE ( 'NONE', *, *, #8251, .F. ) ;
#9266 = CARTESIAN_POINT ( 'NONE',  ( 9.271000000000000796, 7.239000000000000767, 0.3809999999999953979 ) ) ;
#9267 = DIRECTION ( 'NONE',  ( 0.000000000000000000, 1.000000000000000000, 1.733406087350420004E-16 ) ) ;
#9268 = DIRECTION ( 'NONE',  ( -0.000000000000000000, 1.000000000000000000, 1.733406087350420004E-16 ) ) ;
#9269 = EDGE_CURVE ( 'NONE', #4457, #4362, #2927, .T. ) ;
#9270 = MECHANICAL_DESIGN_GEOMETRIC_PRESENTATION_REPRESENTATION (  '', ( #4906 ), #2588 ) ;
#9271 = AXIS2_PLACEMENT_3D ( 'NONE', #9327, #4890, #3495 ) ;
#9272 = VERTEX_POINT ( 'NONE', #5848 ) ;
#9273 = LINE ( 'NONE', #5713, #9047 ) ;
#9274 = CARTESIAN_POINT ( 'NONE',  ( 20.57400000000000162, 2.177422008883992879E-16, -0.8890000000000013447 ) ) ;
#9275 = ORIENTED_EDGE ( 'NONE', *, *, #5670, .T. ) ;
#9276 = LINE ( 'NONE', #2608, #805 ) ;
#9277 = ORIENTED_EDGE ( 'NONE', *, *, #9049, .T. ) ;
#9278 = LINE ( 'NONE', #2610, #6009 ) ;
#9279 = AXIS2_PLACEMENT_3D ( 'NONE', #2592, #4200, #5660 ) ;
#9280 = CARTESIAN_POINT ( 'NONE',  ( -7.620000000000000107, -1.925929944387235853E-31, 0.8889999999999991243 ) ) ;
#9281 = DIRECTION ( 'NONE',  ( 0.000000000000000000, 2.449293598294710852E-16, -1.000000000000000000 ) ) ;
#9282 = EDGE_CURVE ( 'NONE', #2279, #8837, #3717, .T. ) ;
#9283 = PLANE ( 'NONE',  #663 ) ;
#9284 = VECTOR ( 'NONE', #8370, 1000.000000000000000 ) ;
#9285 = ORIENTED_EDGE ( 'NONE', *, *, #5273, .F. ) ;
#9286 = ORIENTED_EDGE ( 'NONE', *, *, #8002, .T. ) ;
#9287 = DIRECTION ( 'NONE',  ( 1.000000000000000000, 0.000000000000000000, 0.000000000000000000 ) ) ;
#9288 = CARTESIAN_POINT ( 'NONE',  ( 20.32000000000000028, 8.509000000000000341, -0.8255000000000044524 ) ) ;
#9289 = ORIENTED_EDGE ( 'NONE', *, *, #9297, .F. ) ;
#9290 = DIRECTION ( 'NONE',  ( -1.000000000000000000, -0.000000000000000000, -0.000000000000000000 ) ) ;
#9291 = DIRECTION ( 'NONE',  ( 0.000000000000000000, 5.054934237236841843E-31, 1.000000000000000000 ) ) ;
#9292 = EDGE_LOOP ( 'NONE', ( #2549, #5552, #2860, #8804 ) ) ;
#9293 = CARTESIAN_POINT ( 'NONE',  ( -5.079999999999999183, 3.110602869834277161E-16, -1.270000000000001128 ) ) ;
#9294 = CARTESIAN_POINT ( 'NONE',  ( 16.89099999999999824, 7.239000000000000767, 0.3809999999999953979 ) ) ;
#9295 = FILL_AREA_STYLE ('',( #5547 ) ) ;
#9296 = PRODUCT_DEFINITION_SHAPE ( 'NONE', 'NONE',  #364 ) ;
#9297 = EDGE_CURVE ( 'NONE', #8972, #1349, #8823, .T. ) ;
#9298 = LINE ( 'NONE', #7050, #5158 ) ;
#9299 = EDGE_LOOP ( 'NONE', ( #3863, #6308, #5432, #6126 ) ) ;
#9300 = DIRECTION ( 'NONE',  ( 0.000000000000000000, 1.000000000000000000, -5.054934237236841843E-31 ) ) ;
#9301 = CARTESIAN_POINT ( 'NONE',  ( 0.8890000000000009006, 8.064500000000000668, 0.3809999999999955644 ) ) ;
#9302 = EDGE_LOOP ( 'NONE', ( #7961, #6190, #3447, #4367 ) ) ;
#9303 = DIRECTION ( 'NONE',  ( -0.000000000000000000, 1.000000000000000000, 1.733406087350420004E-16 ) ) ;
#9304 = LINE ( 'NONE', #2493, #262 ) ;
#9305 = CARTESIAN_POINT ( 'NONE',  ( 20.57400000000000162, -1.925929944387235853E-31, 0.8889999999999991243 ) ) ;
#9306 =( REPRESENTATION_RELATIONSHIP ('NONE','NONE', #9002, #746 ) REPRESENTATION_RELATIONSHIP_WITH_TRANSFORMATION ( #5426 )SHAPE_REPRESENTATION_RELATIONSHIP( ) );
#9307 = ADVANCED_FACE ( 'NONE', ( #7259 ), #7207, .F. ) ;
#9308 = EDGE_CURVE ( 'NONE', #383, #7449, #6528, .T. ) ;
#9309 = ORIENTED_EDGE ( 'NONE', *, *, #7819, .F. ) ;
#9310 = ORIENTED_EDGE ( 'NONE', *, *, #2681, .T. ) ;
#9311 = CARTESIAN_POINT ( 'NONE',  ( 7.620000000000001883, 3.110602869834277161E-16, -1.270000000000001128 ) ) ;
#9312 = ORIENTED_EDGE ( 'NONE', *, *, #8594, .T. ) ;
#9313 = CARTESIAN_POINT ( 'NONE',  ( 12.69999999999999929, -1.925929944387235853E-31, 0.8889999999999991243 ) ) ;
#9314 = ORIENTED_EDGE ( 'NONE', *, *, #8071, .F. ) ;
#9315 = CARTESIAN_POINT ( 'NONE',  ( 19.43100000000000094, 8.064500000000000668, 0.3809999999999953979 ) ) ;
#9316 = CARTESIAN_POINT ( 'NONE',  ( 12.69999999999999929, 3.110602869834277161E-16, -1.270000000000001128 ) ) ;
#9317 = CARTESIAN_POINT ( 'NONE',  ( 11.04899999999999949, 8.064500000000000668, 0.3809999999999955644 ) ) ;
#9318 = DIRECTION ( 'NONE',  ( -1.000000000000000000, 0.000000000000000000, -0.000000000000000000 ) ) ;
#9319 = VECTOR ( 'NONE', #5420, 1000.000000000000000 ) ;
#9320 = VERTEX_POINT ( 'NONE', #705 ) ;
#9321 = CONTEXT_DEPENDENT_SHAPE_REPRESENTATION ( #1488, #5566 ) ;
#9322 = CARTESIAN_POINT ( 'NONE',  ( 7.620000000000001883, 3.110602869834277161E-16, -1.270000000000001128 ) ) ;
#9323 = EDGE_LOOP ( 'NONE', ( #105, #6440, #8923, #6384 ) ) ;
#9324 = PLANE ( 'NONE',  #8398 ) ;
#9325 = EDGE_CURVE ( 'NONE', #1299, #9567, #1385, .T. ) ;
#9326 = ORIENTED_EDGE ( 'NONE', *, *, #5383, .T. ) ;
#9327 = CARTESIAN_POINT ( 'NONE',  ( 12.70000000000000107, 7.239000000000000767, -2.201425730935033664E-16 ) ) ;
#9328 = ADVANCED_FACE ( 'NONE', ( #2827 ), #5172, .F. ) ;
#9329 = DIRECTION ( 'NONE',  ( -0.000000000000000000, -0.000000000000000000, 1.000000000000000000 ) ) ;
#9330 = DIRECTION ( 'NONE',  ( 0.000000000000000000, 0.000000000000000000, -1.000000000000000000 ) ) ;
#9331 = VECTOR ( 'NONE', #3547, 1000.000000000000000 ) ;
#9332 = CARTESIAN_POINT ( 'NONE',  ( 17.33549999999999969, 8.509000000000000341, 0.8254999999999967919 ) ) ;
#9333 = LINE ( 'NONE', #2661, #7319 ) ;
#9334 = ORIENTED_EDGE ( 'NONE', *, *, #3358, .F. ) ;
#9335 = FACE_OUTER_BOUND ( 'NONE', #5411, .T. ) ;
#9336 = DIRECTION ( 'NONE',  ( 1.000000000000000000, 0.000000000000000000, 0.000000000000000000 ) ) ;
#9337 = ORIENTED_EDGE ( 'NONE', *, *, #5337, .F. ) ;
#9338 = CARTESIAN_POINT ( 'NONE',  ( -16.89099999999999824, 7.239000000000000767, 0.3809999999999953979 ) ) ;
#9339 = DIRECTION ( 'NONE',  ( 0.000000000000000000, 0.000000000000000000, 1.000000000000000000 ) ) ;
#9340 = MECHANICAL_DESIGN_GEOMETRIC_PRESENTATION_REPRESENTATION (  '', ( #4056 ), #8879 ) ;
#9341 = DIRECTION ( 'NONE',  ( -1.000000000000000000, -0.000000000000000000, -0.000000000000000000 ) ) ;
#9342 = PLANE ( 'NONE',  #230 ) ;
#9343 = EDGE_CURVE ( 'NONE', #8063, #5015, #8085, .T. ) ;
#9344 = CARTESIAN_POINT ( 'NONE',  ( -14.09699999999999775, 7.810500000000000220, -0.1270000000000029716 ) ) ;
#9345 = CARTESIAN_POINT ( 'NONE',  ( 0.000000000000000000, 2.177422008883992879E-16, -0.8890000000000013447 ) ) ;
#9346 = VECTOR ( 'NONE', #6522, 1000.000000000000000 ) ;
#9347 = ORIENTED_EDGE ( 'NONE', *, *, #6062, .T. ) ;
#9348 = DIRECTION ( 'NONE',  ( -0.000000000000000000, 1.000000000000000000, 1.733406087350420004E-16 ) ) ;
#9349 = VERTEX_POINT ( 'NONE', #7302 ) ;
#9350 = LINE ( 'NONE', #8426, #4467 ) ;
#9351 = DIRECTION ( 'NONE',  ( -0.000000000000000000, -0.000000000000000000, 1.000000000000000000 ) ) ;
#9352 = DIRECTION ( 'NONE',  ( 0.000000000000000000, -1.000000000000000000, -2.548365665731588345E-16 ) ) ;
#9353 = ORIENTED_EDGE ( 'NONE', *, *, #8626, .T. ) ;
#9354 = FACE_OUTER_BOUND ( 'NONE', #7594, .T. ) ;
#9355 = DIRECTION ( 'NONE',  ( -0.000000000000000000, 1.000000000000000000, 1.733406087350420004E-16 ) ) ;
#9356 = VECTOR ( 'NONE', #5555, 1000.000000000000000 ) ;
#9357 = CARTESIAN_POINT ( 'NONE',  ( 4.191000000000000725, 7.239000000000000767, 0.3809999999999953979 ) ) ;
#9358 = AXIS2_PLACEMENT_3D ( 'NONE', #134, #3094, #6884 ) ;
#9359 = ORIENTED_EDGE ( 'NONE', *, *, #4069, .F. ) ;
#9360 = ORIENTED_EDGE ( 'NONE', *, *, #6053, .T. ) ;
#9361 = CARTESIAN_POINT ( 'NONE',  ( 14.35099999999999909, 7.239000000000000767, 0.3809999999999953979 ) ) ;
#9362 = MECHANICAL_DESIGN_GEOMETRIC_PRESENTATION_REPRESENTATION (  '', ( #6401 ), #4543 ) ;
#9363 = ORIENTED_EDGE ( 'NONE', *, *, #9308, .F. ) ;
#9364 = DIRECTION ( 'NONE',  ( 1.000000000000000000, 0.000000000000000000, -0.000000000000000000 ) ) ;
#9365 = VECTOR ( 'NONE', #4586, 1000.000000000000000 ) ;
#9366 = EDGE_CURVE ( 'NONE', #4419, #6019, #3620, .T. ) ;
#9367 = ORIENTED_EDGE ( 'NONE', *, *, #6128, .F. ) ;
#9368 = DIRECTION ( 'NONE',  ( 1.000000000000000000, 0.000000000000000000, 0.000000000000000000 ) ) ;
#9369 = DIRECTION ( 'NONE',  ( 0.3420201433256659929, -0.9396926207859094271, -2.197857363660188298E-16 ) ) ;
#9370 = DIRECTION ( 'NONE',  ( 0.000000000000000000, -1.000000000000000000, -2.548365665731588345E-16 ) ) ;
#9371 = VECTOR ( 'NONE', #3811, 1000.000000000000000 ) ;
#9372 = ORIENTED_EDGE ( 'NONE', *, *, #8244, .T. ) ;
#9373 = DIRECTION ( 'NONE',  ( 0.000000000000000000, 0.9659258262890700886, -0.2588190451025140781 ) ) ;
#9374 = EDGE_CURVE ( 'NONE', #8453, #9040, #2778, .T. ) ;
#9375 = ORIENTED_EDGE ( 'NONE', *, *, #5016, .F. ) ;
#9376 = FACE_OUTER_BOUND ( 'NONE', #1873, .T. ) ;
#9377 = ORIENTED_EDGE ( 'NONE', *, *, #7628, .F. ) ;
#9378 = CARTESIAN_POINT ( 'NONE',  ( -10.16000000000000014, 0.000000000000000000, 0.000000000000000000 ) ) ;
#9379 = EDGE_CURVE ( 'NONE', #1541, #5095, #6478, .T. ) ;
#9380 = EDGE_CURVE ( 'NONE', #5156, #9214, #5075, .T. ) ;
#9381 = EDGE_CURVE ( 'NONE', #3915, #1769, #6578, .T. ) ;
#9382 = DIRECTION ( 'NONE',  ( 0.000000000000000000, 1.000000000000000000, 2.548365665731588345E-16 ) ) ;
#9383 = CARTESIAN_POINT ( 'NONE',  ( -16.89099999999999824, 7.239000000000000767, 0.3809999999999953979 ) ) ;
#9384 = ADVANCED_FACE ( 'NONE', ( #7351 ), #4385, .F. ) ;
#9385 = CARTESIAN_POINT ( 'NONE',  ( 7.620000000000001883, 0.5080000000000002292, -0.7528818102449945648 ) ) ;
#9386 = DIRECTION ( 'NONE',  ( 0.000000000000000000, 0.000000000000000000, 1.000000000000000000 ) ) ;
#9387 = ORIENTED_EDGE ( 'NONE', *, *, #43, .T. ) ;
#9388 = PLANE ( 'NONE',  #3556 ) ;
#9389 = DIRECTION ( 'NONE',  ( 0.000000000000000000, -2.449293598294710852E-16, 1.000000000000000000 ) ) ;
#9390 = ORIENTED_EDGE ( 'NONE', *, *, #5099, .F. ) ;
#9391 = DIRECTION ( 'NONE',  ( 0.000000000000000000, 1.000000000000000000, 1.733406087350420004E-16 ) ) ;
#9392 = DIRECTION ( 'NONE',  ( 0.000000000000000000, 0.000000000000000000, 1.000000000000000000 ) ) ;
#9393 = CARTESIAN_POINT ( 'NONE',  ( 0.8890000000000009006, 7.239000000000000767, 0.3809999999999953979 ) ) ;
#9394 = CARTESIAN_POINT ( 'NONE',  ( -15.24000000000000021, 8.509000000000000341, -1.270000000000001128 ) ) ;
#9395 = FILL_AREA_STYLE ('',( #2672 ) ) ;
#9396 = CARTESIAN_POINT ( 'NONE',  ( -0.1961031209927693308, -3.200400000000000134, 0.2032000000000001583 ) ) ;
#9397 = ADVANCED_FACE ( 'NONE', ( #4432 ), #6672, .F. ) ;
#9398 = EDGE_CURVE ( 'NONE', #3815, #7711, #2064, .T. ) ;
#9399 = ORIENTED_EDGE ( 'NONE', *, *, #377, .T. ) ;
#9400 = CARTESIAN_POINT ( 'NONE',  ( -6.730999999999998984, 8.064500000000000668, -0.3810000000000032250 ) ) ;
#9401 = CARTESIAN_POINT ( 'NONE',  ( 7.620000000000001883, 0.5080000000000000071, 0.7528818102449925664 ) ) ;
#9402 = CARTESIAN_POINT ( 'NONE',  ( -20.57400000000000162, 0.5080000000000002292, -0.7528818102449945648 ) ) ;
#9403 = ORIENTED_EDGE ( 'NONE', *, *, #5424, .T. ) ;
#9404 = LINE ( 'NONE', #6377, #8574 ) ;
#9405 = VECTOR ( 'NONE', #8439, 1000.000000000000000 ) ;
#9406 = VECTOR ( 'NONE', #1523, 1000.000000000000000 ) ;
#9407 = DIRECTION ( 'NONE',  ( 0.000000000000000000, -1.733406087350420004E-16, 1.000000000000000000 ) ) ;
#9408 = CARTESIAN_POINT ( 'NONE',  ( -10.16000000000000014, 0.5080000000000002292, -0.7528818102449945648 ) ) ;
#9409 = AXIS2_PLACEMENT_3D ( 'NONE', #7219, #8586, #8636 ) ;
#9410 = EDGE_CURVE ( 'NONE', #8532, #5676, #5268, .T. ) ;
#9411 = ORIENTED_EDGE ( 'NONE', *, *, #8388, .F. ) ;
#9412 = ORIENTED_EDGE ( 'NONE', *, *, #2701, .T. ) ;
#9413 = PLANE ( 'NONE',  #2142 ) ;
#9414 = VERTEX_POINT ( 'NONE', #9 ) ;
#9415 = ORIENTED_EDGE ( 'NONE', *, *, #3327, .T. ) ;
#9416 = CARTESIAN_POINT ( 'NONE',  ( -5.079999999999999183, 8.509000000000000341, 1.270000000000001128 ) ) ;
#9417 = LINE ( 'NONE', #2838, #7159 ) ;
#9418 = LINE ( 'NONE', #8001, #8472 ) ;
#9419 = AXIS2_PLACEMENT_3D ( 'NONE', #5791, #9447, #8028 ) ;
#9420 = SURFACE_STYLE_FILL_AREA ( #4882 ) ;
#9421 = EDGE_CURVE ( 'NONE', #2034, #4338, #4526, .T. ) ;
#9422 = ORIENTED_EDGE ( 'NONE', *, *, #8626, .F. ) ;
#9423 = VECTOR ( 'NONE', #8012, 1000.000000000000000 ) ;
#9424 = VECTOR ( 'NONE', #4748, 1000.000000000000000 ) ;
#9425 = DIRECTION ( 'NONE',  ( 0.000000000000000000, 0.000000000000000000, -1.000000000000000000 ) ) ;
#9426 = ORIENTED_EDGE ( 'NONE', *, *, #3243, .T. ) ;
#9427 = DIRECTION ( 'NONE',  ( 0.000000000000000000, 1.000000000000000000, 0.000000000000000000 ) ) ;
#9428 = ORIENTED_EDGE ( 'NONE', *, *, #9523, .F. ) ;
#9429 = DIRECTION ( 'NONE',  ( 0.000000000000000000, 2.548365665731588345E-16, -1.000000000000000000 ) ) ;
#9430 = DIRECTION ( 'NONE',  ( -1.000000000000000000, -0.000000000000000000, -0.000000000000000000 ) ) ;
#9431 = FACE_OUTER_BOUND ( 'NONE', #3700, .T. ) ;
#9432 = AXIS2_PLACEMENT_3D ( 'NONE', #917, #3874, #7856 ) ;
#9433 = VECTOR ( 'NONE', #6597, 1000.000000000000000 ) ;
#9434 = EDGE_CURVE ( 'NONE', #1280, #179, #6853, .T. ) ;
#9435 = CARTESIAN_POINT ( 'NONE',  ( -2.540000000000000480, 0.5080000000000002292, -0.7528818102449945648 ) ) ;
#9436 = ADVANCED_FACE ( 'NONE', ( #8327 ), #201, .F. ) ;
#9437 = VERTEX_POINT ( 'NONE', #7587 ) ;
#9438 = VERTEX_POINT ( 'NONE', #3806 ) ;
#9439 = PLANE ( 'NONE',  #1067 ) ;
#9440 = DIRECTION ( 'NONE',  ( 0.000000000000000000, -1.000000000000000000, 0.000000000000000000 ) ) ;
#9441 = VECTOR ( 'NONE', #2906, 1000.000000000000000 ) ;
#9442 = EDGE_LOOP ( 'NONE', ( #6363, #5601, #1163, #2922 ) ) ;
#9443 = SURFACE_STYLE_USAGE ( .BOTH. , #4958 ) ;
#9444 = FILL_AREA_STYLE_COLOUR ( '', #3623 ) ;
#9445 = DIRECTION ( 'NONE',  ( 0.000000000000000000, 0.9659258262890699775, 0.2588190451025145222 ) ) ;
#9446 = DIRECTION ( 'NONE',  ( 0.000000000000000000, 0.9659258262890700886, -0.2588190451025140781 ) ) ;
#9447 = DIRECTION ( 'NONE',  ( -1.000000000000000000, 0.000000000000000000, -0.000000000000000000 ) ) ;
#9448 = LINE ( 'NONE', #9344, #7524 ) ;
#9449 = AXIS2_PLACEMENT_3D ( 'NONE', #5699, #9598, #6421 ) ;
#9450 = CARTESIAN_POINT ( 'NONE',  ( -11.81099999999999994, 8.064500000000000668, 0.3809999999999955644 ) ) ;
#9451 = ORIENTED_EDGE ( 'NONE', *, *, #6862, .F. ) ;
#9452 = CARTESIAN_POINT ( 'NONE',  ( -10.16000000000000014, 2.177422008883992879E-16, -0.8890000000000013447 ) ) ;
#9453 = DIRECTION ( 'NONE',  ( 0.000000000000000000, 0.000000000000000000, -1.000000000000000000 ) ) ;
#9454 = DIRECTION ( 'NONE',  ( 0.000000000000000000, 0.000000000000000000, 1.000000000000000000 ) ) ;
#9455 = ORIENTED_EDGE ( 'NONE', *, *, #2114, .T. ) ;
#9456 = CARTESIAN_POINT ( 'NONE',  ( -19.43100000000000094, 8.064500000000000668, -0.3810000000000032250 ) ) ;
#9457 = AXIS2_PLACEMENT_3D ( 'NONE', #4899, #9582, #5734 ) ;
#9458 = EDGE_CURVE ( 'NONE', #1580, #4656, #8181, .T. ) ;
#9459 = CARTESIAN_POINT ( 'NONE',  ( 16.12900000000000134, 7.239000000000000767, 0.3809999999999953979 ) ) ;
#9460 = PLANE ( 'NONE',  #8910 ) ;
#9461 = ORIENTED_EDGE ( 'NONE', *, *, #1225, .F. ) ;
#9462 = VERTEX_POINT ( 'NONE', #61 ) ;
#9463 = CARTESIAN_POINT ( 'NONE',  ( 5.969000000000002082, 7.239000000000000767, 0.3809999999999953979 ) ) ;
#9464 = CARTESIAN_POINT ( 'NONE',  ( -20.32000000000000028, 8.509000000000000341, -1.270000000000001128 ) ) ;
#9465 = ORIENTED_EDGE ( 'NONE', *, *, #8051, .T. ) ;
#9466 = ORIENTED_EDGE ( 'NONE', *, *, #6739, .T. ) ;
#9467 = PLANE ( 'NONE',  #2368 ) ;
#9468 = DIRECTION ( 'NONE',  ( 0.000000000000000000, 2.548365665731588345E-16, -1.000000000000000000 ) ) ;
#9469 = LINE ( 'NONE', #2027, #8627 ) ;
#9470 = EDGE_CURVE ( 'NONE', #4497, #7432, #3895, .T. ) ;
#9471 = CARTESIAN_POINT ( 'NONE',  ( -11.04900000000000126, 7.239000000000000767, -0.3810000000000033915 ) ) ;
#9472 = ORIENTED_EDGE ( 'NONE', *, *, #2415, .F. ) ;
#9473 = CLOSED_SHELL ( 'NONE', ( #1114, #6089, #2494, #2477, #4035, #1661, #2507, #557, #6550, #6882, #2364, #528, #3491, #6207, #8019, #5610, #4974, #5205, #1480 ) ) ;
#9474 = LINE ( 'NONE', #8642, #156 ) ;
#9475 = ORIENTED_EDGE ( 'NONE', *, *, #5648, .T. ) ;
#9476 = CARTESIAN_POINT ( 'NONE',  ( -12.69999999999999929, 8.509000000000000341, 1.270000000000001128 ) ) ;
#9477 = ORIENTED_EDGE ( 'NONE', *, *, #7563, .F. ) ;
#9478 = VECTOR ( 'NONE', #861, 1000.000000000000000 ) ;
#9479 = CARTESIAN_POINT ( 'NONE',  ( -11.81099999999999994, 8.064500000000000668, 0.3809999999999955644 ) ) ;
#9480 = CARTESIAN_POINT ( 'NONE',  ( -0.1961031209927693586, -3.200400000000000134, -0.2032000000000002138 ) ) ;
#9481 = DIRECTION ( 'NONE',  ( -0.000000000000000000, 1.000000000000000000, 1.440069553722777130E-16 ) ) ;
#9482 = VECTOR ( 'NONE', #3512, 1000.000000000000114 ) ;
#9483 = DIRECTION ( 'NONE',  ( 0.000000000000000000, 1.440069553722777130E-16, -1.000000000000000000 ) ) ;
#9484 = ORIENTED_EDGE ( 'NONE', *, *, #6049, .F. ) ;
#9485 = ORIENTED_EDGE ( 'NONE', *, *, #8672, .T. ) ;
#9486 = DIRECTION ( 'NONE',  ( 0.000000000000000000, 2.449293598294710852E-16, -1.000000000000000000 ) ) ;
#9487 = CARTESIAN_POINT ( 'NONE',  ( -15.24000000000000021, 0.5080000000000002292, -0.7528818102449945648 ) ) ;
#9488 = ORIENTED_EDGE ( 'NONE', *, *, #163, .F. ) ;
#9489 = LINE ( 'NONE', #7196, #5074 ) ;
#9490 = EDGE_CURVE ( 'NONE', #641, #1151, #3112, .T. ) ;
#9491 = CARTESIAN_POINT ( 'NONE',  ( -10.16000000000000014, 3.110602869834277161E-16, -1.270000000000001128 ) ) ;
#9492 =( NAMED_UNIT ( * ) PLANE_ANGLE_UNIT ( ) SI_UNIT ( $, .RADIAN. ) );
#9493 = VECTOR ( 'NONE', #6596, 1000.000000000000114 ) ;
#9494 = EDGE_CURVE ( 'NONE', #5544, #3511, #1653, .T. ) ;
#9495 = CARTESIAN_POINT ( 'NONE',  ( -17.78000000000000114, 3.110602869834277161E-16, -1.270000000000001128 ) ) ;
#9496 = EDGE_CURVE ( 'NONE', #6619, #7724, #1560, .T. ) ;
#9497 = CARTESIAN_POINT ( 'NONE',  ( 20.32000000000000028, 8.509000000000000341, -1.270000000000001128 ) ) ;
#9498 = ORIENTED_EDGE ( 'NONE', *, *, #8266, .T. ) ;
#9499 = CARTESIAN_POINT ( 'NONE',  ( -10.16000000000000014, 8.509000000000000341, -1.270000000000001128 ) ) ;
#9500 = LINE ( 'NONE', #5747, #3134 ) ;
#9501 = FACE_OUTER_BOUND ( 'NONE', #5191, .T. ) ;
#9502 = ORIENTED_EDGE ( 'NONE', *, *, #35, .T. ) ;
#9503 = DIRECTION ( 'NONE',  ( 0.000000000000000000, 0.000000000000000000, 1.000000000000000000 ) ) ;
#9504 = DIRECTION ( 'NONE',  ( 0.000000000000000000, -0.000000000000000000, -1.000000000000000000 ) ) ;
#9505 = EDGE_CURVE ( 'NONE', #1299, #2948, #2973, .T. ) ;
#9506 = SURFACE_STYLE_USAGE ( .BOTH. , #2067 ) ;
#9507 = VECTOR ( 'NONE', #6242, 1000.000000000000000 ) ;
#9508 = ORIENTED_EDGE ( 'NONE', *, *, #335, .T. ) ;
#9509 = EDGE_CURVE ( 'NONE', #6910, #6254, #6124, .T. ) ;
#9510 = ORIENTED_EDGE ( 'NONE', *, *, #2555, .T. ) ;
#9511 = DIRECTION ( 'NONE',  ( 0.5773502691896255090, -0.5773502691896253980, -0.5773502691896263972 ) ) ;
#9512 = CARTESIAN_POINT ( 'NONE',  ( 17.78000000000000114, 0.5080000000000000071, 0.7528818102449925664 ) ) ;
#9513 = EDGE_LOOP ( 'NONE', ( #2799, #6533, #2058, #2985 ) ) ;
#9514 = VECTOR ( 'NONE', #5217, 1000.000000000000000 ) ;
#9515 = DIRECTION ( 'NONE',  ( -1.000000000000000000, -0.000000000000000000, -0.000000000000000000 ) ) ;
#9516 = AXIS2_PLACEMENT_3D ( 'NONE', #7025, #8732, #2022 ) ;
#9517 = LINE ( 'NONE', #2839, #8317 ) ;
#9518 = CARTESIAN_POINT ( 'NONE',  ( 15.24000000000000021, 3.110602869834277161E-16, -1.270000000000001128 ) ) ;
#9519 = PRODUCT_DEFINITION_FORMATION_WITH_SPECIFIED_SOURCE ( 'ANY', '', #8363, .NOT_KNOWN. ) ;
#9520 = ORIENTED_EDGE ( 'NONE', *, *, #5670, .F. ) ;
#9521 = VECTOR ( 'NONE', #7289, 1000.000000000000000 ) ;
#9522 = ITEM_DEFINED_TRANSFORMATION ( 'NONE', 'NONE', #4083,  #4388 ) ;
#9523 = EDGE_CURVE ( 'NONE', #3685, #2895, #6764, .T. ) ;
#9524 = DIRECTION ( 'NONE',  ( 0.000000000000000000, -1.733406087350420004E-16, 1.000000000000000000 ) ) ;
#9525 = ORIENTED_EDGE ( 'NONE', *, *, #7353, .T. ) ;
#9526 = LINE ( 'NONE', #5045, #648 ) ;
#9527 =( GEOMETRIC_REPRESENTATION_CONTEXT ( 3 ) GLOBAL_UNCERTAINTY_ASSIGNED_CONTEXT ( ( #1492 ) ) GLOBAL_UNIT_ASSIGNED_CONTEXT ( ( #133, #2277, #3093 ) ) REPRESENTATION_CONTEXT ( 'NONE', 'WORKASPACE' ) );
#9528 = FACE_OUTER_BOUND ( 'NONE', #4993, .T. ) ;
#9529 = SURFACE_SIDE_STYLE ('',( #5822 ) ) ;
#9530 = AXIS2_PLACEMENT_3D ( 'NONE', #6814, #8420, #989 ) ;
#9531 = PLANE ( 'NONE',  #4725 ) ;
#9532 = ORIENTED_EDGE ( 'NONE', *, *, #3175, .T. ) ;
#9533 = CARTESIAN_POINT ( 'NONE',  ( -3.429000000000001602, 7.239000000000000767, 0.3809999999999953979 ) ) ;
#9534 = CARTESIAN_POINT ( 'NONE',  ( 0.000000000000000000, -1.925929944387235853E-31, 0.8889999999999991243 ) ) ;
#9535 = ORIENTED_EDGE ( 'NONE', *, *, #7306, .T. ) ;
#9536 = LINE ( 'NONE', #4954, #1532 ) ;
#9537 = VERTEX_POINT ( 'NONE', #5402 ) ;
#9538 = ORIENTED_EDGE ( 'NONE', *, *, #6935, .F. ) ;
#9539 = CARTESIAN_POINT ( 'NONE',  ( -17.33549999999999969, 8.509000000000000341, -1.270000000000001128 ) ) ;
#9540 = FILL_AREA_STYLE ('',( #9444 ) ) ;
#9541 = CARTESIAN_POINT ( 'NONE',  ( 10.15999999999999837, 8.509000000000000341, -1.270000000000001128 ) ) ;
#9542 = CARTESIAN_POINT ( 'NONE',  ( 22.86000000000000298, 7.239000000000000767, -2.201425730935033664E-16 ) ) ;
#9543 = DIRECTION ( 'NONE',  ( -1.000000000000000000, -0.000000000000000000, -0.000000000000000000 ) ) ;
#9544 = LINE ( 'NONE', #2864, #1779 ) ;
#9545 = DIRECTION ( 'NONE',  ( 0.000000000000000000, 0.000000000000000000, 1.000000000000000000 ) ) ;
#9546 = EDGE_CURVE ( 'NONE', #2321, #4074, #8374, .T. ) ;
#9547 = ORIENTED_EDGE ( 'NONE', *, *, #2264, .T. ) ;
#9548 = DIRECTION ( 'NONE',  ( 0.000000000000000000, 0.000000000000000000, 1.000000000000000000 ) ) ;
#9549 = LINE ( 'NONE', #4968, #3771 ) ;
#9550 = VERTEX_POINT ( 'NONE', #798 ) ;
#9551 = CARTESIAN_POINT ( 'NONE',  ( 19.17699999999999960, 7.810500000000001108, 0.1269999999999957552 ) ) ;
#9552 = CARTESIAN_POINT ( 'NONE',  ( 5.969000000000002082, 8.064500000000000668, -0.3810000000000032250 ) ) ;
#9553 = FACE_OUTER_BOUND ( 'NONE', #278, .T. ) ;
#9554 = PLANE ( 'NONE',  #98 ) ;
#9555 = CARTESIAN_POINT ( 'NONE',  ( 12.69999999999999929, 8.509000000000000341, -1.270000000000001128 ) ) ;
#9556 = AXIS2_PLACEMENT_3D ( 'NONE', #2817, #8951, #2919 ) ;
#9557 = EDGE_CURVE ( 'NONE', #7547, #2294, #1699, .T. ) ;
#9558 = EDGE_LOOP ( 'NONE', ( #5926, #1529, #1590, #2271 ) ) ;
#9559 = EDGE_LOOP ( 'NONE', ( #9353, #9014, #6737, #4425, #2186, #4802, #7359, #9158 ) ) ;
#9560 = DIRECTION ( 'NONE',  ( -1.000000000000000000, 0.000000000000000000, 0.000000000000000000 ) ) ;
#9561 = EDGE_CURVE ( 'NONE', #6740, #1798, #1609, .T. ) ;
#9562 = ORIENTED_EDGE ( 'NONE', *, *, #7839, .F. ) ;
#9563 = AXIS2_PLACEMENT_3D ( 'NONE', #3464, #1178, #9242 ) ;
#9564 = PLANE ( 'NONE',  #515 ) ;
#9565 = DIRECTION ( 'NONE',  ( 1.000000000000000000, 0.000000000000000000, 0.000000000000000000 ) ) ;
#9566 = VECTOR ( 'NONE', #3240, 1000.000000000000000 ) ;
#9567 = VERTEX_POINT ( 'NONE', #3765 ) ;
#9568 = CARTESIAN_POINT ( 'NONE',  ( 2.540000000000000480, 0.5080000000000000071, 0.7528818102449925664 ) ) ;
#9569 = ORIENTED_EDGE ( 'NONE', *, *, #8469, .F. ) ;
#9570 = LINE ( 'NONE', #2896, #5290 ) ;
#9571 = VECTOR ( 'NONE', #3564, 1000.000000000000000 ) ;
#9572 = PLANE ( 'NONE',  #422 ) ;
#9573 = EDGE_CURVE ( 'NONE', #3197, #1312, #2348, .T. ) ;
#9574 = EDGE_CURVE ( 'NONE', #1137, #9550, #9058, .T. ) ;
#9575 = CARTESIAN_POINT ( 'NONE',  ( -20.57400000000000162, 2.177422008883992879E-16, -0.8890000000000013447 ) ) ;
#9576 = ADVANCED_FACE ( 'NONE', ( #3068 ), #847, .F. ) ;
#9577 = VECTOR ( 'NONE', #3738, 1000.000000000000000 ) ;
#9578 = EDGE_LOOP ( 'NONE', ( #4567, #3942, #4759, #2729 ) ) ;
#9579 = CARTESIAN_POINT ( 'NONE',  ( -2.540000000000000480, 0.5080000000000000071, 0.7528818102449925664 ) ) ;
#9580 = DIRECTION ( 'NONE',  ( -0.7071067811865475727, -0.7071067811865475727, 0.000000000000000000 ) ) ;
#9581 = VERTEX_POINT ( 'NONE', #4042 ) ;
#9582 = DIRECTION ( 'NONE',  ( 1.000000000000000000, 0.000000000000000000, -0.000000000000000000 ) ) ;
#9583 = VERTEX_POINT ( 'NONE', #7097 ) ;
#9584 = VERTEX_POINT ( 'NONE', #3312 ) ;
#9585 =( NAMED_UNIT ( * ) PLANE_ANGLE_UNIT ( ) SI_UNIT ( $, .RADIAN. ) );
#9586 = ORIENTED_EDGE ( 'NONE', *, *, #8983, .T. ) ;
#9587 = CARTESIAN_POINT ( 'NONE',  ( 5.080000000000000959, 2.177422008883992879E-16, -0.8890000000000013447 ) ) ;
#9588 = VECTOR ( 'NONE', #4018, 1000.000000000000114 ) ;
#9589 = CARTESIAN_POINT ( 'NONE',  ( 0.000000000000000000, 2.177422008883992879E-16, -0.8890000000000013447 ) ) ;
#9590 = AXIS2_PLACEMENT_3D ( 'NONE', #5204, #8854, #3607 ) ;
#9591 = DIRECTION ( 'NONE',  ( 0.000000000000000000, -1.440069553722777130E-16, 1.000000000000000000 ) ) ;
#9592 = DIRECTION ( 'NONE',  ( 0.000000000000000000, -1.000000000000000000, -2.548365665731588345E-16 ) ) ;
#9593 = ADVANCED_FACE ( 'NONE', ( #4808, #8459 ), #1228, .F. ) ;
#9594 = DIRECTION ( 'NONE',  ( 0.5773502691896253980, 0.5773502691896253980, -0.5773502691896266192 ) ) ;
#9595 = VECTOR ( 'NONE', #9511, 999.9999999999998863 ) ;
#9596 = VECTOR ( 'NONE', #6530, 1000.000000000000000 ) ;
#9597 = ORIENTED_EDGE ( 'NONE', *, *, #1390, .F. ) ;
#9598 = DIRECTION ( 'NONE',  ( 0.000000000000000000, 1.733406087350420004E-16, -1.000000000000000000 ) ) ;
#9599 = CARTESIAN_POINT ( 'NONE',  ( 15.24000000000000021, 2.177422008883992879E-16, -0.8890000000000013447 ) ) ;
#9600 = DIRECTION ( 'NONE',  ( -1.000000000000000000, 0.000000000000000000, 0.000000000000000000 ) ) ;
#9601 = VERTEX_POINT ( 'NONE', #4903 ) ;
#9602 = CARTESIAN_POINT ( 'NONE',  ( -7.620000000000000107, 0.5080000000000000071, 0.7528818102449925664 ) ) ;
#9603 = DIRECTION ( 'NONE',  ( -0.000000000000000000, -0.7071067811865482389, -0.7071067811865467956 ) ) ;
#9604 = PLANE ( 'NONE',  #8935 ) ;
#9605 = FACE_OUTER_BOUND ( 'NONE', #3089, .T. ) ;
#9606 = CARTESIAN_POINT ( 'NONE',  ( 12.69999999999999929, 8.509000000000000341, -1.270000000000001128 ) ) ;
#9607 = VECTOR ( 'NONE', #7549, 1000.000000000000000 ) ;
#9608 = ORIENTED_EDGE ( 'NONE', *, *, #2317, .T. ) ;
#9609 = VERTEX_POINT ( 'NONE', #1176 ) ;
#9610 = CARTESIAN_POINT ( 'NONE',  ( 3.429000000000001602, 8.064500000000000668, 0.3809999999999953979 ) ) ;
#9611 = AXIS2_PLACEMENT_3D ( 'NONE', #6979, #3195, #6160 ) ;
#9612 = CARTESIAN_POINT ( 'NONE',  ( -15.24000000000000021, 0.5080000000000002292, -0.7528818102449945648 ) ) ;
#9613 = ORIENTED_EDGE ( 'NONE', *, *, #5628, .F. ) ;
#9614 = FACE_OUTER_BOUND ( 'NONE', #4404, .T. ) ;
#9615 = EDGE_CURVE ( 'NONE', #5170, #7789, #6903, .T. ) ;
#9616 = CARTESIAN_POINT ( 'NONE',  ( 20.32000000000000028, -1.925929944387235853E-31, 0.8889999999999991243 ) ) ;
#9617 = EDGE_CURVE ( 'NONE', #2298, #7832, #7683, .T. ) ;
#9618 = ORIENTED_EDGE ( 'NONE', *, *, #1889, .T. ) ;
#9619 = CARTESIAN_POINT ( 'NONE',  ( -7.620000000000000107, 3.110602869834277161E-16, -1.270000000000001128 ) ) ;
#9620 = EDGE_LOOP ( 'NONE', ( #568, #1536, #5305, #6847 ) ) ;
#9621 = DIRECTION ( 'NONE',  ( -1.000000000000000000, -0.000000000000000000, -0.000000000000000000 ) ) ;
#9622 = NEXT_ASSEMBLY_USAGE_OCCURRENCE ( 'NAUO1', ' ', ' ', #3706, #364, $ ) ;
#9623 = NEXT_ASSEMBLY_USAGE_OCCURRENCE ( 'NAUO2', ' ', ' ', #3706, #7554, $ ) ;
#9624 = NEXT_ASSEMBLY_USAGE_OCCURRENCE ( 'NAUO3', ' ', ' ', #3706, #7554, $ ) ;
#9625 = NEXT_ASSEMBLY_USAGE_OCCURRENCE ( 'NAUO4', ' ', ' ', #3706, #7554, $ ) ;
#9626 = NEXT_ASSEMBLY_USAGE_OCCURRENCE ( 'NAUO5', ' ', ' ', #3706, #7554, $ ) ;
#9627 = NEXT_ASSEMBLY_USAGE_OCCURRENCE ( 'NAUO6', ' ', ' ', #3706, #7554, $ ) ;
#9628 = NEXT_ASSEMBLY_USAGE_OCCURRENCE ( 'NAUO7', ' ', ' ', #3706, #7554, $ ) ;
#9629 = NEXT_ASSEMBLY_USAGE_OCCURRENCE ( 'NAUO8', ' ', ' ', #3706, #7554, $ ) ;
#9630 = NEXT_ASSEMBLY_USAGE_OCCURRENCE ( 'NAUO9', ' ', ' ', #3706, #7554, $ ) ;
#9631 = NEXT_ASSEMBLY_USAGE_OCCURRENCE ( 'NAUO10', ' ', ' ', #3706, #7554, $ ) ;
#9632 = NEXT_ASSEMBLY_USAGE_OCCURRENCE ( 'NAUO11', ' ', ' ', #3706, #7554, $ ) ;
#9633 = NEXT_ASSEMBLY_USAGE_OCCURRENCE ( 'NAUO12', ' ', ' ', #3706, #7554, $ ) ;
#9634 = NEXT_ASSEMBLY_USAGE_OCCURRENCE ( 'NAUO13', ' ', ' ', #3706, #7554, $ ) ;
#9635 = NEXT_ASSEMBLY_USAGE_OCCURRENCE ( 'NAUO14', ' ', ' ', #3706, #7554, $ ) ;
#9636 = NEXT_ASSEMBLY_USAGE_OCCURRENCE ( 'NAUO15', ' ', ' ', #3706, #7554, $ ) ;
#9637 = NEXT_ASSEMBLY_USAGE_OCCURRENCE ( 'NAUO16', ' ', ' ', #3706, #7554, $ ) ;
#9638 = NEXT_ASSEMBLY_USAGE_OCCURRENCE ( 'NAUO17', ' ', ' ', #3706, #7554, $ ) ;
ENDSEC;
END-ISO-10303-21;
